game_id,round_id,trial_index,block,target,controlled,snd_value,snd_class,chat_mode,speaker_id,listener_id,context,sec_until_press,description,description_len,time_to_message,sec_until_click,response,correct,redacted_description_len
P1G012,P1R00549,24,4,page2-136.svg,False,1.0,high,single-utterance-unidirectional,P1-076,P1-024,"['page7-186.svg', 'page7-36.svg', 'page1-133.svg', 'page1-186.svg', 'page7-126.svg', 'page6-186.svg', 'page2-165.svg', 'page6-52.svg', 'page2-136.svg', 'page6-219.svg']",4.0,rectangle coming out of top right,6.0,9.0,"(50,)",page2-136.svg,True,6.0
P1G028,P1R01211,29,4,page7-79.svg,False,0.7777777777777777,low,single-utterance-unidirectional,P1-069,P1-027,"['page1-77.svg', 'page8-183.svg', 'page6-206.svg', 'page6-121.svg', 'page6-135.svg', 'page7-79.svg', 'page1-133.svg', 'page4-5.svg', 'page7-202.svg', 'page7-20.svg']",21.0,Loch ness monster,3.0,28.0,"(41,)",page7-20.svg,False,3.0
P1G034,P1R00773,8,1,page6-52.svg,True,1.0,high,single-utterance-unidirectional,P1-084,P1-065,"['page6-155.svg', 'page7-113.svg', 'page2-34.svg', 'page7-115.svg', 'page7-44.svg', 'page3-33.svg', 'page6-52.svg', 'page5-121.svg', 'page6-175.svg', 'page5-63.svg']",15.0,It has a flat long top and a pointy edge. There is a square poking out the end,18.0,40.0,"(54,)",page6-52.svg,True,18.0
P1G033,P1R00702,16,2,page8-248.svg,False,0.6851851851851852,low,single-utterance-unidirectional,P1-099,P1-105,"['page7-22.svg', 'page3-66.svg', 'page5-232.svg', 'page7-225.svg', 'page8-248.svg', 'page4-142.svg', 'page7-157.svg', 'page8-21.svg', 'page5-45.svg', 'page5-85.svg']",4.0,Horse,1.0,10.0,"(14,)",page8-248.svg,True,1.0
P1G028,P1R00228,22,3,page6-206.svg,False,0.7333333333333333,low,single-utterance-unidirectional,P1-027,P1-069,"['page7-202.svg', 'page8-183.svg', 'page7-79.svg', 'page6-121.svg', 'page1-133.svg', 'page6-206.svg', 'page7-20.svg', 'page6-135.svg', 'page1-77.svg', 'page4-5.svg']",18.0,triangle cut out,3.0,21.0,"(42,)",page6-206.svg,True,3.0
P1G004,P1R00044,29,4,page2-100.svg,False,0.7685185185185184,low,single-utterance-unidirectional,P1-009,P1-086,"['page5-40.svg', 'page5-26.svg', 'page7-20.svg', 'page7-125.svg', 'page2-100.svg', 'page4-244.svg', 'page7-126.svg', 'page7-116.svg', 'page8-169.svg', 'page7-202.svg']",5.0,stop sign with bent pole,5.0,10.0,"(14,)",page2-100.svg,True,5.0
P1G012,P1R01496,5,0,page6-52.svg,False,1.0,high,single-utterance-unidirectional,P1-076,P1-024,"['page7-186.svg', 'page7-36.svg', 'page1-133.svg', 'page1-186.svg', 'page7-126.svg', 'page6-186.svg', 'page2-165.svg', 'page6-52.svg', 'page2-136.svg', 'page6-219.svg']",8.0,weird shape with square sticking out,6.0,26.0,"(44,)",page6-52.svg,True,6.0
P1G058,P1R01032,27,4,page9-40.svg,False,1.0,high,single-utterance-unidirectional,P1-071,P1-054,"['page1-77.svg', 'page6-219.svg', 'page2-36.svg', 'page1-95.svg', 'page1-34.svg', 'page5-26.svg', 'page4-11.svg', 'page5-85.svg', 'page9-40.svg', 'page2-133.svg']",13.0,Candle stick,2.0,16.0,"(23,)",page9-40.svg,True,2.0
P1G044,P1R00727,0,0,page6-160.svg,False,0.5592592592592593,low,single-utterance-unidirectional,P1-078,P1-068,"['page6-122.svg', 'page9-40.svg', 'page7-226.svg', 'page7-125.svg', 'page8-246.svg', 'page6-160.svg', 'page7-145.svg', 'page5-101.svg', 'page8-183.svg', 'page8-21.svg']",19.0,a fish swimming to the left,6.0,25.0,,,,6.0
P1G005,P1R00089,20,3,page5-139.svg,False,0.9925925925925926,high,single-utterance-unidirectional,P1-059,P1-036,"['page8-246.svg', 'page7-125.svg', 'page6-160.svg', 'page5-85.svg', 'page1-185.svg', 'page5-139.svg', 'page4-180.svg', 'page5-154.svg', 'page7-177.svg', 'page7-126.svg']",6.0,fountain with tube,3.0,11.0,"(23,)",page5-139.svg,True,3.0
P1G023,P1R00075,6,1,page7-40.svg,False,0.7611111111111111,low,single-utterance-unidirectional,P1-003,P1-117,"['page7-20.svg', 'page8-54.svg', 'page7-40.svg', 'page1-175.svg', 'page8-38.svg', 'page7-15.svg', 'page8-183.svg', 'page3-52.svg', 'page4-244.svg', 'page5-36.svg']",6.0,square with a scorpion tail,5.0,24.0,"(27,)",page7-40.svg,True,5.0
P1G034,P1R01532,9,1,page6-155.svg,False,1.0,high,single-utterance-unidirectional,P1-084,P1-065,"['page6-155.svg', 'page7-113.svg', 'page2-34.svg', 'page7-115.svg', 'page7-44.svg', 'page3-33.svg', 'page6-52.svg', 'page5-121.svg', 'page6-175.svg', 'page5-63.svg']",12.0,It looks like a giraffe facing left,7.0,26.0,"(34,)",page6-155.svg,True,7.0
P1G048,P1R01018,5,0,page6-109.svg,False,1.0,high,single-utterance-unidirectional,P1-016,P1-097,"['page6-245.svg', 'page6-107.svg', 'page4-142.svg', 'page7-177.svg', 'page8-18.svg', 'page5-80.svg', 'page7-217.svg', 'page5-155.svg', 'page2-131.svg', 'page6-109.svg']",8.0,a trapezoid with spiky triangles on the right side,9.0,23.0,"(48,)",page6-109.svg,True,9.0
P1G009,P1R00565,0,0,page5-71.svg,False,0.3833333333333333,low,single-utterance-unidirectional,P1-104,P1-019,"['page5-85.svg', 'page7-225.svg', 'page5-63.svg', 'page3-33.svg', 'page5-84.svg', 'page6-208.svg', 'page5-71.svg', 'page4-128.svg', 'page6-52.svg', 'page4-155.svg']",16.0,looks like an eagle head on top right,8.0,28.0,"(45,)",page5-71.svg,True,8.0
P1G045,P1R01686,16,2,page5-65.svg,True,1.0,high,single-utterance-unidirectional,P1-001,P1-095,"['page6-196.svg', 'page4-98.svg', 'page5-80.svg', 'page4-96.svg', 'page6-52.svg', 'page2-85.svg', 'page6-109.svg', 'page5-65.svg', 'page3-33.svg', 'page7-41.svg']",13.0,The 4 mountains,3.0,22.0,"(27,)",page3-33.svg,False,3.0
P1G003,P1R00083,27,4,page7-166.svg,True,1.0,high,single-utterance-unidirectional,P1-031,P1-057,"['page7-166.svg', 'page1-95.svg', 'page5-153.svg', 'page4-190.svg', 'page7-202.svg', 'page7-126.svg', 'page3-61.svg', 'page2-16.svg', 'page5-96.svg', 'page7-127.svg']",15.0,BULLDOG ONE WITH TRIANGLE HOLDIUNG IT UP,7.0,22.0,"(49,)",page7-166.svg,True,7.0
P1G043,P1R00366,25,4,page-F.svg,False,0.6685185185185186,low,single-utterance-unidirectional,P1-075,P1-066,"['page8-156.svg', 'page8-192.svg', 'page6-162.svg', 'page7-53.svg', 'page7-145.svg', 'page7-177.svg', 'page7-226.svg', 'page-F.svg', 'page7-41.svg', 'page7-36.svg']",13.0,person slumped to the left,5.0,21.0,"(34,)",page-F.svg,True,5.0
P1G052,P1R01649,23,3,page7-20.svg,False,1.0,high,single-utterance-unidirectional,P1-107,P1-108,"['page5-153.svg', 'page8-169.svg', 'page3-12.svg', 'page6-71.svg', 'page7-15.svg', 'page6-160.svg', 'page7-20.svg', 'page9-39.svg', 'page5-84.svg', 'page5-66.svg']",,,,,,,,
P1G058,P1R01137,29,4,page4-11.svg,False,0.738888888888889,low,single-utterance-unidirectional,P1-071,P1-054,"['page1-77.svg', 'page6-219.svg', 'page2-36.svg', 'page1-95.svg', 'page1-34.svg', 'page5-26.svg', 'page4-11.svg', 'page5-85.svg', 'page9-40.svg', 'page2-133.svg']",9.0,Bottom right filled in with square at top,8.0,20.0,"(25,)",page4-11.svg,True,8.0
P1G052,P1R01351,3,0,page8-169.svg,False,1.0,high,single-utterance-unidirectional,P1-108,P1-107,"['page6-71.svg', 'page7-15.svg', 'page8-169.svg', 'page5-66.svg', 'page7-20.svg', 'page9-39.svg', 'page5-153.svg', 'page3-12.svg', 'page6-160.svg', 'page5-84.svg']",,,,,,,,
P1G036,P1R00654,19,3,page2-140.svg,False,1.0,high,single-utterance-unidirectional,P1-114,P1-029,"['page1-117.svg', 'page6-206.svg', 'page1-30.svg', 'page7-81.svg', 'page9-39.svg', 'page8-247.svg', 'page2-140.svg', 'page6-228.svg', 'page1-185.svg', 'page3-33.svg']",18.0,like a bed with finger on,6.0,23.0,"(39,)",page2-140.svg,True,6.0
P1G001,P1R00004,12,2,page5-153.svg,False,0.6425925925925926,low,single-utterance-unidirectional,P1-053,P1-007,"['page2-36.svg', 'page4-197.svg', 'page1-150.svg', 'page3-33.svg', 'page5-153.svg', 'page6-124.svg', 'page7-107.svg', 'page5-40.svg', 'page8-58.svg', 'page5-45.svg']",4.0,Bowl with two handles,4.0,10.0,"(13,)",page5-153.svg,True,4.0
P1G047,P1R00324,2,0,page7-40.svg,True,0.7611111111111111,low,single-utterance-unidirectional,P1-102,P1-080,"['page3-70.svg', 'page8-21.svg', 'page5-101.svg', 'page2-165.svg', 'page1-95.svg', 'page8-156.svg', 'page7-40.svg', 'page6-171.svg', 'page3-61.svg', 'page7-29.svg']",11.0,Looks like a big letter P,6.0,18.0,"(28,)",page7-40.svg,True,6.0
P1G059,P1R01582,26,4,page9-39.svg,False,0.7407407407407408,low,single-utterance-unidirectional,P1-038,P1-058,"['page8-247.svg', 'page6-206.svg', 'page1-117.svg', 'page2-140.svg', 'page1-30.svg', 'page9-39.svg', 'page1-185.svg', 'page3-33.svg', 'page6-228.svg', 'page7-81.svg']",3.0,Pipe facing left,3.0,6.0,"(12,)",page9-39.svg,True,3.0
P1G010,P1R01677,9,1,page1-95.svg,True,1.0,high,single-utterance-unidirectional,P1-032,P1-044,"['page7-166.svg', 'page1-95.svg', 'page5-153.svg', 'page4-190.svg', 'page7-202.svg', 'page7-126.svg', 'page3-61.svg', 'page2-16.svg', 'page5-96.svg', 'page7-127.svg']",15.0,sort of like a bot with a sail,8.0,26.0,"(35,)",page1-95.svg,True,8.0
P1G041,P1R00438,5,0,page5-86.svg,False,0.4833333333333334,low,single-utterance-unidirectional,P1-004,P1-113,"['page6-208.svg', 'page5-165.svg', 'page7-41.svg', 'page8-169.svg', 'page8-38.svg', 'page5-86.svg', 'page7-125.svg', 'page2-20.svg', 'page3-33.svg', 'page7-107.svg']",4.0,A duck facing right,4.0,12.0,"(33,)",page5-86.svg,True,4.0
P1G011,P1R00278,22,3,page7-107.svg,False,0.9935185185185184,high,single-utterance-unidirectional,P1-041,P1-088,"['page5-40.svg', 'page7-107.svg', 'page8-58.svg', 'page2-36.svg', 'page6-124.svg', 'page3-33.svg', 'page5-45.svg', 'page4-197.svg', 'page1-150.svg', 'page5-153.svg']",6.0,white diamond in middle,4.0,15.0,"(23,)",page7-107.svg,True,4.0
P1G051,P1R00430,28,4,page2-34.svg,False,0.7611111111111111,low,single-utterance-unidirectional,P1-042,P1-006,"['page5-121.svg', 'page3-33.svg', 'page6-52.svg', 'page7-44.svg', 'page5-63.svg', 'page2-34.svg', 'page6-155.svg', 'page7-115.svg', 'page6-175.svg', 'page7-113.svg']",6.0,,,,,,,
P1G044,P1R00906,28,4,page6-122.svg,False,0.5666666666666667,low,single-utterance-unidirectional,P1-078,P1-068,"['page6-122.svg', 'page9-40.svg', 'page7-226.svg', 'page7-125.svg', 'page8-246.svg', 'page6-160.svg', 'page7-145.svg', 'page5-101.svg', 'page8-183.svg', 'page8-21.svg']",3.0,house,1.0,5.0,"(19,)",page6-122.svg,True,1.0
P1G046,P1R01795,15,2,page3-52.svg,False,1.0,high,single-utterance-unidirectional,P1-015,P1-045,"['page1-175.svg', 'page7-15.svg', 'page3-52.svg', 'page8-54.svg', 'page4-244.svg', 'page5-36.svg', 'page7-40.svg', 'page8-183.svg', 'page8-38.svg', 'page7-20.svg']",9.0,"tall body, stubby legs, two points on top",8.0,16.0,"(23,)",page3-52.svg,True,8.0
P1G054,P1R01265,9,1,page3-70.svg,False,1.0,high,single-utterance-unidirectional,P1-030,P1-106,"['page3-70.svg', 'page3-12.svg', 'page7-29.svg', 'page1-77.svg', 'page6-23.svg', 'page7-73.svg', 'page3-33.svg', 'page5-65.svg', 'page4-190.svg', 'page5-40.svg']",13.0,Arrow pointing left and up,5.0,20.0,"(28,)",page3-70.svg,True,5.0
P1G008,P1R00342,10,1,page1-133.svg,False,0.5444444444444445,low,single-utterance-unidirectional,P1-116,P1-074,"['page1-48.svg', 'page1-133.svg', 'page9-40.svg', 'page8-38.svg', 'page7-44.svg', 'page-F.svg', 'page5-45.svg', 'page4-195.svg', 'page6-206.svg', 'page7-55.svg']",7.0,house,1.0,10.0,"(16,)",page1-133.svg,True,1.0
P1G042,P1R00672,29,4,page7-125.svg,True,0.9935185185185184,high,single-utterance-unidirectional,P1-023,P1-039,"['page8-182.svg', 'page5-139.svg', 'page6-1.svg', 'page7-127.svg', 'page5-56.svg', 'page3-201.svg', 'page7-125.svg', 'page5-84.svg', 'page6-162.svg', 'page8-206.svg']",5.0,a stone wall facing left,5.0,10.0,"(19,)",page7-125.svg,True,5.0
P1G034,P1R00503,16,2,page5-121.svg,False,0.9925925925925926,high,single-utterance-unidirectional,P1-065,P1-084,"['page5-121.svg', 'page3-33.svg', 'page6-52.svg', 'page7-44.svg', 'page5-63.svg', 'page2-34.svg', 'page6-155.svg', 'page7-115.svg', 'page6-175.svg', 'page7-113.svg']",6.0,hurricane symbol,2.0,9.0,"(17,)",page5-121.svg,True,2.0
P1G053,P1R01796,15,2,page9-39.svg,False,0.7407407407407408,low,single-utterance-unidirectional,P1-061,P1-064,"['page8-247.svg', 'page6-206.svg', 'page1-117.svg', 'page2-140.svg', 'page1-30.svg', 'page9-39.svg', 'page1-185.svg', 'page3-33.svg', 'page6-228.svg', 'page7-81.svg']",12.0,left pointing pipe,3.0,17.0,"(23,)",page9-39.svg,True,3.0
P1G044,P1R00322,24,4,page8-21.svg,False,0.5000000000000001,low,single-utterance-unidirectional,P1-078,P1-068,"['page6-122.svg', 'page9-40.svg', 'page7-226.svg', 'page7-125.svg', 'page8-246.svg', 'page6-160.svg', 'page7-145.svg', 'page5-101.svg', 'page8-183.svg', 'page8-21.svg']",4.0,rooster,1.0,6.0,"(18,)",page8-21.svg,True,1.0
P1G042,P1R00724,10,1,page3-201.svg,False,0.5548148148148148,low,single-utterance-unidirectional,P1-023,P1-039,"['page8-182.svg', 'page5-139.svg', 'page6-1.svg', 'page7-127.svg', 'page5-56.svg', 'page3-201.svg', 'page7-125.svg', 'page5-84.svg', 'page6-162.svg', 'page8-206.svg']",5.0,a rabbit,2.0,7.0,"(13,)",page3-201.svg,True,2.0
P1G050,P1R00707,21,3,page7-81.svg,True,1.0,high,single-utterance-unidirectional,P1-017,P1-090,"['page1-117.svg', 'page6-206.svg', 'page1-30.svg', 'page7-81.svg', 'page9-39.svg', 'page8-247.svg', 'page2-140.svg', 'page6-228.svg', 'page1-185.svg', 'page3-33.svg']",7.0,it looks like a fat V,6.0,24.0,,,,6.0
P1G041,P1R00808,26,4,page5-86.svg,False,0.4833333333333334,low,single-utterance-unidirectional,P1-004,P1-113,"['page6-208.svg', 'page5-165.svg', 'page7-41.svg', 'page8-169.svg', 'page8-38.svg', 'page5-86.svg', 'page7-125.svg', 'page2-20.svg', 'page3-33.svg', 'page7-107.svg']",3.0,Swimming duck is relaxing in a pond,7.0,14.0,"(30,)",page5-86.svg,True,7.0
P1G008,P1R01498,7,1,page7-44.svg,True,1.0,high,single-utterance-unidirectional,P1-116,P1-074,"['page1-48.svg', 'page1-133.svg', 'page9-40.svg', 'page8-38.svg', 'page7-44.svg', 'page-F.svg', 'page5-45.svg', 'page4-195.svg', 'page6-206.svg', 'page7-55.svg']",14.0,door,1.0,16.0,"(24,)",page7-44.svg,True,1.0
P1G032,P1R00035,18,3,page8-183.svg,False,1.0,high,single-utterance-unidirectional,P1-022,P1-118,"['page7-202.svg', 'page8-183.svg', 'page7-79.svg', 'page6-121.svg', 'page1-133.svg', 'page6-206.svg', 'page7-20.svg', 'page6-135.svg', 'page1-77.svg', 'page4-5.svg']",6.0,Letter P,2.0,7.0,"(15,)",page8-183.svg,True,2.0
P1G017,P1R01120,8,1,page7-166.svg,False,1.0,high,single-utterance-unidirectional,P1-048,P1-070,"['page5-86.svg', 'page8-56.svg', 'page7-216.svg', 'page7-55.svg', 'page5-154.svg', 'page3-70.svg', 'page6-204.svg', 'page7-166.svg', 'page5-26.svg', 'page7-115.svg']",3.0,graduation cap,2.0,6.0,"(8,)",page7-166.svg,True,2.0
P1G042,P1R00908,1,0,page6-1.svg,False,0.9935185185185184,high,single-utterance-unidirectional,P1-039,P1-023,"['page7-127.svg', 'page5-84.svg', 'page3-201.svg', 'page5-56.svg', 'page6-1.svg', 'page6-162.svg', 'page8-182.svg', 'page7-125.svg', 'page5-139.svg', 'page8-206.svg']",10.0,A backwards 7,3.0,16.0,"(24,)",page6-1.svg,True,3.0
P1G004,P1R01738,8,1,page7-116.svg,False,1.0,high,single-utterance-unidirectional,P1-086,P1-009,"['page5-26.svg', 'page7-20.svg', 'page7-125.svg', 'page2-100.svg', 'page7-126.svg', 'page8-169.svg', 'page7-202.svg', 'page7-116.svg', 'page5-40.svg', 'page4-244.svg']",4.0,Diamond in the middle with two triangle beside,8.0,30.0,"(35,)",page7-116.svg,True,8.0
P1G059,P1R00217,28,4,page1-117.svg,False,1.0,high,single-utterance-unidirectional,P1-038,P1-058,"['page8-247.svg', 'page6-206.svg', 'page1-117.svg', 'page2-140.svg', 'page1-30.svg', 'page9-39.svg', 'page1-185.svg', 'page3-33.svg', 'page6-228.svg', 'page7-81.svg']",12.0,"Tall vase, wide mouth",4.0,18.0,"(23,)",page1-117.svg,True,4.0
P1G054,P1R00440,18,3,page3-70.svg,False,1.0,high,single-utterance-unidirectional,P1-030,P1-106,"['page3-70.svg', 'page3-12.svg', 'page7-29.svg', 'page1-77.svg', 'page6-23.svg', 'page7-73.svg', 'page3-33.svg', 'page5-65.svg', 'page4-190.svg', 'page5-40.svg']",5.0,Slug!,1.0,7.0,"(15,)",page3-70.svg,True,1.0
P1G059,P1R01134,23,3,page3-33.svg,False,0.6111111111111112,low,single-utterance-unidirectional,P1-058,P1-038,"['page1-117.svg', 'page6-206.svg', 'page1-30.svg', 'page7-81.svg', 'page9-39.svg', 'page8-247.svg', 'page2-140.svg', 'page6-228.svg', 'page1-185.svg', 'page3-33.svg']",11.0,three triangles with square above,5.0,18.0,"(23,)",page3-33.svg,True,5.0
P1G015,P1R00675,11,1,page6-206.svg,False,0.7333333333333333,low,single-utterance-unidirectional,P1-025,P1-028,"['page1-48.svg', 'page1-133.svg', 'page9-40.svg', 'page8-38.svg', 'page7-44.svg', 'page-F.svg', 'page5-45.svg', 'page4-195.svg', 'page6-206.svg', 'page7-55.svg']",13.0,Easter island item,3.0,17.0,"(22,)",page6-206.svg,True,3.0
P1G014,P1R01735,11,1,page7-20.svg,False,1.0,high,single-utterance-unidirectional,P1-103,P1-049,"['page5-153.svg', 'page8-169.svg', 'page3-12.svg', 'page6-71.svg', 'page7-15.svg', 'page6-160.svg', 'page7-20.svg', 'page9-39.svg', 'page5-84.svg', 'page5-66.svg']",14.0,a diagonal stripe,3.0,25.0,"(34,)",page7-20.svg,True,3.0
P1G001,P1R00401,7,1,page7-107.svg,False,0.9935185185185184,high,single-utterance-unidirectional,P1-007,P1-053,"['page5-40.svg', 'page7-107.svg', 'page8-58.svg', 'page2-36.svg', 'page6-124.svg', 'page3-33.svg', 'page5-45.svg', 'page4-197.svg', 'page1-150.svg', 'page5-153.svg']",3.0,"looks like the letter D on fire, facing to the right",11.0,15.0,"(18,)",page7-107.svg,True,11.0
P1G053,P1R01294,27,4,page1-30.svg,False,1.0,high,single-utterance-unidirectional,P1-061,P1-064,"['page8-247.svg', 'page6-206.svg', 'page1-117.svg', 'page2-140.svg', 'page1-30.svg', 'page9-39.svg', 'page1-185.svg', 'page3-33.svg', 'page6-228.svg', 'page7-81.svg']",11.0,tent with a triangle on top,6.0,16.0,"(23,)",page1-30.svg,True,6.0
P1G032,P1R00980,26,4,page6-206.svg,False,0.7333333333333333,low,single-utterance-unidirectional,P1-118,P1-022,"['page1-77.svg', 'page8-183.svg', 'page6-206.svg', 'page6-121.svg', 'page6-135.svg', 'page7-79.svg', 'page1-133.svg', 'page4-5.svg', 'page7-202.svg', 'page7-20.svg']",20.0,Kind of like a big face looking to the right,10.0,26.0,"(38,)",page6-206.svg,True,10.0
P1G029,P1R01426,29,4,page7-226.svg,True,1.0,high,single-utterance-unidirectional,P1-094,P1-052,"['page6-162.svg', 'page7-226.svg', 'page7-177.svg', 'page8-156.svg', 'page7-53.svg', 'page7-41.svg', 'page7-36.svg', 'page-F.svg', 'page7-145.svg', 'page8-192.svg']",6.0,"fat boat with extra something on left, pointing up and lefty",11.0,33.0,"(47,)",page7-226.svg,True,11.0
P1G039,P1R00434,1,0,page7-53.svg,False,0.7333333333333332,low,single-utterance-unidirectional,P1-120,P1-062,"['page8-58.svg', 'page5-96.svg', 'page8-159.svg', 'page7-53.svg', 'page1-150.svg', 'page6-226.svg', 'page7-73.svg', 'page6-206.svg', 'page5-128.svg', 'page6-71.svg']",11.0,Looks like a low flat bridge with two triangles at the bottom cut out,14.0,24.0,"(40,)",page7-53.svg,True,14.0
P1G039,P1R01109,17,2,page8-58.svg,False,0.7259259259259259,low,single-utterance-unidirectional,P1-120,P1-062,"['page8-58.svg', 'page5-96.svg', 'page8-159.svg', 'page7-53.svg', 'page1-150.svg', 'page6-226.svg', 'page7-73.svg', 'page6-206.svg', 'page5-128.svg', 'page6-71.svg']",10.0,Man with a hat walking towards the right,8.0,14.0,"(23,)",page8-58.svg,True,8.0
P1G014,P1R00121,12,2,page7-20.svg,False,1.0,high,single-utterance-unidirectional,P1-049,P1-103,"['page6-71.svg', 'page7-15.svg', 'page8-169.svg', 'page5-66.svg', 'page7-20.svg', 'page9-39.svg', 'page5-153.svg', 'page3-12.svg', 'page6-160.svg', 'page5-84.svg']",9.0,A diagonal stripe,3.0,17.0,"(22,)",page7-20.svg,True,3.0
P1G059,P1R01041,6,1,page2-140.svg,False,1.0,high,single-utterance-unidirectional,P1-058,P1-038,"['page1-117.svg', 'page6-206.svg', 'page1-30.svg', 'page7-81.svg', 'page9-39.svg', 'page8-247.svg', 'page2-140.svg', 'page6-228.svg', 'page1-185.svg', 'page3-33.svg']",5.0,Canoe with rectangle going up to square,7.0,17.0,"(29,)",page2-140.svg,True,7.0
P1G055,P1R01011,2,0,page5-121.svg,False,0.9925925925925926,high,single-utterance-unidirectional,P1-111,P1-100,"['page5-121.svg', 'page3-33.svg', 'page6-52.svg', 'page7-44.svg', 'page5-63.svg', 'page2-34.svg', 'page6-155.svg', 'page7-115.svg', 'page6-175.svg', 'page7-113.svg']",18.0,looks like a ninja star,5.0,23.0,"(34,)",page5-121.svg,True,5.0
P1G036,P1R01555,23,3,page3-33.svg,False,0.6111111111111112,low,single-utterance-unidirectional,P1-114,P1-029,"['page1-117.svg', 'page6-206.svg', 'page1-30.svg', 'page7-81.svg', 'page9-39.svg', 'page8-247.svg', 'page2-140.svg', 'page6-228.svg', 'page1-185.svg', 'page3-33.svg']",13.0,3 mountains,2.0,15.0,"(23,)",page3-33.svg,True,2.0
P1G016,P1R00197,6,1,page5-85.svg,False,0.5166666666666668,low,single-utterance-unidirectional,P1-046,P1-014,"['page5-63.svg', 'page6-208.svg', 'page4-128.svg', 'page5-71.svg', 'page3-33.svg', 'page6-52.svg', 'page5-84.svg', 'page5-85.svg', 'page4-155.svg', 'page7-225.svg']",8.0,"fox, again",2.0,13.0,"(41,)",page5-85.svg,True,2.0
P1G033,P1R00916,28,4,page7-225.svg,False,1.0,high,single-utterance-unidirectional,P1-099,P1-105,"['page7-22.svg', 'page3-66.svg', 'page5-232.svg', 'page7-225.svg', 'page8-248.svg', 'page4-142.svg', 'page7-157.svg', 'page8-21.svg', 'page5-45.svg', 'page5-85.svg']",11.0,Recliner with triangle,3.0,16.0,"(23,)",page7-225.svg,True,3.0
P1G005,P1R01314,26,4,page8-246.svg,True,1.0,high,single-utterance-unidirectional,P1-059,P1-036,"['page8-246.svg', 'page7-125.svg', 'page6-160.svg', 'page5-85.svg', 'page1-185.svg', 'page5-139.svg', 'page4-180.svg', 'page5-154.svg', 'page7-177.svg', 'page7-126.svg']",4.0,dog jumping left,3.0,10.0,"(21,)",page8-246.svg,True,3.0
P1G049,P1R00548,16,2,page9-40.svg,False,1.0,high,single-utterance-unidirectional,P1-047,P1-110,"['page6-122.svg', 'page9-40.svg', 'page7-226.svg', 'page7-125.svg', 'page8-246.svg', 'page6-160.svg', 'page7-145.svg', 'page5-101.svg', 'page8-183.svg', 'page8-21.svg']",,,,,,,,
P1G018,P1R00312,22,3,page2-133.svg,False,1.0,high,single-utterance-unidirectional,P1-010,P1-093,"['page5-102.svg', 'page2-133.svg', 'page4-241.svg', 'page6-171.svg', 'page7-216.svg', 'page2-86.svg', 'page6-219.svg', 'page4-180.svg', 'page1-95.svg', 'page8-21.svg']",,,,,,,,
P1G051,P1R00179,23,3,page7-115.svg,False,0.6,low,single-utterance-unidirectional,P1-006,P1-042,"['page6-155.svg', 'page7-113.svg', 'page2-34.svg', 'page7-115.svg', 'page7-44.svg', 'page3-33.svg', 'page6-52.svg', 'page5-121.svg', 'page6-175.svg', 'page5-63.svg']",4.0,the table with triangles each side of the table that can be taken for handles,15.0,16.0,"(26,)",page7-115.svg,True,15.0
P1G042,P1R00977,25,4,page5-56.svg,False,0.6222222222222223,low,single-utterance-unidirectional,P1-039,P1-023,"['page7-127.svg', 'page5-84.svg', 'page3-201.svg', 'page5-56.svg', 'page6-1.svg', 'page6-162.svg', 'page8-182.svg', 'page7-125.svg', 'page5-139.svg', 'page8-206.svg']",7.0,Mountains,1.0,10.0,"(12,)",page5-56.svg,True,1.0
P1G019,P1R00812,5,0,page7-126.svg,False,0.6666666666666667,low,single-utterance-unidirectional,P1-020,P1-033,"['page5-165.svg', 'page5-101.svg', 'page2-86.svg', 'page6-166.svg', 'page7-126.svg', 'page8-169.svg', 'page4-180.svg', 'page6-167.svg', 'page3-139.svg', 'page1-117.svg']",14.0,a bird,2.0,19.0,"(23,)",page7-126.svg,True,2.0
P1G057,P1R00937,22,3,page5-40.svg,True,0.7527777777777778,low,single-utterance-unidirectional,P1-043,P1-087,"['page3-70.svg', 'page3-12.svg', 'page7-29.svg', 'page1-77.svg', 'page6-23.svg', 'page7-73.svg', 'page3-33.svg', 'page5-65.svg', 'page4-190.svg', 'page5-40.svg']",14.0,looking like a wedding cake,5.0,19.0,"(25,)",page5-40.svg,True,5.0
P1G021,P1R00581,13,2,page2-16.svg,True,0.6722222222222223,low,single-utterance-unidirectional,P1-098,P1-096,"['page7-166.svg', 'page1-95.svg', 'page5-153.svg', 'page4-190.svg', 'page7-202.svg', 'page7-126.svg', 'page3-61.svg', 'page2-16.svg', 'page5-96.svg', 'page7-127.svg']",5.0,big square in middle with arrows on the left and right of it pointing to it,16.0,23.0,,,,16.0
P1G031,P1R00575,8,1,page7-177.svg,False,1.0,high,single-utterance-unidirectional,P1-079,P1-008,"['page8-246.svg', 'page7-125.svg', 'page6-160.svg', 'page5-85.svg', 'page1-185.svg', 'page5-139.svg', 'page4-180.svg', 'page5-154.svg', 'page7-177.svg', 'page7-126.svg']",14.0,The one you said was a magnet,7.0,23.0,"(27,)",page7-177.svg,True,7.0
P1G001,P1R01190,17,2,page5-45.svg,False,1.0,high,single-utterance-unidirectional,P1-053,P1-007,"['page2-36.svg', 'page4-197.svg', 'page1-150.svg', 'page3-33.svg', 'page5-153.svg', 'page6-124.svg', 'page7-107.svg', 'page5-40.svg', 'page8-58.svg', 'page5-45.svg']",2.0,Cottage with skyscraper hollowed out of the middle,8.0,10.0,"(13,)",page5-45.svg,True,8.0
P1G015,P1R01445,15,2,page-F.svg,False,0.6685185185185186,low,single-utterance-unidirectional,P1-028,P1-025,"['page7-44.svg', 'page7-55.svg', 'page6-206.svg', 'page1-48.svg', 'page8-38.svg', 'page5-45.svg', 'page9-40.svg', 'page1-133.svg', 'page-F.svg', 'page4-195.svg']",6.0,Man sitting with knees bent up,6.0,13.0,"(23,)",page-F.svg,True,6.0
P1G012,P1R01151,11,1,page2-136.svg,False,1.0,high,single-utterance-unidirectional,P1-024,P1-076,"['page6-52.svg', 'page7-36.svg', 'page6-186.svg', 'page2-136.svg', 'page1-186.svg', 'page2-165.svg', 'page6-219.svg', 'page1-133.svg', 'page7-126.svg', 'page7-186.svg']",11.0,triangles with square coming out of top right,8.0,25.0,"(38,)",page2-136.svg,True,8.0
P1G020,P1R01138,4,0,page1-186.svg,False,0.4972222222222222,low,single-utterance-unidirectional,P1-101,P1-051,"['page7-186.svg', 'page7-36.svg', 'page1-133.svg', 'page1-186.svg', 'page7-126.svg', 'page6-186.svg', 'page2-165.svg', 'page6-52.svg', 'page2-136.svg', 'page6-219.svg']",14.0,bridge,1.0,15.0,"(24,)",page1-186.svg,True,1.0
P1G002,P1R01607,19,3,page6-185.svg,False,0.6129629629629629,low,single-utterance-unidirectional,P1-013,P1-081,"['page6-185.svg', 'page6-228.svg', 'page8-234.svg', 'page1-132.svg', 'page7-203.svg', 'page6-52.svg', 'page5-85.svg', 'page7-113.svg', 'page5-63.svg', 'page6-21.svg']",6.0,sitting man facing right,4.0,10.0,"(23,)",page6-185.svg,True,4.0
P1G022,P1R01056,2,0,page6-109.svg,False,1.0,high,single-utterance-unidirectional,P1-072,P1-082,"['page6-196.svg', 'page7-41.svg', 'page6-109.svg', 'page5-65.svg', 'page2-85.svg', 'page4-98.svg', 'page4-96.svg', 'page6-52.svg', 'page3-33.svg', 'page5-80.svg']",9.0,shape with left point and zigzag right side,8.0,19.0,"(32,)",page5-65.svg,False,8.0
P1G057,P1R00450,17,2,page6-23.svg,False,0.7776190476190477,low,single-utterance-unidirectional,P1-087,P1-043,"['page5-65.svg', 'page7-29.svg', 'page7-73.svg', 'page6-23.svg', 'page5-40.svg', 'page1-77.svg', 'page4-190.svg', 'page3-70.svg', 'page3-12.svg', 'page3-33.svg']",9.0,A person pushing on a wall to the left,9.0,14.0,"(23,)",page6-23.svg,True,9.0
P1G051,P1R01461,3,0,page5-63.svg,False,0.9935185185185184,high,single-utterance-unidirectional,P1-042,P1-006,"['page5-121.svg', 'page3-33.svg', 'page6-52.svg', 'page7-44.svg', 'page5-63.svg', 'page2-34.svg', 'page6-155.svg', 'page7-115.svg', 'page6-175.svg', 'page7-113.svg']",7.0,,,,,,,
P1G006,P1R00305,14,2,page1-150.svg,False,1.0,high,single-utterance-unidirectional,P1-077,P1-073,"['page8-58.svg', 'page5-96.svg', 'page8-159.svg', 'page7-53.svg', 'page1-150.svg', 'page6-226.svg', 'page7-73.svg', 'page6-206.svg', 'page5-128.svg', 'page6-71.svg']",13.0,a water fountain or vase,5.0,21.0,"(34,)",page1-150.svg,True,5.0
P1G053,P1R00323,5,0,page3-33.svg,False,0.6111111111111112,low,single-utterance-unidirectional,P1-061,P1-064,"['page8-247.svg', 'page6-206.svg', 'page1-117.svg', 'page2-140.svg', 'page1-30.svg', 'page9-39.svg', 'page1-185.svg', 'page3-33.svg', 'page6-228.svg', 'page7-81.svg']",8.0,mountains with a in the middle,6.0,20.0,"(30,)",page3-33.svg,True,6.0
P1G042,P1R00476,9,1,page8-206.svg,True,1.0,high,single-utterance-unidirectional,P1-023,P1-039,"['page8-182.svg', 'page5-139.svg', 'page6-1.svg', 'page7-127.svg', 'page5-56.svg', 'page3-201.svg', 'page7-125.svg', 'page5-84.svg', 'page6-162.svg', 'page8-206.svg']",12.0,a boat sitting on a iceburg,6.0,23.0,"(42,)",page8-206.svg,True,6.0
P1G015,P1R00135,18,3,page-F.svg,False,0.6685185185185186,low,single-utterance-unidirectional,P1-025,P1-028,"['page1-48.svg', 'page1-133.svg', 'page9-40.svg', 'page8-38.svg', 'page7-44.svg', 'page-F.svg', 'page5-45.svg', 'page4-195.svg', 'page6-206.svg', 'page7-55.svg']",3.0,man with bent knees,4.0,6.0,"(15,)",page-F.svg,True,4.0
P1G018,P1R00094,12,2,page2-133.svg,False,1.0,high,single-utterance-unidirectional,P1-093,P1-010,"['page6-171.svg', 'page4-241.svg', 'page5-102.svg', 'page2-133.svg', 'page1-95.svg', 'page6-219.svg', 'page7-216.svg', 'page2-86.svg', 'page8-21.svg', 'page4-180.svg']",,,,,,,,
P1G012,P1R00467,2,0,page7-36.svg,True,1.0,high,single-utterance-unidirectional,P1-024,P1-076,"['page6-52.svg', 'page7-36.svg', 'page6-186.svg', 'page2-136.svg', 'page1-186.svg', 'page2-165.svg', 'page6-219.svg', 'page1-133.svg', 'page7-126.svg', 'page7-186.svg']",12.0,square bottom right. triangle top,5.0,30.0,"(47,)",page7-36.svg,True,5.0
P1G027,P1R01753,23,3,page4-142.svg,False,1.0,high,single-utterance-unidirectional,P1-060,P1-055,"['page7-55.svg', 'page7-202.svg', 'page1-107.svg', 'page6-122.svg', 'page2-140.svg', 'page8-246.svg', 'page1-172.svg', 'page3-201.svg', 'page8-159.svg', 'page4-142.svg']",10.0,horn,1.0,12.0,"(22,)",page4-142.svg,True,1.0
P1G050,P1R00785,26,4,page9-39.svg,False,0.7407407407407408,low,single-utterance-unidirectional,P1-090,P1-017,"['page8-247.svg', 'page6-206.svg', 'page1-117.svg', 'page2-140.svg', 'page1-30.svg', 'page9-39.svg', 'page1-185.svg', 'page3-33.svg', 'page6-228.svg', 'page7-81.svg']",12.0,Looks like a pipe,4.0,16.0,"(24,)",page9-39.svg,True,4.0
P1G001,P1R00533,13,2,page6-124.svg,False,1.0,high,single-utterance-unidirectional,P1-053,P1-007,"['page2-36.svg', 'page4-197.svg', 'page1-150.svg', 'page3-33.svg', 'page5-153.svg', 'page6-124.svg', 'page7-107.svg', 'page5-40.svg', 'page8-58.svg', 'page5-45.svg']",2.0,Downward arrow with rectangle hollowed out of the middle,9.0,13.0,"(16,)",page6-124.svg,True,9.0
P1G036,P1R01563,20,3,page1-117.svg,False,1.0,high,single-utterance-unidirectional,P1-114,P1-029,"['page1-117.svg', 'page6-206.svg', 'page1-30.svg', 'page7-81.svg', 'page9-39.svg', 'page8-247.svg', 'page2-140.svg', 'page6-228.svg', 'page1-185.svg', 'page3-33.svg']",17.0,like a column,3.0,19.0,"(22,)",page1-117.svg,True,3.0
P1G046,P1R00030,24,4,page5-36.svg,False,1.0,high,single-utterance-unidirectional,P1-015,P1-045,"['page1-175.svg', 'page7-15.svg', 'page3-52.svg', 'page8-54.svg', 'page4-244.svg', 'page5-36.svg', 'page7-40.svg', 'page8-183.svg', 'page8-38.svg', 'page7-20.svg']",3.0,diamond / cross,3.0,8.0,"(15,)",page5-36.svg,True,3.0
P1G058,P1R00207,19,3,page9-40.svg,False,1.0,high,single-utterance-unidirectional,P1-054,P1-071,"['page4-11.svg', 'page6-219.svg', 'page1-95.svg', 'page1-77.svg', 'page2-36.svg', 'page1-34.svg', 'page9-40.svg', 'page5-85.svg', 'page5-26.svg', 'page2-133.svg']",30.0,candle stick,2.0,44.0,,,,2.0
P1G057,P1R00036,1,0,page3-12.svg,False,1.0,high,single-utterance-unidirectional,P1-087,P1-043,"['page5-65.svg', 'page7-29.svg', 'page7-73.svg', 'page6-23.svg', 'page5-40.svg', 'page1-77.svg', 'page4-190.svg', 'page3-70.svg', 'page3-12.svg', 'page3-33.svg']",4.0,An arrow facing downward,4.0,9.0,"(26,)",page3-12.svg,True,4.0
P1G030,P1R01370,25,4,page6-208.svg,True,1.0,high,single-utterance-unidirectional,P1-050,P1-063,"['page6-208.svg', 'page3-33.svg', 'page7-107.svg', 'page2-20.svg', 'page8-169.svg', 'page8-38.svg', 'page7-41.svg', 'page5-86.svg', 'page7-125.svg', 'page5-165.svg']",8.0,"Different boast, with a very square left side with two spikes",11.0,18.0,"(37,)",page6-208.svg,True,11.0
P1G056,P1R00334,28,4,page7-225.svg,False,1.0,high,single-utterance-unidirectional,P1-018,P1-005,"['page7-22.svg', 'page3-66.svg', 'page5-232.svg', 'page7-225.svg', 'page8-248.svg', 'page4-142.svg', 'page7-157.svg', 'page8-21.svg', 'page5-45.svg', 'page5-85.svg']",14.0,Arm holding wine glass,4.0,19.0,"(23,)",page7-225.svg,True,4.0
P1G034,P1R01630,7,1,page7-115.svg,False,0.6,low,single-utterance-unidirectional,P1-084,P1-065,"['page6-155.svg', 'page7-113.svg', 'page2-34.svg', 'page7-115.svg', 'page7-44.svg', 'page3-33.svg', 'page6-52.svg', 'page5-121.svg', 'page6-175.svg', 'page5-63.svg']",7.0,It looks like a bench with two pointy sides at the top of each side,15.0,27.0,"(34,)",page7-115.svg,True,15.0
P1G037,P1R00646,11,1,page2-133.svg,False,1.0,high,single-utterance-unidirectional,P1-002,P1-037,"['page5-102.svg', 'page2-133.svg', 'page4-241.svg', 'page6-171.svg', 'page7-216.svg', 'page2-86.svg', 'page6-219.svg', 'page4-180.svg', 'page1-95.svg', 'page8-21.svg']",34.0,,,,,,,
P1G014,P1R00382,8,1,page8-169.svg,False,1.0,high,single-utterance-unidirectional,P1-103,P1-049,"['page5-153.svg', 'page8-169.svg', 'page3-12.svg', 'page6-71.svg', 'page7-15.svg', 'page6-160.svg', 'page7-20.svg', 'page9-39.svg', 'page5-84.svg', 'page5-66.svg']",12.0,letter c,2.0,16.0,"(24,)",page8-169.svg,True,2.0
P1G049,P1R00333,25,4,page9-40.svg,False,1.0,high,single-utterance-unidirectional,P1-047,P1-110,"['page6-122.svg', 'page9-40.svg', 'page7-226.svg', 'page7-125.svg', 'page8-246.svg', 'page6-160.svg', 'page7-145.svg', 'page5-101.svg', 'page8-183.svg', 'page8-21.svg']",,,,,,,,
P1G053,P1R00682,0,0,page1-117.svg,False,1.0,high,single-utterance-unidirectional,P1-061,P1-064,"['page8-247.svg', 'page6-206.svg', 'page1-117.svg', 'page2-140.svg', 'page1-30.svg', 'page9-39.svg', 'page1-185.svg', 'page3-33.svg', 'page6-228.svg', 'page7-81.svg']",10.0,it looks like a chess piece,6.0,18.0,"(43,)",page1-185.svg,False,6.0
P1G056,P1R01272,15,2,page5-232.svg,False,0.7277777777777779,low,single-utterance-unidirectional,P1-018,P1-005,"['page7-22.svg', 'page3-66.svg', 'page5-232.svg', 'page7-225.svg', 'page8-248.svg', 'page4-142.svg', 'page7-157.svg', 'page8-21.svg', 'page5-45.svg', 'page5-85.svg']",8.0,Up arrow,2.0,10.0,"(13,)",page5-232.svg,True,2.0
P1G013,P1R01634,13,2,page5-84.svg,False,0.5111111111111112,low,single-utterance-unidirectional,P1-034,P1-109,"['page6-71.svg', 'page7-15.svg', 'page8-169.svg', 'page5-66.svg', 'page7-20.svg', 'page9-39.svg', 'page5-153.svg', 'page3-12.svg', 'page6-160.svg', 'page5-84.svg']",10.0,Animal with a long neck and four legs,8.0,17.0,"(23,)",page5-84.svg,True,8.0
P1G017,P1R00174,17,2,page5-26.svg,False,0.7518518518518518,low,single-utterance-unidirectional,P1-070,P1-048,"['page5-154.svg', 'page8-56.svg', 'page3-70.svg', 'page7-216.svg', 'page7-115.svg', 'page5-26.svg', 'page6-204.svg', 'page7-55.svg', 'page5-86.svg', 'page7-166.svg']",3.0,weird heart,2.0,6.0,"(8,)",page5-26.svg,True,2.0
P1G039,P1R00511,12,2,page6-71.svg,False,1.0,high,single-utterance-unidirectional,P1-120,P1-062,"['page8-58.svg', 'page5-96.svg', 'page8-159.svg', 'page7-53.svg', 'page1-150.svg', 'page6-226.svg', 'page7-73.svg', 'page6-206.svg', 'page5-128.svg', 'page6-71.svg']",4.0,Same giant bat!,3.0,6.0,"(14,)",page6-71.svg,True,3.0
P1G030,P1R00971,24,4,page7-41.svg,False,0.7555555555555555,low,single-utterance-unidirectional,P1-063,P1-050,"['page6-208.svg', 'page5-165.svg', 'page7-41.svg', 'page8-169.svg', 'page8-38.svg', 'page5-86.svg', 'page7-125.svg', 'page2-20.svg', 'page3-33.svg', 'page7-107.svg']",5.0,house boat,2.0,7.0,"(12,)",page7-41.svg,True,2.0
P1G018,P1R00028,2,0,page2-86.svg,False,0.7777777777777777,low,single-utterance-unidirectional,P1-093,P1-010,"['page6-171.svg', 'page4-241.svg', 'page5-102.svg', 'page2-133.svg', 'page1-95.svg', 'page6-219.svg', 'page7-216.svg', 'page2-86.svg', 'page8-21.svg', 'page4-180.svg']",8.0,looks like a childs hat with bear ears,8.0,16.0,,,,8.0
P1G002,P1R01485,3,0,page8-234.svg,False,0.0,low,single-utterance-unidirectional,P1-081,P1-013,"['page8-234.svg', 'page1-132.svg', 'page5-85.svg', 'page6-21.svg', 'page6-185.svg', 'page6-52.svg', 'page5-63.svg', 'page7-113.svg', 'page6-228.svg', 'page7-203.svg']",5.0,Looks like a dog/animal facing the left,7.0,22.0,"(38,)",page8-234.svg,True,7.0
P1G052,P1R01165,26,4,page5-84.svg,False,0.5111111111111112,low,single-utterance-unidirectional,P1-108,P1-107,"['page6-71.svg', 'page7-15.svg', 'page8-169.svg', 'page5-66.svg', 'page7-20.svg', 'page9-39.svg', 'page5-153.svg', 'page3-12.svg', 'page6-160.svg', 'page5-84.svg']",,,,,,,,
P1G012,P1R00536,7,1,page7-186.svg,False,1.0,high,single-utterance-unidirectional,P1-024,P1-076,"['page6-52.svg', 'page7-36.svg', 'page6-186.svg', 'page2-136.svg', 'page1-186.svg', 'page2-165.svg', 'page6-219.svg', 'page1-133.svg', 'page7-126.svg', 'page7-186.svg']",12.0,the p shape,3.0,15.0,"(23,)",page7-186.svg,True,3.0
P1G025,P1R00502,14,2,page1-117.svg,False,1.0,high,single-utterance-unidirectional,P1-112,P1-056,"['page8-247.svg', 'page6-206.svg', 'page1-117.svg', 'page2-140.svg', 'page1-30.svg', 'page9-39.svg', 'page1-185.svg', 'page3-33.svg', 'page6-228.svg', 'page7-81.svg']",12.0,a cotton reel with a large top,7.0,19.0,"(26,)",page1-117.svg,True,7.0
P1G042,P1R00078,7,1,page5-56.svg,False,0.6222222222222223,low,single-utterance-unidirectional,P1-023,P1-039,"['page8-182.svg', 'page5-139.svg', 'page6-1.svg', 'page7-127.svg', 'page5-56.svg', 'page3-201.svg', 'page7-125.svg', 'page5-84.svg', 'page6-162.svg', 'page8-206.svg']",8.0,mountains spread,2.0,13.0,"(23,)",page5-56.svg,True,2.0
P1G022,P1R01750,13,2,page4-98.svg,False,0.7222222222222223,low,single-utterance-unidirectional,P1-072,P1-082,"['page6-196.svg', 'page7-41.svg', 'page6-109.svg', 'page5-65.svg', 'page2-85.svg', 'page4-98.svg', 'page4-96.svg', 'page6-52.svg', 'page3-33.svg', 'page5-80.svg']",16.0,candle on a boat,4.0,18.0,"(22,)",page4-98.svg,True,4.0
P1G025,P1R00529,22,3,page9-39.svg,False,0.7407407407407408,low,single-utterance-unidirectional,P1-056,P1-112,"['page1-117.svg', 'page6-206.svg', 'page1-30.svg', 'page7-81.svg', 'page9-39.svg', 'page8-247.svg', 'page2-140.svg', 'page6-228.svg', 'page1-185.svg', 'page3-33.svg']",12.0,a pipe or tick,4.0,14.0,"(25,)",page9-39.svg,True,4.0
P1G008,P1R01785,12,2,page1-48.svg,False,1.0,high,single-utterance-unidirectional,P1-074,P1-116,"['page7-44.svg', 'page7-55.svg', 'page6-206.svg', 'page1-48.svg', 'page8-38.svg', 'page5-45.svg', 'page9-40.svg', 'page1-133.svg', 'page-F.svg', 'page4-195.svg']",5.0,triangle,1.0,10.0,"(14,)",page1-48.svg,True,1.0
P1G049,P1R00888,12,2,page6-122.svg,False,0.5666666666666667,low,single-utterance-unidirectional,P1-047,P1-110,"['page6-122.svg', 'page9-40.svg', 'page7-226.svg', 'page7-125.svg', 'page8-246.svg', 'page6-160.svg', 'page7-145.svg', 'page5-101.svg', 'page8-183.svg', 'page8-21.svg']",,,,,,,,
P1G016,P1R01451,27,4,page5-85.svg,False,0.5166666666666668,low,single-utterance-unidirectional,P1-014,P1-046,"['page5-85.svg', 'page7-225.svg', 'page5-63.svg', 'page3-33.svg', 'page5-84.svg', 'page6-208.svg', 'page5-71.svg', 'page4-128.svg', 'page6-52.svg', 'page4-155.svg']",9.0,fox,1.0,9.0,"(13,)",page5-85.svg,True,1.0
P1G006,P1R00809,17,2,page8-58.svg,False,0.7259259259259259,low,single-utterance-unidirectional,P1-077,P1-073,"['page8-58.svg', 'page5-96.svg', 'page8-159.svg', 'page7-53.svg', 'page1-150.svg', 'page6-226.svg', 'page7-73.svg', 'page6-206.svg', 'page5-128.svg', 'page6-71.svg']",7.0,a man walking to the right,6.0,16.0,"(23,)",page8-58.svg,True,6.0
P1G057,P1R00413,12,2,page3-33.svg,True,0.6111111111111112,low,single-utterance-unidirectional,P1-043,P1-087,"['page3-70.svg', 'page3-12.svg', 'page7-29.svg', 'page1-77.svg', 'page6-23.svg', 'page7-73.svg', 'page3-33.svg', 'page5-65.svg', 'page4-190.svg', 'page5-40.svg']",11.0,"two pieces facing each other, one looking up one down",10.0,20.0,"(45,)",page3-33.svg,True,10.0
P1G058,P1R00496,11,1,page9-40.svg,False,1.0,high,single-utterance-unidirectional,P1-054,P1-071,"['page4-11.svg', 'page6-219.svg', 'page1-95.svg', 'page1-77.svg', 'page2-36.svg', 'page1-34.svg', 'page9-40.svg', 'page5-85.svg', 'page5-26.svg', 'page2-133.svg']",7.0,candle stick,2.0,12.0,"(23,)",page9-40.svg,True,2.0
P1G047,P1R01415,29,4,page5-101.svg,False,0.6666666666666667,low,single-utterance-unidirectional,P1-080,P1-102,"['page3-70.svg', 'page8-156.svg', 'page7-40.svg', 'page2-165.svg', 'page8-21.svg', 'page6-171.svg', 'page1-95.svg', 'page3-61.svg', 'page7-29.svg', 'page5-101.svg']",9.0,bat flying to left,4.0,16.0,"(23,)",page5-101.svg,True,4.0
P1G055,P1R00815,7,1,page7-115.svg,False,0.6,low,single-utterance-unidirectional,P1-100,P1-111,"['page6-155.svg', 'page7-113.svg', 'page2-34.svg', 'page7-115.svg', 'page7-44.svg', 'page3-33.svg', 'page6-52.svg', 'page5-121.svg', 'page6-175.svg', 'page5-63.svg']",9.0,a table with 2 ears,5.0,18.0,"(24,)",page7-115.svg,True,5.0
P1G043,P1R01726,28,4,page8-156.svg,False,1.0,high,single-utterance-unidirectional,P1-075,P1-066,"['page8-156.svg', 'page8-192.svg', 'page6-162.svg', 'page7-53.svg', 'page7-145.svg', 'page7-177.svg', 'page7-226.svg', 'page-F.svg', 'page7-41.svg', 'page7-36.svg']",14.0,the K,2.0,16.0,"(23,)",page8-156.svg,True,2.0
P1G019,P1R00992,11,1,page4-180.svg,True,0.6944444444444445,low,single-utterance-unidirectional,P1-033,P1-020,"['page2-86.svg', 'page7-126.svg', 'page5-101.svg', 'page8-169.svg', 'page3-139.svg', 'page6-166.svg', 'page6-167.svg', 'page4-180.svg', 'page5-165.svg', 'page1-117.svg']",13.0,V shape but with two points on the bottom,9.0,23.0,"(34,)",page4-180.svg,True,9.0
P1G009,P1R00855,1,0,page6-208.svg,True,1.0,high,single-utterance-unidirectional,P1-019,P1-104,"['page5-63.svg', 'page6-208.svg', 'page4-128.svg', 'page5-71.svg', 'page3-33.svg', 'page6-52.svg', 'page5-84.svg', 'page5-85.svg', 'page4-155.svg', 'page7-225.svg']",8.0,"looks like a ship sailing right, carrying a square with two triagles",12.0,39.0,,,,12.0
P1G059,P1R00165,10,1,page1-30.svg,False,1.0,high,single-utterance-unidirectional,P1-058,P1-038,"['page1-117.svg', 'page6-206.svg', 'page1-30.svg', 'page7-81.svg', 'page9-39.svg', 'page8-247.svg', 'page2-140.svg', 'page6-228.svg', 'page1-185.svg', 'page3-33.svg']",12.0,Fat arrow pointing up,4.0,17.0,"(27,)",page1-30.svg,True,4.0
P1G049,P1R00583,18,3,page5-101.svg,True,0.6666666666666667,low,single-utterance-unidirectional,P1-110,P1-047,"['page8-246.svg', 'page7-125.svg', 'page6-122.svg', 'page7-226.svg', 'page7-145.svg', 'page8-21.svg', 'page5-101.svg', 'page6-160.svg', 'page9-40.svg', 'page8-183.svg']",,,,,,,,
P1G036,P1R00425,0,0,page1-117.svg,False,1.0,high,single-utterance-unidirectional,P1-029,P1-114,"['page8-247.svg', 'page6-206.svg', 'page1-117.svg', 'page2-140.svg', 'page1-30.svg', 'page9-39.svg', 'page1-185.svg', 'page3-33.svg', 'page6-228.svg', 'page7-81.svg']",25.0,Like a chimney with a big top,7.0,41.0,,,,7.0
P1G004,P1R01546,11,1,page2-100.svg,False,0.7685185185185184,low,single-utterance-unidirectional,P1-086,P1-009,"['page5-26.svg', 'page7-20.svg', 'page7-125.svg', 'page2-100.svg', 'page7-126.svg', 'page8-169.svg', 'page7-202.svg', 'page7-116.svg', 'page5-40.svg', 'page4-244.svg']",11.0,Stop sign with a bent pole,6.0,25.0,"(35,)",page2-100.svg,True,6.0
P1G033,P1R00252,15,2,page5-232.svg,False,0.7277777777777779,low,single-utterance-unidirectional,P1-099,P1-105,"['page7-22.svg', 'page3-66.svg', 'page5-232.svg', 'page7-225.svg', 'page8-248.svg', 'page4-142.svg', 'page7-157.svg', 'page8-21.svg', 'page5-45.svg', 'page5-85.svg']",11.0,Up arrow,2.0,13.0,"(24,)",page5-232.svg,True,2.0
P1G006,P1R00635,16,2,page8-159.svg,False,1.0,high,single-utterance-unidirectional,P1-077,P1-073,"['page8-58.svg', 'page5-96.svg', 'page8-159.svg', 'page7-53.svg', 'page1-150.svg', 'page6-226.svg', 'page7-73.svg', 'page6-206.svg', 'page5-128.svg', 'page6-71.svg']",7.0,a boot without the heel,5.0,20.0,"(28,)",page8-159.svg,True,5.0
P1G001,P1R00898,24,4,page5-153.svg,False,0.6425925925925926,low,single-utterance-unidirectional,P1-053,P1-007,"['page2-36.svg', 'page4-197.svg', 'page1-150.svg', 'page3-33.svg', 'page5-153.svg', 'page6-124.svg', 'page7-107.svg', 'page5-40.svg', 'page8-58.svg', 'page5-45.svg']",3.0,Bowl with two handles again,5.0,8.0,"(12,)",page5-153.svg,True,5.0
P1G026,P1R00183,14,2,page4-195.svg,False,1.0,high,single-utterance-unidirectional,P1-011,P1-091,"['page7-44.svg', 'page7-55.svg', 'page6-206.svg', 'page1-48.svg', 'page8-38.svg', 'page5-45.svg', 'page9-40.svg', 'page1-133.svg', 'page-F.svg', 'page4-195.svg']",6.0,It's gun shaped,3.0,9.0,"(12,)",page4-195.svg,True,3.0
P1G028,P1R01611,20,3,page6-135.svg,False,1.0,high,single-utterance-unidirectional,P1-027,P1-069,"['page7-202.svg', 'page8-183.svg', 'page7-79.svg', 'page6-121.svg', 'page1-133.svg', 'page6-206.svg', 'page7-20.svg', 'page6-135.svg', 'page1-77.svg', 'page4-5.svg']",4.0,ears,1.0,5.0,"(13,)",page6-135.svg,True,1.0
P1G060,P1R00605,21,3,page4-128.svg,False,1.0,high,single-utterance-unidirectional,P1-012,P1-021,"['page5-63.svg', 'page6-208.svg', 'page4-128.svg', 'page5-71.svg', 'page3-33.svg', 'page6-52.svg', 'page5-84.svg', 'page5-85.svg', 'page4-155.svg', 'page7-225.svg']",7.0,Oil can,2.0,11.0,"(23,)",page4-128.svg,True,2.0
P1G060,P1R01182,15,2,page5-63.svg,True,0.9935185185185184,high,single-utterance-unidirectional,P1-012,P1-021,"['page5-63.svg', 'page6-208.svg', 'page4-128.svg', 'page5-71.svg', 'page3-33.svg', 'page6-52.svg', 'page5-84.svg', 'page5-85.svg', 'page4-155.svg', 'page7-225.svg']",3.0,Pyramid with a parallelogram in front of it to the left hand side,13.0,16.0,"(33,)",page5-63.svg,True,13.0
P1G020,P1R00286,6,1,page6-186.svg,False,0.7546296296296297,low,single-utterance-unidirectional,P1-051,P1-101,"['page6-52.svg', 'page7-36.svg', 'page6-186.svg', 'page2-136.svg', 'page1-186.svg', 'page2-165.svg', 'page6-219.svg', 'page1-133.svg', 'page7-126.svg', 'page7-186.svg']",6.0,old person walking to the left,6.0,13.0,"(19,)",page6-186.svg,True,6.0
P1G052,P1R00226,15,2,page5-153.svg,True,0.6425925925925926,low,single-utterance-unidirectional,P1-107,P1-108,"['page5-153.svg', 'page8-169.svg', 'page3-12.svg', 'page6-71.svg', 'page7-15.svg', 'page6-160.svg', 'page7-20.svg', 'page9-39.svg', 'page5-84.svg', 'page5-66.svg']",,,,,,,,
P1G017,P1R00617,24,4,page7-115.svg,False,0.6,low,single-utterance-unidirectional,P1-070,P1-048,"['page5-154.svg', 'page8-56.svg', 'page3-70.svg', 'page7-216.svg', 'page7-115.svg', 'page5-26.svg', 'page6-204.svg', 'page7-55.svg', 'page5-86.svg', 'page7-166.svg']",3.0,M,1.0,4.0,"(6,)",page7-115.svg,True,1.0
P1G045,P1R00742,14,2,page7-41.svg,False,0.7555555555555555,low,single-utterance-unidirectional,P1-095,P1-001,"['page6-196.svg', 'page7-41.svg', 'page6-109.svg', 'page5-65.svg', 'page2-85.svg', 'page4-98.svg', 'page4-96.svg', 'page6-52.svg', 'page3-33.svg', 'page5-80.svg']",7.0,the boat with a house,5.0,13.0,"(23,)",page7-41.svg,True,5.0
P1G009,P1R00538,11,1,page5-84.svg,False,0.5111111111111112,low,single-utterance-unidirectional,P1-019,P1-104,"['page5-63.svg', 'page6-208.svg', 'page4-128.svg', 'page5-71.svg', 'page3-33.svg', 'page6-52.svg', 'page5-84.svg', 'page5-85.svg', 'page4-155.svg', 'page7-225.svg']",,,,,,,,
P1G011,P1R00844,0,0,page6-124.svg,False,1.0,high,single-utterance-unidirectional,P1-088,P1-041,"['page2-36.svg', 'page4-197.svg', 'page1-150.svg', 'page3-33.svg', 'page5-153.svg', 'page6-124.svg', 'page7-107.svg', 'page5-40.svg', 'page8-58.svg', 'page5-45.svg']",20.0,Upside down triangle with a white rectangle in it,9.0,40.0,,,,9.0
P1G031,P1R01561,18,3,page7-126.svg,False,0.6666666666666667,low,single-utterance-unidirectional,P1-079,P1-008,"['page8-246.svg', 'page7-125.svg', 'page6-160.svg', 'page5-85.svg', 'page1-185.svg', 'page5-139.svg', 'page4-180.svg', 'page5-154.svg', 'page7-177.svg', 'page7-126.svg']",5.0,bird looking left,3.0,10.0,"(15,)",page7-126.svg,True,3.0
P1G054,P1R01027,22,3,page5-40.svg,True,0.7527777777777778,low,single-utterance-unidirectional,P1-030,P1-106,"['page3-70.svg', 'page3-12.svg', 'page7-29.svg', 'page1-77.svg', 'page6-23.svg', 'page7-73.svg', 'page3-33.svg', 'page5-65.svg', 'page4-190.svg', 'page5-40.svg']",5.0,weird crab shape on the bottom with 2 boxes on top - bit ike a cake,16.0,20.0,"(25,)",page5-40.svg,True,16.0
P1G017,P1R01506,20,3,page5-26.svg,False,0.7518518518518518,low,single-utterance-unidirectional,P1-048,P1-070,"['page5-86.svg', 'page8-56.svg', 'page7-216.svg', 'page7-55.svg', 'page5-154.svg', 'page3-70.svg', 'page6-204.svg', 'page7-166.svg', 'page5-26.svg', 'page7-115.svg']",4.0,weird heart,2.0,7.0,"(9,)",page5-26.svg,True,2.0
P1G026,P1R00915,29,4,page6-206.svg,False,0.7333333333333333,low,single-utterance-unidirectional,P1-011,P1-091,"['page7-44.svg', 'page7-55.svg', 'page6-206.svg', 'page1-48.svg', 'page8-38.svg', 'page5-45.svg', 'page9-40.svg', 'page1-133.svg', 'page-F.svg', 'page4-195.svg']",7.0,B,1.0,9.0,"(13,)",page6-206.svg,True,1.0
P1G037,P1R00669,21,3,page6-219.svg,False,1.0,high,single-utterance-unidirectional,P1-002,P1-037,"['page5-102.svg', 'page2-133.svg', 'page4-241.svg', 'page6-171.svg', 'page7-216.svg', 'page2-86.svg', 'page6-219.svg', 'page4-180.svg', 'page1-95.svg', 'page8-21.svg']",14.0,A standing traffic light in middle row,7.0,33.0,"(40,)",page6-219.svg,True,7.0
P1G018,P1R01754,4,0,page2-133.svg,False,1.0,high,single-utterance-unidirectional,P1-093,P1-010,"['page6-171.svg', 'page4-241.svg', 'page5-102.svg', 'page2-133.svg', 'page1-95.svg', 'page6-219.svg', 'page7-216.svg', 'page2-86.svg', 'page8-21.svg', 'page4-180.svg']",23.0,diagonal large rectangle with smaller rectangle on top,8.0,34.0,,,,8.0
P1G014,P1R01690,13,2,page5-84.svg,False,0.5111111111111112,low,single-utterance-unidirectional,P1-049,P1-103,"['page6-71.svg', 'page7-15.svg', 'page8-169.svg', 'page5-66.svg', 'page7-20.svg', 'page9-39.svg', 'page5-153.svg', 'page3-12.svg', 'page6-160.svg', 'page5-84.svg']",10.0,I called it a dog - you called it a horse,11.0,21.0,"(36,)",page5-84.svg,True,11.0
P1G002,P1R01092,21,3,page6-21.svg,False,1.0,high,single-utterance-unidirectional,P1-013,P1-081,"['page6-185.svg', 'page6-228.svg', 'page8-234.svg', 'page1-132.svg', 'page7-203.svg', 'page6-52.svg', 'page5-85.svg', 'page7-113.svg', 'page5-63.svg', 'page6-21.svg']",10.0,block with triangle on right and bottom,7.0,18.0,"(26,)",page6-21.svg,True,7.0
P1G006,P1R01075,15,2,page6-226.svg,True,1.0,high,single-utterance-unidirectional,P1-073,P1-077,"['page6-226.svg', 'page5-96.svg', 'page6-206.svg', 'page7-53.svg', 'page6-71.svg', 'page7-73.svg', 'page8-159.svg', 'page5-128.svg', 'page8-58.svg', 'page1-150.svg']",21.0,Glasses,1.0,33.0,"(46,)",page6-71.svg,False,1.0
P1G053,P1R01250,10,1,page1-30.svg,False,1.0,high,single-utterance-unidirectional,P1-064,P1-061,"['page1-117.svg', 'page6-206.svg', 'page1-30.svg', 'page7-81.svg', 'page9-39.svg', 'page8-247.svg', 'page2-140.svg', 'page6-228.svg', 'page1-185.svg', 'page3-33.svg']",17.0,a tent with an A on top,7.0,23.0,"(36,)",page1-30.svg,True,7.0
P1G015,P1R01583,1,0,page4-195.svg,False,1.0,high,single-utterance-unidirectional,P1-028,P1-025,"['page7-44.svg', 'page7-55.svg', 'page6-206.svg', 'page1-48.svg', 'page8-38.svg', 'page5-45.svg', 'page9-40.svg', 'page1-133.svg', 'page-F.svg', 'page4-195.svg']",9.0,An assault rifle pointing to the left,7.0,17.0,"(25,)",page4-195.svg,True,7.0
P1G003,P1R01597,28,4,page7-126.svg,False,0.6666666666666667,low,single-utterance-unidirectional,P1-057,P1-031,"['page3-61.svg', 'page7-202.svg', 'page4-190.svg', 'page2-16.svg', 'page7-126.svg', 'page7-166.svg', 'page1-95.svg', 'page5-96.svg', 'page5-153.svg', 'page7-127.svg']",3.0,the bird facing left with one foot,7.0,10.0,"(16,)",page7-126.svg,True,7.0
P1G030,P1R01270,6,1,page8-169.svg,False,1.0,high,single-utterance-unidirectional,P1-050,P1-063,"['page6-208.svg', 'page3-33.svg', 'page7-107.svg', 'page2-20.svg', 'page8-169.svg', 'page8-38.svg', 'page7-41.svg', 'page5-86.svg', 'page7-125.svg', 'page5-165.svg']",4.0,A crescent moon facing right,5.0,8.0,"(19,)",page8-169.svg,True,5.0
P1G014,P1R00999,7,1,page5-84.svg,False,0.5111111111111112,low,single-utterance-unidirectional,P1-103,P1-049,"['page5-153.svg', 'page8-169.svg', 'page3-12.svg', 'page6-71.svg', 'page7-15.svg', 'page6-160.svg', 'page7-20.svg', 'page9-39.svg', 'page5-84.svg', 'page5-66.svg']",9.0,a horse,2.0,13.0,"(31,)",page5-84.svg,True,2.0
P1G014,P1R00813,24,4,page7-15.svg,False,0.5935185185185186,low,single-utterance-unidirectional,P1-049,P1-103,"['page6-71.svg', 'page7-15.svg', 'page8-169.svg', 'page5-66.svg', 'page7-20.svg', 'page9-39.svg', 'page5-153.svg', 'page3-12.svg', 'page6-160.svg', 'page5-84.svg']",6.0,Distant mountains,2.0,12.0,"(22,)",page7-15.svg,True,2.0
P1G005,P1R00045,13,2,page4-180.svg,False,0.6944444444444445,low,single-utterance-unidirectional,P1-036,P1-059,"['page5-139.svg', 'page5-154.svg', 'page7-126.svg', 'page8-246.svg', 'page6-160.svg', 'page7-125.svg', 'page5-85.svg', 'page4-180.svg', 'page1-185.svg', 'page7-177.svg']",5.0,W or butterfly,3.0,14.0,"(29,)",page4-180.svg,True,3.0
P1G007,P1R00365,13,2,page5-84.svg,False,0.5111111111111112,low,single-utterance-unidirectional,P1-067,P1-115,"['page6-71.svg', 'page7-15.svg', 'page8-169.svg', 'page5-66.svg', 'page7-20.svg', 'page9-39.svg', 'page5-153.svg', 'page3-12.svg', 'page6-160.svg', 'page5-84.svg']",10.0,the bird looking down,4.0,17.0,"(23,)",page5-84.svg,True,4.0
P1G034,P1R01311,19,3,page3-33.svg,True,0.6111111111111112,low,single-utterance-unidirectional,P1-084,P1-065,"['page6-155.svg', 'page7-113.svg', 'page2-34.svg', 'page7-115.svg', 'page7-44.svg', 'page3-33.svg', 'page6-52.svg', 'page5-121.svg', 'page6-175.svg', 'page5-63.svg']",9.0,There are three mountain peaks with a flag on top,10.0,20.0,"(26,)",page3-33.svg,True,10.0
P1G001,P1R01646,27,4,page7-107.svg,False,0.9935185185185184,high,single-utterance-unidirectional,P1-053,P1-007,"['page2-36.svg', 'page4-197.svg', 'page1-150.svg', 'page3-33.svg', 'page5-153.svg', 'page6-124.svg', 'page7-107.svg', 'page5-40.svg', 'page8-58.svg', 'page5-45.svg']",3.0,Flaming letter D again,4.0,8.0,"(10,)",page7-107.svg,True,4.0
P1G049,P1R01129,1,0,page7-125.svg,False,0.9935185185185184,high,single-utterance-unidirectional,P1-047,P1-110,"['page6-122.svg', 'page9-40.svg', 'page7-226.svg', 'page7-125.svg', 'page8-246.svg', 'page6-160.svg', 'page7-145.svg', 'page5-101.svg', 'page8-183.svg', 'page8-21.svg']",14.0,One that looked like a pillar,6.0,23.0,"(36,)",page9-40.svg,False,6.0
P1G025,P1R00461,0,0,page1-117.svg,False,1.0,high,single-utterance-unidirectional,P1-112,P1-056,"['page8-247.svg', 'page6-206.svg', 'page1-117.svg', 'page2-140.svg', 'page1-30.svg', 'page9-39.svg', 'page1-185.svg', 'page3-33.svg', 'page6-228.svg', 'page7-81.svg']",16.0,look like a cotton reel with a larger top,9.0,28.0,"(36,)",page1-117.svg,True,9.0
P1G003,P1R01313,12,2,page7-126.svg,False,0.6666666666666667,low,single-utterance-unidirectional,P1-057,P1-031,"['page3-61.svg', 'page7-202.svg', 'page4-190.svg', 'page2-16.svg', 'page7-126.svg', 'page7-166.svg', 'page1-95.svg', 'page5-96.svg', 'page5-153.svg', 'page7-127.svg']",3.0,looks like a bird facing left with the 1 foot,10.0,13.0,"(28,)",page7-126.svg,True,10.0
P1G028,P1R01358,12,2,page6-206.svg,False,0.7333333333333333,low,single-utterance-unidirectional,P1-069,P1-027,"['page1-77.svg', 'page8-183.svg', 'page6-206.svg', 'page6-121.svg', 'page6-135.svg', 'page7-79.svg', 'page1-133.svg', 'page4-5.svg', 'page7-202.svg', 'page7-20.svg']",6.0,Triangle cut out,3.0,14.0,"(19,)",page6-206.svg,True,3.0
P1G040,P1R01043,0,0,page6-23.svg,False,0.7776190476190477,low,single-utterance-unidirectional,P1-083,P1-092,"['page5-65.svg', 'page7-29.svg', 'page7-73.svg', 'page6-23.svg', 'page5-40.svg', 'page1-77.svg', 'page4-190.svg', 'page3-70.svg', 'page3-12.svg', 'page3-33.svg']",15.0,Diamond head man standing on one leg,7.0,27.0,"(37,)",page6-23.svg,True,7.0
P1G008,P1R01193,8,1,page1-48.svg,False,1.0,high,single-utterance-unidirectional,P1-116,P1-074,"['page1-48.svg', 'page1-133.svg', 'page9-40.svg', 'page8-38.svg', 'page7-44.svg', 'page-F.svg', 'page5-45.svg', 'page4-195.svg', 'page6-206.svg', 'page7-55.svg']",8.0,traingle,1.0,13.0,"(18,)",page1-48.svg,True,1.0
P1G032,P1R01356,22,3,page6-206.svg,False,0.7333333333333333,low,single-utterance-unidirectional,P1-022,P1-118,"['page7-202.svg', 'page8-183.svg', 'page7-79.svg', 'page6-121.svg', 'page1-133.svg', 'page6-206.svg', 'page7-20.svg', 'page6-135.svg', 'page1-77.svg', 'page4-5.svg']",9.0,A big face,3.0,18.0,"(25,)",page6-206.svg,True,3.0
P1G038,P1R01585,20,3,page4-232.svg,False,1.0,high,single-utterance-unidirectional,P1-035,P1-085,"['page5-165.svg', 'page8-159.svg', 'page5-45.svg', 'page4-232.svg', 'page9-40.svg', 'page7-127.svg', 'page7-157.svg', 'page8-234.svg', 'page3-70.svg', 'page8-58.svg']",4.0,Christmas tree,2.0,11.0,"(22,)",page4-232.svg,True,2.0
P1G052,P1R00026,1,0,page6-160.svg,True,0.5592592592592593,low,single-utterance-unidirectional,P1-107,P1-108,"['page5-153.svg', 'page8-169.svg', 'page3-12.svg', 'page6-71.svg', 'page7-15.svg', 'page6-160.svg', 'page7-20.svg', 'page9-39.svg', 'page5-84.svg', 'page5-66.svg']",12.0,like a fish mouth open right side,7.0,19.0,,,,7.0
P1G052,P1R01087,22,3,page7-15.svg,False,0.5935185185185186,low,single-utterance-unidirectional,P1-107,P1-108,"['page5-153.svg', 'page8-169.svg', 'page3-12.svg', 'page6-71.svg', 'page7-15.svg', 'page6-160.svg', 'page7-20.svg', 'page9-39.svg', 'page5-84.svg', 'page5-66.svg']",,,,,,,,
P1G058,P1R00631,0,0,page4-11.svg,False,0.738888888888889,low,single-utterance-unidirectional,P1-071,P1-054,"['page1-77.svg', 'page6-219.svg', 'page2-36.svg', 'page1-95.svg', 'page1-34.svg', 'page5-26.svg', 'page4-11.svg', 'page5-85.svg', 'page9-40.svg', 'page2-133.svg']",37.0,,,,,,,
P1G056,P1R00336,29,4,page3-66.svg,False,1.0,high,single-utterance-unidirectional,P1-018,P1-005,"['page7-22.svg', 'page3-66.svg', 'page5-232.svg', 'page7-225.svg', 'page8-248.svg', 'page4-142.svg', 'page7-157.svg', 'page8-21.svg', 'page5-45.svg', 'page5-85.svg']",4.0,Rectangle with handle,3.0,11.0,"(23,)",page3-66.svg,True,3.0
P1G029,P1R00932,3,0,page7-41.svg,False,0.7555555555555555,low,single-utterance-unidirectional,P1-052,P1-094,"['page8-156.svg', 'page8-192.svg', 'page6-162.svg', 'page7-53.svg', 'page7-145.svg', 'page7-177.svg', 'page7-226.svg', 'page-F.svg', 'page7-41.svg', 'page7-36.svg']",7.0,A boat with a house typed shape.,16.0,31.0,"(47,)",page7-177.svg,False,7.0
P1G024,P1R00489,1,0,page6-204.svg,False,1.0,high,single-utterance-unidirectional,P1-089,P1-026,"['page5-154.svg', 'page8-56.svg', 'page3-70.svg', 'page7-216.svg', 'page7-115.svg', 'page5-26.svg', 'page6-204.svg', 'page7-55.svg', 'page5-86.svg', 'page7-166.svg']",12.0,Looks like a chimmey,4.0,23.0,"(39,)",page7-216.svg,False,4.0
P1G020,P1R01247,0,0,page7-186.svg,False,1.0,high,single-utterance-unidirectional,P1-101,P1-051,"['page7-186.svg', 'page7-36.svg', 'page1-133.svg', 'page1-186.svg', 'page7-126.svg', 'page6-186.svg', 'page2-165.svg', 'page6-52.svg', 'page2-136.svg', 'page6-219.svg']",18.0,looks like an upside down rocket,6.0,27.0,,,,6.0
P1G040,P1R01320,29,4,page3-12.svg,False,1.0,high,single-utterance-unidirectional,P1-083,P1-092,"['page5-65.svg', 'page7-29.svg', 'page7-73.svg', 'page6-23.svg', 'page5-40.svg', 'page1-77.svg', 'page4-190.svg', 'page3-70.svg', 'page3-12.svg', 'page3-33.svg']",10.0,arrow down rectangle,3.0,19.0,"(38,)",page3-12.svg,True,3.0
P1G043,P1R00377,18,3,page7-145.svg,False,0.7666666666666666,low,single-utterance-unidirectional,P1-066,P1-075,"['page6-162.svg', 'page7-226.svg', 'page7-177.svg', 'page8-156.svg', 'page7-53.svg', 'page7-41.svg', 'page7-36.svg', 'page-F.svg', 'page7-145.svg', 'page8-192.svg']",10.0,duck swimming to the right,5.0,11.0,"(14,)",page7-145.svg,True,5.0
P1G029,P1R01424,7,1,page7-41.svg,False,0.7555555555555555,low,single-utterance-unidirectional,P1-094,P1-052,"['page6-162.svg', 'page7-226.svg', 'page7-177.svg', 'page8-156.svg', 'page7-53.svg', 'page7-41.svg', 'page7-36.svg', 'page-F.svg', 'page7-145.svg', 'page8-192.svg']",7.0,"house boat, arrow pointing up",5.0,22.0,"(36,)",page7-41.svg,True,5.0
P1G042,P1R01230,2,0,page6-162.svg,False,1.0,high,single-utterance-unidirectional,P1-039,P1-023,"['page7-127.svg', 'page5-84.svg', 'page3-201.svg', 'page5-56.svg', 'page6-1.svg', 'page6-162.svg', 'page8-182.svg', 'page7-125.svg', 'page5-139.svg', 'page8-206.svg']",10.0,An arrow pointing downwards,4.0,19.0,"(27,)",page6-162.svg,True,4.0
P1G050,P1R01297,2,0,page6-206.svg,True,0.7333333333333333,low,single-utterance-unidirectional,P1-017,P1-090,"['page1-117.svg', 'page6-206.svg', 'page1-30.svg', 'page7-81.svg', 'page9-39.svg', 'page8-247.svg', 'page2-140.svg', 'page6-228.svg', 'page1-185.svg', 'page3-33.svg']",14.0,it looks like a B,5.0,22.0,"(29,)",page6-206.svg,True,5.0
P1G040,P1R00138,4,0,page3-70.svg,False,1.0,high,single-utterance-unidirectional,P1-083,P1-092,"['page5-65.svg', 'page7-29.svg', 'page7-73.svg', 'page6-23.svg', 'page5-40.svg', 'page1-77.svg', 'page4-190.svg', 'page3-70.svg', 'page3-12.svg', 'page3-33.svg']",10.0,looks like a sofa a rectangle with a raised left side,11.0,34.0,"(50,)",page3-70.svg,True,11.0
P1G044,P1R01345,17,2,page7-125.svg,False,0.9935185185185184,high,single-utterance-unidirectional,P1-078,P1-068,"['page6-122.svg', 'page9-40.svg', 'page7-226.svg', 'page7-125.svg', 'page8-246.svg', 'page6-160.svg', 'page7-145.svg', 'page5-101.svg', 'page8-183.svg', 'page8-21.svg']",8.0,tall column with jagged edge at the top,8.0,17.0,"(25,)",page7-125.svg,True,8.0
P1G039,P1R01672,20,3,page7-53.svg,False,0.7333333333333332,low,single-utterance-unidirectional,P1-062,P1-120,"['page6-226.svg', 'page5-96.svg', 'page6-206.svg', 'page7-53.svg', 'page6-71.svg', 'page7-73.svg', 'page8-159.svg', 'page5-128.svg', 'page8-58.svg', 'page1-150.svg']",8.0,low bridge with cut out triangles,6.0,22.0,"(32,)",page7-53.svg,True,6.0
P1G026,P1R00359,3,0,page1-133.svg,False,0.5444444444444445,low,single-utterance-unidirectional,P1-011,P1-091,"['page7-44.svg', 'page7-55.svg', 'page6-206.svg', 'page1-48.svg', 'page8-38.svg', 'page5-45.svg', 'page9-40.svg', 'page1-133.svg', 'page-F.svg', 'page4-195.svg']",15.0,,,,,,,
P1G031,P1R01231,16,2,page7-177.svg,False,1.0,high,single-utterance-unidirectional,P1-008,P1-079,"['page5-139.svg', 'page5-154.svg', 'page7-126.svg', 'page8-246.svg', 'page6-160.svg', 'page7-125.svg', 'page5-85.svg', 'page4-180.svg', 'page1-185.svg', 'page7-177.svg']",14.0,the one with a magnet,5.0,19.0,"(23,)",page7-177.svg,True,5.0
P1G040,P1R00829,5,0,page7-73.svg,False,0.6,low,single-utterance-unidirectional,P1-083,P1-092,"['page5-65.svg', 'page7-29.svg', 'page7-73.svg', 'page6-23.svg', 'page5-40.svg', 'page1-77.svg', 'page4-190.svg', 'page3-70.svg', 'page3-12.svg', 'page3-33.svg']",9.0,looks like a whale hexagon with a tail,8.0,30.0,"(39,)",page7-73.svg,True,8.0
P1G018,P1R00423,14,2,page4-241.svg,False,0.995,high,single-utterance-unidirectional,P1-093,P1-010,"['page6-171.svg', 'page4-241.svg', 'page5-102.svg', 'page2-133.svg', 'page1-95.svg', 'page6-219.svg', 'page7-216.svg', 'page2-86.svg', 'page8-21.svg', 'page4-180.svg']",,,,,,,,
P1G048,P1R00196,25,4,page6-109.svg,False,1.0,high,single-utterance-unidirectional,P1-016,P1-097,"['page6-245.svg', 'page6-107.svg', 'page4-142.svg', 'page7-177.svg', 'page8-18.svg', 'page5-80.svg', 'page7-217.svg', 'page5-155.svg', 'page2-131.svg', 'page6-109.svg']",15.0,trapezoid with triangles on the right side,7.0,25.0,"(43,)",page6-109.svg,True,7.0
P1G007,P1R00537,28,4,page5-66.svg,True,1.0,high,single-utterance-unidirectional,P1-115,P1-067,"['page5-153.svg', 'page8-169.svg', 'page3-12.svg', 'page6-71.svg', 'page7-15.svg', 'page6-160.svg', 'page7-20.svg', 'page9-39.svg', 'page5-84.svg', 'page5-66.svg']",5.0,We haven't had this one yet. It looks like a chicken looking to the right with triangle head,18.0,23.0,"(41,)",page6-160.svg,False,18.0
P1G053,P1R01666,8,1,page1-117.svg,False,1.0,high,single-utterance-unidirectional,P1-064,P1-061,"['page1-117.svg', 'page6-206.svg', 'page1-30.svg', 'page7-81.svg', 'page9-39.svg', 'page8-247.svg', 'page2-140.svg', 'page6-228.svg', 'page1-185.svg', 'page3-33.svg']",15.0,a chess piece,3.0,21.0,"(36,)",page1-117.svg,True,3.0
P1G006,P1R00867,10,1,page5-96.svg,True,0.5444444444444445,low,single-utterance-unidirectional,P1-073,P1-077,"['page6-226.svg', 'page5-96.svg', 'page6-206.svg', 'page7-53.svg', 'page6-71.svg', 'page7-73.svg', 'page8-159.svg', 'page5-128.svg', 'page8-58.svg', 'page1-150.svg']",6.0,A cat or fox,4.0,11.0,"(24,)",page5-96.svg,True,4.0
P1G051,P1R01612,0,0,page2-34.svg,False,0.7611111111111111,low,single-utterance-unidirectional,P1-042,P1-006,"['page5-121.svg', 'page3-33.svg', 'page6-52.svg', 'page7-44.svg', 'page5-63.svg', 'page2-34.svg', 'page6-155.svg', 'page7-115.svg', 'page6-175.svg', 'page7-113.svg']",19.0,,,,,,,
P1G013,P1R00506,20,3,page8-169.svg,False,1.0,high,single-utterance-unidirectional,P1-109,P1-034,"['page5-153.svg', 'page8-169.svg', 'page3-12.svg', 'page6-71.svg', 'page7-15.svg', 'page6-160.svg', 'page7-20.svg', 'page9-39.svg', 'page5-84.svg', 'page5-66.svg']",13.0,Letter C,2.0,15.0,"(22,)",page8-169.svg,True,2.0
P1G029,P1R00905,4,0,page7-36.svg,False,1.0,high,single-utterance-unidirectional,P1-052,P1-094,"['page8-156.svg', 'page8-192.svg', 'page6-162.svg', 'page7-53.svg', 'page7-145.svg', 'page7-177.svg', 'page7-226.svg', 'page-F.svg', 'page7-41.svg', 'page7-36.svg']",18.0,,,,,,,
P1G030,P1R00637,21,3,page7-41.svg,False,0.7555555555555555,low,single-utterance-unidirectional,P1-050,P1-063,"['page6-208.svg', 'page3-33.svg', 'page7-107.svg', 'page2-20.svg', 'page8-169.svg', 'page8-38.svg', 'page7-41.svg', 'page5-86.svg', 'page7-125.svg', 'page5-165.svg']",12.0,house on a boat,4.0,13.0,"(23,)",page7-41.svg,True,4.0
P1G017,P1R01084,2,0,page7-166.svg,False,1.0,high,single-utterance-unidirectional,P1-070,P1-048,"['page5-154.svg', 'page8-56.svg', 'page3-70.svg', 'page7-216.svg', 'page7-115.svg', 'page5-26.svg', 'page6-204.svg', 'page7-55.svg', 'page5-86.svg', 'page7-166.svg']",6.0,graduation hat with and arrow pointing up,7.0,20.0,"(30,)",page7-166.svg,True,7.0
P1G054,P1R01037,1,0,page3-12.svg,False,1.0,high,single-utterance-unidirectional,P1-106,P1-030,"['page5-65.svg', 'page7-29.svg', 'page7-73.svg', 'page6-23.svg', 'page5-40.svg', 'page1-77.svg', 'page4-190.svg', 'page3-70.svg', 'page3-12.svg', 'page3-33.svg']",5.0,arrow pointing down,3.0,18.0,"(25,)",page3-12.svg,True,3.0
P1G043,P1R01621,15,2,page8-192.svg,True,0.6444444444444446,low,single-utterance-unidirectional,P1-066,P1-075,"['page6-162.svg', 'page7-226.svg', 'page7-177.svg', 'page8-156.svg', 'page7-53.svg', 'page7-41.svg', 'page7-36.svg', 'page-F.svg', 'page7-145.svg', 'page8-192.svg']",4.0,looks like a dog facing the left,7.0,15.0,"(23,)",page8-192.svg,True,7.0
P1G048,P1R01080,3,0,page2-131.svg,False,0.5333333333333334,low,single-utterance-unidirectional,P1-016,P1-097,"['page6-245.svg', 'page6-107.svg', 'page4-142.svg', 'page7-177.svg', 'page8-18.svg', 'page5-80.svg', 'page7-217.svg', 'page5-155.svg', 'page2-131.svg', 'page6-109.svg']",6.0,a post standing up right wight a shape at the top,11.0,20.0,"(28,)",page2-131.svg,True,11.0
P1G045,P1R00519,11,1,page4-96.svg,True,1.0,high,single-utterance-unidirectional,P1-001,P1-095,"['page6-196.svg', 'page4-98.svg', 'page5-80.svg', 'page4-96.svg', 'page6-52.svg', 'page2-85.svg', 'page6-109.svg', 'page5-65.svg', 'page3-33.svg', 'page7-41.svg']",14.0,a postbox with a snake poking out,7.0,25.0,"(41,)",page4-96.svg,True,7.0
P1G001,P1R00316,0,0,page6-124.svg,False,1.0,high,single-utterance-unidirectional,P1-053,P1-007,"['page2-36.svg', 'page4-197.svg', 'page1-150.svg', 'page3-33.svg', 'page5-153.svg', 'page6-124.svg', 'page7-107.svg', 'page5-40.svg', 'page8-58.svg', 'page5-45.svg']",9.0,Stealth bomber pointing downward,4.0,25.0,"(51,)",page6-124.svg,True,4.0
P1G060,P1R00684,13,2,page4-128.svg,False,1.0,high,single-utterance-unidirectional,P1-021,P1-012,"['page5-85.svg', 'page7-225.svg', 'page5-63.svg', 'page3-33.svg', 'page5-84.svg', 'page6-208.svg', 'page5-71.svg', 'page4-128.svg', 'page6-52.svg', 'page4-155.svg']",7.0,Oil can without handle,4.0,11.0,"(23,)",page4-128.svg,True,4.0
P1G042,P1R01348,27,4,page6-162.svg,False,1.0,high,single-utterance-unidirectional,P1-039,P1-023,"['page7-127.svg', 'page5-84.svg', 'page3-201.svg', 'page5-56.svg', 'page6-1.svg', 'page6-162.svg', 'page8-182.svg', 'page7-125.svg', 'page5-139.svg', 'page8-206.svg']",8.0,A downwards arrow,3.0,15.0,"(22,)",page6-162.svg,True,3.0
P1G020,P1R01254,20,3,page7-186.svg,False,1.0,high,single-utterance-unidirectional,P1-051,P1-101,"['page6-52.svg', 'page7-36.svg', 'page6-186.svg', 'page2-136.svg', 'page1-186.svg', 'page2-165.svg', 'page6-219.svg', 'page1-133.svg', 'page7-126.svg', 'page7-186.svg']",12.0,upsidedown rocket,2.0,19.0,"(23,)",page7-186.svg,True,2.0
P1G022,P1R00247,28,4,page4-98.svg,False,0.7222222222222223,low,single-utterance-unidirectional,P1-072,P1-082,"['page6-196.svg', 'page7-41.svg', 'page6-109.svg', 'page5-65.svg', 'page2-85.svg', 'page4-98.svg', 'page4-96.svg', 'page6-52.svg', 'page3-33.svg', 'page5-80.svg']",7.0,candle on a boat,4.0,10.0,"(16,)",page4-98.svg,True,4.0
P1G029,P1R00429,12,2,page8-156.svg,False,1.0,high,single-utterance-unidirectional,P1-052,P1-094,"['page8-156.svg', 'page8-192.svg', 'page6-162.svg', 'page7-53.svg', 'page7-145.svg', 'page7-177.svg', 'page7-226.svg', 'page-F.svg', 'page7-41.svg', 'page7-36.svg']",4.0,K shape,2.0,6.0,"(13,)",page8-156.svg,True,2.0
P1G027,P1R01799,7,1,page7-55.svg,True,0.7333333333333333,low,single-utterance-unidirectional,P1-060,P1-055,"['page7-55.svg', 'page7-202.svg', 'page1-107.svg', 'page6-122.svg', 'page2-140.svg', 'page8-246.svg', 'page1-172.svg', 'page3-201.svg', 'page8-159.svg', 'page4-142.svg']",15.0,snake,1.0,17.0,"(24,)",page7-55.svg,True,1.0
P1G023,P1R00834,2,0,page8-38.svg,False,0.5777777777777778,low,single-utterance-unidirectional,P1-117,P1-003,"['page1-175.svg', 'page7-15.svg', 'page3-52.svg', 'page8-54.svg', 'page4-244.svg', 'page5-36.svg', 'page7-40.svg', 'page8-183.svg', 'page8-38.svg', 'page7-20.svg']",7.0,Sort of like a cat,5.0,10.0,"(21,)",page8-38.svg,True,5.0
P1G022,P1R01470,3,0,page6-52.svg,False,1.0,high,single-utterance-unidirectional,P1-072,P1-082,"['page6-196.svg', 'page7-41.svg', 'page6-109.svg', 'page5-65.svg', 'page2-85.svg', 'page4-98.svg', 'page4-96.svg', 'page6-52.svg', 'page3-33.svg', 'page5-80.svg']",22.0,square left side and right side has a point and a square,12.0,38.0,"(58,)",,,12.0
P1G058,P1R01549,26,4,page5-26.svg,False,0.7518518518518518,low,single-utterance-unidirectional,P1-071,P1-054,"['page1-77.svg', 'page6-219.svg', 'page2-36.svg', 'page1-95.svg', 'page1-34.svg', 'page5-26.svg', 'page4-11.svg', 'page5-85.svg', 'page9-40.svg', 'page2-133.svg']",6.0,Heart with a point in the middle,7.0,15.0,"(24,)",page5-26.svg,True,7.0
P1G036,P1R00151,9,1,page9-39.svg,False,0.7407407407407408,low,single-utterance-unidirectional,P1-114,P1-029,"['page1-117.svg', 'page6-206.svg', 'page1-30.svg', 'page7-81.svg', 'page9-39.svg', 'page8-247.svg', 'page2-140.svg', 'page6-228.svg', 'page1-185.svg', 'page3-33.svg']",11.0,like a pipe,3.0,12.0,"(24,)",page9-39.svg,True,3.0
P1G041,P1R01408,22,3,page2-20.svg,False,1.0,high,single-utterance-unidirectional,P1-113,P1-004,"['page6-208.svg', 'page3-33.svg', 'page7-107.svg', 'page2-20.svg', 'page8-169.svg', 'page8-38.svg', 'page7-41.svg', 'page5-86.svg', 'page7-125.svg', 'page5-165.svg']",4.0,The dragon on top of the hill again.,8.0,9.0,"(12,)",page2-20.svg,True,8.0
P1G032,P1R01590,14,2,page8-183.svg,False,1.0,high,single-utterance-unidirectional,P1-118,P1-022,"['page1-77.svg', 'page8-183.svg', 'page6-206.svg', 'page6-121.svg', 'page6-135.svg', 'page7-79.svg', 'page1-133.svg', 'page4-5.svg', 'page7-202.svg', 'page7-20.svg']",15.0,"Big letter ""P""",3.0,26.0,"(34,)",page8-183.svg,True,3.0
P1G027,P1R01346,25,4,page7-202.svg,False,1.0,high,single-utterance-unidirectional,P1-055,P1-060,"['page1-172.svg', 'page8-246.svg', 'page6-122.svg', 'page7-202.svg', 'page1-107.svg', 'page3-201.svg', 'page8-159.svg', 'page2-140.svg', 'page7-55.svg', 'page4-142.svg']",5.0,egg timer,2.0,7.0,"(13,)",page7-202.svg,True,2.0
P1G055,P1R01101,12,2,page7-113.svg,True,0.7636363636363637,low,single-utterance-unidirectional,P1-100,P1-111,"['page6-155.svg', 'page7-113.svg', 'page2-34.svg', 'page7-115.svg', 'page7-44.svg', 'page3-33.svg', 'page6-52.svg', 'page5-121.svg', 'page6-175.svg', 'page5-63.svg']",7.0,looks like a horse a child would draw,8.0,18.0,"(27,)",page7-113.svg,True,8.0
P1G052,P1R01680,21,3,page3-12.svg,True,1.0,high,single-utterance-unidirectional,P1-107,P1-108,"['page5-153.svg', 'page8-169.svg', 'page3-12.svg', 'page6-71.svg', 'page7-15.svg', 'page6-160.svg', 'page7-20.svg', 'page9-39.svg', 'page5-84.svg', 'page5-66.svg']",,,,,,,,
P1G049,P1R01512,29,4,page6-160.svg,False,0.5592592592592593,low,single-utterance-unidirectional,P1-047,P1-110,"['page6-122.svg', 'page9-40.svg', 'page7-226.svg', 'page7-125.svg', 'page8-246.svg', 'page6-160.svg', 'page7-145.svg', 'page5-101.svg', 'page8-183.svg', 'page8-21.svg']",,,,,,,,
P1G020,P1R01566,29,4,page7-186.svg,False,1.0,high,single-utterance-unidirectional,P1-101,P1-051,"['page7-186.svg', 'page7-36.svg', 'page1-133.svg', 'page1-186.svg', 'page7-126.svg', 'page6-186.svg', 'page2-165.svg', 'page6-52.svg', 'page2-136.svg', 'page6-219.svg']",11.0,upside down rocket,3.0,15.0,,,,3.0
P1G055,P1R00233,11,1,page2-34.svg,False,0.7611111111111111,low,single-utterance-unidirectional,P1-100,P1-111,"['page6-155.svg', 'page7-113.svg', 'page2-34.svg', 'page7-115.svg', 'page7-44.svg', 'page3-33.svg', 'page6-52.svg', 'page5-121.svg', 'page6-175.svg', 'page5-63.svg']",12.0,the one that looks like a Y with the right arm bent over,13.0,29.0,"(54,)",page2-34.svg,True,13.0
P1G006,P1R01596,2,0,page8-58.svg,False,0.7259259259259259,low,single-utterance-unidirectional,P1-077,P1-073,"['page8-58.svg', 'page5-96.svg', 'page8-159.svg', 'page7-53.svg', 'page1-150.svg', 'page6-226.svg', 'page7-73.svg', 'page6-206.svg', 'page5-128.svg', 'page6-71.svg']",16.0,a man walking to the right,6.0,23.0,"(34,)",page8-58.svg,True,6.0
P1G023,P1R00058,10,1,page7-20.svg,False,1.0,high,single-utterance-unidirectional,P1-003,P1-117,"['page7-20.svg', 'page8-54.svg', 'page7-40.svg', 'page1-175.svg', 'page8-38.svg', 'page7-15.svg', 'page8-183.svg', 'page3-52.svg', 'page4-244.svg', 'page5-36.svg']",26.0,shape pointing at the face of the person praying,9.0,43.0,,,,9.0
P1G051,P1R01085,11,1,page2-34.svg,False,0.7611111111111111,low,single-utterance-unidirectional,P1-006,P1-042,"['page6-155.svg', 'page7-113.svg', 'page2-34.svg', 'page7-115.svg', 'page7-44.svg', 'page3-33.svg', 'page6-52.svg', 'page5-121.svg', 'page6-175.svg', 'page5-63.svg']",4.0,A horse with no head and a incredibly short back leg,11.0,20.0,"(41,)",page2-34.svg,True,11.0
P1G041,P1R01431,6,1,page8-169.svg,False,1.0,high,single-utterance-unidirectional,P1-113,P1-004,"['page6-208.svg', 'page3-33.svg', 'page7-107.svg', 'page2-20.svg', 'page8-169.svg', 'page8-38.svg', 'page7-41.svg', 'page5-86.svg', 'page7-125.svg', 'page5-165.svg']",4.0,A letter C,3.0,10.0,"(15,)",page8-169.svg,True,3.0
P1G044,P1R01066,11,1,page7-125.svg,False,0.9935185185185184,high,single-utterance-unidirectional,P1-068,P1-078,"['page8-246.svg', 'page7-125.svg', 'page6-122.svg', 'page7-226.svg', 'page7-145.svg', 'page8-21.svg', 'page5-101.svg', 'page6-160.svg', 'page9-40.svg', 'page8-183.svg']",10.0,a column with one straight edge and a pointed top,10.0,23.0,"(46,)",page7-125.svg,True,10.0
P1G040,P1R01527,2,0,page7-29.svg,False,1.0,high,single-utterance-unidirectional,P1-083,P1-092,"['page5-65.svg', 'page7-29.svg', 'page7-73.svg', 'page6-23.svg', 'page5-40.svg', 'page1-77.svg', 'page4-190.svg', 'page3-70.svg', 'page3-12.svg', 'page3-33.svg']",28.0,looks a bit like an axe,6.0,35.0,"(54,)",page5-65.svg,False,6.0
P1G039,P1R01398,26,4,page1-150.svg,False,1.0,high,single-utterance-unidirectional,P1-120,P1-062,"['page8-58.svg', 'page5-96.svg', 'page8-159.svg', 'page7-53.svg', 'page1-150.svg', 'page6-226.svg', 'page7-73.svg', 'page6-206.svg', 'page5-128.svg', 'page6-71.svg']",12.0,Fountain made up of triangles,5.0,17.0,"(22,)",page1-150.svg,True,5.0
P1G028,P1R01240,4,0,page1-133.svg,False,0.5444444444444445,low,single-utterance-unidirectional,P1-069,P1-027,"['page1-77.svg', 'page8-183.svg', 'page6-206.svg', 'page6-121.svg', 'page6-135.svg', 'page7-79.svg', 'page1-133.svg', 'page4-5.svg', 'page7-202.svg', 'page7-20.svg']",20.0,Coffin shaped one,3.0,28.0,"(41,)",page1-133.svg,True,3.0
P1G019,P1R00899,21,3,page6-167.svg,True,1.0,high,single-utterance-unidirectional,P1-033,P1-020,"['page2-86.svg', 'page7-126.svg', 'page5-101.svg', 'page8-169.svg', 'page3-139.svg', 'page6-166.svg', 'page6-167.svg', 'page4-180.svg', 'page5-165.svg', 'page1-117.svg']",17.0,Large overlapped triangles at the top and bottom. Square in the middle slightly to the right,16.0,36.0,"(49,)",page6-167.svg,True,16.0
P1G020,P1R00695,18,3,page6-52.svg,False,1.0,high,single-utterance-unidirectional,P1-051,P1-101,"['page6-52.svg', 'page7-36.svg', 'page6-186.svg', 'page2-136.svg', 'page1-186.svg', 'page2-165.svg', 'page6-219.svg', 'page1-133.svg', 'page7-126.svg', 'page7-186.svg']",5.0,arrow pointing up and left,5.0,15.0,"(21,)",page6-52.svg,True,5.0
P1G017,P1R00441,10,1,page6-204.svg,False,1.0,high,single-utterance-unidirectional,P1-048,P1-070,"['page5-86.svg', 'page8-56.svg', 'page7-216.svg', 'page7-55.svg', 'page5-154.svg', 'page3-70.svg', 'page6-204.svg', 'page7-166.svg', 'page5-26.svg', 'page7-115.svg']",3.0,chimney,1.0,5.0,"(6,)",page6-204.svg,True,1.0
P1G028,P1R01036,17,2,page6-135.svg,False,1.0,high,single-utterance-unidirectional,P1-069,P1-027,"['page1-77.svg', 'page8-183.svg', 'page6-206.svg', 'page6-121.svg', 'page6-135.svg', 'page7-79.svg', 'page1-133.svg', 'page4-5.svg', 'page7-202.svg', 'page7-20.svg']",4.0,Ears,1.0,6.0,"(15,)",page6-135.svg,True,1.0
P1G026,P1R01477,27,4,page8-38.svg,True,0.5777777777777778,low,single-utterance-unidirectional,P1-091,P1-011,"['page1-48.svg', 'page1-133.svg', 'page9-40.svg', 'page8-38.svg', 'page7-44.svg', 'page-F.svg', 'page5-45.svg', 'page4-195.svg', 'page6-206.svg', 'page7-55.svg']",3.0,cat shape,2.0,4.0,"(11,)",page8-38.svg,True,2.0
P1G022,P1R01744,8,1,page6-109.svg,False,1.0,high,single-utterance-unidirectional,P1-082,P1-072,"['page6-196.svg', 'page4-98.svg', 'page5-80.svg', 'page4-96.svg', 'page6-52.svg', 'page2-85.svg', 'page6-109.svg', 'page5-65.svg', 'page3-33.svg', 'page7-41.svg']",10.0,"zigzag to the right side, left side is like a triangle. the shape has 7 corners",16.0,33.0,"(53,)",page5-65.svg,False,16.0
P1G013,P1R00761,19,3,page5-84.svg,False,0.5111111111111112,low,single-utterance-unidirectional,P1-109,P1-034,"['page5-153.svg', 'page8-169.svg', 'page3-12.svg', 'page6-71.svg', 'page7-15.svg', 'page6-160.svg', 'page7-20.svg', 'page9-39.svg', 'page5-84.svg', 'page5-66.svg']",9.0,An animal with legs,4.0,12.0,"(24,)",page5-84.svg,True,4.0
P1G022,P1R01545,22,3,page4-98.svg,False,0.7222222222222223,low,single-utterance-unidirectional,P1-082,P1-072,"['page6-196.svg', 'page4-98.svg', 'page5-80.svg', 'page4-96.svg', 'page6-52.svg', 'page2-85.svg', 'page6-109.svg', 'page5-65.svg', 'page3-33.svg', 'page7-41.svg']",8.0,candle,1.0,9.0,"(20,)",page4-98.svg,True,1.0
P1G006,P1R00402,8,1,page8-58.svg,False,0.7259259259259259,low,single-utterance-unidirectional,P1-073,P1-077,"['page6-226.svg', 'page5-96.svg', 'page6-206.svg', 'page7-53.svg', 'page6-71.svg', 'page7-73.svg', 'page8-159.svg', 'page5-128.svg', 'page8-58.svg', 'page1-150.svg']",11.0,A man walking to the right,6.0,18.0,"(23,)",page8-58.svg,True,6.0
P1G028,P1R00912,11,1,page7-79.svg,False,0.7777777777777777,low,single-utterance-unidirectional,P1-027,P1-069,"['page7-202.svg', 'page8-183.svg', 'page7-79.svg', 'page6-121.svg', 'page1-133.svg', 'page6-206.svg', 'page7-20.svg', 'page6-135.svg', 'page1-77.svg', 'page4-5.svg']",10.0,right triangle hanging off the bottom right,7.0,26.0,,,,7.0
P1G022,P1R00029,0,0,page7-41.svg,False,0.7555555555555555,low,single-utterance-unidirectional,P1-072,P1-082,"['page6-196.svg', 'page7-41.svg', 'page6-109.svg', 'page5-65.svg', 'page2-85.svg', 'page4-98.svg', 'page4-96.svg', 'page6-52.svg', 'page3-33.svg', 'page5-80.svg']",8.0,house on a boat,4.0,10.0,"(23,)",page7-41.svg,True,4.0
P1G029,P1R01000,13,2,page-F.svg,False,0.6685185185185186,low,single-utterance-unidirectional,P1-052,P1-094,"['page8-156.svg', 'page8-192.svg', 'page6-162.svg', 'page7-53.svg', 'page7-145.svg', 'page7-177.svg', 'page7-226.svg', 'page-F.svg', 'page7-41.svg', 'page7-36.svg']",7.0,sitting person facing left,4.0,13.0,"(25,)",page-F.svg,True,4.0
P1G037,P1R00171,9,1,page6-219.svg,False,1.0,high,single-utterance-unidirectional,P1-002,P1-037,"['page5-102.svg', 'page2-133.svg', 'page4-241.svg', 'page6-171.svg', 'page7-216.svg', 'page2-86.svg', 'page6-219.svg', 'page4-180.svg', 'page1-95.svg', 'page8-21.svg']",11.0,Looks like standing traffic light,5.0,26.0,"(40,)",page7-216.svg,False,5.0
P1G011,P1R01530,20,3,page2-36.svg,True,0.6666666666666667,low,single-utterance-unidirectional,P1-041,P1-088,"['page5-40.svg', 'page7-107.svg', 'page8-58.svg', 'page2-36.svg', 'page6-124.svg', 'page3-33.svg', 'page5-45.svg', 'page4-197.svg', 'page1-150.svg', 'page5-153.svg']",13.0,"small letter ""h"" leaning right at top",7.0,41.0,,,,7.0
P1G021,P1R00484,21,3,page7-202.svg,True,1.0,high,single-utterance-unidirectional,P1-098,P1-096,"['page7-166.svg', 'page1-95.svg', 'page5-153.svg', 'page4-190.svg', 'page7-202.svg', 'page7-126.svg', 'page3-61.svg', 'page2-16.svg', 'page5-96.svg', 'page7-127.svg']",13.0,vase. small triangle with something above it,7.0,28.0,,,,7.0
P1G035,P1R00787,2,0,page7-79.svg,False,0.7777777777777777,low,single-utterance-unidirectional,P1-040,P1-119,"['page1-77.svg', 'page8-183.svg', 'page6-206.svg', 'page6-121.svg', 'page6-135.svg', 'page7-79.svg', 'page1-133.svg', 'page4-5.svg', 'page7-202.svg', 'page7-20.svg']",15.0,tiny triangle on the bottom right.,6.0,36.0,,,,6.0
P1G012,P1R00060,17,2,page2-136.svg,False,1.0,high,single-utterance-unidirectional,P1-076,P1-024,"['page7-186.svg', 'page7-36.svg', 'page1-133.svg', 'page1-186.svg', 'page7-126.svg', 'page6-186.svg', 'page2-165.svg', 'page6-52.svg', 'page2-136.svg', 'page6-219.svg']",8.0,The triangle with a rectangle coming out of it top right,11.0,17.0,,,,11.0
P1G002,P1R01078,27,4,page1-132.svg,True,0.6666666666666667,low,single-utterance-unidirectional,P1-013,P1-081,"['page6-185.svg', 'page6-228.svg', 'page8-234.svg', 'page1-132.svg', 'page7-203.svg', 'page6-52.svg', 'page5-85.svg', 'page7-113.svg', 'page5-63.svg', 'page6-21.svg']",5.0,"narrow pole with symmetrical triangles at top, pointing outwards",9.0,29.0,"(43,)",page1-132.svg,True,9.0
P1G059,P1R01763,21,3,page7-81.svg,True,1.0,high,single-utterance-unidirectional,P1-058,P1-038,"['page1-117.svg', 'page6-206.svg', 'page1-30.svg', 'page7-81.svg', 'page9-39.svg', 'page8-247.svg', 'page2-140.svg', 'page6-228.svg', 'page1-185.svg', 'page3-33.svg']",10.0,fat vee with right cut off,6.0,15.0,"(27,)",page7-81.svg,True,6.0
P1G018,P1R00263,0,0,page6-219.svg,False,1.0,high,single-utterance-unidirectional,P1-093,P1-010,"['page6-171.svg', 'page4-241.svg', 'page5-102.svg', 'page2-133.svg', 'page1-95.svg', 'page6-219.svg', 'page7-216.svg', 'page2-86.svg', 'page8-21.svg', 'page4-180.svg']",9.0,meat cleaver with the handle bent to the right,9.0,22.0,,,,9.0
P1G043,P1R01287,9,1,page7-36.svg,False,1.0,high,single-utterance-unidirectional,P1-066,P1-075,"['page6-162.svg', 'page7-226.svg', 'page7-177.svg', 'page8-156.svg', 'page7-53.svg', 'page7-41.svg', 'page7-36.svg', 'page-F.svg', 'page7-145.svg', 'page8-192.svg']",24.0,staircase with the pillow at the top,7.0,35.0,"(45,)",page7-36.svg,True,7.0
P1G024,P1R00650,7,1,page7-55.svg,False,0.7333333333333333,low,single-utterance-unidirectional,P1-026,P1-089,"['page5-86.svg', 'page8-56.svg', 'page7-216.svg', 'page7-55.svg', 'page5-154.svg', 'page3-70.svg', 'page6-204.svg', 'page7-166.svg', 'page5-26.svg', 'page7-115.svg']",10.0,the one that looks like a swan,7.0,19.0,"(26,)",page7-55.svg,True,7.0
P1G023,P1R00230,9,1,page3-52.svg,False,1.0,high,single-utterance-unidirectional,P1-003,P1-117,"['page7-20.svg', 'page8-54.svg', 'page7-40.svg', 'page1-175.svg', 'page8-38.svg', 'page7-15.svg', 'page8-183.svg', 'page3-52.svg', 'page4-244.svg', 'page5-36.svg']",21.0,upside down Y,3.0,25.0,"(32,)",page3-52.svg,True,3.0
P1G057,P1R00308,3,0,page1-77.svg,True,0.6833333333333333,low,single-utterance-unidirectional,P1-043,P1-087,"['page3-70.svg', 'page3-12.svg', 'page7-29.svg', 'page1-77.svg', 'page6-23.svg', 'page7-73.svg', 'page3-33.svg', 'page5-65.svg', 'page4-190.svg', 'page5-40.svg']",32.0,arrow up and down,4.0,34.0,"(47,)",page1-77.svg,True,4.0
P1G027,P1R00378,0,0,page1-172.svg,False,0.6444444444444445,low,single-utterance-unidirectional,P1-055,P1-060,"['page1-172.svg', 'page8-246.svg', 'page6-122.svg', 'page7-202.svg', 'page1-107.svg', 'page3-201.svg', 'page8-159.svg', 'page2-140.svg', 'page7-55.svg', 'page4-142.svg']",11.0,Looks like a Llama animal,5.0,23.0,"(36,)",page1-172.svg,True,5.0
P1G007,P1R00596,6,1,page6-71.svg,True,1.0,high,single-utterance-unidirectional,P1-115,P1-067,"['page5-153.svg', 'page8-169.svg', 'page3-12.svg', 'page6-71.svg', 'page7-15.svg', 'page6-160.svg', 'page7-20.svg', 'page9-39.svg', 'page5-84.svg', 'page5-66.svg']",5.0,Looks like a bat with a body and two wings on the sides,13.0,15.0,"(27,)",page6-71.svg,True,13.0
P1G032,P1R01040,28,4,page1-133.svg,False,0.5444444444444445,low,single-utterance-unidirectional,P1-118,P1-022,"['page1-77.svg', 'page8-183.svg', 'page6-206.svg', 'page6-121.svg', 'page6-135.svg', 'page7-79.svg', 'page1-133.svg', 'page4-5.svg', 'page7-202.svg', 'page7-20.svg']",15.0,"Side of a barn, biggest picture of them all",9.0,25.0,"(37,)",page1-133.svg,True,9.0
P1G059,P1R01534,25,4,page3-33.svg,False,0.6111111111111112,low,single-utterance-unidirectional,P1-038,P1-058,"['page8-247.svg', 'page6-206.svg', 'page1-117.svg', 'page2-140.svg', 'page1-30.svg', 'page9-39.svg', 'page1-185.svg', 'page3-33.svg', 'page6-228.svg', 'page7-81.svg']",9.0,Three triangles with square on top,6.0,16.0,"(22,)",page3-33.svg,True,6.0
P1G043,P1R00126,19,3,page-F.svg,False,0.6685185185185186,low,single-utterance-unidirectional,P1-066,P1-075,"['page6-162.svg', 'page7-226.svg', 'page7-177.svg', 'page8-156.svg', 'page7-53.svg', 'page7-41.svg', 'page7-36.svg', 'page-F.svg', 'page7-145.svg', 'page8-192.svg']",18.0,person slumped to the left,5.0,19.0,"(23,)",page-F.svg,True,5.0
P1G046,P1R00273,25,4,page8-183.svg,True,1.0,high,single-utterance-unidirectional,P1-045,P1-015,"['page7-20.svg', 'page8-54.svg', 'page7-40.svg', 'page1-175.svg', 'page8-38.svg', 'page7-15.svg', 'page8-183.svg', 'page3-52.svg', 'page4-244.svg', 'page5-36.svg']",6.0,person on knees facing right with something large in hands,10.0,20.0,"(33,)",page8-54.svg,False,10.0
P1G060,P1R01457,8,1,page7-225.svg,True,1.0,high,single-utterance-unidirectional,P1-012,P1-021,"['page5-63.svg', 'page6-208.svg', 'page4-128.svg', 'page5-71.svg', 'page3-33.svg', 'page6-52.svg', 'page5-84.svg', 'page5-85.svg', 'page4-155.svg', 'page7-225.svg']",11.0,top down view of a fish,6.0,16.0,"(28,)",page5-63.svg,False,6.0
P1G046,P1R00883,22,3,page5-36.svg,False,1.0,high,single-utterance-unidirectional,P1-045,P1-015,"['page7-20.svg', 'page8-54.svg', 'page7-40.svg', 'page1-175.svg', 'page8-38.svg', 'page7-15.svg', 'page8-183.svg', 'page3-52.svg', 'page4-244.svg', 'page5-36.svg']",10.0,diamond with cross,3.0,15.0,"(23,)",page5-36.svg,True,3.0
P1G026,P1R00665,24,4,page1-133.svg,False,0.5444444444444445,low,single-utterance-unidirectional,P1-011,P1-091,"['page7-44.svg', 'page7-55.svg', 'page6-206.svg', 'page1-48.svg', 'page8-38.svg', 'page5-45.svg', 'page9-40.svg', 'page1-133.svg', 'page-F.svg', 'page4-195.svg']",3.0,solid house with the tip cut off,7.0,9.0,"(14,)",page1-133.svg,True,7.0
P1G013,P1R00006,3,0,page8-169.svg,False,1.0,high,single-utterance-unidirectional,P1-034,P1-109,"['page6-71.svg', 'page7-15.svg', 'page8-169.svg', 'page5-66.svg', 'page7-20.svg', 'page9-39.svg', 'page5-153.svg', 'page3-12.svg', 'page6-160.svg', 'page5-84.svg']",6.0,The letter C,3.0,11.0,"(22,)",page8-169.svg,True,3.0
P1G008,P1R00799,0,0,page1-48.svg,False,1.0,high,single-utterance-unidirectional,P1-074,P1-116,"['page7-44.svg', 'page7-55.svg', 'page6-206.svg', 'page1-48.svg', 'page8-38.svg', 'page5-45.svg', 'page9-40.svg', 'page1-133.svg', 'page-F.svg', 'page4-195.svg']",26.0,triangle,1.0,31.0,"(37,)",page1-48.svg,True,1.0
P1G005,P1R01232,0,0,page7-177.svg,False,1.0,high,single-utterance-unidirectional,P1-036,P1-059,"['page5-139.svg', 'page5-154.svg', 'page7-126.svg', 'page8-246.svg', 'page6-160.svg', 'page7-125.svg', 'page5-85.svg', 'page4-180.svg', 'page1-185.svg', 'page7-177.svg']",19.0,Looks like a divining rod,5.0,40.0,"(50,)",page7-177.svg,True,5.0
P1G053,P1R00282,17,2,page1-185.svg,True,0.6611111111111112,low,single-utterance-unidirectional,P1-064,P1-061,"['page1-117.svg', 'page6-206.svg', 'page1-30.svg', 'page7-81.svg', 'page9-39.svg', 'page8-247.svg', 'page2-140.svg', 'page6-228.svg', 'page1-185.svg', 'page3-33.svg']",6.0,a 3d diamond,4.0,23.0,"(33,)",page1-185.svg,True,3.0
P1G002,P1R01384,18,3,page7-203.svg,False,0.9925925925925926,high,single-utterance-unidirectional,P1-013,P1-081,"['page6-185.svg', 'page6-228.svg', 'page8-234.svg', 'page1-132.svg', 'page7-203.svg', 'page6-52.svg', 'page5-85.svg', 'page7-113.svg', 'page5-63.svg', 'page6-21.svg']",8.0,arrow pointing into square on triangle,6.0,19.0,"(24,)",page7-203.svg,True,6.0
P1G014,P1R00512,9,1,page7-15.svg,False,0.5935185185185186,low,single-utterance-unidirectional,P1-103,P1-049,"['page5-153.svg', 'page8-169.svg', 'page3-12.svg', 'page6-71.svg', 'page7-15.svg', 'page6-160.svg', 'page7-20.svg', 'page9-39.svg', 'page5-84.svg', 'page5-66.svg']",5.0,mountains,1.0,9.0,"(15,)",page7-15.svg,True,1.0
P1G009,P1R01643,2,0,page5-84.svg,False,0.5111111111111112,low,single-utterance-unidirectional,P1-104,P1-019,"['page5-85.svg', 'page7-225.svg', 'page5-63.svg', 'page3-33.svg', 'page5-84.svg', 'page6-208.svg', 'page5-71.svg', 'page4-128.svg', 'page6-52.svg', 'page4-155.svg']",8.0,"horse shape, triangle head is on top right",8.0,19.0,,,,8.0
P1G045,P1R00187,19,3,page6-52.svg,False,1.0,high,single-utterance-unidirectional,P1-001,P1-095,"['page6-196.svg', 'page4-98.svg', 'page5-80.svg', 'page4-96.svg', 'page6-52.svg', 'page2-85.svg', 'page6-109.svg', 'page5-65.svg', 'page3-33.svg', 'page7-41.svg']",12.0,Weirdest shape,2.0,18.0,"(23,)",page6-52.svg,True,2.0
P1G033,P1R01229,29,4,page3-66.svg,False,1.0,high,single-utterance-unidirectional,P1-099,P1-105,"['page7-22.svg', 'page3-66.svg', 'page5-232.svg', 'page7-225.svg', 'page8-248.svg', 'page4-142.svg', 'page7-157.svg', 'page8-21.svg', 'page5-45.svg', 'page5-85.svg']",7.0,Rectangle with missing part,7.0,19.0,"(23,)",page3-66.svg,True,4.0
P1G021,P1R01758,28,4,page7-126.svg,False,0.6666666666666667,low,single-utterance-unidirectional,P1-096,P1-098,"['page3-61.svg', 'page7-202.svg', 'page4-190.svg', 'page2-16.svg', 'page7-126.svg', 'page7-166.svg', 'page1-95.svg', 'page5-96.svg', 'page5-153.svg', 'page7-127.svg']",3.0,bird facing to the left,5.0,9.0,,,,5.0
P1G017,P1R01609,22,3,page7-166.svg,False,1.0,high,single-utterance-unidirectional,P1-048,P1-070,"['page5-86.svg', 'page8-56.svg', 'page7-216.svg', 'page7-55.svg', 'page5-154.svg', 'page3-70.svg', 'page6-204.svg', 'page7-166.svg', 'page5-26.svg', 'page7-115.svg']",3.0,graduation cap,2.0,6.0,"(7,)",page7-166.svg,True,2.0
P1G004,P1R00719,16,2,page5-26.svg,False,0.7518518518518518,low,single-utterance-unidirectional,P1-009,P1-086,"['page5-40.svg', 'page5-26.svg', 'page7-20.svg', 'page7-125.svg', 'page2-100.svg', 'page4-244.svg', 'page7-126.svg', 'page7-116.svg', 'page8-169.svg', 'page7-202.svg']",7.0,plane flying down,3.0,13.0,"(24,)",page5-26.svg,True,3.0
P1G054,P1R00797,10,1,page3-12.svg,False,1.0,high,single-utterance-unidirectional,P1-030,P1-106,"['page3-70.svg', 'page3-12.svg', 'page7-29.svg', 'page1-77.svg', 'page6-23.svg', 'page7-73.svg', 'page3-33.svg', 'page5-65.svg', 'page4-190.svg', 'page5-40.svg']",7.0,Arrow pointing down,3.0,13.0,"(23,)",page3-12.svg,True,3.0
P1G021,P1R01434,25,4,page5-96.svg,False,0.5444444444444445,low,single-utterance-unidirectional,P1-096,P1-098,"['page3-61.svg', 'page7-202.svg', 'page4-190.svg', 'page2-16.svg', 'page7-126.svg', 'page7-166.svg', 'page1-95.svg', 'page5-96.svg', 'page5-153.svg', 'page7-127.svg']",11.0,fish leaping out the water,5.0,20.0,"(25,)",page5-96.svg,True,5.0
P1G044,P1R01798,29,4,page6-160.svg,False,0.5592592592592593,low,single-utterance-unidirectional,P1-078,P1-068,"['page6-122.svg', 'page9-40.svg', 'page7-226.svg', 'page7-125.svg', 'page8-246.svg', 'page6-160.svg', 'page7-145.svg', 'page5-101.svg', 'page8-183.svg', 'page8-21.svg']",13.0,person laying on side,4.0,16.0,"(24,)",page6-160.svg,True,4.0
P1G043,P1R01076,24,4,page7-36.svg,False,1.0,high,single-utterance-unidirectional,P1-075,P1-066,"['page8-156.svg', 'page8-192.svg', 'page6-162.svg', 'page7-53.svg', 'page7-145.svg', 'page7-177.svg', 'page7-226.svg', 'page-F.svg', 'page7-41.svg', 'page7-36.svg']",4.0,staircase with pillar at top,5.0,12.0,"(19,)",page7-36.svg,True,5.0
P1G054,P1R01181,0,0,page6-23.svg,False,0.7776190476190477,low,single-utterance-unidirectional,P1-106,P1-030,"['page5-65.svg', 'page7-29.svg', 'page7-73.svg', 'page6-23.svg', 'page5-40.svg', 'page1-77.svg', 'page4-190.svg', 'page3-70.svg', 'page3-12.svg', 'page3-33.svg']",8.0,Person walking left,3.0,13.0,"(27,)",page6-23.svg,True,3.0
P1G056,P1R01333,19,3,page5-85.svg,True,0.5166666666666668,low,single-utterance-unidirectional,P1-005,P1-018,"['page5-45.svg', 'page8-21.svg', 'page4-142.svg', 'page5-85.svg', 'page7-22.svg', 'page5-232.svg', 'page7-157.svg', 'page3-66.svg', 'page8-248.svg', 'page7-225.svg']",13.0,a fox with 2 pointy ears,6.0,27.0,"(36,)",page5-85.svg,True,6.0
P1G038,P1R00535,15,2,page5-45.svg,True,1.0,high,single-utterance-unidirectional,P1-035,P1-085,"['page5-165.svg', 'page8-159.svg', 'page5-45.svg', 'page4-232.svg', 'page9-40.svg', 'page7-127.svg', 'page7-157.svg', 'page8-234.svg', 'page3-70.svg', 'page8-58.svg']",15.0,gazebo thing top right,4.0,28.0,"(39,)",page5-45.svg,True,4.0
P1G058,P1R00225,7,1,page2-133.svg,False,1.0,high,single-utterance-unidirectional,P1-054,P1-071,"['page4-11.svg', 'page6-219.svg', 'page1-95.svg', 'page1-77.svg', 'page2-36.svg', 'page1-34.svg', 'page9-40.svg', 'page5-85.svg', 'page5-26.svg', 'page2-133.svg']",13.0,cooker hod,2.0,21.0,"(40,)",page1-95.svg,False,2.0
P1G020,P1R00743,1,0,page2-136.svg,False,1.0,high,single-utterance-unidirectional,P1-101,P1-051,"['page7-186.svg', 'page7-36.svg', 'page1-133.svg', 'page1-186.svg', 'page7-126.svg', 'page6-186.svg', 'page2-165.svg', 'page6-52.svg', 'page2-136.svg', 'page6-219.svg']",23.0,looks like a cement trowel,5.0,33.0,,,,5.0
P1G025,P1R01164,6,1,page2-140.svg,False,1.0,high,single-utterance-unidirectional,P1-056,P1-112,"['page1-117.svg', 'page6-206.svg', 'page1-30.svg', 'page7-81.svg', 'page9-39.svg', 'page8-247.svg', 'page2-140.svg', 'page6-228.svg', 'page1-185.svg', 'page3-33.svg']",4.0,wateer with an arm in the middle,7.0,13.0,"(25,)",page2-140.svg,True,7.0
P1G013,P1R00192,4,0,page5-84.svg,False,0.5111111111111112,low,single-utterance-unidirectional,P1-034,P1-109,"['page6-71.svg', 'page7-15.svg', 'page8-169.svg', 'page5-66.svg', 'page7-20.svg', 'page9-39.svg', 'page5-153.svg', 'page3-12.svg', 'page6-160.svg', 'page5-84.svg']",15.0,A long neck animal with 4 legs,7.0,27.0,"(37,)",page5-84.svg,True,7.0
P1G056,P1R01290,10,1,page8-248.svg,False,0.6851851851851852,low,single-utterance-unidirectional,P1-005,P1-018,"['page5-45.svg', 'page8-21.svg', 'page4-142.svg', 'page5-85.svg', 'page7-22.svg', 'page5-232.svg', 'page7-157.svg', 'page3-66.svg', 'page8-248.svg', 'page7-225.svg']",10.0,like a running horse,4.0,15.0,"(35,)",page8-21.svg,False,4.0
P1G010,P1R00214,17,2,page3-61.svg,False,1.0,high,single-utterance-unidirectional,P1-044,P1-032,"['page3-61.svg', 'page7-202.svg', 'page4-190.svg', 'page2-16.svg', 'page7-126.svg', 'page7-166.svg', 'page1-95.svg', 'page5-96.svg', 'page5-153.svg', 'page7-127.svg']",12.0,"A long snake, with a triangle to the very left and a square to the very right",17.0,30.0,,,,17.0
P1G011,P1R01702,5,0,page3-33.svg,True,0.6111111111111112,low,single-utterance-unidirectional,P1-041,P1-088,"['page5-40.svg', 'page7-107.svg', 'page8-58.svg', 'page2-36.svg', 'page6-124.svg', 'page3-33.svg', 'page5-45.svg', 'page4-197.svg', 'page1-150.svg', 'page5-153.svg']",19.0,,,,,,,
P1G038,P1R01568,17,2,page7-127.svg,False,0.6222222222222222,low,single-utterance-unidirectional,P1-085,P1-035,"['page8-159.svg', 'page8-58.svg', 'page5-165.svg', 'page7-127.svg', 'page7-157.svg', 'page9-40.svg', 'page3-70.svg', 'page4-232.svg', 'page8-234.svg', 'page5-45.svg']",9.0,The flying bird.,3.0,11.0,"(26,)",page7-127.svg,True,3.0
P1G020,P1R00443,16,2,page7-186.svg,False,1.0,high,single-utterance-unidirectional,P1-101,P1-051,"['page7-186.svg', 'page7-36.svg', 'page1-133.svg', 'page1-186.svg', 'page7-126.svg', 'page6-186.svg', 'page2-165.svg', 'page6-52.svg', 'page2-136.svg', 'page6-219.svg']",7.0,upside down rocket,3.0,10.0,"(37,)",page7-186.svg,True,3.0
P1G036,P1R00721,25,4,page3-33.svg,False,0.6111111111111112,low,single-utterance-unidirectional,P1-029,P1-114,"['page8-247.svg', 'page6-206.svg', 'page1-117.svg', 'page2-140.svg', 'page1-30.svg', 'page9-39.svg', 'page1-185.svg', 'page3-33.svg', 'page6-228.svg', 'page7-81.svg']",4.0,3 mountains,2.0,8.0,"(14,)",page3-33.svg,True,2.0
P1G051,P1R00274,10,1,page5-121.svg,False,0.9925925925925926,high,single-utterance-unidirectional,P1-006,P1-042,"['page6-155.svg', 'page7-113.svg', 'page2-34.svg', 'page7-115.svg', 'page7-44.svg', 'page3-33.svg', 'page6-52.svg', 'page5-121.svg', 'page6-175.svg', 'page5-63.svg']",7.0,It looks like a fat lightning bolt - please stop pre picking the images.,14.0,20.0,,,,14.0
P1G035,P1R00880,11,1,page7-79.svg,False,0.7777777777777777,low,single-utterance-unidirectional,P1-119,P1-040,"['page7-202.svg', 'page8-183.svg', 'page7-79.svg', 'page6-121.svg', 'page1-133.svg', 'page6-206.svg', 'page7-20.svg', 'page6-135.svg', 'page1-77.svg', 'page4-5.svg']",6.0,kind of like a w with a triangle at the bottom right,12.0,21.0,"(35,)",page7-79.svg,True,12.0
P1G038,P1R00696,23,3,page5-165.svg,True,0.7777777777777777,low,single-utterance-unidirectional,P1-035,P1-085,"['page5-165.svg', 'page8-159.svg', 'page5-45.svg', 'page4-232.svg', 'page9-40.svg', 'page7-127.svg', 'page7-157.svg', 'page8-234.svg', 'page3-70.svg', 'page8-58.svg']",10.0,Cactus shape,2.0,14.0,"(23,)",page5-165.svg,True,2.0
P1G005,P1R00673,3,0,page4-180.svg,False,0.6944444444444445,low,single-utterance-unidirectional,P1-036,P1-059,"['page5-139.svg', 'page5-154.svg', 'page7-126.svg', 'page8-246.svg', 'page6-160.svg', 'page7-125.svg', 'page5-85.svg', 'page4-180.svg', 'page1-185.svg', 'page7-177.svg']",12.0,Letter W,2.0,20.0,"(30,)",page4-180.svg,True,2.0
P1G047,P1R01688,15,2,page8-21.svg,True,0.5000000000000001,low,single-utterance-unidirectional,P1-102,P1-080,"['page3-70.svg', 'page8-21.svg', 'page5-101.svg', 'page2-165.svg', 'page1-95.svg', 'page8-156.svg', 'page7-40.svg', 'page6-171.svg', 'page3-61.svg', 'page7-29.svg']",5.0,rooster or chicken,3.0,14.0,"(17,)",page8-21.svg,True,3.0
P1G031,P1R01745,15,2,page7-126.svg,False,0.6666666666666667,low,single-utterance-unidirectional,P1-008,P1-079,"['page5-139.svg', 'page5-154.svg', 'page7-126.svg', 'page8-246.svg', 'page6-160.svg', 'page7-125.svg', 'page5-85.svg', 'page4-180.svg', 'page1-185.svg', 'page7-177.svg']",8.0,bird looking left,3.0,16.0,"(19,)",page7-126.svg,True,3.0
P1G043,P1R01315,26,4,page7-145.svg,False,0.7666666666666666,low,single-utterance-unidirectional,P1-075,P1-066,"['page8-156.svg', 'page8-192.svg', 'page6-162.svg', 'page7-53.svg', 'page7-145.svg', 'page7-177.svg', 'page7-226.svg', 'page-F.svg', 'page7-41.svg', 'page7-36.svg']",6.0,the duck,2.0,8.0,"(13,)",page7-145.svg,True,2.0
P1G036,P1R00870,17,2,page1-185.svg,True,0.6611111111111112,low,single-utterance-unidirectional,P1-114,P1-029,"['page1-117.svg', 'page6-206.svg', 'page1-30.svg', 'page7-81.svg', 'page9-39.svg', 'page8-247.svg', 'page2-140.svg', 'page6-228.svg', 'page1-185.svg', 'page3-33.svg']",5.0,like an urn,3.0,7.0,"(17,)",page1-185.svg,True,3.0
P1G004,P1R00949,10,1,page5-26.svg,False,0.7518518518518518,low,single-utterance-unidirectional,P1-086,P1-009,"['page5-26.svg', 'page7-20.svg', 'page7-125.svg', 'page2-100.svg', 'page7-126.svg', 'page8-169.svg', 'page7-202.svg', 'page7-116.svg', 'page5-40.svg', 'page4-244.svg']",9.0,A plane facing down,4.0,16.0,"(23,)",page5-26.svg,True,4.0
P1G014,P1R00241,16,2,page8-169.svg,False,1.0,high,single-utterance-unidirectional,P1-049,P1-103,"['page6-71.svg', 'page7-15.svg', 'page8-169.svg', 'page5-66.svg', 'page7-20.svg', 'page9-39.svg', 'page5-153.svg', 'page3-12.svg', 'page6-160.svg', 'page5-84.svg']",5.0,The letter C,3.0,9.0,"(13,)",page8-169.svg,True,3.0
P1G033,P1R00817,3,0,page7-225.svg,False,1.0,high,single-utterance-unidirectional,P1-099,P1-105,"['page7-22.svg', 'page3-66.svg', 'page5-232.svg', 'page7-225.svg', 'page8-248.svg', 'page4-142.svg', 'page7-157.svg', 'page8-21.svg', 'page5-45.svg', 'page5-85.svg']",10.0,triangle with wavy-ish shape below,5.0,26.0,"(49,)",page7-22.svg,False,5.0
P1G055,P1R00411,1,0,page7-115.svg,False,0.6,low,single-utterance-unidirectional,P1-111,P1-100,"['page5-121.svg', 'page3-33.svg', 'page6-52.svg', 'page7-44.svg', 'page5-63.svg', 'page2-34.svg', 'page6-155.svg', 'page7-115.svg', 'page6-175.svg', 'page7-113.svg']",10.0,"bottom left, looks like a bridge with cat ears",9.0,22.0,"(42,)",page7-115.svg,True,9.0
P1G024,P1R01716,22,3,page7-166.svg,False,1.0,high,single-utterance-unidirectional,P1-026,P1-089,"['page5-86.svg', 'page8-56.svg', 'page7-216.svg', 'page7-55.svg', 'page5-154.svg', 'page3-70.svg', 'page6-204.svg', 'page7-166.svg', 'page5-26.svg', 'page7-115.svg']",6.0,shape balancing on tip of triangle,6.0,14.0,"(25,)",page7-166.svg,True,6.0
P1G010,P1R01676,14,2,page5-96.svg,False,0.5444444444444445,low,single-utterance-unidirectional,P1-044,P1-032,"['page3-61.svg', 'page7-202.svg', 'page4-190.svg', 'page2-16.svg', 'page7-126.svg', 'page7-166.svg', 'page1-95.svg', 'page5-96.svg', 'page5-153.svg', 'page7-127.svg']",4.0,"A fox looking to the left, with two triangular ears.",10.0,21.0,"(41,)",page5-96.svg,True,10.0
P1G049,P1R00433,9,1,page9-40.svg,False,1.0,high,single-utterance-unidirectional,P1-110,P1-047,"['page8-246.svg', 'page7-125.svg', 'page6-122.svg', 'page7-226.svg', 'page7-145.svg', 'page8-21.svg', 'page5-101.svg', 'page6-160.svg', 'page9-40.svg', 'page8-183.svg']",14.0,Pillar with a middle,4.0,19.0,"(24,)",page9-40.svg,True,4.0
P1G026,P1R00926,25,4,page4-195.svg,False,1.0,high,single-utterance-unidirectional,P1-011,P1-091,"['page7-44.svg', 'page7-55.svg', 'page6-206.svg', 'page1-48.svg', 'page8-38.svg', 'page5-45.svg', 'page9-40.svg', 'page1-133.svg', 'page-F.svg', 'page4-195.svg']",11.0,gun,1.0,11.0,"(22,)",page4-195.svg,True,1.0
P1G010,P1R00983,12,2,page7-126.svg,False,0.6666666666666667,low,single-utterance-unidirectional,P1-044,P1-032,"['page3-61.svg', 'page7-202.svg', 'page4-190.svg', 'page2-16.svg', 'page7-126.svg', 'page7-166.svg', 'page1-95.svg', 'page5-96.svg', 'page5-153.svg', 'page7-127.svg']",6.0,"A bird standing on one leg, looking to the left",10.0,17.0,"(48,)",page7-126.svg,True,10.0
P1G014,P1R00847,5,0,page7-15.svg,False,0.5935185185185186,low,single-utterance-unidirectional,P1-049,P1-103,"['page6-71.svg', 'page7-15.svg', 'page8-169.svg', 'page5-66.svg', 'page7-20.svg', 'page9-39.svg', 'page5-153.svg', 'page3-12.svg', 'page6-160.svg', 'page5-84.svg']",7.0,Looks like a far-off mountain range,6.0,26.0,"(34,)",page7-15.svg,True,6.0
P1G020,P1R01393,24,4,page2-136.svg,False,1.0,high,single-utterance-unidirectional,P1-101,P1-051,"['page7-186.svg', 'page7-36.svg', 'page1-133.svg', 'page1-186.svg', 'page7-126.svg', 'page6-186.svg', 'page2-165.svg', 'page6-52.svg', 'page2-136.svg', 'page6-219.svg']",5.0,builders trowel,2.0,9.0,"(43,)",page2-136.svg,True,2.0
P1G055,P1R00890,14,2,page5-63.svg,False,0.9935185185185184,high,single-utterance-unidirectional,P1-111,P1-100,"['page5-121.svg', 'page3-33.svg', 'page6-52.svg', 'page7-44.svg', 'page5-63.svg', 'page2-34.svg', 'page6-155.svg', 'page7-115.svg', 'page6-175.svg', 'page7-113.svg']",5.0,pyramid with spear,3.0,8.0,"(12,)",page5-63.svg,True,3.0
P1G008,P1R00540,6,1,page4-195.svg,False,1.0,high,single-utterance-unidirectional,P1-116,P1-074,"['page1-48.svg', 'page1-133.svg', 'page9-40.svg', 'page8-38.svg', 'page7-44.svg', 'page-F.svg', 'page5-45.svg', 'page4-195.svg', 'page6-206.svg', 'page7-55.svg']",33.0,horizontal bar,2.0,34.0,"(39,)",page4-195.svg,True,2.0
P1G049,P1R00574,28,4,page6-122.svg,False,0.5666666666666667,low,single-utterance-unidirectional,P1-047,P1-110,"['page6-122.svg', 'page9-40.svg', 'page7-226.svg', 'page7-125.svg', 'page8-246.svg', 'page6-160.svg', 'page7-145.svg', 'page5-101.svg', 'page8-183.svg', 'page8-21.svg']",,,,,,,,
P1G033,P1R00570,10,1,page8-248.svg,False,0.6851851851851852,low,single-utterance-unidirectional,P1-105,P1-099,"['page5-45.svg', 'page8-21.svg', 'page4-142.svg', 'page5-85.svg', 'page7-22.svg', 'page5-232.svg', 'page7-157.svg', 'page3-66.svg', 'page8-248.svg', 'page7-225.svg']",20.0,Horse shape,2.0,29.0,"(33,)",page8-248.svg,True,2.0
P1G041,P1R01083,4,0,page7-125.svg,False,0.9935185185185184,high,single-utterance-unidirectional,P1-004,P1-113,"['page6-208.svg', 'page5-165.svg', 'page7-41.svg', 'page8-169.svg', 'page8-38.svg', 'page5-86.svg', 'page7-125.svg', 'page2-20.svg', 'page3-33.svg', 'page7-107.svg']",3.0,"A sharp cliff wall, in profile",6.0,13.0,"(20,)",page7-125.svg,True,6.0
P1G043,P1R00961,14,2,page7-145.svg,False,0.7666666666666666,low,single-utterance-unidirectional,P1-075,P1-066,"['page8-156.svg', 'page8-192.svg', 'page6-162.svg', 'page7-53.svg', 'page7-145.svg', 'page7-177.svg', 'page7-226.svg', 'page-F.svg', 'page7-41.svg', 'page7-36.svg']",10.0,the duck,2.0,14.0,"(23,)",page7-145.svg,True,2.0
P1G011,P1R01024,15,2,page7-107.svg,False,0.9935185185185184,high,single-utterance-unidirectional,P1-088,P1-041,"['page2-36.svg', 'page4-197.svg', 'page1-150.svg', 'page3-33.svg', 'page5-153.svg', 'page6-124.svg', 'page7-107.svg', 'page5-40.svg', 'page8-58.svg', 'page5-45.svg']",7.0,white diamond in the middle,5.0,21.0,"(46,)",page7-107.svg,True,5.0
P1G008,P1R00331,1,0,page4-195.svg,False,1.0,high,single-utterance-unidirectional,P1-074,P1-116,"['page7-44.svg', 'page7-55.svg', 'page6-206.svg', 'page1-48.svg', 'page8-38.svg', 'page5-45.svg', 'page9-40.svg', 'page1-133.svg', 'page-F.svg', 'page4-195.svg']",43.0,ladder,1.0,43.0,"(51,)",page4-195.svg,True,1.0
P1G001,P1R01635,22,3,page7-107.svg,False,0.9935185185185184,high,single-utterance-unidirectional,P1-007,P1-053,"['page5-40.svg', 'page7-107.svg', 'page8-58.svg', 'page2-36.svg', 'page6-124.svg', 'page3-33.svg', 'page5-45.svg', 'page4-197.svg', 'page1-150.svg', 'page5-153.svg']",3.0,flaming letter D,3.0,10.0,"(12,)",page7-107.svg,True,3.0
P1G010,P1R00935,10,1,page5-153.svg,False,0.6425925925925926,low,single-utterance-unidirectional,P1-032,P1-044,"['page7-166.svg', 'page1-95.svg', 'page5-153.svg', 'page4-190.svg', 'page7-202.svg', 'page7-126.svg', 'page3-61.svg', 'page2-16.svg', 'page5-96.svg', 'page7-127.svg']",13.0,a boat without a sail,5.0,25.0,"(35,)",page1-95.svg,False,5.0
P1G022,P1R00153,27,4,page5-80.svg,True,0.5555555555555556,low,single-utterance-unidirectional,P1-082,P1-072,"['page6-196.svg', 'page4-98.svg', 'page5-80.svg', 'page4-96.svg', 'page6-52.svg', 'page2-85.svg', 'page6-109.svg', 'page5-65.svg', 'page3-33.svg', 'page7-41.svg']",11.0,looks like a cat. two triangles sticking up towards the left side,12.0,33.0,"(45,)",page5-80.svg,True,12.0
P1G056,P1R00328,22,3,page3-66.svg,False,1.0,high,single-utterance-unidirectional,P1-005,P1-018,"['page5-45.svg', 'page8-21.svg', 'page4-142.svg', 'page5-85.svg', 'page7-22.svg', 'page5-232.svg', 'page7-157.svg', 'page3-66.svg', 'page8-248.svg', 'page7-225.svg']",17.0,a long rectangle with a little piece sticking out the right,11.0,37.0,"(48,)",page3-66.svg,True,11.0
P1G011,P1R01374,13,2,page6-124.svg,False,1.0,high,single-utterance-unidirectional,P1-088,P1-041,"['page2-36.svg', 'page4-197.svg', 'page1-150.svg', 'page3-33.svg', 'page5-153.svg', 'page6-124.svg', 'page7-107.svg', 'page5-40.svg', 'page8-58.svg', 'page5-45.svg']",12.0,white rectangle in the middle,5.0,36.0,"(43,)",page6-124.svg,True,5.0
P1G052,P1R01148,18,3,page9-39.svg,False,0.7407407407407408,low,single-utterance-unidirectional,P1-107,P1-108,"['page5-153.svg', 'page8-169.svg', 'page3-12.svg', 'page6-71.svg', 'page7-15.svg', 'page6-160.svg', 'page7-20.svg', 'page9-39.svg', 'page5-84.svg', 'page5-66.svg']",,,,,,,,
P1G030,P1R01049,8,1,page5-165.svg,True,0.7777777777777777,low,single-utterance-unidirectional,P1-050,P1-063,"['page6-208.svg', 'page3-33.svg', 'page7-107.svg', 'page2-20.svg', 'page8-169.svg', 'page8-38.svg', 'page7-41.svg', 'page5-86.svg', 'page7-125.svg', 'page5-165.svg']",6.0,"A jewel or rupee in a fancy stand, almost symmetrical, but a little askew",14.0,20.0,"(44,)",page5-165.svg,True,14.0
P1G041,P1R01154,23,3,page7-107.svg,True,0.9935185185185184,high,single-utterance-unidirectional,P1-113,P1-004,"['page6-208.svg', 'page3-33.svg', 'page7-107.svg', 'page2-20.svg', 'page8-169.svg', 'page8-38.svg', 'page7-41.svg', 'page5-86.svg', 'page7-125.svg', 'page5-165.svg']",9.0,A new one top row last shape. A bird head facing left??,12.0,29.0,"(33,)",page7-107.svg,True,12.0
P1G016,P1R01766,16,2,page5-85.svg,False,0.5166666666666668,low,single-utterance-unidirectional,P1-014,P1-046,"['page5-85.svg', 'page7-225.svg', 'page5-63.svg', 'page3-33.svg', 'page5-84.svg', 'page6-208.svg', 'page5-71.svg', 'page4-128.svg', 'page6-52.svg', 'page4-155.svg']",7.0,fox,14.0,25.0,"(45,)",page5-85.svg,True,1.0
P1G038,P1R01298,8,1,page7-127.svg,False,0.6222222222222222,low,single-utterance-unidirectional,P1-035,P1-085,"['page5-165.svg', 'page8-159.svg', 'page5-45.svg', 'page4-232.svg', 'page9-40.svg', 'page7-127.svg', 'page7-157.svg', 'page8-234.svg', 'page3-70.svg', 'page8-58.svg']",10.0,Flying bird,2.0,17.0,"(22,)",page7-127.svg,True,2.0
P1G054,P1R00903,6,1,page7-29.svg,False,1.0,high,single-utterance-unidirectional,P1-030,P1-106,"['page3-70.svg', 'page3-12.svg', 'page7-29.svg', 'page1-77.svg', 'page6-23.svg', 'page7-73.svg', 'page3-33.svg', 'page5-65.svg', 'page4-190.svg', 'page5-40.svg']",12.0,Pointy shape with lots of angles pointing toward 7/8pm on a clock,12.0,33.0,"(51,)",page7-29.svg,True,12.0
P1G008,P1R00622,16,2,page5-45.svg,True,1.0,high,single-utterance-unidirectional,P1-116,P1-074,"['page1-48.svg', 'page1-133.svg', 'page9-40.svg', 'page8-38.svg', 'page7-44.svg', 'page-F.svg', 'page5-45.svg', 'page4-195.svg', 'page6-206.svg', 'page7-55.svg']",7.0,house door,2.0,18.0,"(25,)",page5-45.svg,True,2.0
P1G016,P1R00939,25,4,page4-128.svg,False,1.0,high,single-utterance-unidirectional,P1-014,P1-046,"['page5-85.svg', 'page7-225.svg', 'page5-63.svg', 'page3-33.svg', 'page5-84.svg', 'page6-208.svg', 'page5-71.svg', 'page4-128.svg', 'page6-52.svg', 'page4-155.svg']",7.0,Thermos,1.0,8.0,"(13,)",page4-128.svg,True,1.0
P1G027,P1R00018,12,2,page3-201.svg,False,0.5548148148148148,low,single-utterance-unidirectional,P1-055,P1-060,"['page1-172.svg', 'page8-246.svg', 'page6-122.svg', 'page7-202.svg', 'page1-107.svg', 'page3-201.svg', 'page8-159.svg', 'page2-140.svg', 'page7-55.svg', 'page4-142.svg']",4.0,robot,1.0,5.0,"(14,)",page3-201.svg,True,1.0
P1G037,P1R01234,8,1,page2-86.svg,False,0.7777777777777777,low,single-utterance-unidirectional,P1-002,P1-037,"['page5-102.svg', 'page2-133.svg', 'page4-241.svg', 'page6-171.svg', 'page7-216.svg', 'page2-86.svg', 'page6-219.svg', 'page4-180.svg', 'page1-95.svg', 'page8-21.svg']",15.0,Looks like dog with two heads,6.0,31.0,"(47,)",page2-86.svg,True,6.0
P1G017,P1R01709,19,3,page7-115.svg,False,0.6,low,single-utterance-unidirectional,P1-048,P1-070,"['page5-86.svg', 'page8-56.svg', 'page7-216.svg', 'page7-55.svg', 'page5-154.svg', 'page3-70.svg', 'page6-204.svg', 'page7-166.svg', 'page5-26.svg', 'page7-115.svg']",3.0,M,1.0,4.0,"(7,)",page7-115.svg,True,1.0
P1G003,P1R01293,24,4,page3-61.svg,False,1.0,high,single-utterance-unidirectional,P1-057,P1-031,"['page3-61.svg', 'page7-202.svg', 'page4-190.svg', 'page2-16.svg', 'page7-126.svg', 'page7-166.svg', 'page1-95.svg', 'page5-96.svg', 'page5-153.svg', 'page7-127.svg']",3.0,"the man doing the crab, lay down",7.0,9.0,"(13,)",page3-61.svg,True,7.0
P1G026,P1R01713,21,3,page1-133.svg,False,0.5444444444444445,low,single-utterance-unidirectional,P1-091,P1-011,"['page1-48.svg', 'page1-133.svg', 'page9-40.svg', 'page8-38.svg', 'page7-44.svg', 'page-F.svg', 'page5-45.svg', 'page4-195.svg', 'page6-206.svg', 'page7-55.svg']",4.0,"house without the tip, solid",5.0,8.0,"(14,)",page1-133.svg,True,5.0
P1G003,P1R01665,10,1,page5-153.svg,False,0.6425925925925926,low,single-utterance-unidirectional,P1-031,P1-057,"['page7-166.svg', 'page1-95.svg', 'page5-153.svg', 'page4-190.svg', 'page7-202.svg', 'page7-126.svg', 'page3-61.svg', 'page2-16.svg', 'page5-96.svg', 'page7-127.svg']",18.0,IT LOOKS LIKE A CRAB RAISING TWO CLAWS,8.0,23.0,"(42,)",page5-153.svg,True,8.0
P1G045,P1R00790,24,4,page3-33.svg,False,0.6111111111111112,low,single-utterance-unidirectional,P1-095,P1-001,"['page6-196.svg', 'page7-41.svg', 'page6-109.svg', 'page5-65.svg', 'page2-85.svg', 'page4-98.svg', 'page4-96.svg', 'page6-52.svg', 'page3-33.svg', 'page5-80.svg']",4.0,mountain bookmark,2.0,10.0,"(18,)",page3-33.svg,True,2.0
P1G044,P1R00009,19,3,page7-125.svg,False,0.9935185185185184,high,single-utterance-unidirectional,P1-068,P1-078,"['page8-246.svg', 'page7-125.svg', 'page6-122.svg', 'page7-226.svg', 'page7-145.svg', 'page8-21.svg', 'page5-101.svg', 'page6-160.svg', 'page9-40.svg', 'page8-183.svg']",8.0,column with one straight edge and jagged top & bottom,10.0,18.0,"(24,)",page7-125.svg,True,10.0
P1G037,P1R01712,14,2,page4-241.svg,False,0.995,high,single-utterance-unidirectional,P1-037,P1-002,"['page6-171.svg', 'page4-241.svg', 'page5-102.svg', 'page2-133.svg', 'page1-95.svg', 'page6-219.svg', 'page7-216.svg', 'page2-86.svg', 'page8-21.svg', 'page4-180.svg']",18.0,Top row middle image bird with wings,7.0,38.0,"(49,)",page4-180.svg,False,7.0
P1G024,P1R00277,6,1,page5-86.svg,True,0.4833333333333334,low,single-utterance-unidirectional,P1-026,P1-089,"['page5-86.svg', 'page8-56.svg', 'page7-216.svg', 'page7-55.svg', 'page5-154.svg', 'page3-70.svg', 'page6-204.svg', 'page7-166.svg', 'page5-26.svg', 'page7-115.svg']",3.0,looks like a horse,4.0,6.0,"(13,)",page5-86.svg,True,4.0
P1G036,P1R01481,2,0,page6-206.svg,True,0.7333333333333333,low,single-utterance-unidirectional,P1-114,P1-029,"['page1-117.svg', 'page6-206.svg', 'page1-30.svg', 'page7-81.svg', 'page9-39.svg', 'page8-247.svg', 'page2-140.svg', 'page6-228.svg', 'page1-185.svg', 'page3-33.svg']",6.0,two squares with a triangle cut out the middle,9.0,15.0,"(33,)",page6-206.svg,True,9.0
P1G038,P1R00367,29,4,page8-58.svg,True,0.7259259259259259,low,single-utterance-unidirectional,P1-035,P1-085,"['page5-165.svg', 'page8-159.svg', 'page5-45.svg', 'page4-232.svg', 'page9-40.svg', 'page7-127.svg', 'page7-157.svg', 'page8-234.svg', 'page3-70.svg', 'page8-58.svg']",14.0,spikey walking rectangle,3.0,21.0,"(26,)",page8-58.svg,True,3.0
P1G052,P1R01028,24,4,page7-15.svg,False,0.5935185185185186,low,single-utterance-unidirectional,P1-108,P1-107,"['page6-71.svg', 'page7-15.svg', 'page8-169.svg', 'page5-66.svg', 'page7-20.svg', 'page9-39.svg', 'page5-153.svg', 'page3-12.svg', 'page6-160.svg', 'page5-84.svg']",,,,,,,,
P1G044,P1R01307,14,2,page8-183.svg,True,1.0,high,single-utterance-unidirectional,P1-068,P1-078,"['page8-246.svg', 'page7-125.svg', 'page6-122.svg', 'page7-226.svg', 'page7-145.svg', 'page8-21.svg', 'page5-101.svg', 'page6-160.svg', 'page9-40.svg', 'page8-183.svg']",7.0,the letter P,3.0,10.0,"(20,)",page8-183.svg,True,3.0
P1G026,P1R01373,19,3,page1-48.svg,False,1.0,high,single-utterance-unidirectional,P1-091,P1-011,"['page1-48.svg', 'page1-133.svg', 'page9-40.svg', 'page8-38.svg', 'page7-44.svg', 'page-F.svg', 'page5-45.svg', 'page4-195.svg', 'page6-206.svg', 'page7-55.svg']",4.0,teepee,1.0,4.0,"(15,)",page1-48.svg,True,1.0
P1G016,P1R01578,4,0,page4-128.svg,False,1.0,high,single-utterance-unidirectional,P1-014,P1-046,"['page5-85.svg', 'page7-225.svg', 'page5-63.svg', 'page3-33.svg', 'page5-84.svg', 'page6-208.svg', 'page5-71.svg', 'page4-128.svg', 'page6-52.svg', 'page4-155.svg']",8.0,Thermos flask with handle on the left,7.0,13.0,"(21,)",page4-128.svg,True,7.0
P1G039,P1R00280,5,0,page1-150.svg,False,1.0,high,single-utterance-unidirectional,P1-120,P1-062,"['page8-58.svg', 'page5-96.svg', 'page8-159.svg', 'page7-53.svg', 'page1-150.svg', 'page6-226.svg', 'page7-73.svg', 'page6-206.svg', 'page5-128.svg', 'page6-71.svg']",4.0,Looks like a water fountain with triangles stacked,8.0,17.0,"(30,)",page1-150.svg,True,8.0
P1G028,P1R01168,1,0,page8-183.svg,False,1.0,high,single-utterance-unidirectional,P1-069,P1-027,"['page1-77.svg', 'page8-183.svg', 'page6-206.svg', 'page6-121.svg', 'page6-135.svg', 'page7-79.svg', 'page1-133.svg', 'page4-5.svg', 'page7-202.svg', 'page7-20.svg']",6.0,The one that looks like the letter P,8.0,21.0,,,,8.0
P1G028,P1R01711,24,4,page7-202.svg,True,1.0,high,single-utterance-unidirectional,P1-027,P1-069,"['page7-202.svg', 'page8-183.svg', 'page7-79.svg', 'page6-121.svg', 'page1-133.svg', 'page6-206.svg', 'page7-20.svg', 'page6-135.svg', 'page1-77.svg', 'page4-5.svg']",9.0,looks like half of a house key with a triangle hanging off the bottom'\,14.0,25.0,,,,14.0
P1G024,P1R00360,10,1,page6-204.svg,False,1.0,high,single-utterance-unidirectional,P1-026,P1-089,"['page5-86.svg', 'page8-56.svg', 'page7-216.svg', 'page7-55.svg', 'page5-154.svg', 'page3-70.svg', 'page6-204.svg', 'page7-166.svg', 'page5-26.svg', 'page7-115.svg']",11.0,looks like a chimney,4.0,18.0,"(25,)",page6-204.svg,True,4.0
P1G006,P1R00190,5,0,page1-150.svg,False,1.0,high,single-utterance-unidirectional,P1-077,P1-073,"['page8-58.svg', 'page5-96.svg', 'page8-159.svg', 'page7-53.svg', 'page1-150.svg', 'page6-226.svg', 'page7-73.svg', 'page6-206.svg', 'page5-128.svg', 'page6-71.svg']",8.0,a water fountain or vase,5.0,20.0,"(23,)",page1-150.svg,True,5.0
P1G016,P1R01756,10,1,page5-71.svg,False,0.3833333333333333,low,single-utterance-unidirectional,P1-046,P1-014,"['page5-63.svg', 'page6-208.svg', 'page4-128.svg', 'page5-71.svg', 'page3-33.svg', 'page6-52.svg', 'page5-84.svg', 'page5-85.svg', 'page4-155.svg', 'page7-225.svg']",5.0,bird in flight,3.0,11.0,"(49,)",page5-71.svg,True,3.0
P1G002,P1R01767,13,2,page6-21.svg,False,1.0,high,single-utterance-unidirectional,P1-081,P1-013,"['page8-234.svg', 'page1-132.svg', 'page5-85.svg', 'page6-21.svg', 'page6-185.svg', 'page6-52.svg', 'page5-63.svg', 'page7-113.svg', 'page6-228.svg', 'page7-203.svg']",7.0,"Big block on left, triangle on right and bottom",9.0,18.0,"(28,)",page6-21.svg,True,9.0
P1G019,P1R01547,6,1,page3-139.svg,False,0.9935185185185184,high,single-utterance-unidirectional,P1-033,P1-020,"['page2-86.svg', 'page7-126.svg', 'page5-101.svg', 'page8-169.svg', 'page3-139.svg', 'page6-166.svg', 'page6-167.svg', 'page4-180.svg', 'page5-165.svg', 'page1-117.svg']",5.0,Like a man with outstretched arms. Square head. Point feet,10.0,17.0,"(34,)",page3-139.svg,True,10.0
P1G023,P1R00276,0,0,page7-20.svg,False,1.0,high,single-utterance-unidirectional,P1-117,P1-003,"['page1-175.svg', 'page7-15.svg', 'page3-52.svg', 'page8-54.svg', 'page4-244.svg', 'page5-36.svg', 'page7-40.svg', 'page8-183.svg', 'page8-38.svg', 'page7-20.svg']",15.0,A single shape pointing to the right,7.0,30.0,,,,7.0
P1G011,P1R01003,11,1,page8-58.svg,False,0.7259259259259259,low,single-utterance-unidirectional,P1-041,P1-088,"['page5-40.svg', 'page7-107.svg', 'page8-58.svg', 'page2-36.svg', 'page6-124.svg', 'page3-33.svg', 'page5-45.svg', 'page4-197.svg', 'page1-150.svg', 'page5-153.svg']",8.0,man walking right,3.0,15.0,"(23,)",page8-58.svg,True,3.0
P1G013,P1R00064,5,0,page7-15.svg,False,0.5935185185185186,low,single-utterance-unidirectional,P1-034,P1-109,"['page6-71.svg', 'page7-15.svg', 'page8-169.svg', 'page5-66.svg', 'page7-20.svg', 'page9-39.svg', 'page5-153.svg', 'page3-12.svg', 'page6-160.svg', 'page5-84.svg']",28.0,Flat line with four bumps,5.0,35.0,"(43,)",page7-15.svg,True,5.0
P1G034,P1R00015,1,0,page7-115.svg,False,0.6,low,single-utterance-unidirectional,P1-065,P1-084,"['page5-121.svg', 'page3-33.svg', 'page6-52.svg', 'page7-44.svg', 'page5-63.svg', 'page2-34.svg', 'page6-155.svg', 'page7-115.svg', 'page6-175.svg', 'page7-113.svg']",19.0,,,,,,,
P1G016,P1R00262,21,3,page4-128.svg,False,1.0,high,single-utterance-unidirectional,P1-046,P1-014,"['page5-63.svg', 'page6-208.svg', 'page4-128.svg', 'page5-71.svg', 'page3-33.svg', 'page6-52.svg', 'page5-84.svg', 'page5-85.svg', 'page4-155.svg', 'page7-225.svg']",,,,,,,,
P1G053,P1R00972,7,1,page3-33.svg,False,0.6111111111111112,low,single-utterance-unidirectional,P1-064,P1-061,"['page1-117.svg', 'page6-206.svg', 'page1-30.svg', 'page7-81.svg', 'page9-39.svg', 'page8-247.svg', 'page2-140.svg', 'page6-228.svg', 'page1-185.svg', 'page3-33.svg']",13.0,three mountains with an A on top,7.0,23.0,"(34,)",page3-33.svg,True,7.0
P1G002,P1R00186,20,3,page8-234.svg,False,0.0,low,single-utterance-unidirectional,P1-013,P1-081,"['page6-185.svg', 'page6-228.svg', 'page8-234.svg', 'page1-132.svg', 'page7-203.svg', 'page6-52.svg', 'page5-85.svg', 'page7-113.svg', 'page5-63.svg', 'page6-21.svg']",7.0,dog facing left,3.0,14.0,"(26,)",page8-234.svg,True,3.0
P1G015,P1R00329,12,2,page1-48.svg,False,1.0,high,single-utterance-unidirectional,P1-028,P1-025,"['page7-44.svg', 'page7-55.svg', 'page6-206.svg', 'page1-48.svg', 'page8-38.svg', 'page5-45.svg', 'page9-40.svg', 'page1-133.svg', 'page-F.svg', 'page4-195.svg']",4.0,A tent,2.0,5.0,"(15,)",page1-48.svg,True,2.0
P1G014,P1R00902,26,4,page5-84.svg,False,0.5111111111111112,low,single-utterance-unidirectional,P1-049,P1-103,"['page6-71.svg', 'page7-15.svg', 'page8-169.svg', 'page5-66.svg', 'page7-20.svg', 'page9-39.svg', 'page5-153.svg', 'page3-12.svg', 'page6-160.svg', 'page5-84.svg']",15.0,Dog-horse,1.0,19.0,"(23,)",page5-84.svg,True,1.0
P1G058,P1R00240,18,3,page4-11.svg,False,0.738888888888889,low,single-utterance-unidirectional,P1-054,P1-071,"['page4-11.svg', 'page6-219.svg', 'page1-95.svg', 'page1-77.svg', 'page2-36.svg', 'page1-34.svg', 'page9-40.svg', 'page5-85.svg', 'page5-26.svg', 'page2-133.svg']",12.0,large bottom block on the right with square at the top,11.0,33.0,,,,11.0
P1G010,P1R00410,13,2,page2-16.svg,True,0.6722222222222223,low,single-utterance-unidirectional,P1-032,P1-044,"['page7-166.svg', 'page1-95.svg', 'page5-153.svg', 'page4-190.svg', 'page7-202.svg', 'page7-126.svg', 'page3-61.svg', 'page2-16.svg', 'page5-96.svg', 'page7-127.svg']",4.0,a robot with triangles for ears and a cube on its head,12.0,15.0,"(32,)",page2-16.svg,True,12.0
P1G039,P1R00991,0,0,page6-71.svg,False,1.0,high,single-utterance-unidirectional,P1-120,P1-062,"['page8-58.svg', 'page5-96.svg', 'page8-159.svg', 'page7-53.svg', 'page1-150.svg', 'page6-226.svg', 'page7-73.svg', 'page6-206.svg', 'page5-128.svg', 'page6-71.svg']",10.0,Looks like batman with wings,5.0,19.0,"(24,)",page6-71.svg,True,5.0
P1G017,P1R00576,3,0,page7-115.svg,False,0.6,low,single-utterance-unidirectional,P1-070,P1-048,"['page5-154.svg', 'page8-56.svg', 'page3-70.svg', 'page7-216.svg', 'page7-115.svg', 'page5-26.svg', 'page6-204.svg', 'page7-55.svg', 'page5-86.svg', 'page7-166.svg']",5.0,letter M,2.0,7.0,"(22,)",page7-115.svg,True,2.0
P1G012,P1R00321,3,0,page6-186.svg,False,0.7546296296296297,low,single-utterance-unidirectional,P1-076,P1-024,"['page7-186.svg', 'page7-36.svg', 'page1-133.svg', 'page1-186.svg', 'page7-126.svg', 'page6-186.svg', 'page2-165.svg', 'page6-52.svg', 'page2-136.svg', 'page6-219.svg']",6.0,person walking to the left,5.0,13.0,"(26,)",page6-186.svg,True,5.0
P1G030,P1R01446,13,2,page7-41.svg,False,0.7555555555555555,low,single-utterance-unidirectional,P1-063,P1-050,"['page6-208.svg', 'page5-165.svg', 'page7-41.svg', 'page8-169.svg', 'page8-38.svg', 'page5-86.svg', 'page7-125.svg', 'page2-20.svg', 'page3-33.svg', 'page7-107.svg']",5.0,house on a boat,4.0,9.0,"(12,)",page7-41.svg,True,4.0
P1G029,P1R01208,6,1,page8-156.svg,False,1.0,high,single-utterance-unidirectional,P1-094,P1-052,"['page6-162.svg', 'page7-226.svg', 'page7-177.svg', 'page8-156.svg', 'page7-53.svg', 'page7-41.svg', 'page7-36.svg', 'page-F.svg', 'page7-145.svg', 'page8-192.svg']",8.0,the letter 'K',3.0,14.0,"(20,)",page8-156.svg,True,3.0
P1G004,P1R00664,18,3,page7-202.svg,False,1.0,high,single-utterance-unidirectional,P1-086,P1-009,"['page5-26.svg', 'page7-20.svg', 'page7-125.svg', 'page2-100.svg', 'page7-126.svg', 'page8-169.svg', 'page7-202.svg', 'page7-116.svg', 'page5-40.svg', 'page4-244.svg']",5.0,Candlestick holder,2.0,10.0,"(21,)",page7-202.svg,True,2.0
P1G005,P1R00552,5,0,page1-185.svg,False,0.6611111111111112,low,single-utterance-unidirectional,P1-036,P1-059,"['page5-139.svg', 'page5-154.svg', 'page7-126.svg', 'page8-246.svg', 'page6-160.svg', 'page7-125.svg', 'page5-85.svg', 'page4-180.svg', 'page1-185.svg', 'page7-177.svg']",6.0,a chalice or cup,4.0,17.0,"(27,)",page1-185.svg,True,4.0
P1G037,P1R01411,24,4,page6-219.svg,False,1.0,high,single-utterance-unidirectional,P1-037,P1-002,"['page6-171.svg', 'page4-241.svg', 'page5-102.svg', 'page2-133.svg', 'page1-95.svg', 'page6-219.svg', 'page7-216.svg', 'page2-86.svg', 'page8-21.svg', 'page4-180.svg']",,,,,,,,
P1G055,P1R00776,17,2,page2-34.svg,False,0.7611111111111111,low,single-utterance-unidirectional,P1-111,P1-100,"['page5-121.svg', 'page3-33.svg', 'page6-52.svg', 'page7-44.svg', 'page5-63.svg', 'page2-34.svg', 'page6-155.svg', 'page7-115.svg', 'page6-175.svg', 'page7-113.svg']",10.0,a Y with the right arm bent over,8.0,18.0,"(24,)",page2-34.svg,True,8.0
P1G028,P1R01488,5,0,page6-206.svg,False,0.7333333333333333,low,single-utterance-unidirectional,P1-069,P1-027,"['page1-77.svg', 'page8-183.svg', 'page6-206.svg', 'page6-121.svg', 'page6-135.svg', 'page7-79.svg', 'page1-133.svg', 'page4-5.svg', 'page7-202.svg', 'page7-20.svg']",19.0,One that looks like a triangle has been cut out of it,12.0,40.0,"(49,)",page6-206.svg,True,12.0
P1G034,P1R00613,11,1,page2-34.svg,False,0.7611111111111111,low,single-utterance-unidirectional,P1-084,P1-065,"['page6-155.svg', 'page7-113.svg', 'page2-34.svg', 'page7-115.svg', 'page7-44.svg', 'page3-33.svg', 'page6-52.svg', 'page5-121.svg', 'page6-175.svg', 'page5-63.svg']",10.0,It is facing left and is headless with a long neck and boxy legs,14.0,27.0,"(53,)",page2-34.svg,True,14.0
P1G050,P1R00436,11,1,page8-247.svg,True,0.6333333333333334,low,single-utterance-unidirectional,P1-017,P1-090,"['page1-117.svg', 'page6-206.svg', 'page1-30.svg', 'page7-81.svg', 'page9-39.svg', 'page8-247.svg', 'page2-140.svg', 'page6-228.svg', 'page1-185.svg', 'page3-33.svg']",7.0,it looks like a horse facing the left,8.0,24.0,"(35,)",page8-247.svg,True,8.0
P1G059,P1R00191,12,2,page2-140.svg,False,1.0,high,single-utterance-unidirectional,P1-038,P1-058,"['page8-247.svg', 'page6-206.svg', 'page1-117.svg', 'page2-140.svg', 'page1-30.svg', 'page9-39.svg', 'page1-185.svg', 'page3-33.svg', 'page6-228.svg', 'page7-81.svg']",5.0,Canoe with rectangle and square on right,7.0,15.0,"(26,)",page2-140.svg,True,7.0
P1G055,P1R00974,16,2,page5-121.svg,False,0.9925925925925926,high,single-utterance-unidirectional,P1-111,P1-100,"['page5-121.svg', 'page3-33.svg', 'page6-52.svg', 'page7-44.svg', 'page5-63.svg', 'page2-34.svg', 'page6-155.svg', 'page7-115.svg', 'page6-175.svg', 'page7-113.svg']",5.0,ninja star,2.0,8.0,"(12,)",page5-121.svg,True,2.0
P1G015,P1R00416,22,3,page6-206.svg,False,0.7333333333333333,low,single-utterance-unidirectional,P1-025,P1-028,"['page1-48.svg', 'page1-133.svg', 'page9-40.svg', 'page8-38.svg', 'page7-44.svg', 'page-F.svg', 'page5-45.svg', 'page4-195.svg', 'page6-206.svg', 'page7-55.svg']",6.0,easter island,2.0,8.0,"(12,)",page6-206.svg,True,2.0
P1G016,P1R00701,1,0,page6-208.svg,True,1.0,high,single-utterance-unidirectional,P1-046,P1-014,"['page5-63.svg', 'page6-208.svg', 'page4-128.svg', 'page5-71.svg', 'page3-33.svg', 'page6-52.svg', 'page5-84.svg', 'page5-85.svg', 'page4-155.svg', 'page7-225.svg']",14.0,small boat sailing to the right,6.0,26.0,,,,6.0
P1G057,P1R01598,23,3,page7-29.svg,False,1.0,high,single-utterance-unidirectional,P1-043,P1-087,"['page3-70.svg', 'page3-12.svg', 'page7-29.svg', 'page1-77.svg', 'page6-23.svg', 'page7-73.svg', 'page3-33.svg', 'page5-65.svg', 'page4-190.svg', 'page5-40.svg']",7.0,jagged edges facing the left,5.0,20.0,"(23,)",page7-29.svg,True,5.0
P1G011,P1R01526,26,4,page5-40.svg,True,0.7527777777777778,low,single-utterance-unidirectional,P1-041,P1-088,"['page5-40.svg', 'page7-107.svg', 'page8-58.svg', 'page2-36.svg', 'page6-124.svg', 'page3-33.svg', 'page5-45.svg', 'page4-197.svg', 'page1-150.svg', 'page5-153.svg']",9.0,"3 stacked shapes, small square on top, then larger rectangle",10.0,44.0,"(51,)",page5-40.svg,True,10.0
P1G057,P1R01679,8,1,page6-23.svg,False,0.7776190476190477,low,single-utterance-unidirectional,P1-043,P1-087,"['page3-70.svg', 'page3-12.svg', 'page7-29.svg', 'page1-77.svg', 'page6-23.svg', 'page7-73.svg', 'page3-33.svg', 'page5-65.svg', 'page4-190.svg', 'page5-40.svg']",17.0,person facing the left pushing a wall,7.0,22.0,"(33,)",page6-23.svg,True,7.0
P1G020,P1R00291,13,2,page1-186.svg,False,0.4972222222222222,low,single-utterance-unidirectional,P1-101,P1-051,"['page7-186.svg', 'page7-36.svg', 'page1-133.svg', 'page1-186.svg', 'page7-126.svg', 'page6-186.svg', 'page2-165.svg', 'page6-52.svg', 'page2-136.svg', 'page6-219.svg']",3.0,fireplace,1.0,5.0,"(23,)",page1-186.svg,True,1.0
P1G032,P1R00068,0,0,page6-121.svg,True,1.0,high,single-utterance-unidirectional,P1-022,P1-118,"['page7-202.svg', 'page8-183.svg', 'page7-79.svg', 'page6-121.svg', 'page1-133.svg', 'page6-206.svg', 'page7-20.svg', 'page6-135.svg', 'page1-77.svg', 'page4-5.svg']",6.0,A stick,2.0,8.0,"(31,)",page6-121.svg,True,2.0
P1G025,P1R01572,16,2,page3-33.svg,False,0.6111111111111112,low,single-utterance-unidirectional,P1-112,P1-056,"['page8-247.svg', 'page6-206.svg', 'page1-117.svg', 'page2-140.svg', 'page1-30.svg', 'page9-39.svg', 'page1-185.svg', 'page3-33.svg', 'page6-228.svg', 'page7-81.svg']",14.0,3 little peaks with a block behind,7.0,29.0,"(33,)",page3-33.svg,True,7.0
P1G039,P1R00955,10,1,page5-96.svg,True,0.5444444444444445,low,single-utterance-unidirectional,P1-062,P1-120,"['page6-226.svg', 'page5-96.svg', 'page6-206.svg', 'page7-53.svg', 'page6-71.svg', 'page7-73.svg', 'page8-159.svg', 'page5-128.svg', 'page8-58.svg', 'page1-150.svg']",5.0,"a bird flying left, wings on top and tail to the right",12.0,28.0,"(49,)",page5-96.svg,True,12.0
P1G021,P1R01740,11,1,page3-61.svg,False,1.0,high,single-utterance-unidirectional,P1-098,P1-096,"['page7-166.svg', 'page1-95.svg', 'page5-153.svg', 'page4-190.svg', 'page7-202.svg', 'page7-126.svg', 'page3-61.svg', 'page2-16.svg', 'page5-96.svg', 'page7-127.svg']",12.0,pointed triangle with table next to it,7.0,19.0,,,,7.0
P1G033,P1R00315,20,3,page5-232.svg,False,0.7277777777777779,low,single-utterance-unidirectional,P1-105,P1-099,"['page5-45.svg', 'page8-21.svg', 'page4-142.svg', 'page5-85.svg', 'page7-22.svg', 'page5-232.svg', 'page7-157.svg', 'page3-66.svg', 'page8-248.svg', 'page7-225.svg']",11.0,up arrow,2.0,14.0,"(22,)",page5-232.svg,True,2.0
P1G026,P1R00405,18,3,page-F.svg,False,0.6685185185185186,low,single-utterance-unidirectional,P1-091,P1-011,"['page1-48.svg', 'page1-133.svg', 'page9-40.svg', 'page8-38.svg', 'page7-44.svg', 'page-F.svg', 'page5-45.svg', 'page4-195.svg', 'page6-206.svg', 'page7-55.svg']",4.0,person sitting against a wall,5.0,7.0,"(11,)",page-F.svg,True,5.0
P1G005,P1R00639,12,2,page1-185.svg,False,0.6611111111111112,low,single-utterance-unidirectional,P1-036,P1-059,"['page5-139.svg', 'page5-154.svg', 'page7-126.svg', 'page8-246.svg', 'page6-160.svg', 'page7-125.svg', 'page5-85.svg', 'page4-180.svg', 'page1-185.svg', 'page7-177.svg']",7.0,Chalice or cup,3.0,17.0,"(21,)",page1-185.svg,True,3.0
P1G033,P1R00960,27,4,page8-248.svg,False,0.6851851851851852,low,single-utterance-unidirectional,P1-099,P1-105,"['page7-22.svg', 'page3-66.svg', 'page5-232.svg', 'page7-225.svg', 'page8-248.svg', 'page4-142.svg', 'page7-157.svg', 'page8-21.svg', 'page5-45.svg', 'page5-85.svg']",9.0,Horse,1.0,10.0,"(13,)",page8-248.svg,True,1.0
P1G008,P1R01278,21,3,page1-133.svg,False,0.5444444444444445,low,single-utterance-unidirectional,P1-116,P1-074,"['page1-48.svg', 'page1-133.svg', 'page9-40.svg', 'page8-38.svg', 'page7-44.svg', 'page-F.svg', 'page5-45.svg', 'page4-195.svg', 'page6-206.svg', 'page7-55.svg']",8.0,house,1.0,11.0,"(17,)",page1-133.svg,True,1.0
P1G060,P1R00603,10,1,page5-71.svg,False,0.3833333333333333,low,single-utterance-unidirectional,P1-012,P1-021,"['page5-63.svg', 'page6-208.svg', 'page4-128.svg', 'page5-71.svg', 'page3-33.svg', 'page6-52.svg', 'page5-84.svg', 'page5-85.svg', 'page4-155.svg', 'page7-225.svg']",11.0,bird flying and looking down towards the right,8.0,17.0,"(25,)",page5-71.svg,True,8.0
P1G048,P1R00175,12,2,page6-109.svg,False,1.0,high,single-utterance-unidirectional,P1-016,P1-097,"['page6-245.svg', 'page6-107.svg', 'page4-142.svg', 'page7-177.svg', 'page8-18.svg', 'page5-80.svg', 'page7-217.svg', 'page5-155.svg', 'page2-131.svg', 'page6-109.svg']",10.0,trapezoid with triangles on the right,6.0,17.0,"(35,)",page6-109.svg,True,6.0
P1G047,P1R00871,5,0,page6-171.svg,False,0.4148148148148148,low,single-utterance-unidirectional,P1-080,P1-102,"['page3-70.svg', 'page8-156.svg', 'page7-40.svg', 'page2-165.svg', 'page8-21.svg', 'page6-171.svg', 'page1-95.svg', 'page3-61.svg', 'page7-29.svg', 'page5-101.svg']",5.0,a person walking to the right,6.0,13.0,"(24,)",page6-171.svg,True,6.0
P1G053,P1R01383,6,1,page2-140.svg,False,1.0,high,single-utterance-unidirectional,P1-064,P1-061,"['page1-117.svg', 'page6-206.svg', 'page1-30.svg', 'page7-81.svg', 'page9-39.svg', 'page8-247.svg', 'page2-140.svg', 'page6-228.svg', 'page1-185.svg', 'page3-33.svg']",7.0,a boat with no sails and 2 small triangles at each end,12.0,26.0,"(33,)",page2-140.svg,True,12.0
P1G003,P1R01368,9,1,page1-95.svg,True,1.0,high,single-utterance-unidirectional,P1-031,P1-057,"['page7-166.svg', 'page1-95.svg', 'page5-153.svg', 'page4-190.svg', 'page7-202.svg', 'page7-126.svg', 'page3-61.svg', 'page2-16.svg', 'page5-96.svg', 'page7-127.svg']",20.0,LOOKS LIKE TWO MUSTACHES,4.0,28.0,"(46,)",page1-95.svg,True,4.0
P1G048,P1R01752,15,2,page6-245.svg,True,1.0,high,single-utterance-unidirectional,P1-097,P1-016,"['page4-142.svg', 'page5-80.svg', 'page2-131.svg', 'page5-155.svg', 'page6-245.svg', 'page8-18.svg', 'page7-217.svg', 'page6-107.svg', 'page7-177.svg', 'page6-109.svg']",4.0,"An upside down image of a man in a trench coat and top hat sitting on an invisible bench, top hat in bottom left, feet in top right.",28.0,35.0,"(52,)",page6-245.svg,True,28.0
P1G003,P1R01171,4,0,page4-190.svg,False,1.0,high,single-utterance-unidirectional,P1-057,P1-031,"['page3-61.svg', 'page7-202.svg', 'page4-190.svg', 'page2-16.svg', 'page7-126.svg', 'page7-166.svg', 'page1-95.svg', 'page5-96.svg', 'page5-153.svg', 'page7-127.svg']",11.0,"looks like an animal with 3 spiky hairs, facing right",10.0,22.0,"(33,)",page4-190.svg,True,10.0
P1G028,P1R01007,15,2,page1-133.svg,False,0.5444444444444445,low,single-utterance-unidirectional,P1-069,P1-027,"['page1-77.svg', 'page8-183.svg', 'page6-206.svg', 'page6-121.svg', 'page6-135.svg', 'page7-79.svg', 'page1-133.svg', 'page4-5.svg', 'page7-202.svg', 'page7-20.svg']",4.0,Coffin,1.0,7.0,"(12,)",page1-133.svg,True,1.0
P1G015,P1R00850,0,0,page1-48.svg,False,1.0,high,single-utterance-unidirectional,P1-028,P1-025,"['page7-44.svg', 'page7-55.svg', 'page6-206.svg', 'page1-48.svg', 'page8-38.svg', 'page5-45.svg', 'page9-40.svg', 'page1-133.svg', 'page-F.svg', 'page4-195.svg']",8.0,A tent,2.0,12.0,"(29,)",page1-48.svg,True,2.0
P1G027,P1R00866,16,2,page6-122.svg,False,0.5666666666666667,low,single-utterance-unidirectional,P1-055,P1-060,"['page1-172.svg', 'page8-246.svg', 'page6-122.svg', 'page7-202.svg', 'page1-107.svg', 'page3-201.svg', 'page8-159.svg', 'page2-140.svg', 'page7-55.svg', 'page4-142.svg']",4.0,house with chimney,3.0,8.0,"(15,)",page6-122.svg,True,3.0
P1G007,P1R01264,22,3,page7-15.svg,False,0.5935185185185186,low,single-utterance-unidirectional,P1-115,P1-067,"['page5-153.svg', 'page8-169.svg', 'page3-12.svg', 'page6-71.svg', 'page7-15.svg', 'page6-160.svg', 'page7-20.svg', 'page9-39.svg', 'page5-84.svg', 'page5-66.svg']",6.0,mountains,1.0,8.0,"(13,)",page7-15.svg,True,1.0
P1G031,P1R01430,21,3,page4-180.svg,False,0.6944444444444445,low,single-utterance-unidirectional,P1-079,P1-008,"['page8-246.svg', 'page7-125.svg', 'page6-160.svg', 'page5-85.svg', 'page1-185.svg', 'page5-139.svg', 'page4-180.svg', 'page5-154.svg', 'page7-177.svg', 'page7-126.svg']",3.0,butterfly,1.0,6.0,"(9,)",page4-180.svg,True,1.0
P1G041,P1R01663,2,0,page8-169.svg,False,1.0,high,single-utterance-unidirectional,P1-004,P1-113,"['page6-208.svg', 'page5-165.svg', 'page7-41.svg', 'page8-169.svg', 'page8-38.svg', 'page5-86.svg', 'page7-125.svg', 'page2-20.svg', 'page3-33.svg', 'page7-107.svg']",12.0,A C,2.0,13.0,"(26,)",page8-169.svg,True,2.0
P1G058,P1R00641,15,2,page5-26.svg,False,0.7518518518518518,low,single-utterance-unidirectional,P1-071,P1-054,"['page1-77.svg', 'page6-219.svg', 'page2-36.svg', 'page1-95.svg', 'page1-34.svg', 'page5-26.svg', 'page4-11.svg', 'page5-85.svg', 'page9-40.svg', 'page2-133.svg']",10.0,Love heart with point in the middle,7.0,16.0,"(25,)",page5-26.svg,True,7.0
P1G021,P1R01172,1,0,page5-96.svg,False,0.5444444444444445,low,single-utterance-unidirectional,P1-096,P1-098,"['page3-61.svg', 'page7-202.svg', 'page4-190.svg', 'page2-16.svg', 'page7-126.svg', 'page7-166.svg', 'page1-95.svg', 'page5-96.svg', 'page5-153.svg', 'page7-127.svg']",14.0,a sea creature doing an arabesque,6.0,37.0,"(54,)",page7-126.svg,False,6.0
P1G012,P1R00086,29,4,page7-186.svg,False,1.0,high,single-utterance-unidirectional,P1-076,P1-024,"['page7-186.svg', 'page7-36.svg', 'page1-133.svg', 'page1-186.svg', 'page7-126.svg', 'page6-186.svg', 'page2-165.svg', 'page6-52.svg', 'page2-136.svg', 'page6-219.svg']",4.0,the P shape,3.0,7.0,"(22,)",page7-186.svg,True,3.0
P1G046,P1R01772,20,3,page3-52.svg,False,1.0,high,single-utterance-unidirectional,P1-045,P1-015,"['page7-20.svg', 'page8-54.svg', 'page7-40.svg', 'page1-175.svg', 'page8-38.svg', 'page7-15.svg', 'page8-183.svg', 'page3-52.svg', 'page4-244.svg', 'page5-36.svg']",8.0,stubby person,2.0,14.0,"(23,)",page3-52.svg,True,2.0
P1G012,P1R00514,18,3,page6-52.svg,False,1.0,high,single-utterance-unidirectional,P1-024,P1-076,"['page6-52.svg', 'page7-36.svg', 'page6-186.svg', 'page2-136.svg', 'page1-186.svg', 'page2-165.svg', 'page6-219.svg', 'page1-133.svg', 'page7-126.svg', 'page7-186.svg']",7.0,the one with a square sticking out of the bottom right. triangle above it.,14.0,25.0,"(42,)",page6-52.svg,True,14.0
P1G013,P1R00260,11,1,page7-20.svg,False,1.0,high,single-utterance-unidirectional,P1-109,P1-034,"['page5-153.svg', 'page8-169.svg', 'page3-12.svg', 'page6-71.svg', 'page7-15.svg', 'page6-160.svg', 'page7-20.svg', 'page9-39.svg', 'page5-84.svg', 'page5-66.svg']",10.0,A polygon leaning to the right,6.0,19.0,"(25,)",page7-20.svg,True,6.0
P1G011,P1R01242,12,2,page5-153.svg,False,0.6425925925925926,low,single-utterance-unidirectional,P1-088,P1-041,"['page2-36.svg', 'page4-197.svg', 'page1-150.svg', 'page3-33.svg', 'page5-153.svg', 'page6-124.svg', 'page7-107.svg', 'page5-40.svg', 'page8-58.svg', 'page5-45.svg']",4.0,curved v,2.0,9.0,"(20,)",page5-153.svg,True,2.0
P1G021,P1R00771,8,1,page4-190.svg,False,1.0,high,single-utterance-unidirectional,P1-098,P1-096,"['page7-166.svg', 'page1-95.svg', 'page5-153.svg', 'page4-190.svg', 'page7-202.svg', 'page7-126.svg', 'page3-61.svg', 'page2-16.svg', 'page5-96.svg', 'page7-127.svg']",25.0,grass,1.0,26.0,"(43,)",page4-190.svg,True,1.0
P1G011,P1R01098,9,1,page6-124.svg,False,1.0,high,single-utterance-unidirectional,P1-041,P1-088,"['page5-40.svg', 'page7-107.svg', 'page8-58.svg', 'page2-36.svg', 'page6-124.svg', 'page3-33.svg', 'page5-45.svg', 'page4-197.svg', 'page1-150.svg', 'page5-153.svg']",7.0,white square in middle,4.0,17.0,"(24,)",page6-124.svg,True,4.0
P1G019,P1R00801,18,3,page6-166.svg,False,1.0,high,single-utterance-unidirectional,P1-033,P1-020,"['page2-86.svg', 'page7-126.svg', 'page5-101.svg', 'page8-169.svg', 'page3-139.svg', 'page6-166.svg', 'page6-167.svg', 'page4-180.svg', 'page5-165.svg', 'page1-117.svg']",7.0,Snake rearing up S shape,5.0,11.0,"(23,)",page6-166.svg,True,5.0
P1G023,P1R00406,5,0,page7-40.svg,False,0.7611111111111111,low,single-utterance-unidirectional,P1-117,P1-003,"['page1-175.svg', 'page7-15.svg', 'page3-52.svg', 'page8-54.svg', 'page4-244.svg', 'page5-36.svg', 'page7-40.svg', 'page8-183.svg', 'page8-38.svg', 'page7-20.svg']",22.0,A square with a scorpian tail,6.0,32.0,"(51,)",page7-40.svg,True,6.0
P1G046,P1R00499,19,3,page7-40.svg,False,0.7611111111111111,low,single-utterance-unidirectional,P1-045,P1-015,"['page7-20.svg', 'page8-54.svg', 'page7-40.svg', 'page1-175.svg', 'page8-38.svg', 'page7-15.svg', 'page8-183.svg', 'page3-52.svg', 'page4-244.svg', 'page5-36.svg']",9.0,wave crashing to the right,5.0,16.0,"(23,)",page7-40.svg,True,5.0
P1G032,P1R00703,5,0,page6-206.svg,False,0.7333333333333333,low,single-utterance-unidirectional,P1-118,P1-022,"['page1-77.svg', 'page8-183.svg', 'page6-206.svg', 'page6-121.svg', 'page6-135.svg', 'page7-79.svg', 'page1-133.svg', 'page4-5.svg', 'page7-202.svg', 'page7-20.svg']",17.0,Almost like a big face looking to the right,9.0,20.0,"(30,)",page7-79.svg,False,9.0
P1G051,P1R00137,8,1,page6-52.svg,True,1.0,high,single-utterance-unidirectional,P1-006,P1-042,"['page6-155.svg', 'page7-113.svg', 'page2-34.svg', 'page7-115.svg', 'page7-44.svg', 'page3-33.svg', 'page6-52.svg', 'page5-121.svg', 'page6-175.svg', 'page5-63.svg']",7.0,"Looks like a gun that would be used to prank someone if they were to fire it, it would shoot at them selves. Long straight top",26.0,43.0,,,,26.0
P1G031,P1R01490,13,2,page4-180.svg,False,0.6944444444444445,low,single-utterance-unidirectional,P1-008,P1-079,"['page5-139.svg', 'page5-154.svg', 'page7-126.svg', 'page8-246.svg', 'page6-160.svg', 'page7-125.svg', 'page5-85.svg', 'page4-180.svg', 'page1-185.svg', 'page7-177.svg']",11.0,butterfly,1.0,14.0,"(19,)",page4-180.svg,True,1.0
P1G057,P1R00468,25,4,page6-23.svg,False,0.7776190476190477,low,single-utterance-unidirectional,P1-087,P1-043,"['page5-65.svg', 'page7-29.svg', 'page7-73.svg', 'page6-23.svg', 'page5-40.svg', 'page1-77.svg', 'page4-190.svg', 'page3-70.svg', 'page3-12.svg', 'page3-33.svg']",7.0,man pushing on a wall to the left,8.0,11.0,"(28,)",page6-23.svg,True,8.0
P1G022,P1R01394,23,3,page6-196.svg,True,0.7166666666666666,low,single-utterance-unidirectional,P1-082,P1-072,"['page6-196.svg', 'page4-98.svg', 'page5-80.svg', 'page4-96.svg', 'page6-52.svg', 'page2-85.svg', 'page6-109.svg', 'page5-65.svg', 'page3-33.svg', 'page7-41.svg']",11.0,looks like a person kneeling,5.0,17.0,"(25,)",page6-196.svg,True,5.0
P1G051,P1R00694,6,1,page5-63.svg,False,0.9935185185185184,high,single-utterance-unidirectional,P1-006,P1-042,"['page6-155.svg', 'page7-113.svg', 'page2-34.svg', 'page7-115.svg', 'page7-44.svg', 'page3-33.svg', 'page6-52.svg', 'page5-121.svg', 'page6-175.svg', 'page5-63.svg']",10.0,"It's only two shapes, beings a slanted rectangle, slightly covered by a larger triangle.",14.0,42.0,"(60,)",,,14.0
P1G006,P1R01599,22,3,page1-150.svg,False,1.0,high,single-utterance-unidirectional,P1-073,P1-077,"['page6-226.svg', 'page5-96.svg', 'page6-206.svg', 'page7-53.svg', 'page6-71.svg', 'page7-73.svg', 'page8-159.svg', 'page5-128.svg', 'page8-58.svg', 'page1-150.svg']",6.0,A water fountain,3.0,12.0,"(23,)",page1-150.svg,True,3.0
P1G049,P1R00818,5,0,page8-21.svg,False,0.5000000000000001,low,single-utterance-unidirectional,P1-047,P1-110,"['page6-122.svg', 'page9-40.svg', 'page7-226.svg', 'page7-125.svg', 'page8-246.svg', 'page6-160.svg', 'page7-145.svg', 'page5-101.svg', 'page8-183.svg', 'page8-21.svg']",13.0,One that looked like a hen with legs,8.0,30.0,"(40,)",page7-145.svg,False,8.0
P1G006,P1R00750,18,3,page7-73.svg,True,0.6,low,single-utterance-unidirectional,P1-073,P1-077,"['page6-226.svg', 'page5-96.svg', 'page6-206.svg', 'page7-53.svg', 'page6-71.svg', 'page7-73.svg', 'page8-159.svg', 'page5-128.svg', 'page8-58.svg', 'page1-150.svg']",4.0,A fish or submarine,4.0,11.0,"(18,)",page7-73.svg,True,4.0
P1G060,P1R00471,6,1,page5-85.svg,False,0.5166666666666668,low,single-utterance-unidirectional,P1-012,P1-021,"['page5-63.svg', 'page6-208.svg', 'page4-128.svg', 'page5-71.svg', 'page3-33.svg', 'page6-52.svg', 'page5-84.svg', 'page5-85.svg', 'page4-155.svg', 'page7-225.svg']",3.0,Like a fox (again!),4.0,9.0,"(25,)",page5-85.svg,True,4.0
P1G029,P1R00142,10,1,page-F.svg,False,0.6685185185185186,low,single-utterance-unidirectional,P1-094,P1-052,"['page6-162.svg', 'page7-226.svg', 'page7-177.svg', 'page8-156.svg', 'page7-53.svg', 'page7-41.svg', 'page7-36.svg', 'page-F.svg', 'page7-145.svg', 'page8-192.svg']",10.0,sitting person facing left,4.0,18.0,"(23,)",page-F.svg,True,4.0
P1G005,P1R00287,15,2,page7-126.svg,False,0.6666666666666667,low,single-utterance-unidirectional,P1-036,P1-059,"['page5-139.svg', 'page5-154.svg', 'page7-126.svg', 'page8-246.svg', 'page6-160.svg', 'page7-125.svg', 'page5-85.svg', 'page4-180.svg', 'page1-185.svg', 'page7-177.svg']",7.0,Bird facing left,3.0,17.0,"(29,)",page7-126.svg,True,3.0
P1G003,P1R01647,1,0,page5-96.svg,False,0.5444444444444445,low,single-utterance-unidirectional,P1-057,P1-031,"['page3-61.svg', 'page7-202.svg', 'page4-190.svg', 'page2-16.svg', 'page7-126.svg', 'page7-166.svg', 'page1-95.svg', 'page5-96.svg', 'page5-153.svg', 'page7-127.svg']",9.0,Looks like a cat facing left with a tail sticking up,11.0,27.0,"(36,)",page5-96.svg,True,11.0
P1G014,P1R00615,15,2,page5-153.svg,True,0.6425925925925926,low,single-utterance-unidirectional,P1-103,P1-049,"['page5-153.svg', 'page8-169.svg', 'page3-12.svg', 'page6-71.svg', 'page7-15.svg', 'page6-160.svg', 'page7-20.svg', 'page9-39.svg', 'page5-84.svg', 'page5-66.svg']",4.0,a squashed u shape,4.0,13.0,"(26,)",page5-153.svg,True,4.0
P1G013,P1R01779,12,2,page7-20.svg,False,1.0,high,single-utterance-unidirectional,P1-034,P1-109,"['page6-71.svg', 'page7-15.svg', 'page8-169.svg', 'page5-66.svg', 'page7-20.svg', 'page9-39.svg', 'page5-153.svg', 'page3-12.svg', 'page6-160.svg', 'page5-84.svg']",5.0,A polygon leaning to the right,6.0,11.0,"(15,)",page7-20.svg,True,6.0
P1G014,P1R01135,21,3,page3-12.svg,True,1.0,high,single-utterance-unidirectional,P1-103,P1-049,"['page5-153.svg', 'page8-169.svg', 'page3-12.svg', 'page6-71.svg', 'page7-15.svg', 'page6-160.svg', 'page7-20.svg', 'page9-39.svg', 'page5-84.svg', 'page5-66.svg']",12.0,down arrow,2.0,16.0,"(24,)",page3-12.svg,True,2.0
P1G023,P1R00975,28,4,page8-38.svg,False,0.5777777777777778,low,single-utterance-unidirectional,P1-117,P1-003,"['page1-175.svg', 'page7-15.svg', 'page3-52.svg', 'page8-54.svg', 'page4-244.svg', 'page5-36.svg', 'page7-40.svg', 'page8-183.svg', 'page8-38.svg', 'page7-20.svg']",7.0,cat,1.0,8.0,"(14,)",page8-38.svg,True,1.0
P1G027,P1R00330,22,3,page6-122.svg,False,0.5666666666666667,low,single-utterance-unidirectional,P1-060,P1-055,"['page7-55.svg', 'page7-202.svg', 'page1-107.svg', 'page6-122.svg', 'page2-140.svg', 'page8-246.svg', 'page1-172.svg', 'page3-201.svg', 'page8-159.svg', 'page4-142.svg']",4.0,house,1.0,7.0,"(12,)",page6-122.svg,True,1.0
P1G027,P1R01480,13,2,page4-142.svg,False,1.0,high,single-utterance-unidirectional,P1-055,P1-060,"['page1-172.svg', 'page8-246.svg', 'page6-122.svg', 'page7-202.svg', 'page1-107.svg', 'page3-201.svg', 'page8-159.svg', 'page2-140.svg', 'page7-55.svg', 'page4-142.svg']",10.0,horn going left,3.0,14.0,"(23,)",page4-142.svg,True,3.0
P1G035,P1R01633,14,2,page8-183.svg,False,1.0,high,single-utterance-unidirectional,P1-040,P1-119,"['page1-77.svg', 'page8-183.svg', 'page6-206.svg', 'page6-121.svg', 'page6-135.svg', 'page7-79.svg', 'page1-133.svg', 'page4-5.svg', 'page7-202.svg', 'page7-20.svg']",6.0,capital P,2.0,12.0,"(23,)",page8-183.svg,True,2.0
P1G044,P1R01119,10,1,page6-122.svg,False,0.5666666666666667,low,single-utterance-unidirectional,P1-068,P1-078,"['page8-246.svg', 'page7-125.svg', 'page6-122.svg', 'page7-226.svg', 'page7-145.svg', 'page8-21.svg', 'page5-101.svg', 'page6-160.svg', 'page9-40.svg', 'page8-183.svg']",15.0,a house,2.0,16.0,"(22,)",page6-122.svg,True,2.0
P1G057,P1R00708,24,4,page7-73.svg,False,0.6,low,single-utterance-unidirectional,P1-087,P1-043,"['page5-65.svg', 'page7-29.svg', 'page7-73.svg', 'page6-23.svg', 'page5-40.svg', 'page1-77.svg', 'page4-190.svg', 'page3-70.svg', 'page3-12.svg', 'page3-33.svg']",3.0,a whale,2.0,4.0,"(7,)",page7-73.svg,True,2.0
P1G026,P1R01039,22,3,page6-206.svg,False,0.7333333333333333,low,single-utterance-unidirectional,P1-091,P1-011,"['page1-48.svg', 'page1-133.svg', 'page9-40.svg', 'page8-38.svg', 'page7-44.svg', 'page-F.svg', 'page5-45.svg', 'page4-195.svg', 'page6-206.svg', 'page7-55.svg']",7.0,B,1.0,8.0,"(13,)",page6-206.svg,True,1.0
P1G009,P1R00904,21,3,page4-128.svg,False,1.0,high,single-utterance-unidirectional,P1-019,P1-104,"['page5-63.svg', 'page6-208.svg', 'page4-128.svg', 'page5-71.svg', 'page3-33.svg', 'page6-52.svg', 'page5-84.svg', 'page5-85.svg', 'page4-155.svg', 'page7-225.svg']",,,,,,,,
P1G052,P1R00409,6,1,page6-71.svg,True,1.0,high,single-utterance-unidirectional,P1-107,P1-108,"['page5-153.svg', 'page8-169.svg', 'page3-12.svg', 'page6-71.svg', 'page7-15.svg', 'page6-160.svg', 'page7-20.svg', 'page9-39.svg', 'page5-84.svg', 'page5-66.svg']",,,,,,,,
P1G018,P1R00353,10,1,page6-171.svg,False,0.4148148148148148,low,single-utterance-unidirectional,P1-010,P1-093,"['page5-102.svg', 'page2-133.svg', 'page4-241.svg', 'page6-171.svg', 'page7-216.svg', 'page2-86.svg', 'page6-219.svg', 'page4-180.svg', 'page1-95.svg', 'page8-21.svg']",,,,,,,,
P1G031,P1R01157,26,4,page8-246.svg,True,1.0,high,single-utterance-unidirectional,P1-079,P1-008,"['page8-246.svg', 'page7-125.svg', 'page6-160.svg', 'page5-85.svg', 'page1-185.svg', 'page5-139.svg', 'page4-180.svg', 'page5-154.svg', 'page7-177.svg', 'page7-126.svg']",9.0,A bit like a cross (we've not had it before),10.0,29.0,"(36,)",page8-246.svg,True,10.0
P1G007,P1R00122,24,4,page7-15.svg,False,0.5935185185185186,low,single-utterance-unidirectional,P1-067,P1-115,"['page6-71.svg', 'page7-15.svg', 'page8-169.svg', 'page5-66.svg', 'page7-20.svg', 'page9-39.svg', 'page5-153.svg', 'page3-12.svg', 'page6-160.svg', 'page5-84.svg']",4.0,mountains,1.0,7.0,"(10,)",page7-15.svg,True,1.0
P1G018,P1R01691,13,2,page2-86.svg,False,0.7777777777777777,low,single-utterance-unidirectional,P1-093,P1-010,"['page6-171.svg', 'page4-241.svg', 'page5-102.svg', 'page2-133.svg', 'page1-95.svg', 'page6-219.svg', 'page7-216.svg', 'page2-86.svg', 'page8-21.svg', 'page4-180.svg']",,,,,,,,
P1G057,P1R01651,20,3,page6-23.svg,False,0.7776190476190477,low,single-utterance-unidirectional,P1-043,P1-087,"['page3-70.svg', 'page3-12.svg', 'page7-29.svg', 'page1-77.svg', 'page6-23.svg', 'page7-73.svg', 'page3-33.svg', 'page5-65.svg', 'page4-190.svg', 'page5-40.svg']",20.0,pushing on a wall to the left,7.0,23.0,"(32,)",page6-23.svg,True,7.0
P1G041,P1R00786,16,2,page8-169.svg,False,1.0,high,single-utterance-unidirectional,P1-004,P1-113,"['page6-208.svg', 'page5-165.svg', 'page7-41.svg', 'page8-169.svg', 'page8-38.svg', 'page5-86.svg', 'page7-125.svg', 'page2-20.svg', 'page3-33.svg', 'page7-107.svg']",2.0,The letter 'C',3.0,6.0,"(13,)",page8-169.svg,True,3.0
P1G015,P1R00769,16,2,page5-45.svg,True,1.0,high,single-utterance-unidirectional,P1-025,P1-028,"['page1-48.svg', 'page1-133.svg', 'page9-40.svg', 'page8-38.svg', 'page7-44.svg', 'page-F.svg', 'page5-45.svg', 'page4-195.svg', 'page6-206.svg', 'page7-55.svg']",5.0,hollow house,2.0,7.0,"(11,)",page5-45.svg,True,2.0
P1G015,P1R00965,10,1,page1-133.svg,False,0.5444444444444445,low,single-utterance-unidirectional,P1-025,P1-028,"['page1-48.svg', 'page1-133.svg', 'page9-40.svg', 'page8-38.svg', 'page7-44.svg', 'page-F.svg', 'page5-45.svg', 'page4-195.svg', 'page6-206.svg', 'page7-55.svg']",8.0,The blackened house,3.0,11.0,"(22,)",page1-133.svg,True,3.0
P1G034,P1R01268,18,3,page5-63.svg,False,0.9935185185185184,high,single-utterance-unidirectional,P1-084,P1-065,"['page6-155.svg', 'page7-113.svg', 'page2-34.svg', 'page7-115.svg', 'page7-44.svg', 'page3-33.svg', 'page6-52.svg', 'page5-121.svg', 'page6-175.svg', 'page5-63.svg']",5.0,It is one mountain,4.0,13.0,"(19,)",page5-63.svg,True,4.0
P1G027,P1R00715,29,4,page4-142.svg,False,1.0,high,single-utterance-unidirectional,P1-055,P1-060,"['page1-172.svg', 'page8-246.svg', 'page6-122.svg', 'page7-202.svg', 'page1-107.svg', 'page3-201.svg', 'page8-159.svg', 'page2-140.svg', 'page7-55.svg', 'page4-142.svg']",7.0,horn,1.0,10.0,"(12,)",page4-142.svg,True,1.0
P1G024,P1R01170,23,3,page7-216.svg,True,1.0,high,single-utterance-unidirectional,P1-026,P1-089,"['page5-86.svg', 'page8-56.svg', 'page7-216.svg', 'page7-55.svg', 'page5-154.svg', 'page3-70.svg', 'page6-204.svg', 'page7-166.svg', 'page5-26.svg', 'page7-115.svg']",7.0,looks like a thin guy with a top hat on,10.0,15.0,"(31,)",page5-154.svg,False,10.0
P1G051,P1R01354,1,0,page7-115.svg,False,0.6,low,single-utterance-unidirectional,P1-042,P1-006,"['page5-121.svg', 'page3-33.svg', 'page6-52.svg', 'page7-44.svg', 'page5-63.svg', 'page2-34.svg', 'page6-155.svg', 'page7-115.svg', 'page6-175.svg', 'page7-113.svg']",,,,,,,,
P1G006,P1R01187,19,3,page8-159.svg,False,1.0,high,single-utterance-unidirectional,P1-073,P1-077,"['page6-226.svg', 'page5-96.svg', 'page6-206.svg', 'page7-53.svg', 'page6-71.svg', 'page7-73.svg', 'page8-159.svg', 'page5-128.svg', 'page8-58.svg', 'page1-150.svg']",13.0,The letter J backwards,4.0,24.0,"(35,)",page8-159.svg,True,4.0
P1G014,P1R01539,17,2,page7-15.svg,False,0.5935185185185186,low,single-utterance-unidirectional,P1-049,P1-103,"['page6-71.svg', 'page7-15.svg', 'page8-169.svg', 'page5-66.svg', 'page7-20.svg', 'page9-39.svg', 'page5-153.svg', 'page3-12.svg', 'page6-160.svg', 'page5-84.svg']",11.0,Distant mountain range,3.0,18.0,"(23,)",page7-15.svg,True,3.0
P1G007,P1R00180,23,3,page7-20.svg,False,1.0,high,single-utterance-unidirectional,P1-115,P1-067,"['page5-153.svg', 'page8-169.svg', 'page3-12.svg', 'page6-71.svg', 'page7-15.svg', 'page6-160.svg', 'page7-20.svg', 'page9-39.svg', 'page5-84.svg', 'page5-66.svg']",8.0,diagonal block again,3.0,14.0,"(23,)",page7-20.svg,True,3.0
P1G005,P1R01723,21,3,page4-180.svg,False,0.6944444444444445,low,single-utterance-unidirectional,P1-059,P1-036,"['page8-246.svg', 'page7-125.svg', 'page6-160.svg', 'page5-85.svg', 'page1-185.svg', 'page5-139.svg', 'page4-180.svg', 'page5-154.svg', 'page7-177.svg', 'page7-126.svg']",11.0,W or butterfly,3.0,17.0,"(22,)",page4-180.svg,True,3.0
P1G031,P1R01388,3,0,page4-180.svg,False,0.6944444444444445,low,single-utterance-unidirectional,P1-008,P1-079,"['page5-139.svg', 'page5-154.svg', 'page7-126.svg', 'page8-246.svg', 'page6-160.svg', 'page7-125.svg', 'page5-85.svg', 'page4-180.svg', 'page1-185.svg', 'page7-177.svg']",9.0,the butterfly shaped one,4.0,16.0,"(25,)",page4-180.svg,True,4.0
P1G023,P1R00585,15,2,page3-52.svg,False,1.0,high,single-utterance-unidirectional,P1-117,P1-003,"['page1-175.svg', 'page7-15.svg', 'page3-52.svg', 'page8-54.svg', 'page4-244.svg', 'page5-36.svg', 'page7-40.svg', 'page8-183.svg', 'page8-38.svg', 'page7-20.svg']",13.0,upside down Y,3.0,16.0,"(23,)",page3-52.svg,True,3.0
P1G006,P1R00347,23,3,page8-58.svg,False,0.7259259259259259,low,single-utterance-unidirectional,P1-073,P1-077,"['page6-226.svg', 'page5-96.svg', 'page6-206.svg', 'page7-53.svg', 'page6-71.svg', 'page7-73.svg', 'page8-159.svg', 'page5-128.svg', 'page8-58.svg', 'page1-150.svg']",10.0,A man walking to the right,6.0,16.0,"(23,)",page8-58.svg,True,6.0
P1G052,P1R00396,9,1,page7-15.svg,False,0.5935185185185186,low,single-utterance-unidirectional,P1-107,P1-108,"['page5-153.svg', 'page8-169.svg', 'page3-12.svg', 'page6-71.svg', 'page7-15.svg', 'page6-160.svg', 'page7-20.svg', 'page9-39.svg', 'page5-84.svg', 'page5-66.svg']",,,,,,,,
P1G015,P1R01055,5,0,page6-206.svg,False,0.7333333333333333,low,single-utterance-unidirectional,P1-028,P1-025,"['page7-44.svg', 'page7-55.svg', 'page6-206.svg', 'page1-48.svg', 'page8-38.svg', 'page5-45.svg', 'page9-40.svg', 'page1-133.svg', 'page-F.svg', 'page4-195.svg']",6.0,An Easter Island statue to the side,7.0,12.0,"(18,)",page7-55.svg,False,7.0
P1G002,P1R01159,11,1,page7-203.svg,False,0.9925925925925926,high,single-utterance-unidirectional,P1-013,P1-081,"['page6-185.svg', 'page6-228.svg', 'page8-234.svg', 'page1-132.svg', 'page7-203.svg', 'page6-52.svg', 'page5-85.svg', 'page7-113.svg', 'page5-63.svg', 'page6-21.svg']",8.0,arrow pointing down at square on triangle,7.0,21.0,"(37,)",page7-203.svg,True,7.0
P1G043,P1R00941,22,3,page7-36.svg,False,1.0,high,single-utterance-unidirectional,P1-066,P1-075,"['page6-162.svg', 'page7-226.svg', 'page7-177.svg', 'page8-156.svg', 'page7-53.svg', 'page7-41.svg', 'page7-36.svg', 'page-F.svg', 'page7-145.svg', 'page8-192.svg']",17.0,staircase with the pillow at the top.,7.0,17.0,"(23,)",page7-36.svg,True,7.0
P1G018,P1R01699,25,4,page2-133.svg,False,1.0,high,single-utterance-unidirectional,P1-093,P1-010,"['page6-171.svg', 'page4-241.svg', 'page5-102.svg', 'page2-133.svg', 'page1-95.svg', 'page6-219.svg', 'page7-216.svg', 'page2-86.svg', 'page8-21.svg', 'page4-180.svg']",,,,,,,,
P1G057,P1R01355,11,1,page7-73.svg,False,0.6,low,single-utterance-unidirectional,P1-043,P1-087,"['page3-70.svg', 'page3-12.svg', 'page7-29.svg', 'page1-77.svg', 'page6-23.svg', 'page7-73.svg', 'page3-33.svg', 'page5-65.svg', 'page4-190.svg', 'page5-40.svg']",11.0,whale,1.0,11.0,"(22,)",page7-73.svg,True,1.0
P1G052,P1R01751,4,0,page5-84.svg,False,0.5111111111111112,low,single-utterance-unidirectional,P1-108,P1-107,"['page6-71.svg', 'page7-15.svg', 'page8-169.svg', 'page5-66.svg', 'page7-20.svg', 'page9-39.svg', 'page5-153.svg', 'page3-12.svg', 'page6-160.svg', 'page5-84.svg']",,,,,,,,
P1G013,P1R01703,29,4,page8-169.svg,False,1.0,high,single-utterance-unidirectional,P1-034,P1-109,"['page6-71.svg', 'page7-15.svg', 'page8-169.svg', 'page5-66.svg', 'page7-20.svg', 'page9-39.svg', 'page5-153.svg', 'page3-12.svg', 'page6-160.svg', 'page5-84.svg']",5.0,The letter C,3.0,7.0,"(17,)",page8-169.svg,True,3.0
P1G014,P1R00188,14,2,page9-39.svg,False,0.7407407407407408,low,single-utterance-unidirectional,P1-049,P1-103,"['page6-71.svg', 'page7-15.svg', 'page8-169.svg', 'page5-66.svg', 'page7-20.svg', 'page9-39.svg', 'page5-153.svg', 'page3-12.svg', 'page6-160.svg', 'page5-84.svg']",11.0,Looks like a pipe,4.0,16.0,"(23,)",page9-39.svg,True,4.0
P1G055,P1R01081,4,0,page6-155.svg,False,1.0,high,single-utterance-unidirectional,P1-111,P1-100,"['page5-121.svg', 'page3-33.svg', 'page6-52.svg', 'page7-44.svg', 'page5-63.svg', 'page2-34.svg', 'page6-155.svg', 'page7-115.svg', 'page6-175.svg', 'page7-113.svg']",5.0,looks like a giraffe,4.0,10.0,"(28,)",page7-113.svg,False,4.0
P1G022,P1R00798,20,3,page7-41.svg,False,0.7555555555555555,low,single-utterance-unidirectional,P1-082,P1-072,"['page6-196.svg', 'page4-98.svg', 'page5-80.svg', 'page4-96.svg', 'page6-52.svg', 'page2-85.svg', 'page6-109.svg', 'page5-65.svg', 'page3-33.svg', 'page7-41.svg']",18.0,house on boat,3.0,20.0,"(27,)",page7-41.svg,True,3.0
P1G002,P1R00130,26,4,page8-234.svg,False,0.0,low,single-utterance-unidirectional,P1-081,P1-013,"['page8-234.svg', 'page1-132.svg', 'page5-85.svg', 'page6-21.svg', 'page6-185.svg', 'page6-52.svg', 'page5-63.svg', 'page7-113.svg', 'page6-228.svg', 'page7-203.svg']",8.0,dog facing left,3.0,11.0,"(23,)",page8-234.svg,True,3.0
P1G009,P1R01104,8,1,page7-225.svg,True,1.0,high,single-utterance-unidirectional,P1-019,P1-104,"['page5-63.svg', 'page6-208.svg', 'page4-128.svg', 'page5-71.svg', 'page3-33.svg', 'page6-52.svg', 'page5-84.svg', 'page5-85.svg', 'page4-155.svg', 'page7-225.svg']",,,,,,,,
P1G024,P1R01708,17,2,page5-26.svg,False,0.7518518518518518,low,single-utterance-unidirectional,P1-089,P1-026,"['page5-154.svg', 'page8-56.svg', 'page3-70.svg', 'page7-216.svg', 'page7-115.svg', 'page5-26.svg', 'page6-204.svg', 'page7-55.svg', 'page5-86.svg', 'page7-166.svg']",9.0,looks like a jet flying downwards,6.0,27.0,"(33,)",page5-26.svg,True,6.0
P1G035,P1R01613,6,1,page6-206.svg,False,0.7333333333333333,low,single-utterance-unidirectional,P1-119,P1-040,"['page7-202.svg', 'page8-183.svg', 'page7-79.svg', 'page6-121.svg', 'page1-133.svg', 'page6-206.svg', 'page7-20.svg', 'page6-135.svg', 'page1-77.svg', 'page4-5.svg']",6.0,It looks like a capital B!,6.0,16.0,"(24,)",page6-206.svg,True,6.0
P1G049,P1R00070,23,3,page6-160.svg,False,0.5592592592592593,low,single-utterance-unidirectional,P1-110,P1-047,"['page8-246.svg', 'page7-125.svg', 'page6-122.svg', 'page7-226.svg', 'page7-145.svg', 'page8-21.svg', 'page5-101.svg', 'page6-160.svg', 'page9-40.svg', 'page8-183.svg']",,,,,,,,
P1G060,P1R01324,24,4,page6-52.svg,False,1.0,high,single-utterance-unidirectional,P1-021,P1-012,"['page5-85.svg', 'page7-225.svg', 'page5-63.svg', 'page3-33.svg', 'page5-84.svg', 'page6-208.svg', 'page5-71.svg', 'page4-128.svg', 'page6-52.svg', 'page4-155.svg']",10.0,Square with a triangle to the top right and bit to bottom right,13.0,27.0,"(39,)",page6-208.svg,False,13.0
P1G051,P1R01500,25,4,page7-115.svg,False,0.6,low,single-utterance-unidirectional,P1-042,P1-006,"['page5-121.svg', 'page3-33.svg', 'page6-52.svg', 'page7-44.svg', 'page5-63.svg', 'page2-34.svg', 'page6-155.svg', 'page7-115.svg', 'page6-175.svg', 'page7-113.svg']",4.0,,,,,,,
P1G010,P1R00145,27,4,page7-166.svg,True,1.0,high,single-utterance-unidirectional,P1-032,P1-044,"['page7-166.svg', 'page1-95.svg', 'page5-153.svg', 'page4-190.svg', 'page7-202.svg', 'page7-126.svg', 'page3-61.svg', 'page2-16.svg', 'page5-96.svg', 'page7-127.svg']",5.0,"triangle on bottom, large horizontal structure above",7.0,19.0,"(31,)",page7-166.svg,True,7.0
P1G046,P1R00218,5,0,page7-40.svg,False,0.7611111111111111,low,single-utterance-unidirectional,P1-015,P1-045,"['page1-175.svg', 'page7-15.svg', 'page3-52.svg', 'page8-54.svg', 'page4-244.svg', 'page5-36.svg', 'page7-40.svg', 'page8-183.svg', 'page8-38.svg', 'page7-20.svg']",14.0,like a big wave going over to the right,9.0,23.0,"(37,)",page7-40.svg,True,9.0
P1G003,P1R01762,11,1,page3-61.svg,False,1.0,high,single-utterance-unidirectional,P1-031,P1-057,"['page7-166.svg', 'page1-95.svg', 'page5-153.svg', 'page4-190.svg', 'page7-202.svg', 'page7-126.svg', 'page3-61.svg', 'page2-16.svg', 'page5-96.svg', 'page7-127.svg']",10.0,GUY LAYING DOWN DOING CRAB,6.0,21.0,"(38,)",page3-61.svg,True,5.0
P1G025,P1R00901,13,2,page1-30.svg,False,1.0,high,single-utterance-unidirectional,P1-112,P1-056,"['page8-247.svg', 'page6-206.svg', 'page1-117.svg', 'page2-140.svg', 'page1-30.svg', 'page9-39.svg', 'page1-185.svg', 'page3-33.svg', 'page6-228.svg', 'page7-81.svg']",11.0,2 lines coming to an arrow,6.0,21.0,"(33,)",page1-30.svg,True,6.0
P1G005,P1R01162,7,1,page7-125.svg,True,0.9935185185185184,high,single-utterance-unidirectional,P1-059,P1-036,"['page8-246.svg', 'page7-125.svg', 'page6-160.svg', 'page5-85.svg', 'page1-185.svg', 'page5-139.svg', 'page4-180.svg', 'page5-154.svg', 'page7-177.svg', 'page7-126.svg']",12.0,looks like a statue facing left,6.0,27.0,"(41,)",page7-125.svg,True,6.0
P1G010,P1R01588,26,4,page4-190.svg,False,1.0,high,single-utterance-unidirectional,P1-044,P1-032,"['page3-61.svg', 'page7-202.svg', 'page4-190.svg', 'page2-16.svg', 'page7-126.svg', 'page7-166.svg', 'page1-95.svg', 'page5-96.svg', 'page5-153.svg', 'page7-127.svg']",14.0,A hedgehog,2.0,17.0,"(33,)",page4-190.svg,True,2.0
P1G019,P1R00420,4,0,page8-169.svg,False,1.0,high,single-utterance-unidirectional,P1-020,P1-033,"['page5-165.svg', 'page5-101.svg', 'page2-86.svg', 'page6-166.svg', 'page7-126.svg', 'page8-169.svg', 'page4-180.svg', 'page6-167.svg', 'page3-139.svg', 'page1-117.svg']",14.0,A c shape,3.0,18.0,"(26,)",page8-169.svg,True,3.0
P1G047,P1R01760,11,1,page8-156.svg,True,1.0,high,single-utterance-unidirectional,P1-102,P1-080,"['page3-70.svg', 'page8-21.svg', 'page5-101.svg', 'page2-165.svg', 'page1-95.svg', 'page8-156.svg', 'page7-40.svg', 'page6-171.svg', 'page3-61.svg', 'page7-29.svg']",14.0,capitol K,2.0,19.0,"(23,)",page8-156.svg,True,2.0
P1G013,P1R00693,26,4,page5-84.svg,False,0.5111111111111112,low,single-utterance-unidirectional,P1-034,P1-109,"['page6-71.svg', 'page7-15.svg', 'page8-169.svg', 'page5-66.svg', 'page7-20.svg', 'page9-39.svg', 'page5-153.svg', 'page3-12.svg', 'page6-160.svg', 'page5-84.svg']",8.0,Animal with four legs,4.0,15.0,"(22,)",page5-84.svg,True,4.0
P1G010,P1R00777,22,3,page4-190.svg,False,1.0,high,single-utterance-unidirectional,P1-032,P1-044,"['page7-166.svg', 'page1-95.svg', 'page5-153.svg', 'page4-190.svg', 'page7-202.svg', 'page7-126.svg', 'page3-61.svg', 'page2-16.svg', 'page5-96.svg', 'page7-127.svg']",7.0,hedgehog,1.0,9.0,"(13,)",page4-190.svg,True,1.0
P1G026,P1R01105,20,3,page4-195.svg,False,1.0,high,single-utterance-unidirectional,P1-091,P1-011,"['page1-48.svg', 'page1-133.svg', 'page9-40.svg', 'page8-38.svg', 'page7-44.svg', 'page-F.svg', 'page5-45.svg', 'page4-195.svg', 'page6-206.svg', 'page7-55.svg']",6.0,gun,1.0,6.0,"(18,)",page4-195.svg,True,1.0
P1G021,P1R01778,2,0,page7-126.svg,False,0.6666666666666667,low,single-utterance-unidirectional,P1-096,P1-098,"['page3-61.svg', 'page7-202.svg', 'page4-190.svg', 'page2-16.svg', 'page7-126.svg', 'page7-166.svg', 'page1-95.svg', 'page5-96.svg', 'page5-153.svg', 'page7-127.svg']",10.0,a bird facing to the left,6.0,17.0,"(40,)",page7-126.svg,True,6.0
P1G047,P1R01009,8,1,page5-101.svg,False,0.6666666666666667,low,single-utterance-unidirectional,P1-102,P1-080,"['page3-70.svg', 'page8-21.svg', 'page5-101.svg', 'page2-165.svg', 'page1-95.svg', 'page8-156.svg', 'page7-40.svg', 'page6-171.svg', 'page3-61.svg', 'page7-29.svg']",15.0,bat with sharp wings flying to the right,8.0,37.0,"(44,)",page7-29.svg,False,8.0
P1G031,P1R00588,29,4,page1-185.svg,False,0.6611111111111112,low,single-utterance-unidirectional,P1-008,P1-079,"['page5-139.svg', 'page5-154.svg', 'page7-126.svg', 'page8-246.svg', 'page6-160.svg', 'page7-125.svg', 'page5-85.svg', 'page4-180.svg', 'page1-185.svg', 'page7-177.svg']",5.0,diamond shaped,2.0,10.0,"(13,)",page1-185.svg,True,2.0
P1G026,P1R00656,26,4,page-F.svg,False,0.6685185185185186,low,single-utterance-unidirectional,P1-011,P1-091,"['page7-44.svg', 'page7-55.svg', 'page6-206.svg', 'page1-48.svg', 'page8-38.svg', 'page5-45.svg', 'page9-40.svg', 'page1-133.svg', 'page-F.svg', 'page4-195.svg']",5.0,person sitting against wall,4.0,9.0,"(12,)",page-F.svg,True,4.0
P1G019,P1R01800,17,2,page2-86.svg,False,0.7777777777777777,low,single-utterance-unidirectional,P1-020,P1-033,"['page5-165.svg', 'page5-101.svg', 'page2-86.svg', 'page6-166.svg', 'page7-126.svg', 'page8-169.svg', 'page4-180.svg', 'page6-167.svg', 'page3-139.svg', 'page1-117.svg']",12.0,Couch with pointy legs,4.0,18.0,"(23,)",page2-86.svg,True,4.0
P1G034,P1R00111,10,1,page5-121.svg,False,0.9925925925925926,high,single-utterance-unidirectional,P1-084,P1-065,"['page6-155.svg', 'page7-113.svg', 'page2-34.svg', 'page7-115.svg', 'page7-44.svg', 'page3-33.svg', 'page6-52.svg', 'page5-121.svg', 'page6-175.svg', 'page5-63.svg']",6.0,It looks like the symbol for a hurricane,8.0,20.0,"(33,)",page5-121.svg,True,8.0
P1G052,P1R00160,11,1,page7-20.svg,False,1.0,high,single-utterance-unidirectional,P1-107,P1-108,"['page5-153.svg', 'page8-169.svg', 'page3-12.svg', 'page6-71.svg', 'page7-15.svg', 'page6-160.svg', 'page7-20.svg', 'page9-39.svg', 'page5-84.svg', 'page5-66.svg']",,,,,,,,
P1G060,P1R00659,11,1,page5-84.svg,False,0.5111111111111112,low,single-utterance-unidirectional,P1-012,P1-021,"['page5-63.svg', 'page6-208.svg', 'page4-128.svg', 'page5-71.svg', 'page3-33.svg', 'page6-52.svg', 'page5-84.svg', 'page5-85.svg', 'page4-155.svg', 'page7-225.svg']",7.0,"Like a horse - animal with four legs, mane and tail",11.0,14.0,"(26,)",page5-84.svg,True,11.0
P1G008,P1R01296,24,4,page1-133.svg,False,0.5444444444444445,low,single-utterance-unidirectional,P1-074,P1-116,"['page7-44.svg', 'page7-55.svg', 'page6-206.svg', 'page1-48.svg', 'page8-38.svg', 'page5-45.svg', 'page9-40.svg', 'page1-133.svg', 'page-F.svg', 'page4-195.svg']",5.0,house,1.0,8.0,"(16,)",page1-133.svg,True,1.0
P1G030,P1R01452,5,0,page5-86.svg,False,0.4833333333333334,low,single-utterance-unidirectional,P1-063,P1-050,"['page6-208.svg', 'page5-165.svg', 'page7-41.svg', 'page8-169.svg', 'page8-38.svg', 'page5-86.svg', 'page7-125.svg', 'page2-20.svg', 'page3-33.svg', 'page7-107.svg']",6.0,a galloping horse,3.0,12.0,"(22,)",page5-86.svg,True,3.0
P1G006,P1R00074,3,0,page8-159.svg,False,1.0,high,single-utterance-unidirectional,P1-077,P1-073,"['page8-58.svg', 'page5-96.svg', 'page8-159.svg', 'page7-53.svg', 'page1-150.svg', 'page6-226.svg', 'page7-73.svg', 'page6-206.svg', 'page5-128.svg', 'page6-71.svg']",15.0,a boot without the heel,5.0,24.0,"(54,)",page6-226.svg,False,5.0
P1G035,P1R00861,10,1,page4-5.svg,True,0.6916666666666667,low,single-utterance-unidirectional,P1-119,P1-040,"['page7-202.svg', 'page8-183.svg', 'page7-79.svg', 'page6-121.svg', 'page1-133.svg', 'page6-206.svg', 'page7-20.svg', 'page6-135.svg', 'page1-77.svg', 'page4-5.svg']",10.0,"A man standing to the left, kicking",7.0,17.0,"(23,)",page4-5.svg,True,7.0
P1G016,P1R00052,0,0,page5-71.svg,False,0.3833333333333333,low,single-utterance-unidirectional,P1-014,P1-046,"['page5-85.svg', 'page7-225.svg', 'page5-63.svg', 'page3-33.svg', 'page5-84.svg', 'page6-208.svg', 'page5-71.svg', 'page4-128.svg', 'page6-52.svg', 'page4-155.svg']",22.0,flying condor,2.0,28.0,"(39,)",page5-71.svg,True,2.0
P1G051,P1R01136,7,1,page7-115.svg,False,0.6,low,single-utterance-unidirectional,P1-006,P1-042,"['page6-155.svg', 'page7-113.svg', 'page2-34.svg', 'page7-115.svg', 'page7-44.svg', 'page3-33.svg', 'page6-52.svg', 'page5-121.svg', 'page6-175.svg', 'page5-63.svg']",16.0,It looks like a table with two extra triangles on either side which could be considered possibly handles.,18.0,43.0,,,,18.0
P1G023,P1R00909,11,1,page4-244.svg,True,0.3777777777777778,low,single-utterance-unidirectional,P1-003,P1-117,"['page7-20.svg', 'page8-54.svg', 'page7-40.svg', 'page1-175.svg', 'page8-38.svg', 'page7-15.svg', 'page8-183.svg', 'page3-52.svg', 'page4-244.svg', 'page5-36.svg']",11.0,Giraffe,1.0,14.0,"(24,)",page4-244.svg,True,1.0
P1G015,P1R01722,29,4,page6-206.svg,False,0.7333333333333333,low,single-utterance-unidirectional,P1-028,P1-025,"['page7-44.svg', 'page7-55.svg', 'page6-206.svg', 'page1-48.svg', 'page8-38.svg', 'page5-45.svg', 'page9-40.svg', 'page1-133.svg', 'page-F.svg', 'page4-195.svg']",11.0,easter island,2.0,13.0,"(22,)",page6-206.svg,True,2.0
P1G030,P1R01787,14,2,page5-86.svg,False,0.4833333333333334,low,single-utterance-unidirectional,P1-063,P1-050,"['page6-208.svg', 'page5-165.svg', 'page7-41.svg', 'page8-169.svg', 'page8-38.svg', 'page5-86.svg', 'page7-125.svg', 'page2-20.svg', 'page3-33.svg', 'page7-107.svg']",11.0,galloping horse,2.0,15.0,"(22,)",page5-86.svg,True,2.0
P1G047,P1R00833,16,2,page2-165.svg,False,0.7499999999999999,low,single-utterance-unidirectional,P1-080,P1-102,"['page3-70.svg', 'page8-156.svg', 'page7-40.svg', 'page2-165.svg', 'page8-21.svg', 'page6-171.svg', 'page1-95.svg', 'page3-61.svg', 'page7-29.svg', 'page5-101.svg']",6.0,hat,1.0,7.0,"(17,)",page2-165.svg,True,1.0
P1G011,P1R00973,1,0,page8-58.svg,False,0.7259259259259259,low,single-utterance-unidirectional,P1-088,P1-041,"['page2-36.svg', 'page4-197.svg', 'page1-150.svg', 'page3-33.svg', 'page5-153.svg', 'page6-124.svg', 'page7-107.svg', 'page5-40.svg', 'page8-58.svg', 'page5-45.svg']",12.0,A person walking to the right,6.0,22.0,"(33,)",page8-58.svg,True,6.0
P1G040,P1R01215,11,1,page7-73.svg,False,0.6,low,single-utterance-unidirectional,P1-092,P1-083,"['page3-70.svg', 'page3-12.svg', 'page7-29.svg', 'page1-77.svg', 'page6-23.svg', 'page7-73.svg', 'page3-33.svg', 'page5-65.svg', 'page4-190.svg', 'page5-40.svg']",18.0,a whale,2.0,20.0,"(23,)",page7-73.svg,True,2.0
P1G053,P1R01163,21,3,page7-81.svg,True,1.0,high,single-utterance-unidirectional,P1-064,P1-061,"['page1-117.svg', 'page6-206.svg', 'page1-30.svg', 'page7-81.svg', 'page9-39.svg', 'page8-247.svg', 'page2-140.svg', 'page6-228.svg', 'page1-185.svg', 'page3-33.svg']",9.0,a thick v with one third cut off,8.0,23.0,"(40,)",page7-81.svg,True,8.0
P1G010,P1R00606,2,0,page7-126.svg,False,0.6666666666666667,low,single-utterance-unidirectional,P1-044,P1-032,"['page3-61.svg', 'page7-202.svg', 'page4-190.svg', 'page2-16.svg', 'page7-126.svg', 'page7-166.svg', 'page1-95.svg', 'page5-96.svg', 'page5-153.svg', 'page7-127.svg']",22.0,,,,,,,
P1G037,P1R01142,29,4,page4-241.svg,False,0.995,high,single-utterance-unidirectional,P1-037,P1-002,"['page6-171.svg', 'page4-241.svg', 'page5-102.svg', 'page2-133.svg', 'page1-95.svg', 'page6-219.svg', 'page7-216.svg', 'page2-86.svg', 'page8-21.svg', 'page4-180.svg']",21.0,Two legs top row,4.0,24.0,"(39,)",page5-102.svg,False,4.0
P1G059,P1R01575,13,2,page1-30.svg,False,1.0,high,single-utterance-unidirectional,P1-038,P1-058,"['page8-247.svg', 'page6-206.svg', 'page1-117.svg', 'page2-140.svg', 'page1-30.svg', 'page9-39.svg', 'page1-185.svg', 'page3-33.svg', 'page6-228.svg', 'page7-81.svg']",8.0,Fat arrow with triangle on top,6.0,16.0,"(22,)",page1-30.svg,True,6.0
P1G040,P1R01029,3,0,page1-77.svg,True,0.6833333333333333,low,single-utterance-unidirectional,P1-092,P1-083,"['page3-70.svg', 'page3-12.svg', 'page7-29.svg', 'page1-77.svg', 'page6-23.svg', 'page7-73.svg', 'page3-33.svg', 'page5-65.svg', 'page4-190.svg', 'page5-40.svg']",11.0,triangle head pointing down with two arms one of left one on right,13.0,26.0,"(49,)",page3-12.svg,False,13.0
P1G027,P1R01397,3,0,page6-122.svg,False,0.5666666666666667,low,single-utterance-unidirectional,P1-055,P1-060,"['page1-172.svg', 'page8-246.svg', 'page6-122.svg', 'page7-202.svg', 'page1-107.svg', 'page3-201.svg', 'page8-159.svg', 'page2-140.svg', 'page7-55.svg', 'page4-142.svg']",11.0,house with a chimney,4.0,17.0,"(23,)",page6-122.svg,True,4.0
P1G059,P1R00593,16,2,page3-33.svg,False,0.6111111111111112,low,single-utterance-unidirectional,P1-038,P1-058,"['page8-247.svg', 'page6-206.svg', 'page1-117.svg', 'page2-140.svg', 'page1-30.svg', 'page9-39.svg', 'page1-185.svg', 'page3-33.svg', 'page6-228.svg', 'page7-81.svg']",13.0,Three triangles with square on top,6.0,18.0,"(23,)",page3-33.svg,True,6.0
P1G026,P1R00509,12,2,page1-48.svg,False,1.0,high,single-utterance-unidirectional,P1-011,P1-091,"['page7-44.svg', 'page7-55.svg', 'page6-206.svg', 'page1-48.svg', 'page8-38.svg', 'page5-45.svg', 'page9-40.svg', 'page1-133.svg', 'page-F.svg', 'page4-195.svg']",4.0,teepee,1.0,7.0,"(14,)",page1-48.svg,True,1.0
P1G037,P1R01299,26,4,page6-171.svg,False,0.4148148148148148,low,single-utterance-unidirectional,P1-037,P1-002,"['page6-171.svg', 'page4-241.svg', 'page5-102.svg', 'page2-133.svg', 'page1-95.svg', 'page6-219.svg', 'page7-216.svg', 'page2-86.svg', 'page8-21.svg', 'page4-180.svg']",7.0,Person walking in top row,5.0,13.0,"(24,)",page6-171.svg,True,5.0
P1G001,P1R00125,11,1,page8-58.svg,False,0.7259259259259259,low,single-utterance-unidirectional,P1-007,P1-053,"['page5-40.svg', 'page7-107.svg', 'page8-58.svg', 'page2-36.svg', 'page6-124.svg', 'page3-33.svg', 'page5-45.svg', 'page4-197.svg', 'page1-150.svg', 'page5-153.svg']",3.0,a man walking to the right,6.0,9.0,"(11,)",page8-58.svg,True,6.0
P1G029,P1R00208,27,4,page7-41.svg,False,0.7555555555555555,low,single-utterance-unidirectional,P1-052,P1-094,"['page8-156.svg', 'page8-192.svg', 'page6-162.svg', 'page7-53.svg', 'page7-145.svg', 'page7-177.svg', 'page7-226.svg', 'page-F.svg', 'page7-41.svg', 'page7-36.svg']",5.0,boat with arrow on it,5.0,10.0,"(13,)",page7-41.svg,True,5.0
P1G001,P1R00745,14,2,page1-150.svg,True,1.0,high,single-utterance-unidirectional,P1-007,P1-053,"['page5-40.svg', 'page7-107.svg', 'page8-58.svg', 'page2-36.svg', 'page6-124.svg', 'page3-33.svg', 'page5-45.svg', 'page4-197.svg', 'page1-150.svg', 'page5-153.svg']",5.0,looks like a chalice with a sieve on top,9.0,14.0,"(28,)",page1-150.svg,True,9.0
P1G057,P1R00611,28,4,page7-29.svg,False,1.0,high,single-utterance-unidirectional,P1-087,P1-043,"['page5-65.svg', 'page7-29.svg', 'page7-73.svg', 'page6-23.svg', 'page5-40.svg', 'page1-77.svg', 'page4-190.svg', 'page3-70.svg', 'page3-12.svg', 'page3-33.svg']",5.0,Four spikes pointing to the left,6.0,9.0,"(24,)",page7-29.svg,True,6.0
P1G006,P1R01309,9,1,page8-159.svg,False,1.0,high,single-utterance-unidirectional,P1-073,P1-077,"['page6-226.svg', 'page5-96.svg', 'page6-206.svg', 'page7-53.svg', 'page6-71.svg', 'page7-73.svg', 'page8-159.svg', 'page5-128.svg', 'page8-58.svg', 'page1-150.svg']",21.0,the letter j backwards,4.0,33.0,"(46,)",page8-159.svg,True,4.0
P1G054,P1R01516,14,2,page7-73.svg,False,0.6,low,single-utterance-unidirectional,P1-106,P1-030,"['page5-65.svg', 'page7-29.svg', 'page7-73.svg', 'page6-23.svg', 'page5-40.svg', 'page1-77.svg', 'page4-190.svg', 'page3-70.svg', 'page3-12.svg', 'page3-33.svg']",7.0,fish,1.0,10.0,"(13,)",page7-73.svg,True,1.0
P1G008,P1R00059,5,0,page6-206.svg,False,0.7333333333333333,low,single-utterance-unidirectional,P1-074,P1-116,"['page7-44.svg', 'page7-55.svg', 'page6-206.svg', 'page1-48.svg', 'page8-38.svg', 'page5-45.svg', 'page9-40.svg', 'page1-133.svg', 'page-F.svg', 'page4-195.svg']",35.0,traffic light,2.0,36.0,"(42,)",page6-206.svg,True,2.0
P1G042,P1R00116,12,2,page3-201.svg,False,0.5548148148148148,low,single-utterance-unidirectional,P1-039,P1-023,"['page7-127.svg', 'page5-84.svg', 'page3-201.svg', 'page5-56.svg', 'page6-1.svg', 'page6-162.svg', 'page8-182.svg', 'page7-125.svg', 'page5-139.svg', 'page8-206.svg']",5.0,A rabbit,2.0,9.0,"(20,)",page3-201.svg,True,2.0
P1G010,P1R00500,7,1,page5-96.svg,False,0.5444444444444445,low,single-utterance-unidirectional,P1-032,P1-044,"['page7-166.svg', 'page1-95.svg', 'page5-153.svg', 'page4-190.svg', 'page7-202.svg', 'page7-126.svg', 'page3-61.svg', 'page2-16.svg', 'page5-96.svg', 'page7-127.svg']",19.0,a small fox running left,5.0,28.0,"(35,)",page5-96.svg,True,5.0
P1G047,P1R00270,25,4,page7-29.svg,False,1.0,high,single-utterance-unidirectional,P1-080,P1-102,"['page3-70.svg', 'page8-156.svg', 'page7-40.svg', 'page2-165.svg', 'page8-21.svg', 'page6-171.svg', 'page1-95.svg', 'page3-61.svg', 'page7-29.svg', 'page5-101.svg']",10.0,sharp wing bird flying to right,6.0,20.0,"(25,)",page7-29.svg,True,6.0
P1G049,P1R00368,26,4,page7-125.svg,False,0.9935185185185184,high,single-utterance-unidirectional,P1-047,P1-110,"['page6-122.svg', 'page9-40.svg', 'page7-226.svg', 'page7-125.svg', 'page8-246.svg', 'page6-160.svg', 'page7-145.svg', 'page5-101.svg', 'page8-183.svg', 'page8-21.svg']",,,,,,,,
P1G019,P1R01731,28,4,page3-139.svg,False,0.9935185185185184,high,single-utterance-unidirectional,P1-020,P1-033,"['page5-165.svg', 'page5-101.svg', 'page2-86.svg', 'page6-166.svg', 'page7-126.svg', 'page8-169.svg', 'page4-180.svg', 'page6-167.svg', 'page3-139.svg', 'page1-117.svg']",5.0,"person with square head, outstretched arms and pointy legs",9.0,19.0,"(31,)",page3-139.svg,True,9.0
P1G005,P1R00119,19,3,page5-154.svg,True,1.0,high,single-utterance-unidirectional,P1-059,P1-036,"['page8-246.svg', 'page7-125.svg', 'page6-160.svg', 'page5-85.svg', 'page1-185.svg', 'page5-139.svg', 'page4-180.svg', 'page5-154.svg', 'page7-177.svg', 'page7-126.svg']",11.0,arrow facing up,3.0,18.0,"(23,)",page5-154.svg,True,3.0
P1G023,P1R01174,22,3,page5-36.svg,False,1.0,high,single-utterance-unidirectional,P1-003,P1-117,"['page7-20.svg', 'page8-54.svg', 'page7-40.svg', 'page1-175.svg', 'page8-38.svg', 'page7-15.svg', 'page8-183.svg', 'page3-52.svg', 'page4-244.svg', 'page5-36.svg']",12.0,Cross on a square,4.0,18.0,"(24,)",page5-36.svg,True,4.0
P1G051,P1R00718,9,1,page6-155.svg,False,1.0,high,single-utterance-unidirectional,P1-006,P1-042,"['page6-155.svg', 'page7-113.svg', 'page2-34.svg', 'page7-115.svg', 'page7-44.svg', 'page3-33.svg', 'page6-52.svg', 'page5-121.svg', 'page6-175.svg', 'page5-63.svg']",13.0,"It looks like a witches broomstick that is facing the left hand side of the screen, with the ""sweeping"" end at the bottom right of the screen",27.0,42.0,"(56,)",,,27.0
P1G022,P1R00722,7,1,page7-41.svg,False,0.7555555555555555,low,single-utterance-unidirectional,P1-082,P1-072,"['page6-196.svg', 'page4-98.svg', 'page5-80.svg', 'page4-96.svg', 'page6-52.svg', 'page2-85.svg', 'page6-109.svg', 'page5-65.svg', 'page3-33.svg', 'page7-41.svg']",5.0,house on a boat,4.0,10.0,"(13,)",page7-41.svg,True,4.0
P1G036,P1R01369,12,2,page2-140.svg,False,1.0,high,single-utterance-unidirectional,P1-029,P1-114,"['page8-247.svg', 'page6-206.svg', 'page1-117.svg', 'page2-140.svg', 'page1-30.svg', 'page9-39.svg', 'page1-185.svg', 'page3-33.svg', 'page6-228.svg', 'page7-81.svg']",6.0,bed with a leg sticking out,6.0,13.0,"(22,)",page2-140.svg,True,6.0
P1G029,P1R00008,9,1,page7-36.svg,False,1.0,high,single-utterance-unidirectional,P1-094,P1-052,"['page6-162.svg', 'page7-226.svg', 'page7-177.svg', 'page8-156.svg', 'page7-53.svg', 'page7-41.svg', 'page7-36.svg', 'page-F.svg', 'page7-145.svg', 'page8-192.svg']",11.0,climbing stairs to the left with triangle pointing up on top',11.0,27.0,"(36,)",page7-36.svg,True,11.0
P1G049,P1R00714,8,1,page8-21.svg,False,0.5000000000000001,low,single-utterance-unidirectional,P1-110,P1-047,"['page8-246.svg', 'page7-125.svg', 'page6-122.svg', 'page7-226.svg', 'page7-145.svg', 'page8-21.svg', 'page5-101.svg', 'page6-160.svg', 'page9-40.svg', 'page8-183.svg']",20.0,Chicken,1.0,22.0,"(33,)",page8-21.svg,True,1.0
P1G037,P1R01571,13,2,page2-86.svg,False,0.7777777777777777,low,single-utterance-unidirectional,P1-037,P1-002,"['page6-171.svg', 'page4-241.svg', 'page5-102.svg', 'page2-133.svg', 'page1-95.svg', 'page6-219.svg', 'page7-216.svg', 'page2-86.svg', 'page8-21.svg', 'page4-180.svg']",6.0,Two headed dog bottom row,5.0,13.0,"(26,)",page2-86.svg,True,5.0
P1G011,P1R01180,10,1,page5-45.svg,False,1.0,high,single-utterance-unidirectional,P1-041,P1-088,"['page5-40.svg', 'page7-107.svg', 'page8-58.svg', 'page2-36.svg', 'page6-124.svg', 'page3-33.svg', 'page5-45.svg', 'page4-197.svg', 'page1-150.svg', 'page5-153.svg']",9.0,house,1.0,12.0,"(23,)",page5-45.svg,True,1.0
P1G044,P1R01328,8,1,page8-21.svg,False,0.5000000000000001,low,single-utterance-unidirectional,P1-068,P1-078,"['page8-246.svg', 'page7-125.svg', 'page6-122.svg', 'page7-226.svg', 'page7-145.svg', 'page8-21.svg', 'page5-101.svg', 'page6-160.svg', 'page9-40.svg', 'page8-183.svg']",10.0,a rooster,2.0,12.0,"(23,)",page8-21.svg,True,2.0
P1G053,P1R00851,3,0,page9-39.svg,False,0.7407407407407408,low,single-utterance-unidirectional,P1-061,P1-064,"['page8-247.svg', 'page6-206.svg', 'page1-117.svg', 'page2-140.svg', 'page1-30.svg', 'page9-39.svg', 'page1-185.svg', 'page3-33.svg', 'page6-228.svg', 'page7-81.svg']",7.0,it looks like a pipe pointing to the left,9.0,23.0,"(35,)",page9-39.svg,True,9.0
P1G057,P1R01091,2,0,page7-29.svg,False,1.0,high,single-utterance-unidirectional,P1-087,P1-043,"['page5-65.svg', 'page7-29.svg', 'page7-73.svg', 'page6-23.svg', 'page5-40.svg', 'page1-77.svg', 'page4-190.svg', 'page3-70.svg', 'page3-12.svg', 'page3-33.svg']",17.0,Four spikes pointing to the left,6.0,29.0,"(45,)",page7-29.svg,True,6.0
P1G008,P1R00124,25,4,page4-195.svg,False,1.0,high,single-utterance-unidirectional,P1-074,P1-116,"['page7-44.svg', 'page7-55.svg', 'page6-206.svg', 'page1-48.svg', 'page8-38.svg', 'page5-45.svg', 'page9-40.svg', 'page1-133.svg', 'page-F.svg', 'page4-195.svg']",22.0,horizontal bar,2.0,23.0,"(27,)",page4-195.svg,True,2.0
P1G012,P1R00578,12,2,page2-165.svg,True,0.7499999999999999,low,single-utterance-unidirectional,P1-024,P1-076,"['page6-52.svg', 'page7-36.svg', 'page6-186.svg', 'page2-136.svg', 'page1-186.svg', 'page2-165.svg', 'page6-219.svg', 'page1-133.svg', 'page7-126.svg', 'page7-186.svg']",11.0,it looks like a sailor's cap. triangle in middle.,9.0,28.0,"(37,)",page2-165.svg,True,9.0
P1G027,P1R01255,10,1,page6-122.svg,False,0.5666666666666667,low,single-utterance-unidirectional,P1-060,P1-055,"['page7-55.svg', 'page7-202.svg', 'page1-107.svg', 'page6-122.svg', 'page2-140.svg', 'page8-246.svg', 'page1-172.svg', 'page3-201.svg', 'page8-159.svg', 'page4-142.svg']",15.0,house with chinmney,3.0,21.0,"(32,)",page6-122.svg,True,3.0
P1G008,P1R01704,13,2,page1-133.svg,False,0.5444444444444445,low,single-utterance-unidirectional,P1-074,P1-116,"['page7-44.svg', 'page7-55.svg', 'page6-206.svg', 'page1-48.svg', 'page8-38.svg', 'page5-45.svg', 'page9-40.svg', 'page1-133.svg', 'page-F.svg', 'page4-195.svg']",8.0,house,1.0,14.0,"(19,)",page1-133.svg,True,1.0
P1G036,P1R00237,18,3,page1-30.svg,False,1.0,high,single-utterance-unidirectional,P1-114,P1-029,"['page1-117.svg', 'page6-206.svg', 'page1-30.svg', 'page7-81.svg', 'page9-39.svg', 'page8-247.svg', 'page2-140.svg', 'page6-228.svg', 'page1-185.svg', 'page3-33.svg']",8.0,like a tree,3.0,9.0,"(12,)",page1-30.svg,True,3.0
P1G001,P1R00863,15,2,page7-107.svg,False,0.9935185185185184,high,single-utterance-unidirectional,P1-053,P1-007,"['page2-36.svg', 'page4-197.svg', 'page1-150.svg', 'page3-33.svg', 'page5-153.svg', 'page6-124.svg', 'page7-107.svg', 'page5-40.svg', 'page8-58.svg', 'page5-45.svg']",4.0,Flaming capital letter D,4.0,9.0,"(12,)",page7-107.svg,True,4.0
P1G004,P1R01202,17,2,page7-20.svg,False,1.0,high,single-utterance-unidirectional,P1-009,P1-086,"['page5-40.svg', 'page5-26.svg', 'page7-20.svg', 'page7-125.svg', 'page2-100.svg', 'page4-244.svg', 'page7-126.svg', 'page7-116.svg', 'page8-169.svg', 'page7-202.svg']",7.0,ramp going up and to the right,7.0,15.0,"(24,)",page7-20.svg,True,7.0
P1G003,P1R01523,26,4,page4-190.svg,False,1.0,high,single-utterance-unidirectional,P1-057,P1-031,"['page3-61.svg', 'page7-202.svg', 'page4-190.svg', 'page2-16.svg', 'page7-126.svg', 'page7-166.svg', 'page1-95.svg', 'page5-96.svg', 'page5-153.svg', 'page7-127.svg']",14.0,the spiky hair one,4.0,18.0,"(33,)",page4-190.svg,True,4.0
P1G029,P1R00738,26,4,page7-145.svg,False,0.7666666666666666,low,single-utterance-unidirectional,P1-052,P1-094,"['page8-156.svg', 'page8-192.svg', 'page6-162.svg', 'page7-53.svg', 'page7-145.svg', 'page7-177.svg', 'page7-226.svg', 'page-F.svg', 'page7-41.svg', 'page7-36.svg']",12.0,duck or horse swimming,4.0,16.0,"(24,)",page7-145.svg,True,4.0
P1G057,P1R00358,0,0,page6-23.svg,False,0.7776190476190477,low,single-utterance-unidirectional,P1-087,P1-043,"['page5-65.svg', 'page7-29.svg', 'page7-73.svg', 'page6-23.svg', 'page5-40.svg', 'page1-77.svg', 'page4-190.svg', 'page3-70.svg', 'page3-12.svg', 'page3-33.svg']",6.0,A man pushing on an invisible wall to his left,10.0,15.0,"(21,)",page6-23.svg,True,10.0
P1G010,P1R00005,21,3,page7-202.svg,True,1.0,high,single-utterance-unidirectional,P1-032,P1-044,"['page7-166.svg', 'page1-95.svg', 'page5-153.svg', 'page4-190.svg', 'page7-202.svg', 'page7-126.svg', 'page3-61.svg', 'page2-16.svg', 'page5-96.svg', 'page7-127.svg']",14.0,"a triangle at the bottom, with a large vertical structure above",11.0,29.0,"(41,)",page7-202.svg,True,11.0
P1G039,P1R01222,3,0,page8-159.svg,False,1.0,high,single-utterance-unidirectional,P1-120,P1-062,"['page8-58.svg', 'page5-96.svg', 'page8-159.svg', 'page7-53.svg', 'page1-150.svg', 'page6-226.svg', 'page7-73.svg', 'page6-206.svg', 'page5-128.svg', 'page6-71.svg']",9.0,Looks like the letter 'J',5.0,15.0,"(22,)",page8-159.svg,True,5.0
P1G050,P1R00184,17,2,page1-185.svg,True,0.6611111111111112,low,single-utterance-unidirectional,P1-017,P1-090,"['page1-117.svg', 'page6-206.svg', 'page1-30.svg', 'page7-81.svg', 'page9-39.svg', 'page8-247.svg', 'page2-140.svg', 'page6-228.svg', 'page1-185.svg', 'page3-33.svg']",16.0,,,,,,,
P1G007,P1R01117,17,2,page7-15.svg,False,0.5935185185185186,low,single-utterance-unidirectional,P1-067,P1-115,"['page6-71.svg', 'page7-15.svg', 'page8-169.svg', 'page5-66.svg', 'page7-20.svg', 'page9-39.svg', 'page5-153.svg', 'page3-12.svg', 'page6-160.svg', 'page5-84.svg']",16.0,mountains again,2.0,20.0,"(22,)",page7-15.svg,True,2.0
P1G020,P1R00706,3,0,page6-186.svg,False,0.7546296296296297,low,single-utterance-unidirectional,P1-101,P1-051,"['page7-186.svg', 'page7-36.svg', 'page1-133.svg', 'page1-186.svg', 'page7-126.svg', 'page6-186.svg', 'page2-165.svg', 'page6-52.svg', 'page2-136.svg', 'page6-219.svg']",4.0,person walking left,3.0,9.0,"(28,)",page6-186.svg,True,3.0
P1G025,P1R01793,3,0,page9-39.svg,False,0.7407407407407408,low,single-utterance-unidirectional,P1-112,P1-056,"['page8-247.svg', 'page6-206.svg', 'page1-117.svg', 'page2-140.svg', 'page1-30.svg', 'page9-39.svg', 'page1-185.svg', 'page3-33.svg', 'page6-228.svg', 'page7-81.svg']",13.0,like a bird in flight to right,7.0,26.0,"(44,)",page8-247.svg,False,7.0
P1G059,P1R00012,27,4,page1-30.svg,False,1.0,high,single-utterance-unidirectional,P1-038,P1-058,"['page8-247.svg', 'page6-206.svg', 'page1-117.svg', 'page2-140.svg', 'page1-30.svg', 'page9-39.svg', 'page1-185.svg', 'page3-33.svg', 'page6-228.svg', 'page7-81.svg']",11.0,Arrow with triangle on top,5.0,15.0,"(23,)",page1-30.svg,True,5.0
P1G006,P1R00886,0,0,page6-71.svg,False,1.0,high,single-utterance-unidirectional,P1-077,P1-073,"['page8-58.svg', 'page5-96.svg', 'page8-159.svg', 'page7-53.svg', 'page1-150.svg', 'page6-226.svg', 'page7-73.svg', 'page6-206.svg', 'page5-128.svg', 'page6-71.svg']",16.0,two people shaking hands,4.0,25.0,"(42,)",page7-53.svg,False,4.0
P1G018,P1R00584,3,0,page4-241.svg,False,0.995,high,single-utterance-unidirectional,P1-093,P1-010,"['page6-171.svg', 'page4-241.svg', 'page5-102.svg', 'page2-133.svg', 'page1-95.svg', 'page6-219.svg', 'page7-216.svg', 'page2-86.svg', 'page8-21.svg', 'page4-180.svg']",24.0,looks like a V placed on the point of a triangle,11.0,35.0,,,,11.0
P1G012,P1R00290,25,4,page6-186.svg,False,0.7546296296296297,low,single-utterance-unidirectional,P1-076,P1-024,"['page7-186.svg', 'page7-36.svg', 'page1-133.svg', 'page1-186.svg', 'page7-126.svg', 'page6-186.svg', 'page2-165.svg', 'page6-52.svg', 'page2-136.svg', 'page6-219.svg']",9.0,person with square head walking to the left,8.0,15.0,"(43,)",page6-186.svg,True,8.0
P1G027,P1R01216,20,3,page7-202.svg,False,1.0,high,single-utterance-unidirectional,P1-060,P1-055,"['page7-55.svg', 'page7-202.svg', 'page1-107.svg', 'page6-122.svg', 'page2-140.svg', 'page8-246.svg', 'page1-172.svg', 'page3-201.svg', 'page8-159.svg', 'page4-142.svg']",4.0,egg timer,2.0,8.0,"(12,)",page7-202.svg,True,2.0
P1G016,P1R00477,3,0,page6-52.svg,False,1.0,high,single-utterance-unidirectional,P1-014,P1-046,"['page5-85.svg', 'page7-225.svg', 'page5-63.svg', 'page3-33.svg', 'page5-84.svg', 'page6-208.svg', 'page5-71.svg', 'page4-128.svg', 'page6-52.svg', 'page4-155.svg']",30.0,,,,,,,
P1G023,P1R00725,7,1,page8-38.svg,False,0.5777777777777778,low,single-utterance-unidirectional,P1-003,P1-117,"['page7-20.svg', 'page8-54.svg', 'page7-40.svg', 'page1-175.svg', 'page8-38.svg', 'page7-15.svg', 'page8-183.svg', 'page3-52.svg', 'page4-244.svg', 'page5-36.svg']",15.0,sort of a cat,4.0,19.0,"(23,)",page8-38.svg,True,4.0
P1G060,P1R00386,5,0,page5-85.svg,False,0.5166666666666668,low,single-utterance-unidirectional,P1-021,P1-012,"['page5-85.svg', 'page7-225.svg', 'page5-63.svg', 'page3-33.svg', 'page5-84.svg', 'page6-208.svg', 'page5-71.svg', 'page4-128.svg', 'page6-52.svg', 'page4-155.svg']",6.0,Animal with two legs like a fox,7.0,11.0,"(22,)",page5-85.svg,True,7.0
P1G005,P1R01112,9,1,page4-180.svg,False,0.6944444444444445,low,single-utterance-unidirectional,P1-059,P1-036,"['page8-246.svg', 'page7-125.svg', 'page6-160.svg', 'page5-85.svg', 'page1-185.svg', 'page5-139.svg', 'page4-180.svg', 'page5-154.svg', 'page7-177.svg', 'page7-126.svg']",10.0,looks like a W or a butterfly,7.0,21.0,"(34,)",page4-180.svg,True,7.0
P1G037,P1R00253,3,0,page4-241.svg,False,0.995,high,single-utterance-unidirectional,P1-037,P1-002,"['page6-171.svg', 'page4-241.svg', 'page5-102.svg', 'page2-133.svg', 'page1-95.svg', 'page6-219.svg', 'page7-216.svg', 'page2-86.svg', 'page8-21.svg', 'page4-180.svg']",13.0,Top middle cross with legs,5.0,25.0,"(36,)",page7-216.svg,False,5.0
P1G056,P1R00610,24,4,page5-232.svg,False,0.7277777777777779,low,single-utterance-unidirectional,P1-018,P1-005,"['page7-22.svg', 'page3-66.svg', 'page5-232.svg', 'page7-225.svg', 'page8-248.svg', 'page4-142.svg', 'page7-157.svg', 'page8-21.svg', 'page5-45.svg', 'page5-85.svg']",3.0,Up Arrow,2.0,4.0,"(15,)",page5-232.svg,True,2.0
P1G054,P1R01439,3,0,page1-77.svg,True,0.6833333333333333,low,single-utterance-unidirectional,P1-030,P1-106,"['page3-70.svg', 'page3-12.svg', 'page7-29.svg', 'page1-77.svg', 'page6-23.svg', 'page7-73.svg', 'page3-33.svg', 'page5-65.svg', 'page4-190.svg', 'page5-40.svg']",10.0,Arrow pointing upwards,3.0,19.0,"(24,)",page1-77.svg,True,3.0
P1G022,P1R00779,6,1,page3-33.svg,False,0.6111111111111112,low,single-utterance-unidirectional,P1-082,P1-072,"['page6-196.svg', 'page4-98.svg', 'page5-80.svg', 'page4-96.svg', 'page6-52.svg', 'page2-85.svg', 'page6-109.svg', 'page5-65.svg', 'page3-33.svg', 'page7-41.svg']",7.0,the same one you described before,6.0,14.0,"(25,)",page3-33.svg,True,6.0
P1G040,P1R00967,16,2,page3-12.svg,False,1.0,high,single-utterance-unidirectional,P1-083,P1-092,"['page5-65.svg', 'page7-29.svg', 'page7-73.svg', 'page6-23.svg', 'page5-40.svg', 'page1-77.svg', 'page4-190.svg', 'page3-70.svg', 'page3-12.svg', 'page3-33.svg']",6.0,arrow pointing down with a rectangle,6.0,13.0,"(27,)",page3-12.svg,True,6.0
P1G038,P1R00048,3,0,page4-232.svg,False,1.0,high,single-utterance-unidirectional,P1-085,P1-035,"['page8-159.svg', 'page8-58.svg', 'page5-165.svg', 'page7-127.svg', 'page7-157.svg', 'page9-40.svg', 'page3-70.svg', 'page4-232.svg', 'page8-234.svg', 'page5-45.svg']",10.0,A Christmas tree.,3.0,13.0,"(25,)",page4-232.svg,True,3.0
P1G050,P1R00586,1,0,page1-30.svg,False,1.0,high,single-utterance-unidirectional,P1-090,P1-017,"['page8-247.svg', 'page6-206.svg', 'page1-117.svg', 'page2-140.svg', 'page1-30.svg', 'page9-39.svg', 'page1-185.svg', 'page3-33.svg', 'page6-228.svg', 'page7-81.svg']",10.0,It looks like an arrow pointing up,7.0,20.0,"(23,)",page1-30.svg,True,7.0
P1G038,P1R00032,14,2,page7-157.svg,False,0.6037037037037036,low,single-utterance-unidirectional,P1-085,P1-035,"['page8-159.svg', 'page8-58.svg', 'page5-165.svg', 'page7-127.svg', 'page7-157.svg', 'page9-40.svg', 'page3-70.svg', 'page4-232.svg', 'page8-234.svg', 'page5-45.svg']",12.0,The giant gem/diamond.,3.0,17.0,"(23,)",page7-157.svg,True,3.0
P1G025,P1R00302,10,1,page1-30.svg,False,1.0,high,single-utterance-unidirectional,P1-056,P1-112,"['page1-117.svg', 'page6-206.svg', 'page1-30.svg', 'page7-81.svg', 'page9-39.svg', 'page8-247.svg', 'page2-140.svg', 'page6-228.svg', 'page1-185.svg', 'page3-33.svg']",12.0,two liines joining and coming into an arrow,8.0,23.0,"(37,)",page1-30.svg,True,8.0
P1G037,P1R01021,7,1,page4-180.svg,True,0.6944444444444445,low,single-utterance-unidirectional,P1-002,P1-037,"['page5-102.svg', 'page2-133.svg', 'page4-241.svg', 'page6-171.svg', 'page7-216.svg', 'page2-86.svg', 'page6-219.svg', 'page4-180.svg', 'page1-95.svg', 'page8-21.svg']",16.0,Looks like a bird with opened wings,7.0,38.0,"(46,)",page4-180.svg,True,7.0
P1G035,P1R00922,28,4,page1-133.svg,False,0.5444444444444445,low,single-utterance-unidirectional,P1-040,P1-119,"['page1-77.svg', 'page8-183.svg', 'page6-206.svg', 'page6-121.svg', 'page6-135.svg', 'page7-79.svg', 'page1-133.svg', 'page4-5.svg', 'page7-202.svg', 'page7-20.svg']",7.0,house with roof,3.0,10.0,"(22,)",page1-133.svg,True,3.0
P1G001,P1R01544,29,4,page8-58.svg,False,0.7259259259259259,low,single-utterance-unidirectional,P1-053,P1-007,"['page2-36.svg', 'page4-197.svg', 'page1-150.svg', 'page3-33.svg', 'page5-153.svg', 'page6-124.svg', 'page7-107.svg', 'page5-40.svg', 'page8-58.svg', 'page5-45.svg']",2.0,Man walking to the right.,9.0,18.0,"(22,)",page8-58.svg,True,5.0
P1G037,P1R00600,2,0,page2-86.svg,False,0.7777777777777777,low,single-utterance-unidirectional,P1-037,P1-002,"['page6-171.svg', 'page4-241.svg', 'page5-102.svg', 'page2-133.svg', 'page1-95.svg', 'page6-219.svg', 'page7-216.svg', 'page2-86.svg', 'page8-21.svg', 'page4-180.svg']",12.0,Bottom left corner looks like a two headed dog,9.0,30.0,"(53,)",page2-86.svg,True,9.0
P1G047,P1R00474,20,3,page2-165.svg,False,0.7499999999999999,low,single-utterance-unidirectional,P1-102,P1-080,"['page3-70.svg', 'page8-21.svg', 'page5-101.svg', 'page2-165.svg', 'page1-95.svg', 'page8-156.svg', 'page7-40.svg', 'page6-171.svg', 'page3-61.svg', 'page7-29.svg']",9.0,hat,1.0,10.0,"(13,)",page2-165.svg,True,1.0
P1G024,P1R00987,26,4,page5-26.svg,False,0.7518518518518518,low,single-utterance-unidirectional,P1-089,P1-026,"['page5-154.svg', 'page8-56.svg', 'page3-70.svg', 'page7-216.svg', 'page7-115.svg', 'page5-26.svg', 'page6-204.svg', 'page7-55.svg', 'page5-86.svg', 'page7-166.svg']",5.0,looks like a jet travelling downwards,6.0,18.0,"(23,)",page5-26.svg,True,6.0
P1G046,P1R00456,7,1,page8-38.svg,False,0.5777777777777778,low,single-utterance-unidirectional,P1-045,P1-015,"['page7-20.svg', 'page8-54.svg', 'page7-40.svg', 'page1-175.svg', 'page8-38.svg', 'page7-15.svg', 'page8-183.svg', 'page3-52.svg', 'page4-244.svg', 'page5-36.svg']",12.0,egyptian cat with pointy ears,5.0,21.0,"(33,)",page8-38.svg,True,5.0
P1G007,P1R00085,3,0,page8-169.svg,False,1.0,high,single-utterance-unidirectional,P1-067,P1-115,"['page6-71.svg', 'page7-15.svg', 'page8-169.svg', 'page5-66.svg', 'page7-20.svg', 'page9-39.svg', 'page5-153.svg', 'page3-12.svg', 'page6-160.svg', 'page5-84.svg']",7.0,looks like letter C,4.0,16.0,"(23,)",page8-169.svg,True,4.0
P1G020,P1R01090,27,4,page6-52.svg,False,1.0,high,single-utterance-unidirectional,P1-101,P1-051,"['page7-186.svg', 'page7-36.svg', 'page1-133.svg', 'page1-186.svg', 'page7-126.svg', 'page6-186.svg', 'page2-165.svg', 'page6-52.svg', 'page2-136.svg', 'page6-219.svg']",8.0,strange arrow pointing top left,5.0,15.0,,,,5.0
P1G043,P1R01306,8,1,page7-177.svg,True,1.0,high,single-utterance-unidirectional,P1-066,P1-075,"['page6-162.svg', 'page7-226.svg', 'page7-177.svg', 'page8-156.svg', 'page7-53.svg', 'page7-41.svg', 'page7-36.svg', 'page-F.svg', 'page7-145.svg', 'page8-192.svg']",19.0,It looks like half a square with a squareat the front,11.0,39.0,"(47,)",page7-177.svg,True,11.0
P1G010,P1R00437,15,2,page5-153.svg,False,0.6425925925925926,low,single-utterance-unidirectional,P1-044,P1-032,"['page3-61.svg', 'page7-202.svg', 'page4-190.svg', 'page2-16.svg', 'page7-126.svg', 'page7-166.svg', 'page1-95.svg', 'page5-96.svg', 'page5-153.svg', 'page7-127.svg']",8.0,"A crab, with two pincers in the air (or a boat with no sails)",14.0,22.0,,,,14.0
P1G040,P1R01529,28,4,page7-29.svg,False,1.0,high,single-utterance-unidirectional,P1-083,P1-092,"['page5-65.svg', 'page7-29.svg', 'page7-73.svg', 'page6-23.svg', 'page5-40.svg', 'page1-77.svg', 'page4-190.svg', 'page3-70.svg', 'page3-12.svg', 'page3-33.svg']",5.0,axe,1.0,7.0,"(24,)",page7-29.svg,True,1.0
P1G057,P1R00966,7,1,page4-190.svg,True,1.0,high,single-utterance-unidirectional,P1-043,P1-087,"['page3-70.svg', 'page3-12.svg', 'page7-29.svg', 'page1-77.svg', 'page6-23.svg', 'page7-73.svg', 'page3-33.svg', 'page5-65.svg', 'page4-190.svg', 'page5-40.svg']",8.0,3 edges pointing up,4.0,17.0,"(23,)",page4-190.svg,True,4.0
P1G014,P1R00805,19,3,page5-84.svg,False,0.5111111111111112,low,single-utterance-unidirectional,P1-103,P1-049,"['page5-153.svg', 'page8-169.svg', 'page3-12.svg', 'page6-71.svg', 'page7-15.svg', 'page6-160.svg', 'page7-20.svg', 'page9-39.svg', 'page5-84.svg', 'page5-66.svg']",7.0,the horse dog thing,4.0,15.0,"(25,)",page5-84.svg,True,4.0
P1G032,P1R00442,29,4,page7-79.svg,False,0.7777777777777777,low,single-utterance-unidirectional,P1-118,P1-022,"['page1-77.svg', 'page8-183.svg', 'page6-206.svg', 'page6-121.svg', 'page6-135.svg', 'page7-79.svg', 'page1-133.svg', 'page4-5.svg', 'page7-202.svg', 'page7-20.svg']",21.0,Kind of like somebody laying down with one leg kicking up in the air,14.0,24.0,"(39,)",page6-135.svg,False,14.0
P1G036,P1R00093,13,2,page1-30.svg,False,1.0,high,single-utterance-unidirectional,P1-029,P1-114,"['page8-247.svg', 'page6-206.svg', 'page1-117.svg', 'page2-140.svg', 'page1-30.svg', 'page9-39.svg', 'page1-185.svg', 'page3-33.svg', 'page6-228.svg', 'page7-81.svg']",10.0,Like a tree.,3.0,13.0,"(24,)",page1-30.svg,True,3.0
P1G015,P1R00760,28,4,page1-48.svg,False,1.0,high,single-utterance-unidirectional,P1-028,P1-025,"['page7-44.svg', 'page7-55.svg', 'page6-206.svg', 'page1-48.svg', 'page8-38.svg', 'page5-45.svg', 'page9-40.svg', 'page1-133.svg', 'page-F.svg', 'page4-195.svg']",3.0,tent,1.0,4.0,"(14,)",page1-48.svg,True,1.0
P1G030,P1R01730,3,0,page8-38.svg,True,0.5777777777777778,low,single-utterance-unidirectional,P1-050,P1-063,"['page6-208.svg', 'page3-33.svg', 'page7-107.svg', 'page2-20.svg', 'page8-169.svg', 'page8-38.svg', 'page7-41.svg', 'page5-86.svg', 'page7-125.svg', 'page5-165.svg']",5.0,A very skinny cat,4.0,8.0,"(18,)",page8-38.svg,True,4.0
P1G015,P1R01071,20,3,page4-195.svg,False,1.0,high,single-utterance-unidirectional,P1-025,P1-028,"['page1-48.svg', 'page1-133.svg', 'page9-40.svg', 'page8-38.svg', 'page7-44.svg', 'page-F.svg', 'page5-45.svg', 'page4-195.svg', 'page6-206.svg', 'page7-55.svg']",8.0,rifle,1.0,9.0,"(12,)",page4-195.svg,True,1.0
P1G026,P1R00063,10,1,page1-133.svg,False,0.5444444444444445,low,single-utterance-unidirectional,P1-091,P1-011,"['page1-48.svg', 'page1-133.svg', 'page9-40.svg', 'page8-38.svg', 'page7-44.svg', 'page-F.svg', 'page5-45.svg', 'page4-195.svg', 'page6-206.svg', 'page7-55.svg']",10.0,a house without the pointy part at the top. All solid.,11.0,18.0,"(23,)",page1-133.svg,True,11.0
P1G033,P1R01592,23,3,page8-248.svg,False,0.6851851851851852,low,single-utterance-unidirectional,P1-105,P1-099,"['page5-45.svg', 'page8-21.svg', 'page4-142.svg', 'page5-85.svg', 'page7-22.svg', 'page5-232.svg', 'page7-157.svg', 'page3-66.svg', 'page8-248.svg', 'page7-225.svg']",11.0,Horse,1.0,14.0,"(24,)",page8-248.svg,True,1.0
P1G041,P1R01228,28,4,page2-20.svg,False,1.0,high,single-utterance-unidirectional,P1-004,P1-113,"['page6-208.svg', 'page5-165.svg', 'page7-41.svg', 'page8-169.svg', 'page8-38.svg', 'page5-86.svg', 'page7-125.svg', 'page2-20.svg', 'page3-33.svg', 'page7-107.svg']",4.0,Good ole' dragon on the mountain top,7.0,16.0,"(23,)",page2-20.svg,True,7.0
P1G053,P1R01759,19,3,page2-140.svg,False,1.0,high,single-utterance-unidirectional,P1-064,P1-061,"['page1-117.svg', 'page6-206.svg', 'page1-30.svg', 'page7-81.svg', 'page9-39.svg', 'page8-247.svg', 'page2-140.svg', 'page6-228.svg', 'page1-185.svg', 'page3-33.svg']",15.0,a boat with no sail,5.0,32.0,"(44,)",page2-140.svg,True,5.0
P1G006,P1R01693,21,3,page6-71.svg,False,1.0,high,single-utterance-unidirectional,P1-073,P1-077,"['page6-226.svg', 'page5-96.svg', 'page6-206.svg', 'page7-53.svg', 'page6-71.svg', 'page7-73.svg', 'page8-159.svg', 'page5-128.svg', 'page8-58.svg', 'page1-150.svg']",8.0,A bat or butterfly,4.0,13.0,"(24,)",page6-71.svg,True,4.0
P1G013,P1R00913,15,2,page5-153.svg,True,0.6425925925925926,low,single-utterance-unidirectional,P1-109,P1-034,"['page5-153.svg', 'page8-169.svg', 'page3-12.svg', 'page6-71.svg', 'page7-15.svg', 'page6-160.svg', 'page7-20.svg', 'page9-39.svg', 'page5-84.svg', 'page5-66.svg']",25.0,the letter u,3.0,33.0,"(39,)",page5-153.svg,True,3.0
P1G010,P1R00919,4,0,page4-190.svg,False,1.0,high,single-utterance-unidirectional,P1-044,P1-032,"['page3-61.svg', 'page7-202.svg', 'page4-190.svg', 'page2-16.svg', 'page7-126.svg', 'page7-166.svg', 'page1-95.svg', 'page5-96.svg', 'page5-153.svg', 'page7-127.svg']",19.0,three triangles on top. Maybe a hedgehog?,7.0,32.0,,,,7.0
P1G017,P1R00802,23,3,page7-216.svg,True,1.0,high,single-utterance-unidirectional,P1-048,P1-070,"['page5-86.svg', 'page8-56.svg', 'page7-216.svg', 'page7-55.svg', 'page5-154.svg', 'page3-70.svg', 'page6-204.svg', 'page7-166.svg', 'page5-26.svg', 'page7-115.svg']",9.0,upside down arrow,3.0,14.0,"(19,)",page7-216.svg,True,3.0
P1G031,P1R01082,4,0,page5-85.svg,True,0.5166666666666668,low,single-utterance-unidirectional,P1-079,P1-008,"['page8-246.svg', 'page7-125.svg', 'page6-160.svg', 'page5-85.svg', 'page1-185.svg', 'page5-139.svg', 'page4-180.svg', 'page5-154.svg', 'page7-177.svg', 'page7-126.svg']",7.0,"Looks like a cat, tail on left and head with ears on right",13.0,25.0,"(30,)",page5-85.svg,True,13.0
P1G049,P1R00182,7,1,page7-145.svg,True,0.7666666666666666,low,single-utterance-unidirectional,P1-110,P1-047,"['page8-246.svg', 'page7-125.svg', 'page6-122.svg', 'page7-226.svg', 'page7-145.svg', 'page8-21.svg', 'page5-101.svg', 'page6-160.svg', 'page9-40.svg', 'page8-183.svg']",25.0,Chicken with eggs,3.0,28.0,"(37,)",page8-21.svg,False,3.0
P1G010,P1R00820,28,4,page7-126.svg,False,0.6666666666666667,low,single-utterance-unidirectional,P1-044,P1-032,"['page3-61.svg', 'page7-202.svg', 'page4-190.svg', 'page2-16.svg', 'page7-126.svg', 'page7-166.svg', 'page1-95.svg', 'page5-96.svg', 'page5-153.svg', 'page7-127.svg']",5.0,"A bird standing on one leg, looking left",8.0,14.0,"(49,)",page7-126.svg,True,8.0
P1G058,P1R00002,8,1,page5-26.svg,False,0.7518518518518518,low,single-utterance-unidirectional,P1-054,P1-071,"['page4-11.svg', 'page6-219.svg', 'page1-95.svg', 'page1-77.svg', 'page2-36.svg', 'page1-34.svg', 'page9-40.svg', 'page5-85.svg', 'page5-26.svg', 'page2-133.svg']",11.0,love heart with a point at the top,8.0,25.0,"(34,)",page5-26.svg,True,8.0
P1G041,P1R01460,14,2,page5-86.svg,False,0.4833333333333334,low,single-utterance-unidirectional,P1-004,P1-113,"['page6-208.svg', 'page5-165.svg', 'page7-41.svg', 'page8-169.svg', 'page8-38.svg', 'page5-86.svg', 'page7-125.svg', 'page2-20.svg', 'page3-33.svg', 'page7-107.svg']",4.0,A swimming duck,3.0,9.0,"(12,)",page5-86.svg,True,3.0
P1G007,P1R01615,8,1,page8-169.svg,False,1.0,high,single-utterance-unidirectional,P1-115,P1-067,"['page5-153.svg', 'page8-169.svg', 'page3-12.svg', 'page6-71.svg', 'page7-15.svg', 'page6-160.svg', 'page7-20.svg', 'page9-39.svg', 'page5-84.svg', 'page5-66.svg']",8.0,The letter C again,4.0,11.0,"(23,)",page8-169.svg,True,4.0
P1G021,P1R01757,5,0,page7-127.svg,True,0.6222222222222222,low,single-utterance-unidirectional,P1-098,P1-096,"['page7-166.svg', 'page1-95.svg', 'page5-153.svg', 'page4-190.svg', 'page7-202.svg', 'page7-126.svg', 'page3-61.svg', 'page2-16.svg', 'page5-96.svg', 'page7-127.svg']",16.0,bird flying to the left,5.0,21.0,,,,5.0
P1G050,P1R00995,28,4,page1-117.svg,False,1.0,high,single-utterance-unidirectional,P1-090,P1-017,"['page8-247.svg', 'page6-206.svg', 'page1-117.svg', 'page2-140.svg', 'page1-30.svg', 'page9-39.svg', 'page1-185.svg', 'page3-33.svg', 'page6-228.svg', 'page7-81.svg']",10.0,Looks like a trophy,4.0,15.0,"(24,)",page1-117.svg,True,4.0
P1G020,P1R00482,12,2,page2-165.svg,True,0.7499999999999999,low,single-utterance-unidirectional,P1-051,P1-101,"['page6-52.svg', 'page7-36.svg', 'page6-186.svg', 'page2-136.svg', 'page1-186.svg', 'page2-165.svg', 'page6-219.svg', 'page1-133.svg', 'page7-126.svg', 'page7-186.svg']",6.0,paper boat,2.0,10.0,"(12,)",page2-165.svg,True,2.0
P1G005,P1R01409,24,4,page4-180.svg,False,0.6944444444444445,low,single-utterance-unidirectional,P1-036,P1-059,"['page5-139.svg', 'page5-154.svg', 'page7-126.svg', 'page8-246.svg', 'page6-160.svg', 'page7-125.svg', 'page5-85.svg', 'page4-180.svg', 'page1-185.svg', 'page7-177.svg']",5.0,W Butterfly,2.0,13.0,"(20,)",page4-180.svg,True,2.0
P1G037,P1R01608,0,0,page6-219.svg,False,1.0,high,single-utterance-unidirectional,P1-037,P1-002,"['page6-171.svg', 'page4-241.svg', 'page5-102.svg', 'page2-133.svg', 'page1-95.svg', 'page6-219.svg', 'page7-216.svg', 'page2-86.svg', 'page8-21.svg', 'page4-180.svg']",20.0,Upside down duck in the middle,6.0,26.0,"(54,)",page1-95.svg,False,6.0
P1G014,P1R00824,1,0,page6-160.svg,True,0.5592592592592593,low,single-utterance-unidirectional,P1-103,P1-049,"['page5-153.svg', 'page8-169.svg', 'page3-12.svg', 'page6-71.svg', 'page7-15.svg', 'page6-160.svg', 'page7-20.svg', 'page9-39.svg', 'page5-84.svg', 'page5-66.svg']",22.0,aperson lyingdown,2.0,30.0,"(44,)",page6-160.svg,True,2.0
P1G007,P1R01281,26,4,page5-84.svg,False,0.5111111111111112,low,single-utterance-unidirectional,P1-067,P1-115,"['page6-71.svg', 'page7-15.svg', 'page8-169.svg', 'page5-66.svg', 'page7-20.svg', 'page9-39.svg', 'page5-153.svg', 'page3-12.svg', 'page6-160.svg', 'page5-84.svg']",7.0,bird looking down,3.0,11.0,"(23,)",page5-84.svg,True,3.0
P1G045,P1R00712,17,2,page6-109.svg,False,1.0,high,single-utterance-unidirectional,P1-095,P1-001,"['page6-196.svg', 'page7-41.svg', 'page6-109.svg', 'page5-65.svg', 'page2-85.svg', 'page4-98.svg', 'page4-96.svg', 'page6-52.svg', 'page3-33.svg', 'page5-80.svg']",15.0,front of train,3.0,18.0,"(30,)",page6-109.svg,True,3.0
P1G060,P1R01054,4,0,page4-128.svg,False,1.0,high,single-utterance-unidirectional,P1-021,P1-012,"['page5-85.svg', 'page7-225.svg', 'page5-63.svg', 'page3-33.svg', 'page5-84.svg', 'page6-208.svg', 'page5-71.svg', 'page4-128.svg', 'page6-52.svg', 'page4-155.svg']",16.0,A square item with a spout. Like an oil can,11.0,35.0,"(43,)",page4-128.svg,True,10.0
P1G051,P1R01349,12,2,page7-113.svg,True,0.7636363636363637,low,single-utterance-unidirectional,P1-006,P1-042,"['page6-155.svg', 'page7-113.svg', 'page2-34.svg', 'page7-115.svg', 'page7-44.svg', 'page3-33.svg', 'page6-52.svg', 'page5-121.svg', 'page6-175.svg', 'page5-63.svg']",8.0,The one that actually looks like a horse,8.0,12.0,"(30,)",page7-113.svg,True,8.0
P1G047,P1R01316,14,2,page3-70.svg,False,1.0,high,single-utterance-unidirectional,P1-080,P1-102,"['page3-70.svg', 'page8-156.svg', 'page7-40.svg', 'page2-165.svg', 'page8-21.svg', 'page6-171.svg', 'page1-95.svg', 'page3-61.svg', 'page7-29.svg', 'page5-101.svg']",12.0,coffin,1.0,14.0,"(22,)",page3-70.svg,True,1.0
P1G044,P1R00716,13,2,page8-21.svg,False,0.5000000000000001,low,single-utterance-unidirectional,P1-078,P1-068,"['page6-122.svg', 'page9-40.svg', 'page7-226.svg', 'page7-125.svg', 'page8-246.svg', 'page6-160.svg', 'page7-145.svg', 'page5-101.svg', 'page8-183.svg', 'page8-21.svg']",12.0,rooster,1.0,21.0,,,,1.0
P1G034,P1R00407,13,2,page7-115.svg,False,0.6,low,single-utterance-unidirectional,P1-065,P1-084,"['page5-121.svg', 'page3-33.svg', 'page6-52.svg', 'page7-44.svg', 'page5-63.svg', 'page2-34.svg', 'page6-155.svg', 'page7-115.svg', 'page6-175.svg', 'page7-113.svg']",6.0,"it is a symmetrical shape with two points on the top and box legs, like a table or piece of furniture or something",23.0,21.0,"(37,)",page7-115.svg,True,23.0
P1G005,P1R01178,1,0,page5-139.svg,False,0.9925925925925926,high,single-utterance-unidirectional,P1-036,P1-059,"['page5-139.svg', 'page5-154.svg', 'page7-126.svg', 'page8-246.svg', 'page6-160.svg', 'page7-125.svg', 'page5-85.svg', 'page4-180.svg', 'page1-185.svg', 'page7-177.svg']",23.0,,,,,,,
P1G031,P1R00953,9,1,page4-180.svg,False,0.6944444444444445,low,single-utterance-unidirectional,P1-079,P1-008,"['page8-246.svg', 'page7-125.svg', 'page6-160.svg', 'page5-85.svg', 'page1-185.svg', 'page5-139.svg', 'page4-180.svg', 'page5-154.svg', 'page7-177.svg', 'page7-126.svg']",4.0,Butterfly,1.0,9.0,"(11,)",page4-180.svg,True,1.0
P1G029,P1R00129,2,0,page7-53.svg,True,0.7333333333333332,low,single-utterance-unidirectional,P1-094,P1-052,"['page6-162.svg', 'page7-226.svg', 'page7-177.svg', 'page8-156.svg', 'page7-53.svg', 'page7-41.svg', 'page7-36.svg', 'page-F.svg', 'page7-145.svg', 'page8-192.svg']",20.0,,,,,,,
P1G034,P1R00982,27,4,page7-44.svg,True,1.0,high,single-utterance-unidirectional,P1-084,P1-065,"['page6-155.svg', 'page7-113.svg', 'page2-34.svg', 'page7-115.svg', 'page7-44.svg', 'page3-33.svg', 'page6-52.svg', 'page5-121.svg', 'page6-175.svg', 'page5-63.svg']",5.0,It is a square box sitting on top of two triangles on both sides,14.0,22.0,"(34,)",page7-44.svg,True,14.0
P1G011,P1R00753,28,4,page6-124.svg,False,1.0,high,single-utterance-unidirectional,P1-088,P1-041,"['page2-36.svg', 'page4-197.svg', 'page1-150.svg', 'page3-33.svg', 'page5-153.svg', 'page6-124.svg', 'page7-107.svg', 'page5-40.svg', 'page8-58.svg', 'page5-45.svg']",10.0,white rectangle,2.0,16.0,"(53,)",page7-107.svg,False,2.0
P1G038,P1R01661,10,1,page9-40.svg,False,1.0,high,single-utterance-unidirectional,P1-035,P1-085,"['page5-165.svg', 'page8-159.svg', 'page5-45.svg', 'page4-232.svg', 'page9-40.svg', 'page7-127.svg', 'page7-157.svg', 'page8-234.svg', 'page3-70.svg', 'page8-58.svg']",20.0,candlestick with triangles coming out each side,7.0,34.0,"(43,)",page9-40.svg,True,7.0
P1G037,P1R01668,15,2,page6-219.svg,False,1.0,high,single-utterance-unidirectional,P1-037,P1-002,"['page6-171.svg', 'page4-241.svg', 'page5-102.svg', 'page2-133.svg', 'page1-95.svg', 'page6-219.svg', 'page7-216.svg', 'page2-86.svg', 'page8-21.svg', 'page4-180.svg']",12.0,Upside traffic light middle row,5.0,20.0,"(32,)",page7-216.svg,False,5.0
P1G003,P1R01528,0,0,page5-153.svg,False,0.6425925925925926,low,single-utterance-unidirectional,P1-057,P1-031,"['page3-61.svg', 'page7-202.svg', 'page4-190.svg', 'page2-16.svg', 'page7-126.svg', 'page7-166.svg', 'page1-95.svg', 'page5-96.svg', 'page5-153.svg', 'page7-127.svg']",9.0,It looks like a dogs head facing straight with two ears pointing inwards,13.0,33.0,"(56,)",page7-166.svg,False,13.0
P1G015,P1R01192,24,4,page1-133.svg,False,0.5444444444444445,low,single-utterance-unidirectional,P1-028,P1-025,"['page7-44.svg', 'page7-55.svg', 'page6-206.svg', 'page1-48.svg', 'page8-38.svg', 'page5-45.svg', 'page9-40.svg', 'page1-133.svg', 'page-F.svg', 'page4-195.svg']",3.0,Blackened house,2.0,6.0,"(11,)",page1-133.svg,True,2.0
P1G039,P1R00730,25,4,page6-71.svg,False,1.0,high,single-utterance-unidirectional,P1-120,P1-062,"['page8-58.svg', 'page5-96.svg', 'page8-159.svg', 'page7-53.svg', 'page1-150.svg', 'page6-226.svg', 'page7-73.svg', 'page6-206.svg', 'page5-128.svg', 'page6-71.svg']",3.0,Giant bat with wings,4.0,6.0,"(14,)",page6-71.svg,True,4.0
P1G003,P1R00711,22,3,page4-190.svg,False,1.0,high,single-utterance-unidirectional,P1-031,P1-057,"['page7-166.svg', 'page1-95.svg', 'page5-153.svg', 'page4-190.svg', 'page7-202.svg', 'page7-126.svg', 'page3-61.svg', 'page2-16.svg', 'page5-96.svg', 'page7-127.svg']",13.0,SPIKY HAIR LOOKING RIGHT,4.0,16.0,"(23,)",page4-190.svg,True,4.0
P1G051,P1R01667,14,2,page5-63.svg,False,0.9935185185185184,high,single-utterance-unidirectional,P1-042,P1-006,"['page5-121.svg', 'page3-33.svg', 'page6-52.svg', 'page7-44.svg', 'page5-63.svg', 'page2-34.svg', 'page6-155.svg', 'page7-115.svg', 'page6-175.svg', 'page7-113.svg']",39.0,,,,,,,
P1G001,P1R01717,20,3,page2-36.svg,True,0.6666666666666667,low,single-utterance-unidirectional,P1-007,P1-053,"['page5-40.svg', 'page7-107.svg', 'page8-58.svg', 'page2-36.svg', 'page6-124.svg', 'page3-33.svg', 'page5-45.svg', 'page4-197.svg', 'page1-150.svg', 'page5-153.svg']",3.0,looks like a lowercase h,5.0,11.0,"(12,)",page2-36.svg,True,5.0
P1G009,P1R00756,25,4,page4-128.svg,False,1.0,high,single-utterance-unidirectional,P1-104,P1-019,"['page5-85.svg', 'page7-225.svg', 'page5-63.svg', 'page3-33.svg', 'page5-84.svg', 'page6-208.svg', 'page5-71.svg', 'page4-128.svg', 'page6-52.svg', 'page4-155.svg']",8.0,"large printer, square on top",5.0,16.0,"(25,)",page4-128.svg,True,5.0
P1G050,P1R01421,18,3,page1-30.svg,False,1.0,high,single-utterance-unidirectional,P1-017,P1-090,"['page1-117.svg', 'page6-206.svg', 'page1-30.svg', 'page7-81.svg', 'page9-39.svg', 'page8-247.svg', 'page2-140.svg', 'page6-228.svg', 'page1-185.svg', 'page3-33.svg']",,,,,,,,
P1G053,P1R01276,24,4,page2-140.svg,False,1.0,high,single-utterance-unidirectional,P1-061,P1-064,"['page8-247.svg', 'page6-206.svg', 'page1-117.svg', 'page2-140.svg', 'page1-30.svg', 'page9-39.svg', 'page1-185.svg', 'page3-33.svg', 'page6-228.svg', 'page7-81.svg']",6.0,boat with no sail,4.0,9.0,"(23,)",page2-140.svg,True,4.0
P1G033,P1R01404,12,2,page3-66.svg,False,1.0,high,single-utterance-unidirectional,P1-099,P1-105,"['page7-22.svg', 'page3-66.svg', 'page5-232.svg', 'page7-225.svg', 'page8-248.svg', 'page4-142.svg', 'page7-157.svg', 'page8-21.svg', 'page5-45.svg', 'page5-85.svg']",5.0,rectangle with missing part on right,6.0,14.0,"(26,)",page3-66.svg,True,6.0
P1G023,P1R01363,3,0,page5-36.svg,False,1.0,high,single-utterance-unidirectional,P1-117,P1-003,"['page1-175.svg', 'page7-15.svg', 'page3-52.svg', 'page8-54.svg', 'page4-244.svg', 'page5-36.svg', 'page7-40.svg', 'page8-183.svg', 'page8-38.svg', 'page7-20.svg']",16.0,Upside down T on top of a diamond,8.0,28.0,"(40,)",page5-36.svg,True,8.0
P1G017,P1R00897,28,4,page7-55.svg,False,0.7333333333333333,low,single-utterance-unidirectional,P1-070,P1-048,"['page5-154.svg', 'page8-56.svg', 'page3-70.svg', 'page7-216.svg', 'page7-115.svg', 'page5-26.svg', 'page6-204.svg', 'page7-55.svg', 'page5-86.svg', 'page7-166.svg']",2.0,snake,1.0,3.0,"(5,)",page7-55.svg,True,1.0
P1G015,P1R01099,9,1,page-F.svg,False,0.6685185185185186,low,single-utterance-unidirectional,P1-025,P1-028,"['page1-48.svg', 'page1-133.svg', 'page9-40.svg', 'page8-38.svg', 'page7-44.svg', 'page-F.svg', 'page5-45.svg', 'page4-195.svg', 'page6-206.svg', 'page7-55.svg']",12.0,A guy sitting down with his head tilted,8.0,19.0,"(23,)",page-F.svg,True,8.0
P1G058,P1R00889,14,2,page4-11.svg,False,0.738888888888889,low,single-utterance-unidirectional,P1-071,P1-054,"['page1-77.svg', 'page6-219.svg', 'page2-36.svg', 'page1-95.svg', 'page1-34.svg', 'page5-26.svg', 'page4-11.svg', 'page5-85.svg', 'page9-40.svg', 'page2-133.svg']",11.0,Bottom right filled in with square on top,8.0,22.0,"(36,)",page4-11.svg,True,8.0
P1G046,P1R00573,11,1,page4-244.svg,True,0.3777777777777778,low,single-utterance-unidirectional,P1-045,P1-015,"['page7-20.svg', 'page8-54.svg', 'page7-40.svg', 'page1-175.svg', 'page8-38.svg', 'page7-15.svg', 'page8-183.svg', 'page3-52.svg', 'page4-244.svg', 'page5-36.svg']",12.0,a giraffe with his neck to the left,8.0,21.0,"(34,)",page4-244.svg,True,8.0
P1G011,P1R00542,18,3,page8-58.svg,False,0.7259259259259259,low,single-utterance-unidirectional,P1-041,P1-088,"['page5-40.svg', 'page7-107.svg', 'page8-58.svg', 'page2-36.svg', 'page6-124.svg', 'page3-33.svg', 'page5-45.svg', 'page4-197.svg', 'page1-150.svg', 'page5-153.svg']",5.0,person walking right,3.0,14.0,"(27,)",page8-58.svg,True,3.0
P1G006,P1R01736,4,0,page6-206.svg,True,0.7333333333333333,low,single-utterance-unidirectional,P1-073,P1-077,"['page6-226.svg', 'page5-96.svg', 'page6-206.svg', 'page7-53.svg', 'page6-71.svg', 'page7-73.svg', 'page8-159.svg', 'page5-128.svg', 'page8-58.svg', 'page1-150.svg']",,,,,,,,
P1G043,P1R00634,2,0,page7-53.svg,True,0.7333333333333332,low,single-utterance-unidirectional,P1-066,P1-075,"['page6-162.svg', 'page7-226.svg', 'page7-177.svg', 'page8-156.svg', 'page7-53.svg', 'page7-41.svg', 'page7-36.svg', 'page-F.svg', 'page7-145.svg', 'page8-192.svg']",11.0,Looks like a bridge with a triangle in the middle.,10.0,27.0,"(44,)",page7-53.svg,True,10.0
P1G032,P1R00362,25,4,page8-183.svg,False,1.0,high,single-utterance-unidirectional,P1-118,P1-022,"['page1-77.svg', 'page8-183.svg', 'page6-206.svg', 'page6-121.svg', 'page6-135.svg', 'page7-79.svg', 'page1-133.svg', 'page4-5.svg', 'page7-202.svg', 'page7-20.svg']",10.0,Big letter P,3.0,12.0,"(18,)",page8-183.svg,True,3.0
P1G055,P1R00127,0,0,page2-34.svg,False,0.7611111111111111,low,single-utterance-unidirectional,P1-111,P1-100,"['page5-121.svg', 'page3-33.svg', 'page6-52.svg', 'page7-44.svg', 'page5-63.svg', 'page2-34.svg', 'page6-155.svg', 'page7-115.svg', 'page6-175.svg', 'page7-113.svg']",15.0,"middle row, 3rd from the left",6.0,26.0,"(40,)",page7-44.svg,False,6.0
P1G045,P1R01533,4,0,page4-98.svg,False,0.7222222222222223,low,single-utterance-unidirectional,P1-095,P1-001,"['page6-196.svg', 'page7-41.svg', 'page6-109.svg', 'page5-65.svg', 'page2-85.svg', 'page4-98.svg', 'page4-96.svg', 'page6-52.svg', 'page3-33.svg', 'page5-80.svg']",10.0,a tall candle in a small holder,7.0,31.0,"(44,)",page4-98.svg,True,7.0
P1G042,P1R00691,15,2,page8-182.svg,True,0.5333333333333334,low,single-utterance-unidirectional,P1-023,P1-039,"['page8-182.svg', 'page5-139.svg', 'page6-1.svg', 'page7-127.svg', 'page5-56.svg', 'page3-201.svg', 'page7-125.svg', 'page5-84.svg', 'page6-162.svg', 'page8-206.svg']",4.0,the letter S,3.0,6.0,"(13,)",page8-182.svg,True,3.0
P1G020,P1R00602,15,2,page6-186.svg,False,0.7546296296296297,low,single-utterance-unidirectional,P1-101,P1-051,"['page7-186.svg', 'page7-36.svg', 'page1-133.svg', 'page1-186.svg', 'page7-126.svg', 'page6-186.svg', 'page2-165.svg', 'page6-52.svg', 'page2-136.svg', 'page6-219.svg']",9.0,man walking left,3.0,13.0,"(43,)",page6-186.svg,True,3.0
P1G017,P1R00864,25,4,page7-166.svg,False,1.0,high,single-utterance-unidirectional,P1-070,P1-048,"['page5-154.svg', 'page8-56.svg', 'page3-70.svg', 'page7-216.svg', 'page7-115.svg', 'page5-26.svg', 'page6-204.svg', 'page7-55.svg', 'page5-86.svg', 'page7-166.svg']",5.0,Graduation,1.0,7.0,"(9,)",page7-166.svg,True,1.0
P1G036,P1R01094,11,1,page8-247.svg,True,0.6333333333333334,low,single-utterance-unidirectional,P1-114,P1-029,"['page1-117.svg', 'page6-206.svg', 'page1-30.svg', 'page7-81.svg', 'page9-39.svg', 'page8-247.svg', 'page2-140.svg', 'page6-228.svg', 'page1-185.svg', 'page3-33.svg']",8.0,like a horse,3.0,10.0,"(13,)",page8-247.svg,True,3.0
P1G055,P1R01125,18,3,page5-63.svg,False,0.9935185185185184,high,single-utterance-unidirectional,P1-100,P1-111,"['page6-155.svg', 'page7-113.svg', 'page2-34.svg', 'page7-115.svg', 'page7-44.svg', 'page3-33.svg', 'page6-52.svg', 'page5-121.svg', 'page6-175.svg', 'page5-63.svg']",15.0,pyramid with a spear tip,5.0,21.0,"(34,)",page5-63.svg,True,5.0
P1G056,P1R01023,27,4,page8-248.svg,False,0.6851851851851852,low,single-utterance-unidirectional,P1-018,P1-005,"['page7-22.svg', 'page3-66.svg', 'page5-232.svg', 'page7-225.svg', 'page8-248.svg', 'page4-142.svg', 'page7-157.svg', 'page8-21.svg', 'page5-45.svg', 'page5-85.svg']",7.0,Running horse,2.0,13.0,"(23,)",page8-248.svg,True,2.0
P1G002,P1R00632,28,4,page6-21.svg,False,1.0,high,single-utterance-unidirectional,P1-081,P1-013,"['page8-234.svg', 'page1-132.svg', 'page5-85.svg', 'page6-21.svg', 'page6-185.svg', 'page6-52.svg', 'page5-63.svg', 'page7-113.svg', 'page6-228.svg', 'page7-203.svg']",5.0,"Block on left, triangle on right and bottom",8.0,21.0,"(28,)",page6-21.svg,True,8.0
P1G044,P1R01035,21,3,page6-122.svg,False,0.5666666666666667,low,single-utterance-unidirectional,P1-068,P1-078,"['page8-246.svg', 'page7-125.svg', 'page6-122.svg', 'page7-226.svg', 'page7-145.svg', 'page8-21.svg', 'page5-101.svg', 'page6-160.svg', 'page9-40.svg', 'page8-183.svg']",6.0,house,1.0,7.0,"(12,)",page6-122.svg,True,1.0
P1G048,P1R00541,17,2,page5-155.svg,False,0.5777777777777778,low,single-utterance-unidirectional,P1-016,P1-097,"['page6-245.svg', 'page6-107.svg', 'page4-142.svg', 'page7-177.svg', 'page8-18.svg', 'page5-80.svg', 'page7-217.svg', 'page5-155.svg', 'page2-131.svg', 'page6-109.svg']",18.0,a tree with the top right corner missing,8.0,26.0,,,,8.0
P1G042,P1R00619,28,4,page3-201.svg,False,0.5548148148148148,low,single-utterance-unidirectional,P1-039,P1-023,"['page7-127.svg', 'page5-84.svg', 'page3-201.svg', 'page5-56.svg', 'page6-1.svg', 'page6-162.svg', 'page8-182.svg', 'page7-125.svg', 'page5-139.svg', 'page8-206.svg']",13.0,A rabbit,2.0,16.0,"(23,)",page3-201.svg,True,2.0
P1G033,P1R01551,22,3,page3-66.svg,False,1.0,high,single-utterance-unidirectional,P1-105,P1-099,"['page5-45.svg', 'page8-21.svg', 'page4-142.svg', 'page5-85.svg', 'page7-22.svg', 'page5-232.svg', 'page7-157.svg', 'page3-66.svg', 'page8-248.svg', 'page7-225.svg']",10.0,Rectangle bit missing on right,5.0,21.0,"(32,)",page3-66.svg,True,5.0
P1G022,P1R01256,18,3,page6-109.svg,False,1.0,high,single-utterance-unidirectional,P1-082,P1-072,"['page6-196.svg', 'page4-98.svg', 'page5-80.svg', 'page4-96.svg', 'page6-52.svg', 'page2-85.svg', 'page6-109.svg', 'page5-65.svg', 'page3-33.svg', 'page7-41.svg']",4.0,the same one u have described,6.0,11.0,"(18,)",page6-109.svg,True,6.0
P1G054,P1R00043,7,1,page4-190.svg,True,1.0,high,single-utterance-unidirectional,P1-030,P1-106,"['page3-70.svg', 'page3-12.svg', 'page7-29.svg', 'page1-77.svg', 'page6-23.svg', 'page7-73.svg', 'page3-33.svg', 'page5-65.svg', 'page4-190.svg', 'page5-40.svg']",16.0,3 triangles at the top pointing upwards and slightly right,10.0,32.0,"(44,)",page4-190.svg,True,10.0
P1G023,P1R00354,23,3,page7-20.svg,False,1.0,high,single-utterance-unidirectional,P1-003,P1-117,"['page7-20.svg', 'page8-54.svg', 'page7-40.svg', 'page1-175.svg', 'page8-38.svg', 'page7-15.svg', 'page8-183.svg', 'page3-52.svg', 'page4-244.svg', 'page5-36.svg']",20.0,Bigger parellogram,2.0,26.0,"(34,)",page7-20.svg,True,2.0
P1G021,P1R00643,24,4,page3-61.svg,False,1.0,high,single-utterance-unidirectional,P1-096,P1-098,"['page3-61.svg', 'page7-202.svg', 'page4-190.svg', 'page2-16.svg', 'page7-126.svg', 'page7-166.svg', 'page1-95.svg', 'page5-96.svg', 'page5-153.svg', 'page7-127.svg']",5.0,"corner triangle on the left, connected to a table on the right",12.0,20.0,"(24,)",page3-61.svg,True,12.0
P1G028,P1R01594,26,4,page6-206.svg,False,0.7333333333333333,low,single-utterance-unidirectional,P1-069,P1-027,"['page1-77.svg', 'page8-183.svg', 'page6-206.svg', 'page6-121.svg', 'page6-135.svg', 'page7-79.svg', 'page1-133.svg', 'page4-5.svg', 'page7-202.svg', 'page7-20.svg']",9.0,Triangle cut out,3.0,15.0,"(26,)",page6-206.svg,True,3.0
P1G030,P1R00100,27,4,page8-169.svg,False,1.0,high,single-utterance-unidirectional,P1-063,P1-050,"['page6-208.svg', 'page5-165.svg', 'page7-41.svg', 'page8-169.svg', 'page8-38.svg', 'page5-86.svg', 'page7-125.svg', 'page2-20.svg', 'page3-33.svg', 'page7-107.svg']",12.0,crescent moon,2.0,15.0,"(22,)",page8-169.svg,True,2.0
P1G011,P1R00110,25,4,page5-45.svg,False,1.0,high,single-utterance-unidirectional,P1-088,P1-041,"['page2-36.svg', 'page4-197.svg', 'page1-150.svg', 'page3-33.svg', 'page5-153.svg', 'page6-124.svg', 'page7-107.svg', 'page5-40.svg', 'page8-58.svg', 'page5-45.svg']",10.0,House,1.0,12.0,"(24,)",page5-45.svg,True,1.0
P1G045,P1R01517,9,1,page6-52.svg,False,1.0,high,single-utterance-unidirectional,P1-001,P1-095,"['page6-196.svg', 'page4-98.svg', 'page5-80.svg', 'page4-96.svg', 'page6-52.svg', 'page2-85.svg', 'page6-109.svg', 'page5-65.svg', 'page3-33.svg', 'page7-41.svg']",11.0,the weirdest one again,4.0,20.0,"(24,)",page6-52.svg,True,4.0
P1G028,P1R01338,27,4,page6-135.svg,False,1.0,high,single-utterance-unidirectional,P1-069,P1-027,"['page1-77.svg', 'page8-183.svg', 'page6-206.svg', 'page6-121.svg', 'page6-135.svg', 'page7-79.svg', 'page1-133.svg', 'page4-5.svg', 'page7-202.svg', 'page7-20.svg']",8.0,Ears,1.0,10.0,"(15,)",page6-135.svg,True,1.0
P1G013,P1R00910,25,4,page7-20.svg,False,1.0,high,single-utterance-unidirectional,P1-034,P1-109,"['page6-71.svg', 'page7-15.svg', 'page8-169.svg', 'page5-66.svg', 'page7-20.svg', 'page9-39.svg', 'page5-153.svg', 'page3-12.svg', 'page6-160.svg', 'page5-84.svg']",7.0,Polygon leaning right,3.0,15.0,"(22,)",page7-20.svg,True,3.0
P1G051,P1R00993,2,0,page5-121.svg,False,0.9925925925925926,high,single-utterance-unidirectional,P1-042,P1-006,"['page5-121.svg', 'page3-33.svg', 'page6-52.svg', 'page7-44.svg', 'page5-63.svg', 'page2-34.svg', 'page6-155.svg', 'page7-115.svg', 'page6-175.svg', 'page7-113.svg']",,,,,,,,
P1G010,P1R01659,6,1,page7-126.svg,False,0.6666666666666667,low,single-utterance-unidirectional,P1-032,P1-044,"['page7-166.svg', 'page1-95.svg', 'page5-153.svg', 'page4-190.svg', 'page7-202.svg', 'page7-126.svg', 'page3-61.svg', 'page2-16.svg', 'page5-96.svg', 'page7-127.svg']",10.0,"a bigger bird sitting, facing left",6.0,27.0,"(42,)",page7-126.svg,True,6.0
P1G023,P1R01403,21,3,page7-15.svg,True,0.5935185185185186,low,single-utterance-unidirectional,P1-003,P1-117,"['page7-20.svg', 'page8-54.svg', 'page7-40.svg', 'page1-175.svg', 'page8-38.svg', 'page7-15.svg', 'page8-183.svg', 'page3-52.svg', 'page4-244.svg', 'page5-36.svg']",10.0,Mountain range,2.0,15.0,"(23,)",page7-15.svg,True,2.0
P1G031,P1R01139,5,0,page1-185.svg,False,0.6611111111111112,low,single-utterance-unidirectional,P1-008,P1-079,"['page5-139.svg', 'page5-154.svg', 'page7-126.svg', 'page8-246.svg', 'page6-160.svg', 'page7-125.svg', 'page5-85.svg', 'page4-180.svg', 'page1-185.svg', 'page7-177.svg']",9.0,has the shape of a diamond,6.0,30.0,"(41,)",page1-185.svg,True,6.0
P1G005,P1R00168,27,4,page7-177.svg,False,1.0,high,single-utterance-unidirectional,P1-036,P1-059,"['page5-139.svg', 'page5-154.svg', 'page7-126.svg', 'page8-246.svg', 'page6-160.svg', 'page7-125.svg', 'page5-85.svg', 'page4-180.svg', 'page1-185.svg', 'page7-177.svg']",8.0,Divining rod,2.0,17.0,"(26,)",page7-177.svg,True,2.0
P1G030,P1R00731,12,2,page3-33.svg,True,0.6111111111111112,low,single-utterance-unidirectional,P1-050,P1-063,"['page6-208.svg', 'page3-33.svg', 'page7-107.svg', 'page2-20.svg', 'page8-169.svg', 'page8-38.svg', 'page7-41.svg', 'page5-86.svg', 'page7-125.svg', 'page5-165.svg']",6.0,A ribbon or medal on a mountain range with three mountains,11.0,16.0,"(27,)",page3-33.svg,True,11.0
P1G005,P1R00332,2,0,page7-126.svg,False,0.6666666666666667,low,single-utterance-unidirectional,P1-036,P1-059,"['page5-139.svg', 'page5-154.svg', 'page7-126.svg', 'page8-246.svg', 'page6-160.svg', 'page7-125.svg', 'page5-85.svg', 'page4-180.svg', 'page1-185.svg', 'page7-177.svg']",6.0,A bird looking left,4.0,18.0,"(29,)",page7-126.svg,True,4.0
P1G038,P1R01658,24,4,page8-234.svg,False,0.0,low,single-utterance-unidirectional,P1-085,P1-035,"['page8-159.svg', 'page8-58.svg', 'page5-165.svg', 'page7-127.svg', 'page7-157.svg', 'page9-40.svg', 'page3-70.svg', 'page4-232.svg', 'page8-234.svg', 'page5-45.svg']",4.0,The dog-sphinx thing.,3.0,8.0,"(15,)",page8-234.svg,True,3.0
P1G030,P1R01218,15,2,page7-125.svg,False,0.9935185185185184,high,single-utterance-unidirectional,P1-063,P1-050,"['page6-208.svg', 'page5-165.svg', 'page7-41.svg', 'page8-169.svg', 'page8-38.svg', 'page5-86.svg', 'page7-125.svg', 'page2-20.svg', 'page3-33.svg', 'page7-107.svg']",6.0,cliff edge with straight edges on 3 sides,8.0,15.0,"(22,)",page7-125.svg,True,8.0
P1G050,P1R00523,6,1,page2-140.svg,False,1.0,high,single-utterance-unidirectional,P1-017,P1-090,"['page1-117.svg', 'page6-206.svg', 'page1-30.svg', 'page7-81.svg', 'page9-39.svg', 'page8-247.svg', 'page2-140.svg', 'page6-228.svg', 'page1-185.svg', 'page3-33.svg']",8.0,It looks like a bed with a leg on top,10.0,24.0,"(39,)",page2-140.svg,True,10.0
P1G047,P1R00856,12,2,page6-171.svg,False,0.4148148148148148,low,single-utterance-unidirectional,P1-080,P1-102,"['page3-70.svg', 'page8-156.svg', 'page7-40.svg', 'page2-165.svg', 'page8-21.svg', 'page6-171.svg', 'page1-95.svg', 'page3-61.svg', 'page7-29.svg', 'page5-101.svg']",4.0,person,1.0,5.0,"(16,)",page6-171.svg,True,1.0
P1G005,P1R00666,17,2,page5-139.svg,False,0.9925925925925926,high,single-utterance-unidirectional,P1-036,P1-059,"['page5-139.svg', 'page5-154.svg', 'page7-126.svg', 'page8-246.svg', 'page6-160.svg', 'page7-125.svg', 'page5-85.svg', 'page4-180.svg', 'page1-185.svg', 'page7-177.svg']",7.0,Fountain with tube coming out of bottom,7.0,25.0,"(33,)",page5-139.svg,True,7.0
P1G046,P1R01069,23,3,page7-20.svg,False,1.0,high,single-utterance-unidirectional,P1-045,P1-015,"['page7-20.svg', 'page8-54.svg', 'page7-40.svg', 'page1-175.svg', 'page8-38.svg', 'page7-15.svg', 'page8-183.svg', 'page3-52.svg', 'page4-244.svg', 'page5-36.svg']",9.0,building falling to the right,5.0,16.0,"(22,)",page7-20.svg,True,5.0
P1G051,P1R00930,17,2,page2-34.svg,False,0.7611111111111111,low,single-utterance-unidirectional,P1-042,P1-006,"['page5-121.svg', 'page3-33.svg', 'page6-52.svg', 'page7-44.svg', 'page5-63.svg', 'page2-34.svg', 'page6-155.svg', 'page7-115.svg', 'page6-175.svg', 'page7-113.svg']",9.0,,,,,,,
P1G003,P1R01269,8,1,page4-190.svg,False,1.0,high,single-utterance-unidirectional,P1-031,P1-057,"['page7-166.svg', 'page1-95.svg', 'page5-153.svg', 'page4-190.svg', 'page7-202.svg', 'page7-126.svg', 'page3-61.svg', 'page2-16.svg', 'page5-96.svg', 'page7-127.svg']",8.0,SPIKY HAIR LOOKING TO THE RIGHT,6.0,13.0,"(22,)",page4-190.svg,True,6.0
P1G057,P1R01063,10,1,page3-12.svg,False,1.0,high,single-utterance-unidirectional,P1-043,P1-087,"['page3-70.svg', 'page3-12.svg', 'page7-29.svg', 'page1-77.svg', 'page6-23.svg', 'page7-73.svg', 'page3-33.svg', 'page5-65.svg', 'page4-190.svg', 'page5-40.svg']",10.0,arrow pointing down with a straight top edge,8.0,19.0,"(24,)",page3-12.svg,True,8.0
P1G021,P1R01632,15,2,page5-153.svg,False,0.6425925925925926,low,single-utterance-unidirectional,P1-096,P1-098,"['page3-61.svg', 'page7-202.svg', 'page4-190.svg', 'page2-16.svg', 'page7-126.svg', 'page7-166.svg', 'page1-95.svg', 'page5-96.svg', 'page5-153.svg', 'page7-127.svg']",7.0,upside down crab,3.0,11.0,"(22,)",page5-153.svg,True,3.0
P1G049,P1R01670,14,2,page8-183.svg,True,1.0,high,single-utterance-unidirectional,P1-110,P1-047,"['page8-246.svg', 'page7-125.svg', 'page6-122.svg', 'page7-226.svg', 'page7-145.svg', 'page8-21.svg', 'page5-101.svg', 'page6-160.svg', 'page9-40.svg', 'page8-183.svg']",,,,,,,,
P1G027,P1R01236,8,1,page4-142.svg,False,1.0,high,single-utterance-unidirectional,P1-060,P1-055,"['page7-55.svg', 'page7-202.svg', 'page1-107.svg', 'page6-122.svg', 'page2-140.svg', 'page8-246.svg', 'page1-172.svg', 'page3-201.svg', 'page8-159.svg', 'page4-142.svg']",16.0,horn going down left,4.0,23.0,"(35,)",page4-142.svg,True,4.0
P1G033,P1R00510,4,0,page5-232.svg,False,0.7277777777777779,low,single-utterance-unidirectional,P1-099,P1-105,"['page7-22.svg', 'page3-66.svg', 'page5-232.svg', 'page7-225.svg', 'page8-248.svg', 'page4-142.svg', 'page7-157.svg', 'page8-21.svg', 'page5-45.svg', 'page5-85.svg']",10.0,Up-Arrow,1.0,13.0,"(23,)",page5-232.svg,True,1.0
P1G059,P1R01636,9,1,page9-39.svg,False,0.7407407407407408,low,single-utterance-unidirectional,P1-058,P1-038,"['page1-117.svg', 'page6-206.svg', 'page1-30.svg', 'page7-81.svg', 'page9-39.svg', 'page8-247.svg', 'page2-140.svg', 'page6-228.svg', 'page1-185.svg', 'page3-33.svg']",9.0,Pipe looking left,3.0,14.0,"(23,)",page9-39.svg,True,3.0
P1G054,P1R00767,23,3,page7-29.svg,False,1.0,high,single-utterance-unidirectional,P1-030,P1-106,"['page3-70.svg', 'page3-12.svg', 'page7-29.svg', 'page1-77.svg', 'page6-23.svg', 'page7-73.svg', 'page3-33.svg', 'page5-65.svg', 'page4-190.svg', 'page5-40.svg']",6.0,That weird pointing to 7pm shape,6.0,12.0,"(23,)",page7-29.svg,True,6.0
P1G015,P1R01097,26,4,page-F.svg,False,0.6685185185185186,low,single-utterance-unidirectional,P1-028,P1-025,"['page7-44.svg', 'page7-55.svg', 'page6-206.svg', 'page1-48.svg', 'page8-38.svg', 'page5-45.svg', 'page9-40.svg', 'page1-133.svg', 'page-F.svg', 'page4-195.svg']",11.0,Man sitting with bent knees,5.0,15.0,"(22,)",page-F.svg,True,5.0
P1G036,P1R00209,14,2,page1-117.svg,False,1.0,high,single-utterance-unidirectional,P1-029,P1-114,"['page8-247.svg', 'page6-206.svg', 'page1-117.svg', 'page2-140.svg', 'page1-30.svg', 'page9-39.svg', 'page1-185.svg', 'page3-33.svg', 'page6-228.svg', 'page7-81.svg']",15.0,like a column holding a building,6.0,27.0,"(33,)",page1-117.svg,True,6.0
P1G016,P1R00925,13,2,page4-128.svg,False,1.0,high,single-utterance-unidirectional,P1-014,P1-046,"['page5-85.svg', 'page7-225.svg', 'page5-63.svg', 'page3-33.svg', 'page5-84.svg', 'page6-208.svg', 'page5-71.svg', 'page4-128.svg', 'page6-52.svg', 'page4-155.svg']",12.0,Thermos with handle,3.0,21.0,"(25,)",page4-128.svg,True,3.0
P1G044,P1R00149,23,3,page6-160.svg,False,0.5592592592592593,low,single-utterance-unidirectional,P1-068,P1-078,"['page8-246.svg', 'page7-125.svg', 'page6-122.svg', 'page7-226.svg', 'page7-145.svg', 'page8-21.svg', 'page5-101.svg', 'page6-160.svg', 'page9-40.svg', 'page8-183.svg']",5.0,person lying on their side,5.0,10.0,"(12,)",page6-160.svg,True,5.0
P1G018,P1R01390,7,1,page4-180.svg,True,0.6944444444444445,low,single-utterance-unidirectional,P1-010,P1-093,"['page5-102.svg', 'page2-133.svg', 'page4-241.svg', 'page6-171.svg', 'page7-216.svg', 'page2-86.svg', 'page6-219.svg', 'page4-180.svg', 'page1-95.svg', 'page8-21.svg']",,,,,,,,
P1G041,P1R00102,8,1,page5-165.svg,True,0.7777777777777777,low,single-utterance-unidirectional,P1-113,P1-004,"['page6-208.svg', 'page3-33.svg', 'page7-107.svg', 'page2-20.svg', 'page8-169.svg', 'page8-38.svg', 'page7-41.svg', 'page5-86.svg', 'page7-125.svg', 'page5-165.svg']",7.0,A rocket blasting off,4.0,14.0,"(26,)",page5-165.svg,True,4.0
P1G019,P1R00479,2,0,page2-86.svg,False,0.7777777777777777,low,single-utterance-unidirectional,P1-020,P1-033,"['page5-165.svg', 'page5-101.svg', 'page2-86.svg', 'page6-166.svg', 'page7-126.svg', 'page8-169.svg', 'page4-180.svg', 'page6-167.svg', 'page3-139.svg', 'page1-117.svg']",8.0,Like a couch with square top and pointy legs,9.0,27.0,"(41,)",page2-86.svg,True,9.0
P1G008,P1R00522,29,4,page6-206.svg,False,0.7333333333333333,low,single-utterance-unidirectional,P1-074,P1-116,"['page7-44.svg', 'page7-55.svg', 'page6-206.svg', 'page1-48.svg', 'page8-38.svg', 'page5-45.svg', 'page9-40.svg', 'page1-133.svg', 'page-F.svg', 'page4-195.svg']",17.0,traffic light,2.0,18.0,"(25,)",page6-206.svg,True,2.0
P1G031,P1R00202,0,0,page7-177.svg,False,1.0,high,single-utterance-unidirectional,P1-008,P1-079,"['page5-139.svg', 'page5-154.svg', 'page7-126.svg', 'page8-246.svg', 'page6-160.svg', 'page7-125.svg', 'page5-85.svg', 'page4-180.svg', 'page1-185.svg', 'page7-177.svg']",11.0,a magnet with a little square with it facing the left,11.0,32.0,"(47,)",page6-160.svg,False,11.0
P1G036,P1R01780,15,2,page9-39.svg,False,0.7407407407407408,low,single-utterance-unidirectional,P1-029,P1-114,"['page8-247.svg', 'page6-206.svg', 'page1-117.svg', 'page2-140.svg', 'page1-30.svg', 'page9-39.svg', 'page1-185.svg', 'page3-33.svg', 'page6-228.svg', 'page7-81.svg']",9.0,like a pipe,3.0,12.0,"(24,)",page9-39.svg,True,3.0
P1G060,P1R00303,29,4,page5-84.svg,False,0.5111111111111112,low,single-utterance-unidirectional,P1-021,P1-012,"['page5-85.svg', 'page7-225.svg', 'page5-63.svg', 'page3-33.svg', 'page5-84.svg', 'page6-208.svg', 'page5-71.svg', 'page4-128.svg', 'page6-52.svg', 'page4-155.svg']",3.0,Horse,1.0,5.0,"(14,)",page5-84.svg,True,1.0
P1G018,P1R00486,6,1,page4-241.svg,False,0.995,high,single-utterance-unidirectional,P1-010,P1-093,"['page5-102.svg', 'page2-133.svg', 'page4-241.svg', 'page6-171.svg', 'page7-216.svg', 'page2-86.svg', 'page6-219.svg', 'page4-180.svg', 'page1-95.svg', 'page8-21.svg']",,,,,,,,
P1G016,P1R01449,20,3,page3-33.svg,True,0.6111111111111112,low,single-utterance-unidirectional,P1-046,P1-014,"['page5-63.svg', 'page6-208.svg', 'page4-128.svg', 'page5-71.svg', 'page3-33.svg', 'page6-52.svg', 'page5-84.svg', 'page5-85.svg', 'page4-155.svg', 'page7-225.svg']",32.0,a mountain range with a little square character on top,10.0,44.0,,,,10.0
P1G019,P1R01319,8,1,page7-126.svg,False,0.6666666666666667,low,single-utterance-unidirectional,P1-033,P1-020,"['page2-86.svg', 'page7-126.svg', 'page5-101.svg', 'page8-169.svg', 'page3-139.svg', 'page6-166.svg', 'page6-167.svg', 'page4-180.svg', 'page5-165.svg', 'page1-117.svg']",9.0,Like a bird,3.0,12.0,"(22,)",page7-126.svg,True,3.0
P1G049,P1R00550,10,1,page6-122.svg,False,0.5666666666666667,low,single-utterance-unidirectional,P1-110,P1-047,"['page8-246.svg', 'page7-125.svg', 'page6-122.svg', 'page7-226.svg', 'page7-145.svg', 'page8-21.svg', 'page5-101.svg', 'page6-160.svg', 'page9-40.svg', 'page8-183.svg']",15.0,House with chimney,3.0,20.0,"(24,)",page6-122.svg,True,3.0
P1G025,P1R00697,29,4,page6-228.svg,True,1.0,high,single-utterance-unidirectional,P1-056,P1-112,"['page1-117.svg', 'page6-206.svg', 'page1-30.svg', 'page7-81.svg', 'page9-39.svg', 'page8-247.svg', 'page2-140.svg', 'page6-228.svg', 'page1-185.svg', 'page3-33.svg']",5.0,a black square with another white square inside,8.0,18.0,"(29,)",page6-228.svg,True,8.0
P1G009,P1R01471,14,2,page5-84.svg,False,0.5111111111111112,low,single-utterance-unidirectional,P1-104,P1-019,"['page5-85.svg', 'page7-225.svg', 'page5-63.svg', 'page3-33.svg', 'page5-84.svg', 'page6-208.svg', 'page5-71.svg', 'page4-128.svg', 'page6-52.svg', 'page4-155.svg']",5.0,"horse, triangle head on top right",6.0,13.0,"(29,)",page5-84.svg,True,6.0
P1G059,P1R01072,7,1,page3-33.svg,False,0.6111111111111112,low,single-utterance-unidirectional,P1-058,P1-038,"['page1-117.svg', 'page6-206.svg', 'page1-30.svg', 'page7-81.svg', 'page9-39.svg', 'page8-247.svg', 'page2-140.svg', 'page6-228.svg', 'page1-185.svg', 'page3-33.svg']",7.0,Three triangles with square above,5.0,14.0,"(24,)",page3-33.svg,True,5.0
P1G029,P1R01479,20,3,page7-41.svg,False,0.7555555555555555,low,single-utterance-unidirectional,P1-094,P1-052,"['page6-162.svg', 'page7-226.svg', 'page7-177.svg', 'page8-156.svg', 'page7-53.svg', 'page7-41.svg', 'page7-36.svg', 'page-F.svg', 'page7-145.svg', 'page8-192.svg']",11.0,house boat with arrow pointing up,6.0,20.0,"(34,)",page7-41.svg,True,6.0
P1G004,P1R01420,12,2,page7-116.svg,False,1.0,high,single-utterance-unidirectional,P1-009,P1-086,"['page5-40.svg', 'page5-26.svg', 'page7-20.svg', 'page7-125.svg', 'page2-100.svg', 'page4-244.svg', 'page7-126.svg', 'page7-116.svg', 'page8-169.svg', 'page7-202.svg']",26.0,diamond with triangle on both sides,6.0,32.0,"(42,)",page7-116.svg,True,6.0
P1G057,P1R00113,6,1,page7-29.svg,False,1.0,high,single-utterance-unidirectional,P1-043,P1-087,"['page3-70.svg', 'page3-12.svg', 'page7-29.svg', 'page1-77.svg', 'page6-23.svg', 'page7-73.svg', 'page3-33.svg', 'page5-65.svg', 'page4-190.svg', 'page5-40.svg']",5.0,multiple edges pointing to the left,6.0,16.0,"(30,)",page7-29.svg,True,6.0
P1G060,P1R01741,27,4,page5-85.svg,False,0.5166666666666668,low,single-utterance-unidirectional,P1-021,P1-012,"['page5-85.svg', 'page7-225.svg', 'page5-63.svg', 'page3-33.svg', 'page5-84.svg', 'page6-208.svg', 'page5-71.svg', 'page4-128.svg', 'page6-52.svg', 'page4-155.svg']",9.0,Fox,1.0,10.0,"(12,)",page5-85.svg,True,1.0
P1G007,P1R01484,1,0,page6-160.svg,True,0.5592592592592593,low,single-utterance-unidirectional,P1-115,P1-067,"['page5-153.svg', 'page8-169.svg', 'page3-12.svg', 'page6-71.svg', 'page7-15.svg', 'page6-160.svg', 'page7-20.svg', 'page9-39.svg', 'page5-84.svg', 'page5-66.svg']",11.0,"person swimming to the left with a head, body and legs",11.0,20.0,"(30,)",page6-160.svg,True,11.0
P1G031,P1R01600,23,3,page1-185.svg,False,0.6611111111111112,low,single-utterance-unidirectional,P1-079,P1-008,"['page8-246.svg', 'page7-125.svg', 'page6-160.svg', 'page5-85.svg', 'page1-185.svg', 'page5-139.svg', 'page4-180.svg', 'page5-154.svg', 'page7-177.svg', 'page7-126.svg']",6.0,diamond,1.0,10.0,"(14,)",page1-185.svg,True,1.0
P1G003,P1R00159,18,3,page7-126.svg,False,0.6666666666666667,low,single-utterance-unidirectional,P1-031,P1-057,"['page7-166.svg', 'page1-95.svg', 'page5-153.svg', 'page4-190.svg', 'page7-202.svg', 'page7-126.svg', 'page3-61.svg', 'page2-16.svg', 'page5-96.svg', 'page7-127.svg']",6.0,BIRD LOOKING TO LEFT ONE FOOT,6.0,12.0,"(22,)",page7-126.svg,True,6.0
P1G041,P1R01728,21,3,page7-41.svg,False,0.7555555555555555,low,single-utterance-unidirectional,P1-113,P1-004,"['page6-208.svg', 'page3-33.svg', 'page7-107.svg', 'page2-20.svg', 'page8-169.svg', 'page8-38.svg', 'page7-41.svg', 'page5-86.svg', 'page7-125.svg', 'page5-165.svg']",10.0,The classic house boat.,4.0,13.0,"(23,)",page7-41.svg,True,4.0
P1G030,P1R01694,2,0,page8-169.svg,False,1.0,high,single-utterance-unidirectional,P1-063,P1-050,"['page6-208.svg', 'page5-165.svg', 'page7-41.svg', 'page8-169.svg', 'page8-38.svg', 'page5-86.svg', 'page7-125.svg', 'page2-20.svg', 'page3-33.svg', 'page7-107.svg']",12.0,a crescent moon pointing to the right,7.0,22.0,"(33,)",page8-169.svg,True,7.0
P1G018,P1R01124,23,3,page8-21.svg,True,0.5000000000000001,low,single-utterance-unidirectional,P1-010,P1-093,"['page5-102.svg', 'page2-133.svg', 'page4-241.svg', 'page6-171.svg', 'page7-216.svg', 'page2-86.svg', 'page6-219.svg', 'page4-180.svg', 'page1-95.svg', 'page8-21.svg']",,,,,,,,
P1G033,P1R00942,6,1,page8-21.svg,True,0.5000000000000001,low,single-utterance-unidirectional,P1-105,P1-099,"['page5-45.svg', 'page8-21.svg', 'page4-142.svg', 'page5-85.svg', 'page7-22.svg', 'page5-232.svg', 'page7-157.svg', 'page3-66.svg', 'page8-248.svg', 'page7-225.svg']",12.0,Hen shape,2.0,23.0,"(29,)",page8-21.svg,True,2.0
P1G033,P1R00013,17,2,page7-22.svg,True,0.9935185185185184,high,single-utterance-unidirectional,P1-105,P1-099,"['page5-45.svg', 'page8-21.svg', 'page4-142.svg', 'page5-85.svg', 'page7-22.svg', 'page5-232.svg', 'page7-157.svg', 'page3-66.svg', 'page8-248.svg', 'page7-225.svg']",10.0,First time for this one - chimney on serrated triangles,10.0,34.0,"(41,)",page7-22.svg,True,10.0
P1G025,P1R00927,4,0,page2-140.svg,False,1.0,high,single-utterance-unidirectional,P1-112,P1-056,"['page8-247.svg', 'page6-206.svg', 'page1-117.svg', 'page2-140.svg', 'page1-30.svg', 'page9-39.svg', 'page1-185.svg', 'page3-33.svg', 'page6-228.svg', 'page7-81.svg']",17.0,water tanks with a look out tower,7.0,30.0,"(39,)",page3-33.svg,False,7.0
P1G027,P1R00837,4,0,page2-140.svg,True,1.0,high,single-utterance-unidirectional,P1-060,P1-055,"['page7-55.svg', 'page7-202.svg', 'page1-107.svg', 'page6-122.svg', 'page2-140.svg', 'page8-246.svg', 'page1-172.svg', 'page3-201.svg', 'page8-159.svg', 'page4-142.svg']",11.0,house with tall wonky chimney,5.0,21.0,"(42,)",page6-122.svg,False,5.0
P1G032,P1R01006,17,2,page6-135.svg,False,1.0,high,single-utterance-unidirectional,P1-118,P1-022,"['page1-77.svg', 'page8-183.svg', 'page6-206.svg', 'page6-121.svg', 'page6-135.svg', 'page7-79.svg', 'page1-133.svg', 'page4-5.svg', 'page7-202.svg', 'page7-20.svg']",14.0,Loosely looks like a spaceship upside down,7.0,17.0,"(34,)",page6-135.svg,True,7.0
P1G055,P1R00024,3,0,page5-63.svg,False,0.9935185185185184,high,single-utterance-unidirectional,P1-111,P1-100,"['page5-121.svg', 'page3-33.svg', 'page6-52.svg', 'page7-44.svg', 'page5-63.svg', 'page2-34.svg', 'page6-155.svg', 'page7-115.svg', 'page6-175.svg', 'page7-113.svg']",12.0,"hard one, looks like a pyramid with an extra shape on the bottom left corner",15.0,30.0,"(36,)",page5-63.svg,True,15.0
P1G055,P1R01008,10,1,page5-121.svg,False,0.9925925925925926,high,single-utterance-unidirectional,P1-100,P1-111,"['page6-155.svg', 'page7-113.svg', 'page2-34.svg', 'page7-115.svg', 'page7-44.svg', 'page3-33.svg', 'page6-52.svg', 'page5-121.svg', 'page6-175.svg', 'page5-63.svg']",8.0,ninja star,2.0,16.0,"(24,)",page5-121.svg,True,2.0
P1G025,P1R01491,8,1,page1-117.svg,False,1.0,high,single-utterance-unidirectional,P1-056,P1-112,"['page1-117.svg', 'page6-206.svg', 'page1-30.svg', 'page7-81.svg', 'page9-39.svg', 'page8-247.svg', 'page2-140.svg', 'page6-228.svg', 'page1-185.svg', 'page3-33.svg']",9.0,cotton reel,2.0,13.0,"(29,)",page1-117.svg,True,2.0
P1G018,P1R00363,26,4,page6-171.svg,False,0.4148148148148148,low,single-utterance-unidirectional,P1-093,P1-010,"['page6-171.svg', 'page4-241.svg', 'page5-102.svg', 'page2-133.svg', 'page1-95.svg', 'page6-219.svg', 'page7-216.svg', 'page2-86.svg', 'page8-21.svg', 'page4-180.svg']",,,,,,,,
P1G052,P1R00840,0,0,page7-20.svg,False,1.0,high,single-utterance-unidirectional,P1-108,P1-107,"['page6-71.svg', 'page7-15.svg', 'page8-169.svg', 'page5-66.svg', 'page7-20.svg', 'page9-39.svg', 'page5-153.svg', 'page3-12.svg', 'page6-160.svg', 'page5-84.svg']",,,,,,,,
P1G003,P1R01386,6,1,page7-126.svg,False,0.6666666666666667,low,single-utterance-unidirectional,P1-031,P1-057,"['page7-166.svg', 'page1-95.svg', 'page5-153.svg', 'page4-190.svg', 'page7-202.svg', 'page7-126.svg', 'page3-61.svg', 'page2-16.svg', 'page5-96.svg', 'page7-127.svg']",8.0,ITS THE BIRD FACING TO THE LEFT WITH ONE FOOT,10.0,17.0,"(25,)",page7-126.svg,True,10.0
P1G025,P1R01433,23,3,page3-33.svg,False,0.6111111111111112,low,single-utterance-unidirectional,P1-056,P1-112,"['page1-117.svg', 'page6-206.svg', 'page1-30.svg', 'page7-81.svg', 'page9-39.svg', 'page8-247.svg', 'page2-140.svg', 'page6-228.svg', 'page1-185.svg', 'page3-33.svg']",3.0,three mountains,2.0,7.0,"(13,)",page3-33.svg,True,2.0
P1G059,P1R00699,0,0,page1-117.svg,False,1.0,high,single-utterance-unidirectional,P1-038,P1-058,"['page8-247.svg', 'page6-206.svg', 'page1-117.svg', 'page2-140.svg', 'page1-30.svg', 'page9-39.svg', 'page1-185.svg', 'page3-33.svg', 'page6-228.svg', 'page7-81.svg']",17.0,Looks like a vase with points larger at the top,10.0,29.0,"(33,)",page1-117.svg,True,10.0
P1G019,P1R01026,20,3,page7-126.svg,False,0.6666666666666667,low,single-utterance-unidirectional,P1-033,P1-020,"['page2-86.svg', 'page7-126.svg', 'page5-101.svg', 'page8-169.svg', 'page3-139.svg', 'page6-166.svg', 'page6-167.svg', 'page4-180.svg', 'page5-165.svg', 'page1-117.svg']",7.0,Bird shaped one,3.0,11.0,"(23,)",page7-126.svg,True,3.0
P1G032,P1R00304,24,4,page7-202.svg,True,1.0,high,single-utterance-unidirectional,P1-022,P1-118,"['page7-202.svg', 'page8-183.svg', 'page7-79.svg', 'page6-121.svg', 'page1-133.svg', 'page6-206.svg', 'page7-20.svg', 'page6-135.svg', 'page1-77.svg', 'page4-5.svg']",15.0,Looks like a something drilling into the ground,8.0,26.0,"(37,)",page1-77.svg,False,8.0
P1G059,P1R00417,2,0,page6-206.svg,True,0.7333333333333333,low,single-utterance-unidirectional,P1-058,P1-038,"['page1-117.svg', 'page6-206.svg', 'page1-30.svg', 'page7-81.svg', 'page9-39.svg', 'page8-247.svg', 'page2-140.svg', 'page6-228.svg', 'page1-185.svg', 'page3-33.svg']",12.0,Rectangle with triangle cut out',5.0,19.0,"(32,)",page3-33.svg,False,5.0
P1G042,P1R00841,20,3,page6-1.svg,False,0.9935185185185184,high,single-utterance-unidirectional,P1-023,P1-039,"['page8-182.svg', 'page5-139.svg', 'page6-1.svg', 'page7-127.svg', 'page5-56.svg', 'page3-201.svg', 'page7-125.svg', 'page5-84.svg', 'page6-162.svg', 'page8-206.svg']",8.0,a backwards seven,3.0,11.0,"(22,)",page6-1.svg,True,3.0
P1G054,P1R01720,21,3,page3-12.svg,False,1.0,high,single-utterance-unidirectional,P1-030,P1-106,"['page3-70.svg', 'page3-12.svg', 'page7-29.svg', 'page1-77.svg', 'page6-23.svg', 'page7-73.svg', 'page3-33.svg', 'page5-65.svg', 'page4-190.svg', 'page5-40.svg']",9.0,Arrow pointing down,3.0,12.0,"(22,)",page3-12.svg,True,3.0
P1G008,P1R01440,3,0,page1-133.svg,False,0.5444444444444445,low,single-utterance-unidirectional,P1-074,P1-116,"['page7-44.svg', 'page7-55.svg', 'page6-206.svg', 'page1-48.svg', 'page8-38.svg', 'page5-45.svg', 'page9-40.svg', 'page1-133.svg', 'page-F.svg', 'page4-195.svg']",10.0,house,1.0,15.0,"(20,)",page1-133.svg,True,1.0
P1G057,P1R00921,29,4,page3-12.svg,False,1.0,high,single-utterance-unidirectional,P1-087,P1-043,"['page5-65.svg', 'page7-29.svg', 'page7-73.svg', 'page6-23.svg', 'page5-40.svg', 'page1-77.svg', 'page4-190.svg', 'page3-70.svg', 'page3-12.svg', 'page3-33.svg']",10.0,Arrow facing down with a flat top,7.0,17.0,"(26,)",page3-12.svg,True,7.0
P1G001,P1R00091,6,1,page4-197.svg,True,1.0,high,single-utterance-unidirectional,P1-007,P1-053,"['page5-40.svg', 'page7-107.svg', 'page8-58.svg', 'page2-36.svg', 'page6-124.svg', 'page3-33.svg', 'page5-45.svg', 'page4-197.svg', 'page1-150.svg', 'page5-153.svg']",3.0,looks like a camera on a wall facing down to the left,12.0,16.0,"(22,)",page4-197.svg,True,12.0
P1G007,P1R00372,11,1,page7-20.svg,False,1.0,high,single-utterance-unidirectional,P1-115,P1-067,"['page5-153.svg', 'page8-169.svg', 'page3-12.svg', 'page6-71.svg', 'page7-15.svg', 'page6-160.svg', 'page7-20.svg', 'page9-39.svg', 'page5-84.svg', 'page5-66.svg']",5.0,Thick block diagonal going up to the right. Our first image,11.0,18.0,"(24,)",page7-20.svg,True,11.0
P1G058,P1R01153,4,0,page5-26.svg,False,0.7518518518518518,low,single-utterance-unidirectional,P1-071,P1-054,"['page1-77.svg', 'page6-219.svg', 'page2-36.svg', 'page1-95.svg', 'page1-34.svg', 'page5-26.svg', 'page4-11.svg', 'page5-85.svg', 'page9-40.svg', 'page2-133.svg']",18.0,Love heart with a point in the middle,8.0,30.0,"(36,)",page5-26.svg,True,8.0
P1G008,P1R01258,11,1,page6-206.svg,False,0.7333333333333333,low,single-utterance-unidirectional,P1-116,P1-074,"['page1-48.svg', 'page1-133.svg', 'page9-40.svg', 'page8-38.svg', 'page7-44.svg', 'page-F.svg', 'page5-45.svg', 'page4-195.svg', 'page6-206.svg', 'page7-55.svg']",25.0,traffic light,2.0,26.0,"(32,)",page6-206.svg,True,2.0
P1G050,P1R00713,15,2,page9-39.svg,False,0.7407407407407408,low,single-utterance-unidirectional,P1-090,P1-017,"['page8-247.svg', 'page6-206.svg', 'page1-117.svg', 'page2-140.svg', 'page1-30.svg', 'page9-39.svg', 'page1-185.svg', 'page3-33.svg', 'page6-228.svg', 'page7-81.svg']",8.0,It looks like a pipe,5.0,14.0,"(24,)",page9-39.svg,True,5.0
P1G026,P1R00534,5,0,page6-206.svg,False,0.7333333333333333,low,single-utterance-unidirectional,P1-011,P1-091,"['page7-44.svg', 'page7-55.svg', 'page6-206.svg', 'page1-48.svg', 'page8-38.svg', 'page5-45.svg', 'page9-40.svg', 'page1-133.svg', 'page-F.svg', 'page4-195.svg']",9.0,"looks like a filled in ""B"" with a tip at bottom left",12.0,31.0,"(41,)",page6-206.svg,True,12.0
P1G011,P1R00412,21,3,page5-153.svg,False,0.6425925925925926,low,single-utterance-unidirectional,P1-041,P1-088,"['page5-40.svg', 'page7-107.svg', 'page8-58.svg', 'page2-36.svg', 'page6-124.svg', 'page3-33.svg', 'page5-45.svg', 'page4-197.svg', 'page1-150.svg', 'page5-153.svg']",7.0,curved v,2.0,11.0,"(14,)",page5-153.svg,True,2.0
P1G042,P1R00169,4,0,page7-127.svg,True,0.6222222222222222,low,single-utterance-unidirectional,P1-023,P1-039,"['page8-182.svg', 'page5-139.svg', 'page6-1.svg', 'page7-127.svg', 'page5-56.svg', 'page3-201.svg', 'page7-125.svg', 'page5-84.svg', 'page6-162.svg', 'page8-206.svg']",,,,,,,,
P1G002,P1R01628,8,1,page8-234.svg,False,0.0,low,single-utterance-unidirectional,P1-013,P1-081,"['page6-185.svg', 'page6-228.svg', 'page8-234.svg', 'page1-132.svg', 'page7-203.svg', 'page6-52.svg', 'page5-85.svg', 'page7-113.svg', 'page5-63.svg', 'page6-21.svg']",6.0,horse/dog facing left,3.0,16.0,"(29,)",page8-234.svg,True,3.0
P1G056,P1R00458,21,3,page5-45.svg,False,1.0,high,single-utterance-unidirectional,P1-005,P1-018,"['page5-45.svg', 'page8-21.svg', 'page4-142.svg', 'page5-85.svg', 'page7-22.svg', 'page5-232.svg', 'page7-157.svg', 'page3-66.svg', 'page8-248.svg', 'page7-225.svg']",12.0,house with a big open door,6.0,18.0,"(22,)",page5-45.svg,True,6.0
P1G002,P1R00698,29,4,page5-63.svg,False,0.9935185185185184,high,single-utterance-unidirectional,P1-081,P1-013,"['page8-234.svg', 'page1-132.svg', 'page5-85.svg', 'page6-21.svg', 'page6-185.svg', 'page6-52.svg', 'page5-63.svg', 'page7-113.svg', 'page6-228.svg', 'page7-203.svg']",12.0,triangle on right diamond on left,6.0,27.0,"(34,)",page5-63.svg,True,6.0
P1G014,P1R00408,27,4,page9-39.svg,False,0.7407407407407408,low,single-utterance-unidirectional,P1-049,P1-103,"['page6-71.svg', 'page7-15.svg', 'page8-169.svg', 'page5-66.svg', 'page7-20.svg', 'page9-39.svg', 'page5-153.svg', 'page3-12.svg', 'page6-160.svg', 'page5-84.svg']",8.0,Pipe,1.0,11.0,"(24,)",page9-39.svg,True,1.0
P1G028,P1R00842,8,1,page1-133.svg,False,0.5444444444444445,low,single-utterance-unidirectional,P1-027,P1-069,"['page7-202.svg', 'page8-183.svg', 'page7-79.svg', 'page6-121.svg', 'page1-133.svg', 'page6-206.svg', 'page7-20.svg', 'page6-135.svg', 'page1-77.svg', 'page4-5.svg']",10.0,coffin,1.0,12.0,"(22,)",page1-133.svg,True,1.0
P1G002,P1R00034,2,0,page6-228.svg,True,1.0,high,single-utterance-unidirectional,P1-013,P1-081,"['page6-185.svg', 'page6-228.svg', 'page8-234.svg', 'page1-132.svg', 'page7-203.svg', 'page6-52.svg', 'page5-85.svg', 'page7-113.svg', 'page5-63.svg', 'page6-21.svg']",8.0,parallelogram with a diamond hole,5.0,27.0,"(50,)",page6-228.svg,True,5.0
P1G023,P1R01560,16,2,page1-175.svg,True,1.0,high,single-utterance-unidirectional,P1-003,P1-117,"['page7-20.svg', 'page8-54.svg', 'page7-40.svg', 'page1-175.svg', 'page8-38.svg', 'page7-15.svg', 'page8-183.svg', 'page3-52.svg', 'page4-244.svg', 'page5-36.svg']",10.0,parallogram,1.0,29.0,"(33,)",page1-175.svg,True,1.0
P1G054,P1R01191,13,2,page3-70.svg,False,1.0,high,single-utterance-unidirectional,P1-106,P1-030,"['page5-65.svg', 'page7-29.svg', 'page7-73.svg', 'page6-23.svg', 'page5-40.svg', 'page1-77.svg', 'page4-190.svg', 'page3-70.svg', 'page3-12.svg', 'page3-33.svg']",5.0,arrow point left (slug ahah),5.0,15.0,"(32,)",page3-70.svg,True,5.0
P1G045,P1R00424,29,4,page6-109.svg,False,1.0,high,single-utterance-unidirectional,P1-095,P1-001,"['page6-196.svg', 'page7-41.svg', 'page6-109.svg', 'page5-65.svg', 'page2-85.svg', 'page4-98.svg', 'page4-96.svg', 'page6-52.svg', 'page3-33.svg', 'page5-80.svg']",12.0,train,1.0,14.0,"(22,)",page6-109.svg,True,1.0
P1G059,P1R00920,22,3,page9-39.svg,False,0.7407407407407408,low,single-utterance-unidirectional,P1-058,P1-038,"['page1-117.svg', 'page6-206.svg', 'page1-30.svg', 'page7-81.svg', 'page9-39.svg', 'page8-247.svg', 'page2-140.svg', 'page6-228.svg', 'page1-185.svg', 'page3-33.svg']",5.0,Pipe pointing left,3.0,9.0,"(13,)",page9-39.svg,True,3.0
P1G034,P1R01419,14,2,page5-63.svg,False,0.9935185185185184,high,single-utterance-unidirectional,P1-065,P1-084,"['page5-121.svg', 'page3-33.svg', 'page6-52.svg', 'page7-44.svg', 'page5-63.svg', 'page2-34.svg', 'page6-155.svg', 'page7-115.svg', 'page6-175.svg', 'page7-113.svg']",12.0,looks like a mountain range in the distance with a peak on the right side,15.0,22.0,"(38,)",page3-33.svg,False,15.0
P1G009,P1R01102,17,2,page6-52.svg,False,1.0,high,single-utterance-unidirectional,P1-104,P1-019,"['page5-85.svg', 'page7-225.svg', 'page5-63.svg', 'page3-33.svg', 'page5-84.svg', 'page6-208.svg', 'page5-71.svg', 'page4-128.svg', 'page6-52.svg', 'page4-155.svg']",6.0,long flat top to shape,5.0,18.0,"(28,)",page6-52.svg,True,5.0
P1G021,P1R00551,6,1,page7-126.svg,False,0.6666666666666667,low,single-utterance-unidirectional,P1-098,P1-096,"['page7-166.svg', 'page1-95.svg', 'page5-153.svg', 'page4-190.svg', 'page7-202.svg', 'page7-126.svg', 'page3-61.svg', 'page2-16.svg', 'page5-96.svg', 'page7-127.svg']",19.0,bird standing and facing to the left,7.0,26.0,,,,7.0
P1G010,P1R00275,3,0,page3-61.svg,False,1.0,high,single-utterance-unidirectional,P1-044,P1-032,"['page3-61.svg', 'page7-202.svg', 'page4-190.svg', 'page2-16.svg', 'page7-126.svg', 'page7-166.svg', 'page1-95.svg', 'page5-96.svg', 'page5-153.svg', 'page7-127.svg']",24.0,"kind of like a long snake. square end to the right, trianlge ot lefy",14.0,42.0,,,,14.0
P1G026,P1R00525,23,3,page7-55.svg,True,0.7333333333333333,low,single-utterance-unidirectional,P1-091,P1-011,"['page1-48.svg', 'page1-133.svg', 'page9-40.svg', 'page8-38.svg', 'page7-44.svg', 'page-F.svg', 'page5-45.svg', 'page4-195.svg', 'page6-206.svg', 'page7-55.svg']",11.0,"snake shape, or ""S"" shape",5.0,21.0,"(33,)",page7-55.svg,True,5.0
P1G023,P1R00819,14,2,page8-38.svg,False,0.5777777777777778,low,single-utterance-unidirectional,P1-117,P1-003,"['page1-175.svg', 'page7-15.svg', 'page3-52.svg', 'page8-54.svg', 'page4-244.svg', 'page5-36.svg', 'page7-40.svg', 'page8-183.svg', 'page8-38.svg', 'page7-20.svg']",8.0,cat,1.0,8.0,"(32,)",page8-38.svg,True,1.0
P1G031,P1R00914,20,3,page5-139.svg,False,0.9925925925925926,high,single-utterance-unidirectional,P1-079,P1-008,"['page8-246.svg', 'page7-125.svg', 'page6-160.svg', 'page5-85.svg', 'page1-185.svg', 'page5-139.svg', 'page4-180.svg', 'page5-154.svg', 'page7-177.svg', 'page7-126.svg']",4.0,vacuum cleaner with broken pipe,5.0,13.0,"(17,)",page5-139.svg,True,5.0
P1G042,P1R01343,16,2,page5-84.svg,False,0.5111111111111112,low,single-utterance-unidirectional,P1-039,P1-023,"['page7-127.svg', 'page5-84.svg', 'page3-201.svg', 'page5-56.svg', 'page6-1.svg', 'page6-162.svg', 'page8-182.svg', 'page7-125.svg', 'page5-139.svg', 'page8-206.svg']",4.0,A horse,2.0,7.0,"(11,)",page5-84.svg,True,2.0
P1G021,P1R01050,0,0,page5-153.svg,False,0.6425925925925926,low,single-utterance-unidirectional,P1-096,P1-098,"['page3-61.svg', 'page7-202.svg', 'page4-190.svg', 'page2-16.svg', 'page7-126.svg', 'page7-166.svg', 'page1-95.svg', 'page5-96.svg', 'page5-153.svg', 'page7-127.svg']",9.0,an upside down crab,4.0,15.0,"(43,)",page5-153.svg,True,4.0
P1G012,P1R00520,9,1,page1-133.svg,True,0.5444444444444445,low,single-utterance-unidirectional,P1-024,P1-076,"['page6-52.svg', 'page7-36.svg', 'page6-186.svg', 'page2-136.svg', 'page1-186.svg', 'page2-165.svg', 'page6-219.svg', 'page1-133.svg', 'page7-126.svg', 'page7-186.svg']",16.0,looks like a building. smaller top.,6.0,36.0,"(47,)",page1-133.svg,True,6.0
P1G059,P1R01048,5,0,page3-33.svg,False,0.6111111111111112,low,single-utterance-unidirectional,P1-038,P1-058,"['page8-247.svg', 'page6-206.svg', 'page1-117.svg', 'page2-140.svg', 'page1-30.svg', 'page9-39.svg', 'page1-185.svg', 'page3-33.svg', 'page6-228.svg', 'page7-81.svg']",10.0,"Three triangle, with a square on top, with a white cutout inbetween",12.0,24.0,"(34,)",page3-33.svg,True,12.0
P1G012,P1R01331,4,0,page1-186.svg,False,0.4972222222222222,low,single-utterance-unidirectional,P1-076,P1-024,"['page7-186.svg', 'page7-36.svg', 'page1-133.svg', 'page1-186.svg', 'page7-126.svg', 'page6-186.svg', 'page2-165.svg', 'page6-52.svg', 'page2-136.svg', 'page6-219.svg']",7.0,table,1.0,13.0,"(25,)",page1-186.svg,True,1.0
P1G045,P1R00390,27,4,page5-80.svg,True,0.5555555555555556,low,single-utterance-unidirectional,P1-001,P1-095,"['page6-196.svg', 'page4-98.svg', 'page5-80.svg', 'page4-96.svg', 'page6-52.svg', 'page2-85.svg', 'page6-109.svg', 'page5-65.svg', 'page3-33.svg', 'page7-41.svg']",4.0,Cat,1.0,5.0,"(12,)",page5-80.svg,True,1.0
P1G059,P1R01576,24,4,page2-140.svg,False,1.0,high,single-utterance-unidirectional,P1-038,P1-058,"['page8-247.svg', 'page6-206.svg', 'page1-117.svg', 'page2-140.svg', 'page1-30.svg', 'page9-39.svg', 'page1-185.svg', 'page3-33.svg', 'page6-228.svg', 'page7-81.svg']",3.0,Canoe with rectangle and square on right,7.0,12.0,"(20,)",page2-140.svg,True,7.0
P1G040,P1R00653,22,3,page5-40.svg,True,0.7527777777777778,low,single-utterance-unidirectional,P1-092,P1-083,"['page3-70.svg', 'page3-12.svg', 'page7-29.svg', 'page1-77.svg', 'page6-23.svg', 'page7-73.svg', 'page3-33.svg', 'page5-65.svg', 'page4-190.svg', 'page5-40.svg']",20.0,looks like a castle,4.0,22.0,"(36,)",page5-40.svg,True,4.0
P1G049,P1R01212,22,3,page9-40.svg,False,1.0,high,single-utterance-unidirectional,P1-110,P1-047,"['page8-246.svg', 'page7-125.svg', 'page6-122.svg', 'page7-226.svg', 'page7-145.svg', 'page8-21.svg', 'page5-101.svg', 'page6-160.svg', 'page9-40.svg', 'page8-183.svg']",,,,,,,,
P1G034,P1R00376,4,0,page6-155.svg,False,1.0,high,single-utterance-unidirectional,P1-065,P1-084,"['page5-121.svg', 'page3-33.svg', 'page6-52.svg', 'page7-44.svg', 'page5-63.svg', 'page2-34.svg', 'page6-155.svg', 'page7-115.svg', 'page6-175.svg', 'page7-113.svg']",16.0,looks like a giraffe facing left,6.0,22.0,"(33,)",page6-155.svg,True,6.0
P1G022,P1R01631,21,3,page3-33.svg,False,0.6111111111111112,low,single-utterance-unidirectional,P1-082,P1-072,"['page6-196.svg', 'page4-98.svg', 'page5-80.svg', 'page4-96.svg', 'page6-52.svg', 'page2-85.svg', 'page6-109.svg', 'page5-65.svg', 'page3-33.svg', 'page7-41.svg']",9.0,mountains one again,3.0,13.0,"(28,)",page3-33.svg,True,3.0
P1G028,P1R01335,25,4,page8-183.svg,False,1.0,high,single-utterance-unidirectional,P1-069,P1-027,"['page1-77.svg', 'page8-183.svg', 'page6-206.svg', 'page6-121.svg', 'page6-135.svg', 'page7-79.svg', 'page1-133.svg', 'page4-5.svg', 'page7-202.svg', 'page7-20.svg']",3.0,P,1.0,4.0,"(51,)",page8-183.svg,True,1.0
P1G046,P1R01266,13,2,page5-36.svg,False,1.0,high,single-utterance-unidirectional,P1-015,P1-045,"['page1-175.svg', 'page7-15.svg', 'page3-52.svg', 'page8-54.svg', 'page4-244.svg', 'page5-36.svg', 'page7-40.svg', 'page8-183.svg', 'page8-38.svg', 'page7-20.svg']",10.0,cross with a diamond underneath,5.0,18.0,"(24,)",page5-36.svg,True,5.0
P1G030,P1R01407,9,1,page7-125.svg,False,0.9935185185185184,high,single-utterance-unidirectional,P1-050,P1-063,"['page6-208.svg', 'page3-33.svg', 'page7-107.svg', 'page2-20.svg', 'page8-169.svg', 'page8-38.svg', 'page7-41.svg', 'page5-86.svg', 'page7-125.svg', 'page5-165.svg']",8.0,A cliff side with three completely straight sides,8.0,20.0,"(29,)",page7-125.svg,True,8.0
P1G036,P1R00705,28,4,page1-117.svg,False,1.0,high,single-utterance-unidirectional,P1-029,P1-114,"['page8-247.svg', 'page6-206.svg', 'page1-117.svg', 'page2-140.svg', 'page1-30.svg', 'page9-39.svg', 'page1-185.svg', 'page3-33.svg', 'page6-228.svg', 'page7-81.svg']",4.0,like a column,3.0,7.0,"(15,)",page1-117.svg,True,3.0
P1G001,P1R00114,19,3,page5-45.svg,False,1.0,high,single-utterance-unidirectional,P1-007,P1-053,"['page5-40.svg', 'page7-107.svg', 'page8-58.svg', 'page2-36.svg', 'page6-124.svg', 'page3-33.svg', 'page5-45.svg', 'page4-197.svg', 'page1-150.svg', 'page5-153.svg']",3.0,cottage house with hollwoed out skyscraper,6.0,11.0,"(13,)",page5-45.svg,True,6.0
P1G041,P1R01653,24,4,page7-41.svg,False,0.7555555555555555,low,single-utterance-unidirectional,P1-004,P1-113,"['page6-208.svg', 'page5-165.svg', 'page7-41.svg', 'page8-169.svg', 'page8-38.svg', 'page5-86.svg', 'page7-125.svg', 'page2-20.svg', 'page3-33.svg', 'page7-107.svg']",3.0,A houseboat (Again!!),3.0,9.0,"(14,)",page7-41.svg,True,3.0
P1G060,P1R01695,12,2,page5-71.svg,False,0.3833333333333333,low,single-utterance-unidirectional,P1-021,P1-012,"['page5-85.svg', 'page7-225.svg', 'page5-63.svg', 'page3-33.svg', 'page5-84.svg', 'page6-208.svg', 'page5-71.svg', 'page4-128.svg', 'page6-52.svg', 'page4-155.svg']",4.0,Bird flying and looking down,5.0,11.0,"(13,)",page5-71.svg,True,5.0
P1G038,P1R00220,26,4,page9-40.svg,False,1.0,high,single-utterance-unidirectional,P1-085,P1-035,"['page8-159.svg', 'page8-58.svg', 'page5-165.svg', 'page7-127.svg', 'page7-157.svg', 'page9-40.svg', 'page3-70.svg', 'page4-232.svg', 'page8-234.svg', 'page5-45.svg']",7.0,Tower with spikes/triangles.,3.0,16.0,"(25,)",page8-58.svg,False,3.0
P1G009,P1R01350,27,4,page5-85.svg,False,0.5166666666666668,low,single-utterance-unidirectional,P1-104,P1-019,"['page5-85.svg', 'page7-225.svg', 'page5-63.svg', 'page3-33.svg', 'page5-84.svg', 'page6-208.svg', 'page5-71.svg', 'page4-128.svg', 'page6-52.svg', 'page4-155.svg']",3.0,fox,1.0,5.0,"(13,)",page5-85.svg,True,1.0
P1G040,P1R00843,19,3,page7-73.svg,False,0.6,low,single-utterance-unidirectional,P1-092,P1-083,"['page3-70.svg', 'page3-12.svg', 'page7-29.svg', 'page1-77.svg', 'page6-23.svg', 'page7-73.svg', 'page3-33.svg', 'page5-65.svg', 'page4-190.svg', 'page5-40.svg']",14.0,whale,1.0,15.0,"(23,)",page7-73.svg,True,1.0
P1G031,P1R01113,27,4,page7-177.svg,False,1.0,high,single-utterance-unidirectional,P1-008,P1-079,"['page5-139.svg', 'page5-154.svg', 'page7-126.svg', 'page8-246.svg', 'page6-160.svg', 'page7-125.svg', 'page5-85.svg', 'page4-180.svg', 'page1-185.svg', 'page7-177.svg']",5.0,magnet,1.0,7.0,"(9,)",page7-177.svg,True,1.0
P1G003,P1R00455,19,3,page3-61.svg,False,1.0,high,single-utterance-unidirectional,P1-031,P1-057,"['page7-166.svg', 'page1-95.svg', 'page5-153.svg', 'page4-190.svg', 'page7-202.svg', 'page7-126.svg', 'page3-61.svg', 'page2-16.svg', 'page5-96.svg', 'page7-127.svg']",20.0,MAN LAYING DOWN DOING CRAB,5.0,26.0,"(38,)",page3-61.svg,True,5.0
P1G012,P1R01291,20,3,page7-186.svg,False,1.0,high,single-utterance-unidirectional,P1-024,P1-076,"['page6-52.svg', 'page7-36.svg', 'page6-186.svg', 'page2-136.svg', 'page1-186.svg', 'page2-165.svg', 'page6-219.svg', 'page1-133.svg', 'page7-126.svg', 'page7-186.svg']",6.0,p shape,2.0,9.0,"(13,)",page7-186.svg,True,2.0
P1G022,P1R00563,9,1,page6-52.svg,False,1.0,high,single-utterance-unidirectional,P1-082,P1-072,"['page6-196.svg', 'page4-98.svg', 'page5-80.svg', 'page4-96.svg', 'page6-52.svg', 'page2-85.svg', 'page6-109.svg', 'page5-65.svg', 'page3-33.svg', 'page7-41.svg']",13.0,"has asquare sticking out the right side,",7.0,29.0,"(40,)",page6-52.svg,True,7.0
P1G025,P1R00887,21,3,page7-81.svg,True,1.0,high,single-utterance-unidirectional,P1-056,P1-112,"['page1-117.svg', 'page6-206.svg', 'page1-30.svg', 'page7-81.svg', 'page9-39.svg', 'page8-247.svg', 'page2-140.svg', 'page6-228.svg', 'page1-185.svg', 'page3-33.svg']",5.0,"arrow facing down, the right side missing",7.0,13.0,"(30,)",page7-81.svg,True,7.0
P1G014,P1R00663,29,4,page8-169.svg,False,1.0,high,single-utterance-unidirectional,P1-049,P1-103,"['page6-71.svg', 'page7-15.svg', 'page8-169.svg', 'page5-66.svg', 'page7-20.svg', 'page9-39.svg', 'page5-153.svg', 'page3-12.svg', 'page6-160.svg', 'page5-84.svg']",4.0,The letter C,3.0,8.0,"(14,)",page8-169.svg,True,3.0
P1G043,P1R01652,17,2,page7-41.svg,False,0.7555555555555555,low,single-utterance-unidirectional,P1-075,P1-066,"['page8-156.svg', 'page8-192.svg', 'page6-162.svg', 'page7-53.svg', 'page7-145.svg', 'page7-177.svg', 'page7-226.svg', 'page-F.svg', 'page7-41.svg', 'page7-36.svg']",5.0,boat with the house on it,6.0,11.0,"(26,)",page7-41.svg,True,6.0
P1G050,P1R01243,5,0,page3-33.svg,False,0.6111111111111112,low,single-utterance-unidirectional,P1-090,P1-017,"['page8-247.svg', 'page6-206.svg', 'page1-117.svg', 'page2-140.svg', 'page1-30.svg', 'page9-39.svg', 'page1-185.svg', 'page3-33.svg', 'page6-228.svg', 'page7-81.svg']",13.0,It looks like 3 pyramids side by side with a square over the center and a v shape upside down,20.0,40.0,,,,20.0
P1G008,P1R01030,15,2,page-F.svg,False,0.6685185185185186,low,single-utterance-unidirectional,P1-074,P1-116,"['page7-44.svg', 'page7-55.svg', 'page6-206.svg', 'page1-48.svg', 'page8-38.svg', 'page5-45.svg', 'page9-40.svg', 'page1-133.svg', 'page-F.svg', 'page4-195.svg']",27.0,Seated Man,2.0,27.0,"(31,)",page-F.svg,True,2.0
P1G003,P1R00733,2,0,page7-126.svg,False,0.6666666666666667,low,single-utterance-unidirectional,P1-057,P1-031,"['page3-61.svg', 'page7-202.svg', 'page4-190.svg', 'page2-16.svg', 'page7-126.svg', 'page7-166.svg', 'page1-95.svg', 'page5-96.svg', 'page5-153.svg', 'page7-127.svg']",10.0,Looks like a duck or a bird facing left. looks like a beak and one foot,16.0,24.0,"(36,)",page7-126.svg,True,16.0
P1G024,P1R01505,5,0,page7-55.svg,False,0.7333333333333333,low,single-utterance-unidirectional,P1-089,P1-026,"['page5-154.svg', 'page8-56.svg', 'page3-70.svg', 'page7-216.svg', 'page7-115.svg', 'page5-26.svg', 'page6-204.svg', 'page7-55.svg', 'page5-86.svg', 'page7-166.svg']",12.0,Looks like a swan,4.0,26.0,"(33,)",page7-55.svg,True,4.0
P1G009,P1R00391,15,2,page5-63.svg,True,0.9935185185185184,high,single-utterance-unidirectional,P1-019,P1-104,"['page5-63.svg', 'page6-208.svg', 'page4-128.svg', 'page5-71.svg', 'page3-33.svg', 'page6-52.svg', 'page5-84.svg', 'page5-85.svg', 'page4-155.svg', 'page7-225.svg']",4.0,"mountain range, big triange. I have been",7.0,23.0,,,,7.0
P1G042,P1R01213,14,2,page6-1.svg,False,0.9935185185185184,high,single-utterance-unidirectional,P1-039,P1-023,"['page7-127.svg', 'page5-84.svg', 'page3-201.svg', 'page5-56.svg', 'page6-1.svg', 'page6-162.svg', 'page8-182.svg', 'page7-125.svg', 'page5-139.svg', 'page8-206.svg']",8.0,A backwards 7,3.0,14.0,"(25,)",page6-1.svg,True,3.0
P1G031,P1R01237,7,1,page7-125.svg,True,0.9935185185185184,high,single-utterance-unidirectional,P1-079,P1-008,"['page8-246.svg', 'page7-125.svg', 'page6-160.svg', 'page5-85.svg', 'page1-185.svg', 'page5-139.svg', 'page4-180.svg', 'page5-154.svg', 'page7-177.svg', 'page7-126.svg']",14.0,"rectangle on it's side, a bit longer at the top",10.0,37.0,"(57,)",page5-139.svg,False,10.0
P1G009,P1R00101,29,4,page5-84.svg,False,0.5111111111111112,low,single-utterance-unidirectional,P1-104,P1-019,"['page5-85.svg', 'page7-225.svg', 'page5-63.svg', 'page3-33.svg', 'page5-84.svg', 'page6-208.svg', 'page5-71.svg', 'page4-128.svg', 'page6-52.svg', 'page4-155.svg']",3.0,horse with triangle on top right as head,8.0,13.0,"(23,)",page5-84.svg,True,8.0
P1G046,P1R00067,14,2,page8-38.svg,False,0.5777777777777778,low,single-utterance-unidirectional,P1-015,P1-045,"['page1-175.svg', 'page7-15.svg', 'page3-52.svg', 'page8-54.svg', 'page4-244.svg', 'page5-36.svg', 'page7-40.svg', 'page8-183.svg', 'page8-38.svg', 'page7-20.svg']",3.0,egyptian cat,2.0,6.0,"(13,)",page8-38.svg,True,2.0
P1G007,P1R00648,20,3,page8-169.svg,False,1.0,high,single-utterance-unidirectional,P1-115,P1-067,"['page5-153.svg', 'page8-169.svg', 'page3-12.svg', 'page6-71.svg', 'page7-15.svg', 'page6-160.svg', 'page7-20.svg', 'page9-39.svg', 'page5-84.svg', 'page5-66.svg']",6.0,Letter C,2.0,7.0,"(12,)",page8-169.svg,True,2.0
P1G004,P1R00400,3,0,page8-169.svg,True,1.0,high,single-utterance-unidirectional,P1-086,P1-009,"['page5-26.svg', 'page7-20.svg', 'page7-125.svg', 'page2-100.svg', 'page7-126.svg', 'page8-169.svg', 'page7-202.svg', 'page7-116.svg', 'page5-40.svg', 'page4-244.svg']",6.0,The letter C,3.0,12.0,"(25,)",page8-169.svg,True,3.0
P1G024,P1R00158,15,2,page7-166.svg,False,1.0,high,single-utterance-unidirectional,P1-089,P1-026,"['page5-154.svg', 'page8-56.svg', 'page3-70.svg', 'page7-216.svg', 'page7-115.svg', 'page5-26.svg', 'page6-204.svg', 'page7-55.svg', 'page5-86.svg', 'page7-166.svg']",13.0,Looks like a dish resting on a triangle,8.0,29.0,"(38,)",page7-166.svg,True,8.0
P1G013,P1R00344,14,2,page9-39.svg,False,0.7407407407407408,low,single-utterance-unidirectional,P1-034,P1-109,"['page6-71.svg', 'page7-15.svg', 'page8-169.svg', 'page5-66.svg', 'page7-20.svg', 'page9-39.svg', 'page5-153.svg', 'page3-12.svg', 'page6-160.svg', 'page5-84.svg']",4.0,Pipe for smoking,3.0,9.0,"(13,)",page9-39.svg,True,3.0
P1G028,P1R00173,9,1,page8-183.svg,False,1.0,high,single-utterance-unidirectional,P1-027,P1-069,"['page7-202.svg', 'page8-183.svg', 'page7-79.svg', 'page6-121.svg', 'page1-133.svg', 'page6-206.svg', 'page7-20.svg', 'page6-135.svg', 'page1-77.svg', 'page4-5.svg']",15.0,P,1.0,17.0,"(23,)",page8-183.svg,True,1.0
P1G048,P1R00660,1,0,page7-177.svg,False,1.0,high,single-utterance-unidirectional,P1-016,P1-097,"['page6-245.svg', 'page6-107.svg', 'page4-142.svg', 'page7-177.svg', 'page8-18.svg', 'page5-80.svg', 'page7-217.svg', 'page5-155.svg', 'page2-131.svg', 'page6-109.svg']",21.0,,,,,,,
P1G024,P1R00627,2,0,page7-166.svg,False,1.0,high,single-utterance-unidirectional,P1-089,P1-026,"['page5-154.svg', 'page8-56.svg', 'page3-70.svg', 'page7-216.svg', 'page7-115.svg', 'page5-26.svg', 'page6-204.svg', 'page7-55.svg', 'page5-86.svg', 'page7-166.svg']",14.0,Looks like a radar dish,5.0,33.0,"(46,)",page5-26.svg,False,5.0
P1G041,P1R01263,9,1,page7-125.svg,False,0.9935185185185184,high,single-utterance-unidirectional,P1-113,P1-004,"['page6-208.svg', 'page3-33.svg', 'page7-107.svg', 'page2-20.svg', 'page8-169.svg', 'page8-38.svg', 'page7-41.svg', 'page5-86.svg', 'page7-125.svg', 'page5-165.svg']",8.0,"A cliff edge facing left, wider at the top",9.0,18.0,"(23,)",page7-125.svg,True,9.0
P1G022,P1R00626,5,0,page3-33.svg,False,0.6111111111111112,low,single-utterance-unidirectional,P1-072,P1-082,"['page6-196.svg', 'page7-41.svg', 'page6-109.svg', 'page5-65.svg', 'page2-85.svg', 'page4-98.svg', 'page4-96.svg', 'page6-52.svg', 'page3-33.svg', 'page5-80.svg']",13.0,square top with zigzag bottom - looks like a landscape of mountains with a square sun,16.0,35.0,"(56,)",page3-33.svg,True,16.0
P1G001,P1R01626,16,2,page8-58.svg,False,0.7259259259259259,low,single-utterance-unidirectional,P1-053,P1-007,"['page2-36.svg', 'page4-197.svg', 'page1-150.svg', 'page3-33.svg', 'page5-153.svg', 'page6-124.svg', 'page7-107.svg', 'page5-40.svg', 'page8-58.svg', 'page5-45.svg']",3.0,Man walking to the right,5.0,7.0,"(9,)",page8-58.svg,True,5.0
P1G036,P1R01542,4,0,page2-140.svg,False,1.0,high,single-utterance-unidirectional,P1-029,P1-114,"['page8-247.svg', 'page6-206.svg', 'page1-117.svg', 'page2-140.svg', 'page1-30.svg', 'page9-39.svg', 'page1-185.svg', 'page3-33.svg', 'page6-228.svg', 'page7-81.svg']",18.0,Like a submarine,3.0,41.0,,,,3.0
P1G055,P1R00762,20,3,page5-121.svg,False,0.9925925925925926,high,single-utterance-unidirectional,P1-100,P1-111,"['page6-155.svg', 'page7-113.svg', 'page2-34.svg', 'page7-115.svg', 'page7-44.svg', 'page3-33.svg', 'page6-52.svg', 'page5-121.svg', 'page6-175.svg', 'page5-63.svg']",4.0,ninja star,2.0,11.0,"(24,)",page5-121.svg,True,2.0
P1G011,P1R00900,29,4,page8-58.svg,False,0.7259259259259259,low,single-utterance-unidirectional,P1-088,P1-041,"['page2-36.svg', 'page4-197.svg', 'page1-150.svg', 'page3-33.svg', 'page5-153.svg', 'page6-124.svg', 'page7-107.svg', 'page5-40.svg', 'page8-58.svg', 'page5-45.svg']",9.0,person walking to the right,5.0,28.0,"(43,)",page8-58.svg,True,5.0
P1G038,P1R00628,9,1,page7-157.svg,False,0.6037037037037036,low,single-utterance-unidirectional,P1-035,P1-085,"['page5-165.svg', 'page8-159.svg', 'page5-45.svg', 'page4-232.svg', 'page9-40.svg', 'page7-127.svg', 'page7-157.svg', 'page8-234.svg', 'page3-70.svg', 'page8-58.svg']",9.0,Large diamond shape,3.0,17.0,"(23,)",page7-157.svg,True,3.0
P1G052,P1R00392,2,0,page9-39.svg,False,0.7407407407407408,low,single-utterance-unidirectional,P1-108,P1-107,"['page6-71.svg', 'page7-15.svg', 'page8-169.svg', 'page5-66.svg', 'page7-20.svg', 'page9-39.svg', 'page5-153.svg', 'page3-12.svg', 'page6-160.svg', 'page5-84.svg']",,,,,,,,
P1G046,P1R01715,9,1,page3-52.svg,False,1.0,high,single-utterance-unidirectional,P1-045,P1-015,"['page7-20.svg', 'page8-54.svg', 'page7-40.svg', 'page1-175.svg', 'page8-38.svg', 'page7-15.svg', 'page8-183.svg', 'page3-52.svg', 'page4-244.svg', 'page5-36.svg']",12.0,2 stubby legs and an oblong body with 2 points on the head,13.0,34.0,"(43,)",page3-52.svg,True,13.0
P1G037,P1R01478,10,1,page6-171.svg,False,0.4148148148148148,low,single-utterance-unidirectional,P1-002,P1-037,"['page5-102.svg', 'page2-133.svg', 'page4-241.svg', 'page6-171.svg', 'page7-216.svg', 'page2-86.svg', 'page6-219.svg', 'page4-180.svg', 'page1-95.svg', 'page8-21.svg']",11.0,someone walking,2.0,24.0,"(35,)",page6-171.svg,True,2.0
P1G057,P1R01606,14,2,page7-73.svg,False,0.6,low,single-utterance-unidirectional,P1-087,P1-043,"['page5-65.svg', 'page7-29.svg', 'page7-73.svg', 'page6-23.svg', 'page5-40.svg', 'page1-77.svg', 'page4-190.svg', 'page3-70.svg', 'page3-12.svg', 'page3-33.svg']",5.0,whale,1.0,6.0,"(14,)",page7-73.svg,True,1.0
P1G003,P1R01143,16,2,page4-190.svg,False,1.0,high,single-utterance-unidirectional,P1-057,P1-031,"['page3-61.svg', 'page7-202.svg', 'page4-190.svg', 'page2-16.svg', 'page7-126.svg', 'page7-166.svg', 'page1-95.svg', 'page5-96.svg', 'page5-153.svg', 'page7-127.svg']",10.0,the3 spiky hair one,5.0,20.0,"(32,)",page4-190.svg,True,4.0
P1G046,P1R00676,3,0,page5-36.svg,False,1.0,high,single-utterance-unidirectional,P1-015,P1-045,"['page1-175.svg', 'page7-15.svg', 'page3-52.svg', 'page8-54.svg', 'page4-244.svg', 'page5-36.svg', 'page7-40.svg', 'page8-183.svg', 'page8-38.svg', 'page7-20.svg']",6.0,"a cross at the top, with a diamond underneath",9.0,16.0,"(26,)",page5-36.svg,True,9.0
P1G017,P1R01308,0,0,page5-154.svg,True,1.0,high,single-utterance-unidirectional,P1-048,P1-070,"['page5-86.svg', 'page8-56.svg', 'page7-216.svg', 'page7-55.svg', 'page5-154.svg', 'page3-70.svg', 'page6-204.svg', 'page7-166.svg', 'page5-26.svg', 'page7-115.svg']",7.0,Arrow pointing up,3.0,12.0,"(16,)",page5-154.svg,True,3.0
P1G022,P1R01046,10,1,page4-98.svg,False,0.7222222222222223,low,single-utterance-unidirectional,P1-082,P1-072,"['page6-196.svg', 'page4-98.svg', 'page5-80.svg', 'page4-96.svg', 'page6-52.svg', 'page2-85.svg', 'page6-109.svg', 'page5-65.svg', 'page3-33.svg', 'page7-41.svg']",8.0,is tall looks like a candle on the boat,9.0,17.0,"(23,)",page4-98.svg,True,9.0
P1G016,P1R01453,11,1,page5-84.svg,False,0.5111111111111112,low,single-utterance-unidirectional,P1-046,P1-014,"['page5-63.svg', 'page6-208.svg', 'page4-128.svg', 'page5-71.svg', 'page3-33.svg', 'page6-52.svg', 'page5-84.svg', 'page5-85.svg', 'page4-155.svg', 'page7-225.svg']",20.0,the horse one,3.0,25.0,,,,3.0
P1G043,P1R01020,7,1,page7-41.svg,False,0.7555555555555555,low,single-utterance-unidirectional,P1-066,P1-075,"['page6-162.svg', 'page7-226.svg', 'page7-177.svg', 'page8-156.svg', 'page7-53.svg', 'page7-41.svg', 'page7-36.svg', 'page-F.svg', 'page7-145.svg', 'page8-192.svg']",8.0,house on top of a boat,7.0,16.0,"(23,)",page7-41.svg,True,6.0
P1G041,P1R01589,25,4,page6-208.svg,True,1.0,high,single-utterance-unidirectional,P1-113,P1-004,"['page6-208.svg', 'page3-33.svg', 'page7-107.svg', 'page2-20.svg', 'page8-169.svg', 'page8-38.svg', 'page7-41.svg', 'page5-86.svg', 'page7-125.svg', 'page5-165.svg']",3.0,Top row first shape. Dog without legs?!,7.0,12.0,"(24,)",page6-208.svg,True,7.0
P1G005,P1R00620,11,1,page7-126.svg,False,0.6666666666666667,low,single-utterance-unidirectional,P1-059,P1-036,"['page8-246.svg', 'page7-125.svg', 'page6-160.svg', 'page5-85.svg', 'page1-185.svg', 'page5-139.svg', 'page4-180.svg', 'page5-154.svg', 'page7-177.svg', 'page7-126.svg']",8.0,looks like a bird facing left,6.0,17.0,"(23,)",page7-126.svg,True,6.0
P1G059,P1R01245,15,2,page9-39.svg,False,0.7407407407407408,low,single-utterance-unidirectional,P1-038,P1-058,"['page8-247.svg', 'page6-206.svg', 'page1-117.svg', 'page2-140.svg', 'page1-30.svg', 'page9-39.svg', 'page1-185.svg', 'page3-33.svg', 'page6-228.svg', 'page7-81.svg']",9.0,Pipe pointing left,3.0,13.0,"(22,)",page9-39.svg,True,3.0
P1G006,P1R00640,29,4,page8-58.svg,False,0.7259259259259259,low,single-utterance-unidirectional,P1-077,P1-073,"['page8-58.svg', 'page5-96.svg', 'page8-159.svg', 'page7-53.svg', 'page1-150.svg', 'page6-226.svg', 'page7-73.svg', 'page6-206.svg', 'page5-128.svg', 'page6-71.svg']",6.0,a man walking to the right,6.0,16.0,"(22,)",page8-58.svg,True,6.0
P1G035,P1R00193,0,0,page6-121.svg,True,1.0,high,single-utterance-unidirectional,P1-119,P1-040,"['page7-202.svg', 'page8-183.svg', 'page7-79.svg', 'page6-121.svg', 'page1-133.svg', 'page6-206.svg', 'page7-20.svg', 'page6-135.svg', 'page1-77.svg', 'page4-5.svg']",16.0,It looks like a hand facing down and seen from the side,12.0,30.0,"(52,)",page6-121.svg,True,12.0
P1G043,P1R01574,1,0,page7-145.svg,False,0.7666666666666666,low,single-utterance-unidirectional,P1-075,P1-066,"['page8-156.svg', 'page8-192.svg', 'page6-162.svg', 'page7-53.svg', 'page7-145.svg', 'page7-177.svg', 'page7-226.svg', 'page-F.svg', 'page7-41.svg', 'page7-36.svg']",16.0,a duck swimming to the right,6.0,21.0,"(40,)",page7-145.svg,True,6.0
P1G054,P1R00050,20,3,page6-23.svg,False,0.7776190476190477,low,single-utterance-unidirectional,P1-030,P1-106,"['page3-70.svg', 'page3-12.svg', 'page7-29.svg', 'page1-77.svg', 'page6-23.svg', 'page7-73.svg', 'page3-33.svg', 'page5-65.svg', 'page4-190.svg', 'page5-40.svg']",4.0,Person walking left,3.0,9.0,"(12,)",page6-23.svg,True,3.0
P1G044,P1R01697,1,0,page7-125.svg,False,0.9935185185185184,high,single-utterance-unidirectional,P1-078,P1-068,"['page6-122.svg', 'page9-40.svg', 'page7-226.svg', 'page7-125.svg', 'page8-246.svg', 'page6-160.svg', 'page7-145.svg', 'page5-101.svg', 'page8-183.svg', 'page8-21.svg']",33.0,a steep cliff,3.0,39.0,,,,3.0
P1G060,P1R00946,23,3,page5-85.svg,False,0.5166666666666668,low,single-utterance-unidirectional,P1-012,P1-021,"['page5-63.svg', 'page6-208.svg', 'page4-128.svg', 'page5-71.svg', 'page3-33.svg', 'page6-52.svg', 'page5-84.svg', 'page5-85.svg', 'page4-155.svg', 'page7-225.svg']",4.0,Like a fox,3.0,7.0,"(14,)",page5-85.svg,True,3.0
P1G030,P1R00936,18,3,page8-169.svg,False,1.0,high,single-utterance-unidirectional,P1-050,P1-063,"['page6-208.svg', 'page3-33.svg', 'page7-107.svg', 'page2-20.svg', 'page8-169.svg', 'page8-38.svg', 'page7-41.svg', 'page5-86.svg', 'page7-125.svg', 'page5-165.svg']",4.0,crescent moon,2.0,6.0,"(11,)",page8-169.svg,True,2.0
P1G059,P1R00882,29,4,page6-228.svg,True,1.0,high,single-utterance-unidirectional,P1-058,P1-038,"['page1-117.svg', 'page6-206.svg', 'page1-30.svg', 'page7-81.svg', 'page9-39.svg', 'page8-247.svg', 'page2-140.svg', 'page6-228.svg', 'page1-185.svg', 'page3-33.svg']",5.0,slanted square donut - hole in middle,7.0,15.0,"(18,)",page6-228.svg,True,7.0
P1G001,P1R01233,26,4,page5-40.svg,True,0.7527777777777778,low,single-utterance-unidirectional,P1-007,P1-053,"['page5-40.svg', 'page7-107.svg', 'page8-58.svg', 'page2-36.svg', 'page6-124.svg', 'page3-33.svg', 'page5-45.svg', 'page4-197.svg', 'page1-150.svg', 'page5-153.svg']",6.0,looks like skyscrapper on top of a bench (the hollowed out shape from the cottage),17.0,27.0,"(35,)",page5-40.svg,True,15.0
P1G004,P1R00073,5,0,page7-116.svg,False,1.0,high,single-utterance-unidirectional,P1-009,P1-086,"['page5-40.svg', 'page5-26.svg', 'page7-20.svg', 'page7-125.svg', 'page2-100.svg', 'page4-244.svg', 'page7-126.svg', 'page7-116.svg', 'page8-169.svg', 'page7-202.svg']",7.0,a diamond with two traingles on both sides,8.0,20.0,"(34,)",page7-116.svg,True,8.0
P1G026,P1R01455,0,0,page1-48.svg,False,1.0,high,single-utterance-unidirectional,P1-011,P1-091,"['page7-44.svg', 'page7-55.svg', 'page6-206.svg', 'page1-48.svg', 'page8-38.svg', 'page5-45.svg', 'page9-40.svg', 'page1-133.svg', 'page-F.svg', 'page4-195.svg']",9.0,a hollow triangle,3.0,24.0,"(37,)",page1-48.svg,True,3.0
P1G045,P1R00488,10,1,page4-98.svg,False,0.7222222222222223,low,single-utterance-unidirectional,P1-001,P1-095,"['page6-196.svg', 'page4-98.svg', 'page5-80.svg', 'page4-96.svg', 'page6-52.svg', 'page2-85.svg', 'page6-109.svg', 'page5-65.svg', 'page3-33.svg', 'page7-41.svg']",14.0,a sword,2.0,17.0,"(27,)",page4-98.svg,True,2.0
P1G051,P1R00255,15,2,page6-155.svg,False,1.0,high,single-utterance-unidirectional,P1-042,P1-006,"['page5-121.svg', 'page3-33.svg', 'page6-52.svg', 'page7-44.svg', 'page5-63.svg', 'page2-34.svg', 'page6-155.svg', 'page7-115.svg', 'page6-175.svg', 'page7-113.svg']",21.0,,,,,,,
P1G038,P1R01776,12,2,page4-232.svg,False,1.0,high,single-utterance-unidirectional,P1-085,P1-035,"['page8-159.svg', 'page8-58.svg', 'page5-165.svg', 'page7-127.svg', 'page7-157.svg', 'page9-40.svg', 'page3-70.svg', 'page4-232.svg', 'page8-234.svg', 'page5-45.svg']",4.0,The Christmas tree.,3.0,8.0,"(18,)",page4-232.svg,True,3.0
P1G038,P1R01732,18,3,page8-234.svg,False,0.0,low,single-utterance-unidirectional,P1-035,P1-085,"['page5-165.svg', 'page8-159.svg', 'page5-45.svg', 'page4-232.svg', 'page9-40.svg', 'page7-127.svg', 'page7-157.svg', 'page8-234.svg', 'page3-70.svg', 'page8-58.svg']",4.0,doggy-sphinx,1.0,8.0,"(18,)",page8-234.svg,True,1.0
P1G017,P1R01295,15,2,page7-166.svg,False,1.0,high,single-utterance-unidirectional,P1-070,P1-048,"['page5-154.svg', 'page8-56.svg', 'page3-70.svg', 'page7-216.svg', 'page7-115.svg', 'page5-26.svg', 'page6-204.svg', 'page7-55.svg', 'page5-86.svg', 'page7-166.svg']",5.0,graduation Cap,2.0,11.0,"(15,)",page7-166.svg,True,2.0
P1G051,P1R01273,29,4,page5-63.svg,False,0.9935185185185184,high,single-utterance-unidirectional,P1-042,P1-006,"['page5-121.svg', 'page3-33.svg', 'page6-52.svg', 'page7-44.svg', 'page5-63.svg', 'page2-34.svg', 'page6-155.svg', 'page7-115.svg', 'page6-175.svg', 'page7-113.svg']",13.0,,,,,,,
P1G033,P1R01262,26,4,page5-45.svg,False,1.0,high,single-utterance-unidirectional,P1-099,P1-105,"['page7-22.svg', 'page3-66.svg', 'page5-232.svg', 'page7-225.svg', 'page8-248.svg', 'page4-142.svg', 'page7-157.svg', 'page8-21.svg', 'page5-45.svg', 'page5-85.svg']",3.0,House icon,2.0,4.0,"(15,)",page5-45.svg,True,2.0
P1G008,P1R00752,2,0,page-F.svg,False,0.6685185185185186,low,single-utterance-unidirectional,P1-074,P1-116,"['page7-44.svg', 'page7-55.svg', 'page6-206.svg', 'page1-48.svg', 'page8-38.svg', 'page5-45.svg', 'page9-40.svg', 'page1-133.svg', 'page-F.svg', 'page4-195.svg']",29.0,Seated Man,2.0,30.0,"(37,)",page-F.svg,True,2.0
P1G034,P1R01121,26,4,page6-155.svg,False,1.0,high,single-utterance-unidirectional,P1-065,P1-084,"['page5-121.svg', 'page3-33.svg', 'page6-52.svg', 'page7-44.svg', 'page5-63.svg', 'page2-34.svg', 'page6-155.svg', 'page7-115.svg', 'page6-175.svg', 'page7-113.svg']",12.0,giraffe facing left,3.0,14.0,"(23,)",page6-155.svg,True,3.0
P1G021,P1R01214,26,4,page4-190.svg,False,1.0,high,single-utterance-unidirectional,P1-096,P1-098,"['page3-61.svg', 'page7-202.svg', 'page4-190.svg', 'page2-16.svg', 'page7-126.svg', 'page7-166.svg', 'page1-95.svg', 'page5-96.svg', 'page5-153.svg', 'page7-127.svg']",12.0,grass,1.0,14.0,"(22,)",page4-190.svg,True,1.0
P1G029,P1R01692,8,1,page7-177.svg,True,1.0,high,single-utterance-unidirectional,P1-094,P1-052,"['page6-162.svg', 'page7-226.svg', 'page7-177.svg', 'page8-156.svg', 'page7-53.svg', 'page7-41.svg', 'page7-36.svg', 'page-F.svg', 'page7-145.svg', 'page8-192.svg']",10.0,backwards 'C',2.0,19.0,"(26,)",page7-177.svg,True,2.0
P1G027,P1R01131,27,4,page8-159.svg,True,1.0,high,single-utterance-unidirectional,P1-060,P1-055,"['page7-55.svg', 'page7-202.svg', 'page1-107.svg', 'page6-122.svg', 'page2-140.svg', 'page8-246.svg', 'page1-172.svg', 'page3-201.svg', 'page8-159.svg', 'page4-142.svg']",6.0,J,1.0,8.0,"(12,)",page8-159.svg,True,1.0
P1G006,P1R00807,12,2,page6-71.svg,False,1.0,high,single-utterance-unidirectional,P1-077,P1-073,"['page8-58.svg', 'page5-96.svg', 'page8-159.svg', 'page7-53.svg', 'page1-150.svg', 'page6-226.svg', 'page7-73.svg', 'page6-206.svg', 'page5-128.svg', 'page6-71.svg']",7.0,two people shaking hands,4.0,14.0,"(19,)",page6-71.svg,True,4.0
P1G048,P1R01587,8,1,page6-107.svg,True,0.7000000000000001,low,single-utterance-unidirectional,P1-097,P1-016,"['page4-142.svg', 'page5-80.svg', 'page2-131.svg', 'page5-155.svg', 'page6-245.svg', 'page8-18.svg', 'page7-217.svg', 'page6-107.svg', 'page7-177.svg', 'page6-109.svg']",9.0,Looks like dagger pointing upwards with a short handle and a hilt,12.0,31.0,"(46,)",page6-107.svg,True,12.0
P1G003,P1R01700,15,2,page5-153.svg,False,0.6425925925925926,low,single-utterance-unidirectional,P1-057,P1-031,"['page3-61.svg', 'page7-202.svg', 'page4-190.svg', 'page2-16.svg', 'page7-126.svg', 'page7-166.svg', 'page1-95.svg', 'page5-96.svg', 'page5-153.svg', 'page7-127.svg']",7.0,the crab looking one with hands up,7.0,18.0,"(28,)",page3-61.svg,False,7.0
P1G046,P1R01406,2,0,page8-38.svg,False,0.5777777777777778,low,single-utterance-unidirectional,P1-015,P1-045,"['page1-175.svg', 'page7-15.svg', 'page3-52.svg', 'page8-54.svg', 'page4-244.svg', 'page5-36.svg', 'page7-40.svg', 'page8-183.svg', 'page8-38.svg', 'page7-20.svg']",4.0,"looks like an egyptian cat, two pointy ears, head to the right of the body",15.0,29.0,"(40,)",page8-38.svg,True,15.0
P1G016,P1R01450,19,3,page6-52.svg,False,1.0,high,single-utterance-unidirectional,P1-046,P1-014,"['page5-63.svg', 'page6-208.svg', 'page4-128.svg', 'page5-71.svg', 'page3-33.svg', 'page6-52.svg', 'page5-84.svg', 'page5-85.svg', 'page4-155.svg', 'page7-225.svg']",6.0,croc one again,8.0,20.0,,,,3.0
P1G047,P1R01334,9,1,page3-70.svg,False,1.0,high,single-utterance-unidirectional,P1-102,P1-080,"['page3-70.svg', 'page8-21.svg', 'page5-101.svg', 'page2-165.svg', 'page1-95.svg', 'page8-156.svg', 'page7-40.svg', 'page6-171.svg', 'page3-61.svg', 'page7-29.svg']",13.0,coffin,1.0,15.0,"(27,)",page3-70.svg,True,1.0
P1G041,P1R01337,27,4,page8-169.svg,False,1.0,high,single-utterance-unidirectional,P1-004,P1-113,"['page6-208.svg', 'page5-165.svg', 'page7-41.svg', 'page8-169.svg', 'page8-38.svg', 'page5-86.svg', 'page7-125.svg', 'page2-20.svg', 'page3-33.svg', 'page7-107.svg']",13.0,The third letter of the alphabet,6.0,17.0,"(24,)",page8-169.svg,True,6.0
P1G035,P1R01303,16,2,page7-20.svg,True,1.0,high,single-utterance-unidirectional,P1-119,P1-040,"['page7-202.svg', 'page8-183.svg', 'page7-79.svg', 'page6-121.svg', 'page1-133.svg', 'page6-206.svg', 'page7-20.svg', 'page6-135.svg', 'page1-77.svg', 'page4-5.svg']",4.0,"Kind of like a stanely knife blade, pointing down to the left",12.0,22.0,"(39,)",page7-20.svg,True,12.0
P1G035,P1R00979,23,3,page1-77.svg,True,0.6833333333333333,low,single-utterance-unidirectional,P1-119,P1-040,"['page7-202.svg', 'page8-183.svg', 'page7-79.svg', 'page6-121.svg', 'page1-133.svg', 'page6-206.svg', 'page7-20.svg', 'page6-135.svg', 'page1-77.svg', 'page4-5.svg']",10.0,Looks like a sword pointing down,6.0,18.0,"(24,)",page1-77.svg,True,6.0
P1G029,P1R00582,0,0,page-F.svg,False,0.6685185185185186,low,single-utterance-unidirectional,P1-052,P1-094,"['page8-156.svg', 'page8-192.svg', 'page6-162.svg', 'page7-53.svg', 'page7-145.svg', 'page7-177.svg', 'page7-226.svg', 'page-F.svg', 'page7-41.svg', 'page7-36.svg']",23.0,Person sitting down facing left,5.0,33.0,"(45,)",page-F.svg,True,5.0
P1G039,P1R00764,4,0,page6-206.svg,True,0.7333333333333333,low,single-utterance-unidirectional,P1-062,P1-120,"['page6-226.svg', 'page5-96.svg', 'page6-206.svg', 'page7-53.svg', 'page6-71.svg', 'page7-73.svg', 'page8-159.svg', 'page5-128.svg', 'page8-58.svg', 'page1-150.svg']",22.0,a block with a triangle cut from the right hand side,11.0,37.0,"(47,)",page6-206.svg,True,11.0
P1G049,P1R00245,17,2,page7-125.svg,False,0.9935185185185184,high,single-utterance-unidirectional,P1-047,P1-110,"['page6-122.svg', 'page9-40.svg', 'page7-226.svg', 'page7-125.svg', 'page8-246.svg', 'page6-160.svg', 'page7-145.svg', 'page5-101.svg', 'page8-183.svg', 'page8-21.svg']",,,,,,,,
P1G019,P1R00951,13,2,page8-169.svg,False,1.0,high,single-utterance-unidirectional,P1-020,P1-033,"['page5-165.svg', 'page5-101.svg', 'page2-86.svg', 'page6-166.svg', 'page7-126.svg', 'page8-169.svg', 'page4-180.svg', 'page6-167.svg', 'page3-139.svg', 'page1-117.svg']",9.0,c shape,2.0,10.0,"(22,)",page8-169.svg,True,2.0
P1G060,P1R00737,22,3,page5-71.svg,False,0.3833333333333333,low,single-utterance-unidirectional,P1-012,P1-021,"['page5-63.svg', 'page6-208.svg', 'page4-128.svg', 'page5-71.svg', 'page3-33.svg', 'page6-52.svg', 'page5-84.svg', 'page5-85.svg', 'page4-155.svg', 'page7-225.svg']",12.0,Bird flying looking down to right,6.0,18.0,"(25,)",page5-71.svg,True,6.0
P1G060,P1R00796,1,0,page6-208.svg,True,1.0,high,single-utterance-unidirectional,P1-012,P1-021,"['page5-63.svg', 'page6-208.svg', 'page4-128.svg', 'page5-71.svg', 'page3-33.svg', 'page6-52.svg', 'page5-84.svg', 'page5-85.svg', 'page4-155.svg', 'page7-225.svg']",13.0,A square with triangles coming out of the top right corner and top left corner,15.0,38.0,"(56,)",page6-208.svg,True,15.0
P1G021,P1R01648,4,0,page4-190.svg,False,1.0,high,single-utterance-unidirectional,P1-096,P1-098,"['page3-61.svg', 'page7-202.svg', 'page4-190.svg', 'page2-16.svg', 'page7-126.svg', 'page7-166.svg', 'page1-95.svg', 'page5-96.svg', 'page5-153.svg', 'page7-127.svg']",10.0,grass,1.0,15.0,"(31,)",page4-190.svg,True,1.0
P1G038,P1R01205,7,1,page8-159.svg,True,1.0,high,single-utterance-unidirectional,P1-035,P1-085,"['page5-165.svg', 'page8-159.svg', 'page5-45.svg', 'page4-232.svg', 'page9-40.svg', 'page7-127.svg', 'page7-157.svg', 'page8-234.svg', 'page3-70.svg', 'page8-58.svg']",16.0,The 'J' shape,3.0,23.0,"(32,)",page8-159.svg,True,3.0
P1G037,P1R00072,17,2,page6-171.svg,False,0.4148148148148148,low,single-utterance-unidirectional,P1-037,P1-002,"['page6-171.svg', 'page4-241.svg', 'page5-102.svg', 'page2-133.svg', 'page1-95.svg', 'page6-219.svg', 'page7-216.svg', 'page2-86.svg', 'page8-21.svg', 'page4-180.svg']",6.0,Person walking at the top,5.0,12.0,"(29,)",page6-171.svg,True,5.0
P1G032,P1R00047,11,1,page7-79.svg,False,0.7777777777777777,low,single-utterance-unidirectional,P1-022,P1-118,"['page7-202.svg', 'page8-183.svg', 'page7-79.svg', 'page6-121.svg', 'page1-133.svg', 'page6-206.svg', 'page7-20.svg', 'page6-135.svg', 'page1-77.svg', 'page4-5.svg']",9.0,Someone laying down with there neck hanging off a bed?,10.0,21.0,"(41,)",page7-79.svg,True,10.0
P1G032,P1R00370,19,3,page1-133.svg,False,0.5444444444444445,low,single-utterance-unidirectional,P1-022,P1-118,"['page7-202.svg', 'page8-183.svg', 'page7-79.svg', 'page6-121.svg', 'page1-133.svg', 'page6-206.svg', 'page7-20.svg', 'page6-135.svg', 'page1-77.svg', 'page4-5.svg']",15.0,bARN,1.0,15.0,"(25,)",page1-133.svg,True,1.0
P1G036,P1R00516,27,4,page1-30.svg,False,1.0,high,single-utterance-unidirectional,P1-029,P1-114,"['page8-247.svg', 'page6-206.svg', 'page1-117.svg', 'page2-140.svg', 'page1-30.svg', 'page9-39.svg', 'page1-185.svg', 'page3-33.svg', 'page6-228.svg', 'page7-81.svg']",12.0,like a tree,3.0,13.0,"(23,)",page1-30.svg,True,3.0
P1G060,P1R00143,7,1,page6-52.svg,False,1.0,high,single-utterance-unidirectional,P1-012,P1-021,"['page5-63.svg', 'page6-208.svg', 'page4-128.svg', 'page5-71.svg', 'page3-33.svg', 'page6-52.svg', 'page5-84.svg', 'page5-85.svg', 'page4-155.svg', 'page7-225.svg']",13.0,A black rectangle but with bits cut out of it so theres's a triangle coming out of the right hand side and,22.0,38.0,"(50,)",page6-52.svg,True,22.0
P1G048,P1R01593,16,2,page2-131.svg,False,0.5333333333333334,low,single-utterance-unidirectional,P1-016,P1-097,"['page6-245.svg', 'page6-107.svg', 'page4-142.svg', 'page7-177.svg', 'page8-18.svg', 'page5-80.svg', 'page7-217.svg', 'page5-155.svg', 'page2-131.svg', 'page6-109.svg']",6.0,an upright post with half of a trapezoid on the top,11.0,24.0,,,,11.0
P1G043,P1R01347,3,0,page7-41.svg,False,0.7555555555555555,low,single-utterance-unidirectional,P1-075,P1-066,"['page8-156.svg', 'page8-192.svg', 'page6-162.svg', 'page7-53.svg', 'page7-145.svg', 'page7-177.svg', 'page7-226.svg', 'page-F.svg', 'page7-41.svg', 'page7-36.svg']",11.0,a boat with a house on it,7.0,21.0,"(34,)",page7-41.svg,True,7.0
P1G060,P1R00335,3,0,page6-52.svg,False,1.0,high,single-utterance-unidirectional,P1-021,P1-012,"['page5-85.svg', 'page7-225.svg', 'page5-63.svg', 'page3-33.svg', 'page5-84.svg', 'page6-208.svg', 'page5-71.svg', 'page4-128.svg', 'page6-52.svg', 'page4-155.svg']",39.0,,,,,,,
P1G045,P1R01381,26,4,page7-41.svg,False,0.7555555555555555,low,single-utterance-unidirectional,P1-095,P1-001,"['page6-196.svg', 'page7-41.svg', 'page6-109.svg', 'page5-65.svg', 'page2-85.svg', 'page4-98.svg', 'page4-96.svg', 'page6-52.svg', 'page3-33.svg', 'page5-80.svg']",7.0,house boat,2.0,10.0,"(12,)",page7-41.svg,True,2.0
P1G023,P1R01282,4,0,page3-52.svg,False,1.0,high,single-utterance-unidirectional,P1-117,P1-003,"['page1-175.svg', 'page7-15.svg', 'page3-52.svg', 'page8-54.svg', 'page4-244.svg', 'page5-36.svg', 'page7-40.svg', 'page8-183.svg', 'page8-38.svg', 'page7-20.svg']",14.0,Upside down Y,3.0,17.0,"(24,)",page3-52.svg,True,3.0
P1G040,P1R00306,20,3,page6-23.svg,False,0.7776190476190477,low,single-utterance-unidirectional,P1-092,P1-083,"['page3-70.svg', 'page3-12.svg', 'page7-29.svg', 'page1-77.svg', 'page6-23.svg', 'page7-73.svg', 'page3-33.svg', 'page5-65.svg', 'page4-190.svg', 'page5-40.svg']",17.0,diamond head one leg,4.0,20.0,"(22,)",page6-23.svg,True,4.0
P1G024,P1R00087,3,0,page7-115.svg,False,0.6,low,single-utterance-unidirectional,P1-089,P1-026,"['page5-154.svg', 'page8-56.svg', 'page3-70.svg', 'page7-216.svg', 'page7-115.svg', 'page5-26.svg', 'page6-204.svg', 'page7-55.svg', 'page5-86.svg', 'page7-166.svg']",9.0,Looks like a bridge,4.0,19.0,"(23,)",page7-115.svg,True,4.0
P1G022,P1R01147,15,2,page3-33.svg,False,0.6111111111111112,low,single-utterance-unidirectional,P1-072,P1-082,"['page6-196.svg', 'page7-41.svg', 'page6-109.svg', 'page5-65.svg', 'page2-85.svg', 'page4-98.svg', 'page4-96.svg', 'page6-52.svg', 'page3-33.svg', 'page5-80.svg']",11.0,mountain view again,3.0,15.0,"(23,)",page3-33.svg,True,3.0
P1G055,P1R01031,15,2,page6-155.svg,False,1.0,high,single-utterance-unidirectional,P1-111,P1-100,"['page5-121.svg', 'page3-33.svg', 'page6-52.svg', 'page7-44.svg', 'page5-63.svg', 'page2-34.svg', 'page6-155.svg', 'page7-115.svg', 'page6-175.svg', 'page7-113.svg']",10.0,the bird with long neck,5.0,14.0,"(22,)",page6-155.svg,True,5.0
P1G022,P1R01591,17,2,page6-109.svg,False,1.0,high,single-utterance-unidirectional,P1-072,P1-082,"['page6-196.svg', 'page7-41.svg', 'page6-109.svg', 'page5-65.svg', 'page2-85.svg', 'page4-98.svg', 'page4-96.svg', 'page6-52.svg', 'page3-33.svg', 'page5-80.svg']",6.0,"triangle left side, flat top and 3 shorter zig zags on right",12.0,34.0,"(50,)",page6-109.svg,True,12.0
P1G055,P1R00625,5,0,page6-175.svg,True,0.6509259259259259,low,single-utterance-unidirectional,P1-100,P1-111,"['page6-155.svg', 'page7-113.svg', 'page2-34.svg', 'page7-115.svg', 'page7-44.svg', 'page3-33.svg', 'page6-52.svg', 'page5-121.svg', 'page6-175.svg', 'page5-63.svg']",11.0,looks like a person sitting down reading a book,9.0,20.0,"(31,)",page6-175.svg,True,9.0
P1G023,P1R01719,13,2,page5-36.svg,False,1.0,high,single-utterance-unidirectional,P1-117,P1-003,"['page1-175.svg', 'page7-15.svg', 'page3-52.svg', 'page8-54.svg', 'page4-244.svg', 'page5-36.svg', 'page7-40.svg', 'page8-183.svg', 'page8-38.svg', 'page7-20.svg']",10.0,square with T,3.0,14.0,"(24,)",page5-36.svg,True,3.0
P1G023,P1R01197,17,2,page7-20.svg,False,1.0,high,single-utterance-unidirectional,P1-117,P1-003,"['page1-175.svg', 'page7-15.svg', 'page3-52.svg', 'page8-54.svg', 'page4-244.svg', 'page5-36.svg', 'page7-40.svg', 'page8-183.svg', 'page8-38.svg', 'page7-20.svg']",9.0,Bigger pallolelogram,2.0,28.0,"(41,)",page7-20.svg,True,2.0
P1G046,P1R01301,12,2,page7-40.svg,False,0.7611111111111111,low,single-utterance-unidirectional,P1-015,P1-045,"['page1-175.svg', 'page7-15.svg', 'page3-52.svg', 'page8-54.svg', 'page4-244.svg', 'page5-36.svg', 'page7-40.svg', 'page8-183.svg', 'page8-38.svg', 'page7-20.svg']",4.0,big wave crashing down to the right,7.0,9.0,"(19,)",page7-40.svg,True,7.0
P1G025,P1R00117,7,1,page3-33.svg,False,0.6111111111111112,low,single-utterance-unidirectional,P1-056,P1-112,"['page1-117.svg', 'page6-206.svg', 'page1-30.svg', 'page7-81.svg', 'page9-39.svg', 'page8-247.svg', 'page2-140.svg', 'page6-228.svg', 'page1-185.svg', 'page3-33.svg']",5.0,mountains three,2.0,8.0,"(13,)",page3-33.svg,True,2.0
P1G035,P1R00172,15,2,page1-133.svg,False,0.5444444444444445,low,single-utterance-unidirectional,P1-040,P1-119,"['page1-77.svg', 'page8-183.svg', 'page6-206.svg', 'page6-121.svg', 'page6-135.svg', 'page7-79.svg', 'page1-133.svg', 'page4-5.svg', 'page7-202.svg', 'page7-20.svg']",11.0,big house with roof,4.0,15.0,"(33,)",page1-133.svg,True,4.0
P1G053,P1R00504,22,3,page9-39.svg,False,0.7407407407407408,low,single-utterance-unidirectional,P1-064,P1-061,"['page1-117.svg', 'page6-206.svg', 'page1-30.svg', 'page7-81.svg', 'page9-39.svg', 'page8-247.svg', 'page2-140.svg', 'page6-228.svg', 'page1-185.svg', 'page3-33.svg']",9.0,a pie sitting to the left,6.0,16.0,"(36,)",page6-228.svg,False,6.0
P1G007,P1R01274,7,1,page5-84.svg,False,0.5111111111111112,low,single-utterance-unidirectional,P1-115,P1-067,"['page5-153.svg', 'page8-169.svg', 'page3-12.svg', 'page6-71.svg', 'page7-15.svg', 'page6-160.svg', 'page7-20.svg', 'page9-39.svg', 'page5-84.svg', 'page5-66.svg']",9.0,"Looks like a horse, you said before you thought it was a bird",13.0,18.0,"(26,)",page5-84.svg,True,13.0
P1G040,P1R01781,15,2,page7-29.svg,False,1.0,high,single-utterance-unidirectional,P1-083,P1-092,"['page5-65.svg', 'page7-29.svg', 'page7-73.svg', 'page6-23.svg', 'page5-40.svg', 'page1-77.svg', 'page4-190.svg', 'page3-70.svg', 'page3-12.svg', 'page3-33.svg']",4.0,axe,1.0,6.0,"(13,)",page7-29.svg,True,1.0
P1G012,P1R00221,8,1,page6-52.svg,False,1.0,high,single-utterance-unidirectional,P1-024,P1-076,"['page6-52.svg', 'page7-36.svg', 'page6-186.svg', 'page2-136.svg', 'page1-186.svg', 'page2-165.svg', 'page6-219.svg', 'page1-133.svg', 'page7-126.svg', 'page7-186.svg']",14.0,square sticking out of bottom right,6.0,23.0,"(40,)",page6-52.svg,True,6.0
P1G010,P1R00339,23,3,page5-153.svg,False,0.6425925925925926,low,single-utterance-unidirectional,P1-032,P1-044,"['page7-166.svg', 'page1-95.svg', 'page5-153.svg', 'page4-190.svg', 'page7-202.svg', 'page7-126.svg', 'page3-61.svg', 'page2-16.svg', 'page5-96.svg', 'page7-127.svg']",13.0,"a boat without a sail, could be a crab also",10.0,21.0,"(34,)",page5-153.svg,True,10.0
P1G015,P1R00558,25,4,page4-195.svg,False,1.0,high,single-utterance-unidirectional,P1-028,P1-025,"['page7-44.svg', 'page7-55.svg', 'page6-206.svg', 'page1-48.svg', 'page8-38.svg', 'page5-45.svg', 'page9-40.svg', 'page1-133.svg', 'page-F.svg', 'page4-195.svg']",5.0,Assault rifle,2.0,7.0,"(12,)",page4-195.svg,True,2.0
P1G026,P1R01378,13,2,page1-133.svg,False,0.5444444444444445,low,single-utterance-unidirectional,P1-011,P1-091,"['page7-44.svg', 'page7-55.svg', 'page6-206.svg', 'page1-48.svg', 'page8-38.svg', 'page5-45.svg', 'page9-40.svg', 'page1-133.svg', 'page-F.svg', 'page4-195.svg']",19.0,It's like a house with the point cut off,9.0,32.0,"(42,)",page1-133.svg,True,9.0
P1G028,P1R00924,0,0,page6-121.svg,True,1.0,high,single-utterance-unidirectional,P1-027,P1-069,"['page7-202.svg', 'page8-183.svg', 'page7-79.svg', 'page6-121.svg', 'page1-133.svg', 'page6-206.svg', 'page7-20.svg', 'page6-135.svg', 'page1-77.svg', 'page4-5.svg']",12.0,okay it looks kinda like a knife,7.0,27.0,"(51,)",page1-77.svg,False,7.0
P1G036,P1R00136,1,0,page1-30.svg,False,1.0,high,single-utterance-unidirectional,P1-029,P1-114,"['page8-247.svg', 'page6-206.svg', 'page1-117.svg', 'page2-140.svg', 'page1-30.svg', 'page9-39.svg', 'page1-185.svg', 'page3-33.svg', 'page6-228.svg', 'page7-81.svg']",15.0,Like a tree with a triangle at the top.,9.0,35.0,"(43,)",page1-30.svg,True,9.0
P1G024,P1R01514,20,3,page5-26.svg,False,0.7518518518518518,low,single-utterance-unidirectional,P1-026,P1-089,"['page5-86.svg', 'page8-56.svg', 'page7-216.svg', 'page7-55.svg', 'page5-154.svg', 'page3-70.svg', 'page6-204.svg', 'page7-166.svg', 'page5-26.svg', 'page7-115.svg']",7.0,jet fliying downwards,3.0,12.0,"(23,)",page5-26.svg,True,3.0
P1G004,P1R01507,19,3,page2-100.svg,False,0.7685185185185184,low,single-utterance-unidirectional,P1-086,P1-009,"['page5-26.svg', 'page7-20.svg', 'page7-125.svg', 'page2-100.svg', 'page7-126.svg', 'page8-169.svg', 'page7-202.svg', 'page7-116.svg', 'page5-40.svg', 'page4-244.svg']",7.0,Stop sign with a bent pole,6.0,15.0,"(23,)",page2-100.svg,True,6.0
P1G035,P1R00556,9,1,page8-183.svg,False,1.0,high,single-utterance-unidirectional,P1-119,P1-040,"['page7-202.svg', 'page8-183.svg', 'page7-79.svg', 'page6-121.svg', 'page1-133.svg', 'page6-206.svg', 'page7-20.svg', 'page6-135.svg', 'page1-77.svg', 'page4-5.svg']",11.0,Looks like capital P,4.0,18.0,"(23,)",page8-183.svg,True,4.0
P1G016,P1R00007,29,4,page5-84.svg,False,0.5111111111111112,low,single-utterance-unidirectional,P1-014,P1-046,"['page5-85.svg', 'page7-225.svg', 'page5-63.svg', 'page3-33.svg', 'page5-84.svg', 'page6-208.svg', 'page5-71.svg', 'page4-128.svg', 'page6-52.svg', 'page4-155.svg']",5.0,horse,1.0,6.0,"(16,)",page5-84.svg,True,1.0
P1G042,P1R01662,18,3,page3-201.svg,False,0.5548148148148148,low,single-utterance-unidirectional,P1-023,P1-039,"['page8-182.svg', 'page5-139.svg', 'page6-1.svg', 'page7-127.svg', 'page5-56.svg', 'page3-201.svg', 'page7-125.svg', 'page5-84.svg', 'page6-162.svg', 'page8-206.svg']",5.0,a rabbit,2.0,7.0,"(13,)",page3-201.svg,True,2.0
P1G008,P1R00492,22,3,page6-206.svg,False,0.7333333333333333,low,single-utterance-unidirectional,P1-116,P1-074,"['page1-48.svg', 'page1-133.svg', 'page9-40.svg', 'page8-38.svg', 'page7-44.svg', 'page-F.svg', 'page5-45.svg', 'page4-195.svg', 'page6-206.svg', 'page7-55.svg']",26.0,traffic light,2.0,27.0,"(38,)",page6-206.svg,True,2.0
P1G022,P1R00177,19,3,page6-52.svg,False,1.0,high,single-utterance-unidirectional,P1-082,P1-072,"['page6-196.svg', 'page4-98.svg', 'page5-80.svg', 'page4-96.svg', 'page6-52.svg', 'page2-85.svg', 'page6-109.svg', 'page5-65.svg', 'page3-33.svg', 'page7-41.svg']",12.0,has a square sticking our fight side,7.0,17.0,"(29,)",page6-52.svg,True,7.0
P1G031,P1R00249,11,1,page7-126.svg,False,0.6666666666666667,low,single-utterance-unidirectional,P1-079,P1-008,"['page8-246.svg', 'page7-125.svg', 'page6-160.svg', 'page5-85.svg', 'page1-185.svg', 'page5-139.svg', 'page4-180.svg', 'page5-154.svg', 'page7-177.svg', 'page7-126.svg']",4.0,bird looking left,3.0,10.0,"(13,)",page7-126.svg,True,3.0
P1G043,P1R01444,29,4,page7-226.svg,True,1.0,high,single-utterance-unidirectional,P1-066,P1-075,"['page6-162.svg', 'page7-226.svg', 'page7-177.svg', 'page8-156.svg', 'page7-53.svg', 'page7-41.svg', 'page7-36.svg', 'page-F.svg', 'page7-145.svg', 'page8-192.svg']",10.0,little bit like a heart that has been squashed on the right side.,13.0,10.0,"(18,)",page7-226.svg,True,13.0
P1G037,P1R00623,19,3,page2-86.svg,False,0.7777777777777777,low,single-utterance-unidirectional,P1-002,P1-037,"['page5-102.svg', 'page2-133.svg', 'page4-241.svg', 'page6-171.svg', 'page7-216.svg', 'page2-86.svg', 'page6-219.svg', 'page4-180.svg', 'page1-95.svg', 'page8-21.svg']",8.0,Two headed dog,3.0,17.0,"(24,)",page2-86.svg,True,3.0
P1G056,P1R01200,1,0,page5-45.svg,False,1.0,high,single-utterance-unidirectional,P1-018,P1-005,"['page7-22.svg', 'page3-66.svg', 'page5-232.svg', 'page7-225.svg', 'page8-248.svg', 'page4-142.svg', 'page7-157.svg', 'page8-21.svg', 'page5-45.svg', 'page5-85.svg']",10.0,A house like roof with a door in the center,10.0,22.0,"(35,)",page5-45.svg,True,10.0
P1G041,P1R01364,3,0,page8-38.svg,True,0.5777777777777778,low,single-utterance-unidirectional,P1-113,P1-004,"['page6-208.svg', 'page3-33.svg', 'page7-107.svg', 'page2-20.svg', 'page8-169.svg', 'page8-38.svg', 'page7-41.svg', 'page5-86.svg', 'page7-125.svg', 'page5-165.svg']",9.0,A skinny cat with two pointy ears facing right,9.0,21.0,"(33,)",page8-38.svg,True,9.0
P1G038,P1R00943,22,3,page9-40.svg,False,1.0,high,single-utterance-unidirectional,P1-035,P1-085,"['page5-165.svg', 'page8-159.svg', 'page5-45.svg', 'page4-232.svg', 'page9-40.svg', 'page7-127.svg', 'page7-157.svg', 'page8-234.svg', 'page3-70.svg', 'page8-58.svg']",9.0,middl eTower,2.0,23.0,"(35,)",page9-40.svg,True,2.0
P1G028,P1R00759,21,3,page7-79.svg,False,0.7777777777777777,low,single-utterance-unidirectional,P1-027,P1-069,"['page7-202.svg', 'page8-183.svg', 'page7-79.svg', 'page6-121.svg', 'page1-133.svg', 'page6-206.svg', 'page7-20.svg', 'page6-135.svg', 'page1-77.svg', 'page4-5.svg']",11.0,triangle hanging off the bottom right,6.0,16.0,,,,6.0
P1G032,P1R01654,27,4,page6-135.svg,False,1.0,high,single-utterance-unidirectional,P1-118,P1-022,"['page1-77.svg', 'page8-183.svg', 'page6-206.svg', 'page6-121.svg', 'page6-135.svg', 'page7-79.svg', 'page1-133.svg', 'page4-5.svg', 'page7-202.svg', 'page7-20.svg']",19.0,Big letter V or also looks like a spaceship upside down,11.0,25.0,"(38,)",page6-135.svg,True,11.0
P1G020,P1R01088,28,4,page1-186.svg,False,0.4972222222222222,low,single-utterance-unidirectional,P1-101,P1-051,"['page7-186.svg', 'page7-36.svg', 'page1-133.svg', 'page1-186.svg', 'page7-126.svg', 'page6-186.svg', 'page2-165.svg', 'page6-52.svg', 'page2-136.svg', 'page6-219.svg']",29.0,fireplace,1.0,32.0,,,,1.0
P1G048,P1R00049,24,4,page5-155.svg,False,0.5777777777777778,low,single-utterance-unidirectional,P1-016,P1-097,"['page6-245.svg', 'page6-107.svg', 'page4-142.svg', 'page7-177.svg', 'page8-18.svg', 'page5-80.svg', 'page7-217.svg', 'page5-155.svg', 'page2-131.svg', 'page6-109.svg']",5.0,a tree with the top right corner missing,8.0,15.0,"(48,)",page5-155.svg,True,8.0
P1G054,P1R00700,24,4,page7-73.svg,False,0.6,low,single-utterance-unidirectional,P1-106,P1-030,"['page5-65.svg', 'page7-29.svg', 'page7-73.svg', 'page6-23.svg', 'page5-40.svg', 'page1-77.svg', 'page4-190.svg', 'page3-70.svg', 'page3-12.svg', 'page3-33.svg']",3.0,fish,1.0,5.0,"(10,)",page7-73.svg,True,1.0
P1G015,P1R01468,19,3,page1-48.svg,False,1.0,high,single-utterance-unidirectional,P1-025,P1-028,"['page1-48.svg', 'page1-133.svg', 'page9-40.svg', 'page8-38.svg', 'page7-44.svg', 'page-F.svg', 'page5-45.svg', 'page4-195.svg', 'page6-206.svg', 'page7-55.svg']",10.0,tent,1.0,11.0,"(22,)",page1-48.svg,True,1.0
P1G009,P1R00857,16,2,page5-85.svg,False,0.5166666666666668,low,single-utterance-unidirectional,P1-104,P1-019,"['page5-85.svg', 'page7-225.svg', 'page5-63.svg', 'page3-33.svg', 'page5-84.svg', 'page6-208.svg', 'page5-71.svg', 'page4-128.svg', 'page6-52.svg', 'page4-155.svg']",3.0,"fox, tail on left, head on right with two triangles as ears",12.0,19.0,,,,12.0
P1G029,P1R01637,21,3,page6-162.svg,True,1.0,high,single-utterance-unidirectional,P1-094,P1-052,"['page6-162.svg', 'page7-226.svg', 'page7-177.svg', 'page8-156.svg', 'page7-53.svg', 'page7-41.svg', 'page7-36.svg', 'page-F.svg', 'page7-145.svg', 'page8-192.svg']",9.0,arrow pointing down,3.0,17.0,"(24,)",page6-162.svg,True,3.0
P1G004,P1R00945,20,3,page4-244.svg,True,0.3777777777777778,low,single-utterance-unidirectional,P1-086,P1-009,"['page5-26.svg', 'page7-20.svg', 'page7-125.svg', 'page2-100.svg', 'page7-126.svg', 'page8-169.svg', 'page7-202.svg', 'page7-116.svg', 'page5-40.svg', 'page4-244.svg']",17.0,Dinosaur looking left,3.0,25.0,"(33,)",page4-244.svg,True,3.0
P1G052,P1R01543,27,4,page9-39.svg,False,0.7407407407407408,low,single-utterance-unidirectional,P1-108,P1-107,"['page6-71.svg', 'page7-15.svg', 'page8-169.svg', 'page5-66.svg', 'page7-20.svg', 'page9-39.svg', 'page5-153.svg', 'page3-12.svg', 'page6-160.svg', 'page5-84.svg']",,,,,,,,
P1G050,P1R00821,14,2,page1-117.svg,False,1.0,high,single-utterance-unidirectional,P1-090,P1-017,"['page8-247.svg', 'page6-206.svg', 'page1-117.svg', 'page2-140.svg', 'page1-30.svg', 'page9-39.svg', 'page1-185.svg', 'page3-33.svg', 'page6-228.svg', 'page7-81.svg']",9.0,It is the one you said looks like a trophy,10.0,20.0,"(25,)",page1-117.svg,True,10.0
P1G043,P1R00284,11,1,page7-145.svg,False,0.7666666666666666,low,single-utterance-unidirectional,P1-066,P1-075,"['page6-162.svg', 'page7-226.svg', 'page7-177.svg', 'page8-156.svg', 'page7-53.svg', 'page7-41.svg', 'page7-36.svg', 'page-F.svg', 'page7-145.svg', 'page8-192.svg']",17.0,duck swimming to the right,5.0,27.0,"(34,)",page7-145.svg,True,5.0
P1G053,P1R01467,4,0,page2-140.svg,False,1.0,high,single-utterance-unidirectional,P1-061,P1-064,"['page8-247.svg', 'page6-206.svg', 'page1-117.svg', 'page2-140.svg', 'page1-30.svg', 'page9-39.svg', 'page1-185.svg', 'page3-33.svg', 'page6-228.svg', 'page7-81.svg']",19.0,a boat with no sail a point on each end,10.0,35.0,"(55,)",page2-140.svg,True,10.0
P1G020,P1R01559,10,1,page1-186.svg,False,0.4972222222222222,low,single-utterance-unidirectional,P1-051,P1-101,"['page6-52.svg', 'page7-36.svg', 'page6-186.svg', 'page2-136.svg', 'page1-186.svg', 'page2-165.svg', 'page6-219.svg', 'page1-133.svg', 'page7-126.svg', 'page7-186.svg']",15.0,bridge or mantelpiece over a fireplace,6.0,26.0,"(34,)",page1-186.svg,True,6.0
P1G040,P1R01065,6,1,page7-29.svg,False,1.0,high,single-utterance-unidirectional,P1-092,P1-083,"['page3-70.svg', 'page3-12.svg', 'page7-29.svg', 'page1-77.svg', 'page6-23.svg', 'page7-73.svg', 'page3-33.svg', 'page5-65.svg', 'page4-190.svg', 'page5-40.svg']",7.0,looks like a axe,4.0,13.0,"(27,)",page7-29.svg,True,4.0
P1G027,P1R00077,11,1,page7-202.svg,False,1.0,high,single-utterance-unidirectional,P1-060,P1-055,"['page7-55.svg', 'page7-202.svg', 'page1-107.svg', 'page6-122.svg', 'page2-140.svg', 'page8-246.svg', 'page1-172.svg', 'page3-201.svg', 'page8-159.svg', 'page4-142.svg']",10.0,egg timer,2.0,14.0,"(32,)",page1-107.svg,False,2.0
P1G025,P1R01336,12,2,page2-140.svg,False,1.0,high,single-utterance-unidirectional,P1-112,P1-056,"['page8-247.svg', 'page6-206.svg', 'page1-117.svg', 'page2-140.svg', 'page1-30.svg', 'page9-39.svg', 'page1-185.svg', 'page3-33.svg', 'page6-228.svg', 'page7-81.svg']",7.0,water with an arm,4.0,13.0,"(19,)",page2-140.svg,True,4.0
P1G004,P1R00647,9,1,page7-202.svg,False,1.0,high,single-utterance-unidirectional,P1-086,P1-009,"['page5-26.svg', 'page7-20.svg', 'page7-125.svg', 'page2-100.svg', 'page7-126.svg', 'page8-169.svg', 'page7-202.svg', 'page7-116.svg', 'page5-40.svg', 'page4-244.svg']",6.0,Candlestick holder,2.0,14.0,"(24,)",page7-202.svg,True,2.0
P1G060,P1R00272,2,0,page5-84.svg,False,0.5111111111111112,low,single-utterance-unidirectional,P1-021,P1-012,"['page5-85.svg', 'page7-225.svg', 'page5-63.svg', 'page3-33.svg', 'page5-84.svg', 'page6-208.svg', 'page5-71.svg', 'page4-128.svg', 'page6-52.svg', 'page4-155.svg']",10.0,Looks like an animal with 4 legs,7.0,30.0,"(40,)",page5-84.svg,True,7.0
P1G020,P1R01412,25,4,page6-186.svg,False,0.7546296296296297,low,single-utterance-unidirectional,P1-101,P1-051,"['page7-186.svg', 'page7-36.svg', 'page1-133.svg', 'page1-186.svg', 'page7-126.svg', 'page6-186.svg', 'page2-165.svg', 'page6-52.svg', 'page2-136.svg', 'page6-219.svg']",11.0,person walking left,3.0,14.0,"(43,)",page6-186.svg,True,3.0
P1G001,P1R00465,23,3,page6-124.svg,False,1.0,high,single-utterance-unidirectional,P1-007,P1-053,"['page5-40.svg', 'page7-107.svg', 'page8-58.svg', 'page2-36.svg', 'page6-124.svg', 'page3-33.svg', 'page5-45.svg', 'page4-197.svg', 'page1-150.svg', 'page5-153.svg']",2.0,downward arrow with hollwoed outrectangle,5.0,19.0,"(21,)",page6-124.svg,True,5.0
P1G018,P1R01161,1,0,page7-216.svg,True,1.0,high,single-utterance-unidirectional,P1-010,P1-093,"['page5-102.svg', 'page2-133.svg', 'page4-241.svg', 'page6-171.svg', 'page7-216.svg', 'page2-86.svg', 'page6-219.svg', 'page4-180.svg', 'page1-95.svg', 'page8-21.svg']",,,,,,,,
P1G039,P1R01689,19,3,page8-159.svg,False,1.0,high,single-utterance-unidirectional,P1-062,P1-120,"['page6-226.svg', 'page5-96.svg', 'page6-206.svg', 'page7-53.svg', 'page6-71.svg', 'page7-73.svg', 'page8-159.svg', 'page5-128.svg', 'page8-58.svg', 'page1-150.svg']",5.0,letter J,2.0,8.0,"(12,)",page8-159.svg,True,2.0
P1G047,P1R00231,13,2,page5-101.svg,False,0.6666666666666667,low,single-utterance-unidirectional,P1-080,P1-102,"['page3-70.svg', 'page8-156.svg', 'page7-40.svg', 'page2-165.svg', 'page8-21.svg', 'page6-171.svg', 'page1-95.svg', 'page3-61.svg', 'page7-29.svg', 'page5-101.svg']",6.0,bat flying to LEFT.. not right.,6.0,15.0,"(32,)",page5-101.svg,True,6.0
P1G014,P1R00989,25,4,page7-20.svg,False,1.0,high,single-utterance-unidirectional,P1-049,P1-103,"['page6-71.svg', 'page7-15.svg', 'page8-169.svg', 'page5-66.svg', 'page7-20.svg', 'page9-39.svg', 'page5-153.svg', 'page3-12.svg', 'page6-160.svg', 'page5-84.svg']",9.0,Diagonal stripe,2.0,14.0,"(23,)",page7-20.svg,True,2.0
P1G033,P1R00134,8,1,page5-232.svg,False,0.7277777777777779,low,single-utterance-unidirectional,P1-105,P1-099,"['page5-45.svg', 'page8-21.svg', 'page4-142.svg', 'page5-85.svg', 'page7-22.svg', 'page5-232.svg', 'page7-157.svg', 'page3-66.svg', 'page8-248.svg', 'page7-225.svg']",13.0,Upward arrow,2.0,22.0,"(33,)",page5-232.svg,True,2.0
P1G009,P1R01244,7,1,page6-52.svg,False,1.0,high,single-utterance-unidirectional,P1-019,P1-104,"['page5-63.svg', 'page6-208.svg', 'page4-128.svg', 'page5-71.svg', 'page3-33.svg', 'page6-52.svg', 'page5-84.svg', 'page5-85.svg', 'page4-155.svg', 'page7-225.svg']",28.0,block on the left square going down bottom right,9.0,40.0,,,,9.0
P1G028,P1R00517,13,2,page7-79.svg,False,0.7777777777777777,low,single-utterance-unidirectional,P1-069,P1-027,"['page1-77.svg', 'page8-183.svg', 'page6-206.svg', 'page6-121.svg', 'page6-135.svg', 'page7-79.svg', 'page1-133.svg', 'page4-5.svg', 'page7-202.svg', 'page7-20.svg']",13.0,One in between coffin and ears,6.0,24.0,"(51,)",page6-121.svg,False,6.0
P1G006,P1R01279,25,4,page6-71.svg,False,1.0,high,single-utterance-unidirectional,P1-077,P1-073,"['page8-58.svg', 'page5-96.svg', 'page8-159.svg', 'page7-53.svg', 'page1-150.svg', 'page6-226.svg', 'page7-73.svg', 'page6-206.svg', 'page5-128.svg', 'page6-71.svg']",6.0,two people shaking hands,4.0,17.0,"(25,)",page6-71.svg,True,4.0
P1G022,P1R00178,1,0,page2-85.svg,True,1.0,high,single-utterance-unidirectional,P1-082,P1-072,"['page6-196.svg', 'page4-98.svg', 'page5-80.svg', 'page4-96.svg', 'page6-52.svg', 'page2-85.svg', 'page6-109.svg', 'page5-65.svg', 'page3-33.svg', 'page7-41.svg']",9.0,square in a diamond,4.0,14.0,"(22,)",page2-85.svg,True,4.0
P1G059,P1R01241,11,1,page8-247.svg,True,0.6333333333333334,low,single-utterance-unidirectional,P1-058,P1-038,"['page1-117.svg', 'page6-206.svg', 'page1-30.svg', 'page7-81.svg', 'page9-39.svg', 'page8-247.svg', 'page2-140.svg', 'page6-228.svg', 'page1-185.svg', 'page3-33.svg']",9.0,Horse jumping to left,4.0,14.0,"(22,)",page8-247.svg,True,4.0
P1G035,P1R00501,25,4,page8-183.svg,False,1.0,high,single-utterance-unidirectional,P1-040,P1-119,"['page1-77.svg', 'page8-183.svg', 'page6-206.svg', 'page6-121.svg', 'page6-135.svg', 'page7-79.svg', 'page1-133.svg', 'page4-5.svg', 'page7-202.svg', 'page7-20.svg']",4.0,capital P,2.0,8.0,"(20,)",page8-183.svg,True,2.0
P1G002,P1R00194,25,4,page7-203.svg,False,0.9925925925925926,high,single-utterance-unidirectional,P1-081,P1-013,"['page8-234.svg', 'page1-132.svg', 'page5-85.svg', 'page6-21.svg', 'page6-185.svg', 'page6-52.svg', 'page5-63.svg', 'page7-113.svg', 'page6-228.svg', 'page7-203.svg']",12.0,down arrow into square above triangle,6.0,20.0,"(24,)",page7-203.svg,True,6.0
P1G056,P1R00346,3,0,page7-225.svg,False,1.0,high,single-utterance-unidirectional,P1-018,P1-005,"['page7-22.svg', 'page3-66.svg', 'page5-232.svg', 'page7-225.svg', 'page8-248.svg', 'page4-142.svg', 'page7-157.svg', 'page8-21.svg', 'page5-45.svg', 'page5-85.svg']",8.0,A snake like figure with a small upside down triangle,10.0,26.0,"(33,)",page7-225.svg,True,10.0
P1G052,P1R00463,16,2,page8-169.svg,False,1.0,high,single-utterance-unidirectional,P1-108,P1-107,"['page6-71.svg', 'page7-15.svg', 'page8-169.svg', 'page5-66.svg', 'page7-20.svg', 'page9-39.svg', 'page5-153.svg', 'page3-12.svg', 'page6-160.svg', 'page5-84.svg']",,,,,,,,
P1G007,P1R00985,10,1,page9-39.svg,False,0.7407407407407408,low,single-utterance-unidirectional,P1-115,P1-067,"['page5-153.svg', 'page8-169.svg', 'page3-12.svg', 'page6-71.svg', 'page7-15.svg', 'page6-160.svg', 'page7-20.svg', 'page9-39.svg', 'page5-84.svg', 'page5-66.svg']",10.0,Saxophone,1.0,16.0,"(23,)",page9-39.svg,True,1.0
P1G013,P1R01185,7,1,page5-84.svg,False,0.5111111111111112,low,single-utterance-unidirectional,P1-109,P1-034,"['page5-153.svg', 'page8-169.svg', 'page3-12.svg', 'page6-71.svg', 'page7-15.svg', 'page6-160.svg', 'page7-20.svg', 'page9-39.svg', 'page5-84.svg', 'page5-66.svg']",19.0,A long necked animal with legs,6.0,28.0,"(35,)",page5-84.svg,True,6.0
P1G019,P1R00934,7,1,page2-86.svg,False,0.7777777777777777,low,single-utterance-unidirectional,P1-033,P1-020,"['page2-86.svg', 'page7-126.svg', 'page5-101.svg', 'page8-169.svg', 'page3-139.svg', 'page6-166.svg', 'page6-167.svg', 'page4-180.svg', 'page5-165.svg', 'page1-117.svg']",7.0,Like a couch with pointy legs,6.0,17.0,"(23,)",page2-86.svg,True,6.0
P1G019,P1R00782,27,4,page1-117.svg,True,1.0,high,single-utterance-unidirectional,P1-033,P1-020,"['page2-86.svg', 'page7-126.svg', 'page5-101.svg', 'page8-169.svg', 'page3-139.svg', 'page6-166.svg', 'page6-167.svg', 'page4-180.svg', 'page5-165.svg', 'page1-117.svg']",4.0,"Like a kind of plinth, Wider at the top than bottom",11.0,15.0,"(22,)",page1-117.svg,True,11.0
P1G007,P1R01067,5,0,page7-15.svg,False,0.5935185185185186,low,single-utterance-unidirectional,P1-067,P1-115,"['page6-71.svg', 'page7-15.svg', 'page8-169.svg', 'page5-66.svg', 'page7-20.svg', 'page9-39.svg', 'page5-153.svg', 'page3-12.svg', 'page6-160.svg', 'page5-84.svg']",13.0,mountains in the distance,4.0,23.0,"(33,)",page7-15.svg,True,4.0
P1G025,P1R01249,17,2,page1-185.svg,True,0.6611111111111112,low,single-utterance-unidirectional,P1-056,P1-112,"['page1-117.svg', 'page6-206.svg', 'page1-30.svg', 'page7-81.svg', 'page9-39.svg', 'page8-247.svg', 'page2-140.svg', 'page6-228.svg', 'page1-185.svg', 'page3-33.svg']",3.0,a diamond sitting on a stand,6.0,12.0,"(18,)",page1-185.svg,True,6.0
P1G050,P1R00092,16,2,page3-33.svg,False,0.6111111111111112,low,single-utterance-unidirectional,P1-090,P1-017,"['page8-247.svg', 'page6-206.svg', 'page1-117.svg', 'page2-140.svg', 'page1-30.svg', 'page9-39.svg', 'page1-185.svg', 'page3-33.svg', 'page6-228.svg', 'page7-81.svg']",8.0,It looks like 3 mountains with something over top,9.0,20.0,"(25,)",page3-33.svg,True,9.0
P1G040,P1R01513,8,1,page6-23.svg,False,0.7776190476190477,low,single-utterance-unidirectional,P1-092,P1-083,"['page3-70.svg', 'page3-12.svg', 'page7-29.svg', 'page1-77.svg', 'page6-23.svg', 'page7-73.svg', 'page3-33.svg', 'page5-65.svg', 'page4-190.svg', 'page5-40.svg']",8.0,diamond shape head pointing up on one leg,8.0,17.0,"(26,)",page6-23.svg,True,8.0
P1G043,P1R00256,5,0,page8-156.svg,False,1.0,high,single-utterance-unidirectional,P1-075,P1-066,"['page8-156.svg', 'page8-192.svg', 'page6-162.svg', 'page7-53.svg', 'page7-145.svg', 'page7-177.svg', 'page7-226.svg', 'page-F.svg', 'page7-41.svg', 'page7-36.svg']",8.0,looks like a K,4.0,13.0,"(23,)",page8-156.svg,True,4.0
P1G003,P1R00383,21,3,page7-202.svg,True,1.0,high,single-utterance-unidirectional,P1-031,P1-057,"['page7-166.svg', 'page1-95.svg', 'page5-153.svg', 'page4-190.svg', 'page7-202.svg', 'page7-126.svg', 'page3-61.svg', 'page2-16.svg', 'page5-96.svg', 'page7-127.svg']",14.0,TRIANGLE HOLDING UP WEIRD POINTY THING WITH TWO TRIANGLES POINTING OUTWARD,11.0,35.0,"(47,)",page7-166.svg,False,11.0
P1G044,P1R01660,12,2,page6-122.svg,False,0.5666666666666667,low,single-utterance-unidirectional,P1-078,P1-068,"['page6-122.svg', 'page9-40.svg', 'page7-226.svg', 'page7-125.svg', 'page8-246.svg', 'page6-160.svg', 'page7-145.svg', 'page5-101.svg', 'page8-183.svg', 'page8-21.svg']",4.0,a house,2.0,6.0,"(25,)",page6-122.svg,True,2.0
P1G042,P1R00681,22,3,page5-139.svg,True,0.9925925925925926,high,single-utterance-unidirectional,P1-023,P1-039,"['page8-182.svg', 'page5-139.svg', 'page6-1.svg', 'page7-127.svg', 'page5-56.svg', 'page3-201.svg', 'page7-125.svg', 'page5-84.svg', 'page6-162.svg', 'page8-206.svg']",17.0,a car mirror,3.0,19.0,"(33,)",page5-139.svg,True,3.0
P1G012,P1R00633,22,3,page6-186.svg,False,0.7546296296296297,low,single-utterance-unidirectional,P1-024,P1-076,"['page6-52.svg', 'page7-36.svg', 'page6-186.svg', 'page2-136.svg', 'page1-186.svg', 'page2-165.svg', 'page6-219.svg', 'page1-133.svg', 'page7-126.svg', 'page7-186.svg']",6.0,man with square head walking to the left,8.0,15.0,"(23,)",page6-186.svg,True,8.0
P1G059,P1R01472,14,2,page1-117.svg,False,1.0,high,single-utterance-unidirectional,P1-038,P1-058,"['page8-247.svg', 'page6-206.svg', 'page1-117.svg', 'page2-140.svg', 'page1-30.svg', 'page9-39.svg', 'page1-185.svg', 'page3-33.svg', 'page6-228.svg', 'page7-81.svg']",11.0,Tall vase with wide mouth,5.0,15.0,"(22,)",page1-117.svg,True,5.0
P1G045,P1R00878,2,0,page6-109.svg,False,1.0,high,single-utterance-unidirectional,P1-095,P1-001,"['page6-196.svg', 'page7-41.svg', 'page6-109.svg', 'page5-65.svg', 'page2-85.svg', 'page4-98.svg', 'page4-96.svg', 'page6-52.svg', 'page3-33.svg', 'page5-80.svg']",22.0,,,,,,,
P1G025,P1R00404,27,4,page1-30.svg,False,1.0,high,single-utterance-unidirectional,P1-112,P1-056,"['page8-247.svg', 'page6-206.svg', 'page1-117.svg', 'page2-140.svg', 'page1-30.svg', 'page9-39.svg', 'page1-185.svg', 'page3-33.svg', 'page6-228.svg', 'page7-81.svg']",9.0,2 lines coming to an arrow,6.0,19.0,"(23,)",page1-30.svg,True,6.0
P1G011,P1R01771,17,2,page5-45.svg,False,1.0,high,single-utterance-unidirectional,P1-088,P1-041,"['page2-36.svg', 'page4-197.svg', 'page1-150.svg', 'page3-33.svg', 'page5-153.svg', 'page6-124.svg', 'page7-107.svg', 'page5-40.svg', 'page8-58.svg', 'page5-45.svg']",11.0,A House,2.0,17.0,"(33,)",page5-45.svg,True,2.0
P1G034,P1R00319,28,4,page2-34.svg,False,0.7611111111111111,low,single-utterance-unidirectional,P1-065,P1-084,"['page5-121.svg', 'page3-33.svg', 'page6-52.svg', 'page7-44.svg', 'page5-63.svg', 'page2-34.svg', 'page6-155.svg', 'page7-115.svg', 'page6-175.svg', 'page7-113.svg']",4.0,"bear facing left with no head, boxy legs, front leg bigger",11.0,13.0,"(18,)",page2-34.svg,True,11.0
P1G055,P1R01352,25,4,page7-115.svg,False,0.6,low,single-utterance-unidirectional,P1-111,P1-100,"['page5-121.svg', 'page3-33.svg', 'page6-52.svg', 'page7-44.svg', 'page5-63.svg', 'page2-34.svg', 'page6-155.svg', 'page7-115.svg', 'page6-175.svg', 'page7-113.svg']",6.0,table with ears,3.0,10.0,"(13,)",page7-115.svg,True,3.0
P1G044,P1R00612,16,2,page9-40.svg,False,1.0,high,single-utterance-unidirectional,P1-078,P1-068,"['page6-122.svg', 'page9-40.svg', 'page7-226.svg', 'page7-125.svg', 'page8-246.svg', 'page6-160.svg', 'page7-145.svg', 'page5-101.svg', 'page8-183.svg', 'page8-21.svg']",5.0,candlestick,1.0,8.0,"(13,)",page9-40.svg,True,1.0
P1G056,P1R00451,7,1,page7-225.svg,False,1.0,high,single-utterance-unidirectional,P1-005,P1-018,"['page5-45.svg', 'page8-21.svg', 'page4-142.svg', 'page5-85.svg', 'page7-22.svg', 'page5-232.svg', 'page7-157.svg', 'page3-66.svg', 'page8-248.svg', 'page7-225.svg']",18.0,like an arm holding a martini glass up in the air,11.0,37.0,"(48,)",page4-142.svg,False,11.0
P1G043,P1R01733,27,4,page7-41.svg,False,0.7555555555555555,low,single-utterance-unidirectional,P1-075,P1-066,"['page8-156.svg', 'page8-192.svg', 'page6-162.svg', 'page7-53.svg', 'page7-145.svg', 'page7-177.svg', 'page7-226.svg', 'page-F.svg', 'page7-41.svg', 'page7-36.svg']",11.0,boat with house on it,5.0,18.0,"(23,)",page7-41.svg,True,5.0
P1G001,P1R01141,9,1,page6-124.svg,False,1.0,high,single-utterance-unidirectional,P1-007,P1-053,"['page5-40.svg', 'page7-107.svg', 'page8-58.svg', 'page2-36.svg', 'page6-124.svg', 'page3-33.svg', 'page5-45.svg', 'page4-197.svg', 'page1-150.svg', 'page5-153.svg']",7.0,a downward arrow with a rectangle in the middle,9.0,22.0,"(33,)",page6-124.svg,True,9.0
P1G047,P1R01540,1,0,page5-101.svg,False,0.6666666666666667,low,single-utterance-unidirectional,P1-080,P1-102,"['page3-70.svg', 'page8-156.svg', 'page7-40.svg', 'page2-165.svg', 'page8-21.svg', 'page6-171.svg', 'page1-95.svg', 'page3-61.svg', 'page7-29.svg', 'page5-101.svg']",9.0,a bat flying to the left with sharp wings,9.0,31.0,"(46,)",page5-101.svg,True,9.0
P1G035,P1R01792,8,1,page1-133.svg,False,0.5444444444444445,low,single-utterance-unidirectional,P1-119,P1-040,"['page7-202.svg', 'page8-183.svg', 'page7-79.svg', 'page6-121.svg', 'page1-133.svg', 'page6-206.svg', 'page7-20.svg', 'page6-135.svg', 'page1-77.svg', 'page4-5.svg']",12.0,It looks like a house with roof,7.0,20.0,"(23,)",page1-133.svg,True,7.0
P1G002,P1R00485,7,1,page5-63.svg,False,0.9935185185185184,high,single-utterance-unidirectional,P1-013,P1-081,"['page6-185.svg', 'page6-228.svg', 'page8-234.svg', 'page1-132.svg', 'page7-203.svg', 'page6-52.svg', 'page5-85.svg', 'page7-113.svg', 'page5-63.svg', 'page6-21.svg']",10.0,"Big triangle on right, parallelogram on left",7.0,23.0,"(36,)",page5-63.svg,True,7.0
P1G004,P1R00148,24,4,page7-20.svg,False,1.0,high,single-utterance-unidirectional,P1-009,P1-086,"['page5-40.svg', 'page5-26.svg', 'page7-20.svg', 'page7-125.svg', 'page2-100.svg', 'page4-244.svg', 'page7-126.svg', 'page7-116.svg', 'page8-169.svg', 'page7-202.svg']",4.0,ramp goin up to the right,6.0,8.0,"(19,)",page7-20.svg,True,6.0
P1G003,P1R00285,20,3,page5-96.svg,False,0.5444444444444445,low,single-utterance-unidirectional,P1-031,P1-057,"['page7-166.svg', 'page1-95.svg', 'page5-153.svg', 'page4-190.svg', 'page7-202.svg', 'page7-126.svg', 'page3-61.svg', 'page2-16.svg', 'page5-96.svg', 'page7-127.svg']",12.0,CAT LOOKING TO LEFT WITH TAIL,6.0,16.0,"(30,)",page5-96.svg,True,6.0
P1G009,P1R00251,28,4,page4-155.svg,True,0.3777777777777779,low,single-utterance-unidirectional,P1-019,P1-104,"['page5-63.svg', 'page6-208.svg', 'page4-128.svg', 'page5-71.svg', 'page3-33.svg', 'page6-52.svg', 'page5-84.svg', 'page5-85.svg', 'page4-155.svg', 'page7-225.svg']",6.0,wiggly worm,2.0,9.0,"(43,)",page4-155.svg,True,2.0
P1G054,P1R01399,17,2,page6-23.svg,False,0.7776190476190477,low,single-utterance-unidirectional,P1-106,P1-030,"['page5-65.svg', 'page7-29.svg', 'page7-73.svg', 'page6-23.svg', 'page5-40.svg', 'page1-77.svg', 'page4-190.svg', 'page3-70.svg', 'page3-12.svg', 'page3-33.svg']",10.0,man walking left,3.0,15.0,"(22,)",page6-23.svg,True,3.0
P1G027,P1R00598,19,3,page3-201.svg,False,0.5548148148148148,low,single-utterance-unidirectional,P1-060,P1-055,"['page7-55.svg', 'page7-202.svg', 'page1-107.svg', 'page6-122.svg', 'page2-140.svg', 'page8-246.svg', 'page1-172.svg', 'page3-201.svg', 'page8-159.svg', 'page4-142.svg']",6.0,robot,1.0,9.0,"(16,)",page3-201.svg,True,1.0
P1G013,P1R01013,8,1,page8-169.svg,False,1.0,high,single-utterance-unidirectional,P1-109,P1-034,"['page5-153.svg', 'page8-169.svg', 'page3-12.svg', 'page6-71.svg', 'page7-15.svg', 'page6-160.svg', 'page7-20.svg', 'page9-39.svg', 'page5-84.svg', 'page5-66.svg']",5.0,letter c,2.0,6.0,"(13,)",page8-169.svg,True,2.0
P1G033,P1R01285,5,0,page8-248.svg,False,0.6851851851851852,low,single-utterance-unidirectional,P1-099,P1-105,"['page7-22.svg', 'page3-66.svg', 'page5-232.svg', 'page7-225.svg', 'page8-248.svg', 'page4-142.svg', 'page7-157.svg', 'page8-21.svg', 'page5-45.svg', 'page5-85.svg']",15.0,horse looking shape,3.0,20.0,"(26,)",page8-248.svg,True,3.0
P1G041,P1R00373,17,2,page2-20.svg,False,1.0,high,single-utterance-unidirectional,P1-004,P1-113,"['page6-208.svg', 'page5-165.svg', 'page7-41.svg', 'page8-169.svg', 'page8-38.svg', 'page5-86.svg', 'page7-125.svg', 'page2-20.svg', 'page3-33.svg', 'page7-107.svg']",7.0,A dragon perched atop a mountain,6.0,15.0,"(23,)",page2-20.svg,True,6.0
P1G059,P1R00265,20,3,page1-117.svg,False,1.0,high,single-utterance-unidirectional,P1-058,P1-038,"['page1-117.svg', 'page6-206.svg', 'page1-30.svg', 'page7-81.svg', 'page9-39.svg', 'page8-247.svg', 'page2-140.svg', 'page6-228.svg', 'page1-185.svg', 'page3-33.svg']",12.0,tall vase,2.0,14.0,"(23,)",page1-117.svg,True,2.0
P1G057,P1R00213,15,2,page7-29.svg,False,1.0,high,single-utterance-unidirectional,P1-087,P1-043,"['page5-65.svg', 'page7-29.svg', 'page7-73.svg', 'page6-23.svg', 'page5-40.svg', 'page1-77.svg', 'page4-190.svg', 'page3-70.svg', 'page3-12.svg', 'page3-33.svg']",8.0,Four spikes pointing to the left side,7.0,15.0,"(26,)",page7-29.svg,True,7.0
P1G045,P1R00387,0,0,page7-41.svg,False,0.7555555555555555,low,single-utterance-unidirectional,P1-095,P1-001,"['page6-196.svg', 'page7-41.svg', 'page6-109.svg', 'page5-65.svg', 'page2-85.svg', 'page4-98.svg', 'page4-96.svg', 'page6-52.svg', 'page3-33.svg', 'page5-80.svg']",9.0,a boat with a small house on it,8.0,25.0,"(33,)",page7-41.svg,True,8.0
P1G058,P1R00352,28,4,page6-219.svg,False,1.0,high,single-utterance-unidirectional,P1-071,P1-054,"['page1-77.svg', 'page6-219.svg', 'page2-36.svg', 'page1-95.svg', 'page1-34.svg', 'page5-26.svg', 'page4-11.svg', 'page5-85.svg', 'page9-40.svg', 'page2-133.svg']",6.0,Rectangle with leg,3.0,10.0,"(13,)",page6-219.svg,True,3.0
P1G035,P1R00645,29,4,page7-79.svg,False,0.7777777777777777,low,single-utterance-unidirectional,P1-040,P1-119,"['page1-77.svg', 'page8-183.svg', 'page6-206.svg', 'page6-121.svg', 'page6-135.svg', 'page7-79.svg', 'page1-133.svg', 'page4-5.svg', 'page7-202.svg', 'page7-20.svg']",11.0,weird W with triangle bottom right,6.0,19.0,"(34,)",page7-79.svg,True,6.0
P1G030,P1R00300,0,0,page7-41.svg,False,0.7555555555555555,low,single-utterance-unidirectional,P1-063,P1-050,"['page6-208.svg', 'page5-165.svg', 'page7-41.svg', 'page8-169.svg', 'page8-38.svg', 'page5-86.svg', 'page7-125.svg', 'page2-20.svg', 'page3-33.svg', 'page7-107.svg']",13.0,it looks like a boat with a little house on top,11.0,24.0,"(30,)",page7-41.svg,True,11.0
P1G039,P1R00923,2,0,page8-58.svg,False,0.7259259259259259,low,single-utterance-unidirectional,P1-120,P1-062,"['page8-58.svg', 'page5-96.svg', 'page8-159.svg', 'page7-53.svg', 'page1-150.svg', 'page6-226.svg', 'page7-73.svg', 'page6-206.svg', 'page5-128.svg', 'page6-71.svg']",5.0,Looks like a man wearing a hat walking towards the right,11.0,12.0,"(24,)",page8-58.svg,True,11.0
P1G005,P1R00166,8,1,page7-177.svg,False,1.0,high,single-utterance-unidirectional,P1-059,P1-036,"['page8-246.svg', 'page7-125.svg', 'page6-160.svg', 'page5-85.svg', 'page1-185.svg', 'page5-139.svg', 'page4-180.svg', 'page5-154.svg', 'page7-177.svg', 'page7-126.svg']",5.0,looks like a divining rod,5.0,21.0,"(34,)",page7-177.svg,True,5.0
P1G038,P1R01580,11,1,page8-234.svg,False,0.0,low,single-utterance-unidirectional,P1-035,P1-085,"['page5-165.svg', 'page8-159.svg', 'page5-45.svg', 'page4-232.svg', 'page9-40.svg', 'page7-127.svg', 'page7-157.svg', 'page8-234.svg', 'page3-70.svg', 'page8-58.svg']",13.0,Dog/sphinx creature,2.0,23.0,"(32,)",page8-234.svg,True,2.0
P1G021,P1R00449,27,4,page7-166.svg,True,1.0,high,single-utterance-unidirectional,P1-098,P1-096,"['page7-166.svg', 'page1-95.svg', 'page5-153.svg', 'page4-190.svg', 'page7-202.svg', 'page7-126.svg', 'page3-61.svg', 'page2-16.svg', 'page5-96.svg', 'page7-127.svg']",5.0,small triangle on bottom with wide thing on top of it that looks like a deep dish,17.0,23.0,,,,17.0
P1G025,P1R00232,11,1,page8-247.svg,True,0.6333333333333334,low,single-utterance-unidirectional,P1-056,P1-112,"['page1-117.svg', 'page6-206.svg', 'page1-30.svg', 'page7-81.svg', 'page9-39.svg', 'page8-247.svg', 'page2-140.svg', 'page6-228.svg', 'page1-185.svg', 'page3-33.svg']",4.0,horse,1.0,5.0,"(19,)",page8-247.svg,True,1.0
P1G016,P1R00054,14,2,page5-84.svg,False,0.5111111111111112,low,single-utterance-unidirectional,P1-014,P1-046,"['page5-85.svg', 'page7-225.svg', 'page5-63.svg', 'page3-33.svg', 'page5-84.svg', 'page6-208.svg', 'page5-71.svg', 'page4-128.svg', 'page6-52.svg', 'page4-155.svg']",9.0,Horse running right,3.0,15.0,"(24,)",page5-84.svg,True,3.0
P1G001,P1R00445,3,0,page7-107.svg,False,0.9935185185185184,high,single-utterance-unidirectional,P1-053,P1-007,"['page2-36.svg', 'page4-197.svg', 'page1-150.svg', 'page3-33.svg', 'page5-153.svg', 'page6-124.svg', 'page7-107.svg', 'page5-40.svg', 'page8-58.svg', 'page5-45.svg']",7.0,Capital letter D with tail behind it,7.0,26.0,"(31,)",page7-107.svg,True,7.0
P1G033,P1R00435,14,2,page7-225.svg,False,1.0,high,single-utterance-unidirectional,P1-099,P1-105,"['page7-22.svg', 'page3-66.svg', 'page5-232.svg', 'page7-225.svg', 'page8-248.svg', 'page4-142.svg', 'page7-157.svg', 'page8-21.svg', 'page5-45.svg', 'page5-85.svg']",11.0,person laying with triangle on nose,6.0,21.0,"(34,)",page7-225.svg,True,6.0
P1G043,P1R01687,13,2,page-F.svg,False,0.6685185185185186,low,single-utterance-unidirectional,P1-075,P1-066,"['page8-156.svg', 'page8-192.svg', 'page6-162.svg', 'page7-53.svg', 'page7-145.svg', 'page7-177.svg', 'page7-226.svg', 'page-F.svg', 'page7-41.svg', 'page7-36.svg']",11.0,person slumped facing the left,5.0,22.0,"(33,)",page-F.svg,True,5.0
P1G046,P1R01536,0,0,page7-20.svg,False,1.0,high,single-utterance-unidirectional,P1-015,P1-045,"['page1-175.svg', 'page7-15.svg', 'page3-52.svg', 'page8-54.svg', 'page4-244.svg', 'page5-36.svg', 'page7-40.svg', 'page8-183.svg', 'page8-38.svg', 'page7-20.svg']",15.0,diagonal thick line going up to the right,8.0,27.0,"(36,)",page7-20.svg,True,8.0
P1G043,P1R01538,12,2,page8-156.svg,False,1.0,high,single-utterance-unidirectional,P1-075,P1-066,"['page8-156.svg', 'page8-192.svg', 'page6-162.svg', 'page7-53.svg', 'page7-145.svg', 'page7-177.svg', 'page7-226.svg', 'page-F.svg', 'page7-41.svg', 'page7-36.svg']",12.0,looks like a K,4.0,16.0,"(19,)",page8-156.svg,True,4.0
P1G041,P1R01396,11,1,page5-86.svg,False,0.4833333333333334,low,single-utterance-unidirectional,P1-113,P1-004,"['page6-208.svg', 'page3-33.svg', 'page7-107.svg', 'page2-20.svg', 'page8-169.svg', 'page8-38.svg', 'page7-41.svg', 'page5-86.svg', 'page7-125.svg', 'page5-165.svg']",6.0,"A duck facing right, looks like it's swimming",8.0,18.0,"(23,)",page5-86.svg,True,8.0
P1G030,P1R01070,26,4,page5-86.svg,False,0.4833333333333334,low,single-utterance-unidirectional,P1-063,P1-050,"['page6-208.svg', 'page5-165.svg', 'page7-41.svg', 'page8-169.svg', 'page8-38.svg', 'page5-86.svg', 'page7-125.svg', 'page2-20.svg', 'page3-33.svg', 'page7-107.svg']",5.0,galloping horse,2.0,10.0,"(17,)",page5-86.svg,True,2.0
P1G017,P1R00918,4,0,page5-26.svg,False,0.7518518518518518,low,single-utterance-unidirectional,P1-070,P1-048,"['page5-154.svg', 'page8-56.svg', 'page3-70.svg', 'page7-216.svg', 'page7-115.svg', 'page5-26.svg', 'page6-204.svg', 'page7-55.svg', 'page5-86.svg', 'page7-166.svg']",6.0,wierdly shaped love,3.0,21.0,"(28,)",page5-26.svg,True,3.0
P1G024,P1R00729,27,4,page6-204.svg,False,1.0,high,single-utterance-unidirectional,P1-089,P1-026,"['page5-154.svg', 'page8-56.svg', 'page3-70.svg', 'page7-216.svg', 'page7-115.svg', 'page5-26.svg', 'page6-204.svg', 'page7-55.svg', 'page5-86.svg', 'page7-166.svg']",9.0,looks like a chimney,4.0,21.0,"(33,)",page6-204.svg,True,4.0
P1G020,P1R00154,9,1,page1-133.svg,True,0.5444444444444445,low,single-utterance-unidirectional,P1-051,P1-101,"['page6-52.svg', 'page7-36.svg', 'page6-186.svg', 'page2-136.svg', 'page1-186.svg', 'page2-165.svg', 'page6-219.svg', 'page1-133.svg', 'page7-126.svg', 'page7-186.svg']",14.0,outline of a barn - big block,7.0,23.0,"(34,)",page1-133.svg,True,7.0
P1G034,P1R01145,15,2,page6-155.svg,False,1.0,high,single-utterance-unidirectional,P1-065,P1-084,"['page5-121.svg', 'page3-33.svg', 'page6-52.svg', 'page7-44.svg', 'page5-63.svg', 'page2-34.svg', 'page6-155.svg', 'page7-115.svg', 'page6-175.svg', 'page7-113.svg']",14.0,giraffe facing left,3.0,20.0,"(23,)",page6-155.svg,True,3.0
P1G007,P1R01519,0,0,page7-20.svg,False,1.0,high,single-utterance-unidirectional,P1-067,P1-115,"['page6-71.svg', 'page7-15.svg', 'page8-169.svg', 'page5-66.svg', 'page7-20.svg', 'page9-39.svg', 'page5-153.svg', 'page3-12.svg', 'page6-160.svg', 'page5-84.svg']",17.0,thick diagonal going up,4.0,38.0,"(43,)",page7-20.svg,True,4.0
P1G003,P1R00235,29,4,page5-153.svg,False,0.6425925925925926,low,single-utterance-unidirectional,P1-057,P1-031,"['page3-61.svg', 'page7-202.svg', 'page4-190.svg', 'page2-16.svg', 'page7-126.svg', 'page7-166.svg', 'page1-95.svg', 'page5-96.svg', 'page5-153.svg', 'page7-127.svg']",5.0,the crab one raising 2 hands,6.0,17.0,"(31,)",page5-153.svg,True,6.0
P1G021,P1R00763,18,3,page7-126.svg,False,0.6666666666666667,low,single-utterance-unidirectional,P1-098,P1-096,"['page7-166.svg', 'page1-95.svg', 'page5-153.svg', 'page4-190.svg', 'page7-202.svg', 'page7-126.svg', 'page3-61.svg', 'page2-16.svg', 'page5-96.svg', 'page7-127.svg']",4.0,bird standing and facing to the left,7.0,12.0,,,,7.0
P1G029,P1R01126,5,0,page8-156.svg,False,1.0,high,single-utterance-unidirectional,P1-052,P1-094,"['page8-156.svg', 'page8-192.svg', 'page6-162.svg', 'page7-53.svg', 'page7-145.svg', 'page7-177.svg', 'page7-226.svg', 'page-F.svg', 'page7-41.svg', 'page7-36.svg']",8.0,a road with two junctions to the right shape,9.0,21.0,"(46,)",page7-177.svg,False,9.0
P1G037,P1R00057,16,2,page1-95.svg,True,1.0,high,single-utterance-unidirectional,P1-002,P1-037,"['page5-102.svg', 'page2-133.svg', 'page4-241.svg', 'page6-171.svg', 'page7-216.svg', 'page2-86.svg', 'page6-219.svg', 'page4-180.svg', 'page1-95.svg', 'page8-21.svg']",9.0,looks like a vehicle in bottom row,7.0,33.0,"(48,)",page8-21.svg,False,7.0
P1G056,P1R01317,2,0,page7-157.svg,True,0.6037037037037036,low,single-utterance-unidirectional,P1-005,P1-018,"['page5-45.svg', 'page8-21.svg', 'page4-142.svg', 'page5-85.svg', 'page7-22.svg', 'page5-232.svg', 'page7-157.svg', 'page3-66.svg', 'page8-248.svg', 'page7-225.svg']",26.0,looks like a diamond on top of a triangle,9.0,38.0,"(49,)",page7-157.svg,True,9.0
P1G036,P1R00426,10,1,page1-30.svg,False,1.0,high,single-utterance-unidirectional,P1-114,P1-029,"['page1-117.svg', 'page6-206.svg', 'page1-30.svg', 'page7-81.svg', 'page9-39.svg', 'page8-247.svg', 'page2-140.svg', 'page6-228.svg', 'page1-185.svg', 'page3-33.svg']",13.0,like a tree,3.0,15.0,"(22,)",page1-30.svg,True,3.0
P1G021,P1R01696,14,2,page5-96.svg,False,0.5444444444444445,low,single-utterance-unidirectional,P1-096,P1-098,"['page3-61.svg', 'page7-202.svg', 'page4-190.svg', 'page2-16.svg', 'page7-126.svg', 'page7-166.svg', 'page1-95.svg', 'page5-96.svg', 'page5-153.svg', 'page7-127.svg']",4.0,fish flying out the water,5.0,11.0,,,,5.0
P1G004,P1R01586,28,4,page7-125.svg,True,0.9935185185185184,high,single-utterance-unidirectional,P1-086,P1-009,"['page5-26.svg', 'page7-20.svg', 'page7-125.svg', 'page2-100.svg', 'page7-126.svg', 'page8-169.svg', 'page7-202.svg', 'page7-116.svg', 'page5-40.svg', 'page4-244.svg']",4.0,Looks like the edge of a cliff. It's facing to the left,12.0,21.0,"(36,)",page7-125.svg,True,12.0
P1G045,P1R01499,18,3,page6-109.svg,False,1.0,high,single-utterance-unidirectional,P1-001,P1-095,"['page6-196.svg', 'page4-98.svg', 'page5-80.svg', 'page4-96.svg', 'page6-52.svg', 'page2-85.svg', 'page6-109.svg', 'page5-65.svg', 'page3-33.svg', 'page7-41.svg']",5.0,That same one,3.0,11.0,"(23,)",page6-109.svg,True,3.0
P1G047,P1R00123,27,4,page3-61.svg,True,1.0,high,single-utterance-unidirectional,P1-102,P1-080,"['page3-70.svg', 'page8-21.svg', 'page5-101.svg', 'page2-165.svg', 'page1-95.svg', 'page8-156.svg', 'page7-40.svg', 'page6-171.svg', 'page3-61.svg', 'page7-29.svg']",6.0,table with chair,3.0,13.0,"(29,)",page3-61.svg,True,3.0
P1G038,P1R00686,19,3,page7-157.svg,False,0.6037037037037036,low,single-utterance-unidirectional,P1-035,P1-085,"['page5-165.svg', 'page8-159.svg', 'page5-45.svg', 'page4-232.svg', 'page9-40.svg', 'page7-127.svg', 'page7-157.svg', 'page8-234.svg', 'page3-70.svg', 'page8-58.svg']",14.0,large gem,2.0,18.0,"(22,)",page7-157.svg,True,2.0
P1G052,P1R00848,29,4,page8-169.svg,False,1.0,high,single-utterance-unidirectional,P1-108,P1-107,"['page6-71.svg', 'page7-15.svg', 'page8-169.svg', 'page5-66.svg', 'page7-20.svg', 'page9-39.svg', 'page5-153.svg', 'page3-12.svg', 'page6-160.svg', 'page5-84.svg']",,,,,,,,
P1G019,P1R01238,1,0,page5-165.svg,True,0.7777777777777777,low,single-utterance-unidirectional,P1-033,P1-020,"['page2-86.svg', 'page7-126.svg', 'page5-101.svg', 'page8-169.svg', 'page3-139.svg', 'page6-166.svg', 'page6-167.svg', 'page4-180.svg', 'page5-165.svg', 'page1-117.svg']",13.0,"Like a rocket, sharp pointed top",6.0,31.0,"(44,)",page5-165.svg,True,6.0
P1G035,P1R01359,21,3,page7-79.svg,False,0.7777777777777777,low,single-utterance-unidirectional,P1-119,P1-040,"['page7-202.svg', 'page8-183.svg', 'page7-79.svg', 'page6-121.svg', 'page1-133.svg', 'page6-206.svg', 'page7-20.svg', 'page6-135.svg', 'page1-77.svg', 'page4-5.svg']",5.0,w with triangle at bottom right,6.0,15.0,"(24,)",page7-79.svg,True,6.0
P1G048,P1R01405,9,1,page6-109.svg,False,1.0,high,single-utterance-unidirectional,P1-097,P1-016,"['page4-142.svg', 'page5-80.svg', 'page2-131.svg', 'page5-155.svg', 'page6-245.svg', 'page8-18.svg', 'page7-217.svg', 'page6-107.svg', 'page7-177.svg', 'page6-109.svg']",11.0,A trapezoid with triangles on the right side,8.0,27.0,"(35,)",page6-109.svg,True,8.0
P1G004,P1R00839,1,0,page7-20.svg,False,1.0,high,single-utterance-unidirectional,P1-009,P1-086,"['page5-40.svg', 'page5-26.svg', 'page7-20.svg', 'page7-125.svg', 'page2-100.svg', 'page4-244.svg', 'page7-126.svg', 'page7-116.svg', 'page8-169.svg', 'page7-202.svg']",7.0,a ramp going up and to the right,8.0,15.0,"(26,)",page7-20.svg,True,8.0
P1G001,P1R00201,25,4,page5-45.svg,False,1.0,high,single-utterance-unidirectional,P1-053,P1-007,"['page2-36.svg', 'page4-197.svg', 'page1-150.svg', 'page3-33.svg', 'page5-153.svg', 'page6-124.svg', 'page7-107.svg', 'page5-40.svg', 'page8-58.svg', 'page5-45.svg']",2.0,Cottage with skyscraper hollowed out of the middle,8.0,10.0,"(14,)",page5-45.svg,True,8.0
P1G033,P1R00096,9,1,page5-45.svg,False,1.0,high,single-utterance-unidirectional,P1-105,P1-099,"['page5-45.svg', 'page8-21.svg', 'page4-142.svg', 'page5-85.svg', 'page7-22.svg', 'page5-232.svg', 'page7-157.svg', 'page3-66.svg', 'page8-248.svg', 'page7-225.svg']",14.0,House shape - we had before,6.0,31.0,"(43,)",page5-45.svg,True,6.0
P1G058,P1R00874,1,0,page9-40.svg,False,1.0,high,single-utterance-unidirectional,P1-071,P1-054,"['page1-77.svg', 'page6-219.svg', 'page2-36.svg', 'page1-95.svg', 'page1-34.svg', 'page5-26.svg', 'page4-11.svg', 'page5-85.svg', 'page9-40.svg', 'page2-133.svg']",14.0,Candle stick,2.0,17.0,"(24,)",page9-40.svg,True,2.0
P1G022,P1R01329,16,2,page5-65.svg,True,1.0,high,single-utterance-unidirectional,P1-082,P1-072,"['page6-196.svg', 'page4-98.svg', 'page5-80.svg', 'page4-96.svg', 'page6-52.svg', 'page2-85.svg', 'page6-109.svg', 'page5-65.svg', 'page3-33.svg', 'page7-41.svg']",5.0,"looks like a christmas tree on right side, has three triangles coming out on right side",16.0,29.0,"(43,)",page5-65.svg,True,16.0
P1G045,P1R00952,7,1,page7-41.svg,False,0.7555555555555555,low,single-utterance-unidirectional,P1-001,P1-095,"['page6-196.svg', 'page4-98.svg', 'page5-80.svg', 'page4-96.svg', 'page6-52.svg', 'page2-85.svg', 'page6-109.svg', 'page5-65.svg', 'page3-33.svg', 'page7-41.svg']",9.0,a boat with the house,5.0,21.0,"(34,)",page7-41.svg,True,5.0
P1G039,P1R00141,7,1,page1-150.svg,False,1.0,high,single-utterance-unidirectional,P1-062,P1-120,"['page6-226.svg', 'page5-96.svg', 'page6-206.svg', 'page7-53.svg', 'page6-71.svg', 'page7-73.svg', 'page8-159.svg', 'page5-128.svg', 'page8-58.svg', 'page1-150.svg']",5.0,the fountain of stacked triangles that you described previously,9.0,23.0,"(33,)",page1-150.svg,True,9.0
P1G004,P1R00734,22,3,page7-116.svg,False,1.0,high,single-utterance-unidirectional,P1-086,P1-009,"['page5-26.svg', 'page7-20.svg', 'page7-125.svg', 'page2-100.svg', 'page7-126.svg', 'page8-169.svg', 'page7-202.svg', 'page7-116.svg', 'page5-40.svg', 'page4-244.svg']",4.0,Diamond with two triangles on each side,7.0,17.0,"(24,)",page7-116.svg,True,7.0
P1G003,P1R01508,23,3,page5-153.svg,False,0.6425925925925926,low,single-utterance-unidirectional,P1-031,P1-057,"['page7-166.svg', 'page1-95.svg', 'page5-153.svg', 'page4-190.svg', 'page7-202.svg', 'page7-126.svg', 'page3-61.svg', 'page2-16.svg', 'page5-96.svg', 'page7-127.svg']",17.0,CRAB WITH TWO CLAWS OUT,5.0,20.0,"(36,)",page5-153.svg,True,5.0
P1G040,P1R00215,25,4,page6-23.svg,False,0.7776190476190477,low,single-utterance-unidirectional,P1-083,P1-092,"['page5-65.svg', 'page7-29.svg', 'page7-73.svg', 'page6-23.svg', 'page5-40.svg', 'page1-77.svg', 'page4-190.svg', 'page3-70.svg', 'page3-12.svg', 'page3-33.svg']",8.0,mand on one leg pointing up,6.0,14.0,"(27,)",page6-23.svg,True,6.0
P1G024,P1R01357,4,0,page5-26.svg,False,0.7518518518518518,low,single-utterance-unidirectional,P1-089,P1-026,"['page5-154.svg', 'page8-56.svg', 'page3-70.svg', 'page7-216.svg', 'page7-115.svg', 'page5-26.svg', 'page6-204.svg', 'page7-55.svg', 'page5-86.svg', 'page7-166.svg']",18.0,looks like a jet aircraft flying downwards,7.0,40.0,,,,7.0
P1G017,P1R01326,5,0,page7-55.svg,False,0.7333333333333333,low,single-utterance-unidirectional,P1-070,P1-048,"['page5-154.svg', 'page8-56.svg', 'page3-70.svg', 'page7-216.svg', 'page7-115.svg', 'page5-26.svg', 'page6-204.svg', 'page7-55.svg', 'page5-86.svg', 'page7-166.svg']",10.0,like a snake ready to attack with an s stance,10.0,26.0,"(31,)",page7-55.svg,True,10.0
P1G019,P1R00789,24,4,page7-126.svg,False,0.6666666666666667,low,single-utterance-unidirectional,P1-020,P1-033,"['page5-165.svg', 'page5-101.svg', 'page2-86.svg', 'page6-166.svg', 'page7-126.svg', 'page8-169.svg', 'page4-180.svg', 'page6-167.svg', 'page3-139.svg', 'page1-117.svg']",5.0,bird shaped,2.0,8.0,"(16,)",page7-126.svg,True,2.0
P1G046,P1R01475,18,3,page8-38.svg,False,0.5777777777777778,low,single-utterance-unidirectional,P1-045,P1-015,"['page7-20.svg', 'page8-54.svg', 'page7-40.svg', 'page1-175.svg', 'page8-38.svg', 'page7-15.svg', 'page8-183.svg', 'page3-52.svg', 'page4-244.svg', 'page5-36.svg']",6.0,egyptian cat,2.0,10.0,"(14,)",page8-38.svg,True,2.0
P1G044,P1R01788,26,4,page7-125.svg,False,0.9935185185185184,high,single-utterance-unidirectional,P1-078,P1-068,"['page6-122.svg', 'page9-40.svg', 'page7-226.svg', 'page7-125.svg', 'page8-246.svg', 'page6-160.svg', 'page7-145.svg', 'page5-101.svg', 'page8-183.svg', 'page8-21.svg']",7.0,"column with one straight edge, one jagged edge",8.0,18.0,"(27,)",page7-125.svg,True,8.0
P1G036,P1R00001,3,0,page9-39.svg,False,0.7407407407407408,low,single-utterance-unidirectional,P1-029,P1-114,"['page8-247.svg', 'page6-206.svg', 'page1-117.svg', 'page2-140.svg', 'page1-30.svg', 'page9-39.svg', 'page1-185.svg', 'page3-33.svg', 'page6-228.svg', 'page7-81.svg']",15.0,Like a tobacco pipe,4.0,19.0,"(31,)",page9-39.svg,True,4.0
P1G008,P1R00428,18,3,page-F.svg,False,0.6685185185185186,low,single-utterance-unidirectional,P1-116,P1-074,"['page1-48.svg', 'page1-133.svg', 'page9-40.svg', 'page8-38.svg', 'page7-44.svg', 'page-F.svg', 'page5-45.svg', 'page4-195.svg', 'page6-206.svg', 'page7-55.svg']",12.0,Seated Man,2.0,14.0,"(18,)",page-F.svg,True,2.0
P1G002,P1R00244,15,2,page8-234.svg,False,0.0,low,single-utterance-unidirectional,P1-081,P1-013,"['page8-234.svg', 'page1-132.svg', 'page5-85.svg', 'page6-21.svg', 'page6-185.svg', 'page6-52.svg', 'page5-63.svg', 'page7-113.svg', 'page6-228.svg', 'page7-203.svg']",6.0,dog facing left,3.0,8.0,"(14,)",page8-234.svg,True,3.0
P1G047,P1R00592,24,4,page2-165.svg,False,0.7499999999999999,low,single-utterance-unidirectional,P1-080,P1-102,"['page3-70.svg', 'page8-156.svg', 'page7-40.svg', 'page2-165.svg', 'page8-21.svg', 'page6-171.svg', 'page1-95.svg', 'page3-61.svg', 'page7-29.svg', 'page5-101.svg']",4.0,hat,1.0,5.0,"(10,)",page2-165.svg,True,1.0
P1G030,P1R00832,20,3,page7-125.svg,False,0.9935185185185184,high,single-utterance-unidirectional,P1-050,P1-063,"['page6-208.svg', 'page3-33.svg', 'page7-107.svg', 'page2-20.svg', 'page8-169.svg', 'page8-38.svg', 'page7-41.svg', 'page5-86.svg', 'page7-125.svg', 'page5-165.svg']",8.0,cliff side with three straight sides,6.0,12.0,"(23,)",page7-125.svg,True,6.0
P1G012,P1R01107,13,2,page1-186.svg,False,0.4972222222222222,low,single-utterance-unidirectional,P1-076,P1-024,"['page7-186.svg', 'page7-36.svg', 'page1-133.svg', 'page1-186.svg', 'page7-126.svg', 'page6-186.svg', 'page2-165.svg', 'page6-52.svg', 'page2-136.svg', 'page6-219.svg']",4.0,the table,2.0,5.0,"(18,)",page1-186.svg,True,2.0
P1G056,P1R00062,14,2,page7-225.svg,False,1.0,high,single-utterance-unidirectional,P1-018,P1-005,"['page7-22.svg', 'page3-66.svg', 'page5-232.svg', 'page7-225.svg', 'page8-248.svg', 'page4-142.svg', 'page7-157.svg', 'page8-21.svg', 'page5-45.svg', 'page5-85.svg']",7.0,Arm holding a upside down wine glass,7.0,21.0,"(34,)",page7-225.svg,True,7.0
P1G008,P1R01133,23,3,page7-55.svg,True,0.7333333333333333,low,single-utterance-unidirectional,P1-116,P1-074,"['page1-48.svg', 'page1-133.svg', 'page9-40.svg', 'page8-38.svg', 'page7-44.svg', 'page-F.svg', 'page5-45.svg', 'page4-195.svg', 'page6-206.svg', 'page7-55.svg']",16.0,serpent,1.0,21.0,"(27,)",page7-55.svg,True,1.0
P1G046,P1R00794,4,0,page3-52.svg,False,1.0,high,single-utterance-unidirectional,P1-015,P1-045,"['page1-175.svg', 'page7-15.svg', 'page3-52.svg', 'page8-54.svg', 'page4-244.svg', 'page5-36.svg', 'page7-40.svg', 'page8-183.svg', 'page8-38.svg', 'page7-20.svg']",8.0,"tall body, with two short stubby legs. two points at the very top like mountains",15.0,24.0,"(41,)",page3-52.svg,True,15.0
P1G034,P1R00559,22,3,page2-34.svg,False,0.7611111111111111,low,single-utterance-unidirectional,P1-084,P1-065,"['page6-155.svg', 'page7-113.svg', 'page2-34.svg', 'page7-115.svg', 'page7-44.svg', 'page3-33.svg', 'page6-52.svg', 'page5-121.svg', 'page6-175.svg', 'page5-63.svg']",10.0,"It has a long neck and is facing left with boxy legs, no head",14.0,25.0,"(37,)",page2-34.svg,True,14.0
P1G042,P1R00804,23,3,page5-84.svg,False,0.5111111111111112,low,single-utterance-unidirectional,P1-023,P1-039,"['page8-182.svg', 'page5-139.svg', 'page6-1.svg', 'page7-127.svg', 'page5-56.svg', 'page3-201.svg', 'page7-125.svg', 'page5-84.svg', 'page6-162.svg', 'page8-206.svg']",11.0,a horse,2.0,12.0,"(22,)",page5-84.svg,True,2.0
P1G041,P1R00532,12,2,page3-33.svg,True,0.6111111111111112,low,single-utterance-unidirectional,P1-113,P1-004,"['page6-208.svg', 'page3-33.svg', 'page7-107.svg', 'page2-20.svg', 'page8-169.svg', 'page8-38.svg', 'page7-41.svg', 'page5-86.svg', 'page7-125.svg', 'page5-165.svg']",8.0,"Top row middle shape, looks like upside down pacman eating hills?!",11.0,25.0,"(35,)",page3-33.svg,True,11.0
P1G040,P1R00948,17,2,page6-23.svg,False,0.7776190476190477,low,single-utterance-unidirectional,P1-083,P1-092,"['page5-65.svg', 'page7-29.svg', 'page7-73.svg', 'page6-23.svg', 'page5-40.svg', 'page1-77.svg', 'page4-190.svg', 'page3-70.svg', 'page3-12.svg', 'page3-33.svg']",11.0,man with diamond head pointing up on one leg,9.0,19.0,"(23,)",page6-23.svg,True,9.0
P1G024,P1R00108,19,3,page7-115.svg,False,0.6,low,single-utterance-unidirectional,P1-026,P1-089,"['page5-86.svg', 'page8-56.svg', 'page7-216.svg', 'page7-55.svg', 'page5-154.svg', 'page3-70.svg', 'page6-204.svg', 'page7-166.svg', 'page5-26.svg', 'page7-115.svg']",13.0,looks like a bridge,4.0,17.0,"(23,)",page7-115.svg,True,4.0
P1G053,P1R01118,28,4,page1-117.svg,False,1.0,high,single-utterance-unidirectional,P1-061,P1-064,"['page8-247.svg', 'page6-206.svg', 'page1-117.svg', 'page2-140.svg', 'page1-30.svg', 'page9-39.svg', 'page1-185.svg', 'page3-33.svg', 'page6-228.svg', 'page7-81.svg']",13.0,chess piece,2.0,16.0,"(23,)",page1-117.svg,True,2.0
P1G026,P1R00439,16,2,page5-45.svg,True,1.0,high,single-utterance-unidirectional,P1-091,P1-011,"['page1-48.svg', 'page1-133.svg', 'page9-40.svg', 'page8-38.svg', 'page7-44.svg', 'page-F.svg', 'page5-45.svg', 'page4-195.svg', 'page6-206.svg', 'page7-55.svg']",5.0,"a house shape, but with the center empty and the walls are pointed at the bottom on either side",19.0,25.0,"(42,)",page5-45.svg,True,19.0
P1G021,P1R00587,16,2,page4-190.svg,False,1.0,high,single-utterance-unidirectional,P1-096,P1-098,"['page3-61.svg', 'page7-202.svg', 'page4-190.svg', 'page2-16.svg', 'page7-126.svg', 'page7-166.svg', 'page1-95.svg', 'page5-96.svg', 'page5-153.svg', 'page7-127.svg']",8.0,grass,1.0,11.0,"(14,)",page4-190.svg,True,1.0
P1G034,P1R00157,17,2,page2-34.svg,False,0.7611111111111111,low,single-utterance-unidirectional,P1-065,P1-084,"['page5-121.svg', 'page3-33.svg', 'page6-52.svg', 'page7-44.svg', 'page5-63.svg', 'page2-34.svg', 'page6-155.svg', 'page7-115.svg', 'page6-175.svg', 'page7-113.svg']",9.0,"bear facing left with two box legs, front legs are bigger",11.0,17.0,"(26,)",page2-34.svg,True,11.0
P1G013,P1R00630,27,4,page9-39.svg,False,0.7407407407407408,low,single-utterance-unidirectional,P1-034,P1-109,"['page6-71.svg', 'page7-15.svg', 'page8-169.svg', 'page5-66.svg', 'page7-20.svg', 'page9-39.svg', 'page5-153.svg', 'page3-12.svg', 'page6-160.svg', 'page5-84.svg']",6.0,Pipe for smoking,3.0,11.0,"(24,)",page9-39.svg,True,3.0
P1G040,P1R01387,7,1,page4-190.svg,True,1.0,high,single-utterance-unidirectional,P1-092,P1-083,"['page3-70.svg', 'page3-12.svg', 'page7-29.svg', 'page1-77.svg', 'page6-23.svg', 'page7-73.svg', 'page3-33.svg', 'page5-65.svg', 'page4-190.svg', 'page5-40.svg']",17.0,looks like a dog with three spikes,7.0,27.0,"(41,)",page4-190.svg,True,7.0
P1G050,P1R00464,29,4,page6-228.svg,True,1.0,high,single-utterance-unidirectional,P1-017,P1-090,"['page1-117.svg', 'page6-206.svg', 'page1-30.svg', 'page7-81.svg', 'page9-39.svg', 'page8-247.svg', 'page2-140.svg', 'page6-228.svg', 'page1-185.svg', 'page3-33.svg']",7.0,square on the side with a piece missing in the middle,11.0,24.0,"(48,)",page6-228.svg,True,11.0
P1G003,P1R00266,3,0,page3-61.svg,False,1.0,high,single-utterance-unidirectional,P1-057,P1-031,"['page3-61.svg', 'page7-202.svg', 'page4-190.svg', 'page2-16.svg', 'page7-126.svg', 'page7-166.svg', 'page1-95.svg', 'page5-96.svg', 'page5-153.svg', 'page7-127.svg']",12.0,looks like someone lied on their back but doing the 'crab' with their stomach up,15.0,36.0,"(48,)",page3-61.svg,True,15.0
P1G008,P1R01791,19,3,page1-48.svg,False,1.0,high,single-utterance-unidirectional,P1-116,P1-074,"['page1-48.svg', 'page1-133.svg', 'page9-40.svg', 'page8-38.svg', 'page7-44.svg', 'page-F.svg', 'page5-45.svg', 'page4-195.svg', 'page6-206.svg', 'page7-55.svg']",9.0,triangle,1.0,15.0,"(19,)",page1-48.svg,True,1.0
P1G038,P1R01189,27,4,page4-232.svg,False,1.0,high,single-utterance-unidirectional,P1-085,P1-035,"['page8-159.svg', 'page8-58.svg', 'page5-165.svg', 'page7-127.svg', 'page7-157.svg', 'page9-40.svg', 'page3-70.svg', 'page4-232.svg', 'page8-234.svg', 'page5-45.svg']",3.0,The Christmas tree.,3.0,6.0,"(18,)",page4-232.svg,True,3.0
P1G010,P1R01380,25,4,page5-96.svg,False,0.5444444444444445,low,single-utterance-unidirectional,P1-044,P1-032,"['page3-61.svg', 'page7-202.svg', 'page4-190.svg', 'page2-16.svg', 'page7-126.svg', 'page7-166.svg', 'page1-95.svg', 'page5-96.svg', 'page5-153.svg', 'page7-127.svg']",9.0,A fox,2.0,10.0,"(22,)",page5-96.svg,True,2.0
P1G002,P1R01052,24,4,page6-185.svg,False,0.6129629629629629,low,single-utterance-unidirectional,P1-081,P1-013,"['page8-234.svg', 'page1-132.svg', 'page5-85.svg', 'page6-21.svg', 'page6-185.svg', 'page6-52.svg', 'page5-63.svg', 'page7-113.svg', 'page6-228.svg', 'page7-203.svg']",7.0,man sitting facing right,4.0,11.0,"(17,)",page6-185.svg,True,4.0
P1G052,P1R00545,8,1,page8-169.svg,False,1.0,high,single-utterance-unidirectional,P1-107,P1-108,"['page5-153.svg', 'page8-169.svg', 'page3-12.svg', 'page6-71.svg', 'page7-15.svg', 'page6-160.svg', 'page7-20.svg', 'page9-39.svg', 'page5-84.svg', 'page5-66.svg']",,,,,,,,
P1G012,P1R01194,15,2,page6-186.svg,False,0.7546296296296297,low,single-utterance-unidirectional,P1-076,P1-024,"['page7-186.svg', 'page7-36.svg', 'page1-133.svg', 'page1-186.svg', 'page7-126.svg', 'page6-186.svg', 'page2-165.svg', 'page6-52.svg', 'page2-136.svg', 'page6-219.svg']",9.0,the person with a square head walking left,8.0,17.0,"(43,)",page6-186.svg,True,8.0
P1G042,P1R01510,21,3,page5-56.svg,False,0.6222222222222223,low,single-utterance-unidirectional,P1-023,P1-039,"['page8-182.svg', 'page5-139.svg', 'page6-1.svg', 'page7-127.svg', 'page5-56.svg', 'page3-201.svg', 'page7-125.svg', 'page5-84.svg', 'page6-162.svg', 'page8-206.svg']",12.0,mountains,1.0,14.0,"(22,)",page5-56.svg,True,1.0
P1G032,P1R00970,1,0,page8-183.svg,False,1.0,high,single-utterance-unidirectional,P1-118,P1-022,"['page1-77.svg', 'page8-183.svg', 'page6-206.svg', 'page6-121.svg', 'page6-135.svg', 'page7-79.svg', 'page1-133.svg', 'page4-5.svg', 'page7-202.svg', 'page7-20.svg']",21.0,"Shape of a ""P""",4.0,31.0,"(37,)",page8-183.svg,True,4.0
P1G025,P1R00564,9,1,page9-39.svg,False,0.7407407407407408,low,single-utterance-unidirectional,P1-056,P1-112,"['page1-117.svg', 'page6-206.svg', 'page1-30.svg', 'page7-81.svg', 'page9-39.svg', 'page8-247.svg', 'page2-140.svg', 'page6-228.svg', 'page1-185.svg', 'page3-33.svg']",7.0,a pipe you smoke,4.0,10.0,"(13,)",page9-39.svg,True,4.0
P1G017,P1R01671,1,0,page6-204.svg,False,1.0,high,single-utterance-unidirectional,P1-070,P1-048,"['page5-154.svg', 'page8-56.svg', 'page3-70.svg', 'page7-216.svg', 'page7-115.svg', 'page5-26.svg', 'page6-204.svg', 'page7-55.svg', 'page5-86.svg', 'page7-166.svg']",9.0,chimney of a house,4.0,14.0,"(19,)",page6-204.svg,True,4.0
P1G038,P1R01002,4,0,page7-157.svg,False,0.6037037037037036,low,single-utterance-unidirectional,P1-085,P1-035,"['page8-159.svg', 'page8-58.svg', 'page5-165.svg', 'page7-127.svg', 'page7-157.svg', 'page9-40.svg', 'page3-70.svg', 'page4-232.svg', 'page8-234.svg', 'page5-45.svg']",11.0,A giant gem.,3.0,19.0,"(23,)",page7-157.svg,True,3.0
P1G031,P1R01064,24,4,page4-180.svg,False,0.6944444444444445,low,single-utterance-unidirectional,P1-008,P1-079,"['page5-139.svg', 'page5-154.svg', 'page7-126.svg', 'page8-246.svg', 'page6-160.svg', 'page7-125.svg', 'page5-85.svg', 'page4-180.svg', 'page1-185.svg', 'page7-177.svg']",7.0,butterfly,1.0,9.0,"(11,)",page4-180.svg,True,1.0
P1G044,P1R01330,6,1,page6-160.svg,False,0.5592592592592593,low,single-utterance-unidirectional,P1-068,P1-078,"['page8-246.svg', 'page7-125.svg', 'page6-122.svg', 'page7-226.svg', 'page7-145.svg', 'page8-21.svg', 'page5-101.svg', 'page6-160.svg', 'page9-40.svg', 'page8-183.svg']",5.0,a person on their side,5.0,11.0,"(19,)",page6-160.svg,True,5.0
P1G054,P1R01239,15,2,page7-29.svg,False,1.0,high,single-utterance-unidirectional,P1-106,P1-030,"['page5-65.svg', 'page7-29.svg', 'page7-73.svg', 'page6-23.svg', 'page5-40.svg', 'page1-77.svg', 'page4-190.svg', 'page3-70.svg', 'page3-12.svg', 'page3-33.svg']",5.0,points at 7 oclock like you mention last time,10.0,18.0,"(27,)",page7-29.svg,True,9.0
P1G025,P1R01377,1,0,page1-30.svg,False,1.0,high,single-utterance-unidirectional,P1-112,P1-056,"['page8-247.svg', 'page6-206.svg', 'page1-117.svg', 'page2-140.svg', 'page1-30.svg', 'page9-39.svg', 'page1-185.svg', 'page3-33.svg', 'page6-228.svg', 'page7-81.svg']",9.0,no its a solid column in the middle,8.0,18.0,"(33,)",page1-117.svg,False,8.0
P1G039,P1R01469,9,1,page8-159.svg,False,1.0,high,single-utterance-unidirectional,P1-062,P1-120,"['page6-226.svg', 'page5-96.svg', 'page6-206.svg', 'page7-53.svg', 'page6-71.svg', 'page7-73.svg', 'page8-159.svg', 'page5-128.svg', 'page8-58.svg', 'page1-150.svg']",13.0,letter J,2.0,17.0,"(23,)",page8-159.svg,True,2.0
P1G013,P1R00969,18,3,page9-39.svg,False,0.7407407407407408,low,single-utterance-unidirectional,P1-109,P1-034,"['page5-153.svg', 'page8-169.svg', 'page3-12.svg', 'page6-71.svg', 'page7-15.svg', 'page6-160.svg', 'page7-20.svg', 'page9-39.svg', 'page5-84.svg', 'page5-66.svg']",5.0,A piping for smoking,4.0,8.0,"(21,)",page9-39.svg,True,4.0
P1G021,P1R01509,29,4,page5-153.svg,False,0.6425925925925926,low,single-utterance-unidirectional,P1-096,P1-098,"['page3-61.svg', 'page7-202.svg', 'page4-190.svg', 'page2-16.svg', 'page7-126.svg', 'page7-166.svg', 'page1-95.svg', 'page5-96.svg', 'page5-153.svg', 'page7-127.svg']",13.0,upside down crab,3.0,17.0,"(49,)",page5-153.svg,True,3.0
P1G003,P1R01775,14,2,page5-96.svg,False,0.5444444444444445,low,single-utterance-unidirectional,P1-057,P1-031,"['page3-61.svg', 'page7-202.svg', 'page4-190.svg', 'page2-16.svg', 'page7-126.svg', 'page7-166.svg', 'page1-95.svg', 'page5-96.svg', 'page5-153.svg', 'page7-127.svg']",2.0,this is the cat facing left with a long tail. looks like its walking,16.0,22.0,"(47,)",page5-96.svg,True,14.0
P1G027,P1R01642,14,2,page1-172.svg,False,0.6444444444444445,low,single-utterance-unidirectional,P1-055,P1-060,"['page1-172.svg', 'page8-246.svg', 'page6-122.svg', 'page7-202.svg', 'page1-107.svg', 'page3-201.svg', 'page8-159.svg', 'page2-140.svg', 'page7-55.svg', 'page4-142.svg']",11.0,llama,1.0,12.0,"(22,)",page1-172.svg,True,1.0
P1G028,P1R00956,6,1,page6-206.svg,False,0.7333333333333333,low,single-utterance-unidirectional,P1-027,P1-069,"['page7-202.svg', 'page8-183.svg', 'page7-79.svg', 'page6-121.svg', 'page1-133.svg', 'page6-206.svg', 'page7-20.svg', 'page6-135.svg', 'page1-77.svg', 'page4-5.svg']",5.0,triangle cut out of it,5.0,11.0,"(22,)",page6-206.svg,True,5.0
P1G057,P1R00480,5,0,page7-73.svg,False,0.6,low,single-utterance-unidirectional,P1-087,P1-043,"['page5-65.svg', 'page7-29.svg', 'page7-73.svg', 'page6-23.svg', 'page5-40.svg', 'page1-77.svg', 'page4-190.svg', 'page3-70.svg', 'page3-12.svg', 'page3-33.svg']",8.0,A whale,2.0,9.0,"(13,)",page7-73.svg,True,2.0
P1G024,P1R01385,18,3,page7-55.svg,False,0.7333333333333333,low,single-utterance-unidirectional,P1-026,P1-089,"['page5-86.svg', 'page8-56.svg', 'page7-216.svg', 'page7-55.svg', 'page5-154.svg', 'page3-70.svg', 'page6-204.svg', 'page7-166.svg', 'page5-26.svg', 'page7-115.svg']",4.0,looks like a swan,4.0,7.0,"(14,)",page7-55.svg,True,4.0
P1G018,P1R01789,9,1,page6-219.svg,False,1.0,high,single-utterance-unidirectional,P1-010,P1-093,"['page5-102.svg', 'page2-133.svg', 'page4-241.svg', 'page6-171.svg', 'page7-216.svg', 'page2-86.svg', 'page6-219.svg', 'page4-180.svg', 'page1-95.svg', 'page8-21.svg']",,,,,,,,
P1G055,P1R01226,23,3,page7-115.svg,False,0.6,low,single-utterance-unidirectional,P1-100,P1-111,"['page6-155.svg', 'page7-113.svg', 'page2-34.svg', 'page7-115.svg', 'page7-44.svg', 'page3-33.svg', 'page6-52.svg', 'page5-121.svg', 'page6-175.svg', 'page5-63.svg']",4.0,table with ears,3.0,10.0,"(12,)",page7-115.svg,True,3.0
P1G010,P1R00836,5,0,page7-127.svg,True,0.6222222222222222,low,single-utterance-unidirectional,P1-032,P1-044,"['page7-166.svg', 'page1-95.svg', 'page5-153.svg', 'page4-190.svg', 'page7-202.svg', 'page7-126.svg', 'page3-61.svg', 'page2-16.svg', 'page5-96.svg', 'page7-127.svg']",7.0,a bird flying to the left,6.0,12.0,"(24,)",page7-127.svg,True,6.0
P1G021,P1R01489,9,1,page1-95.svg,True,1.0,high,single-utterance-unidirectional,P1-098,P1-096,"['page7-166.svg', 'page1-95.svg', 'page5-153.svg', 'page4-190.svg', 'page7-202.svg', 'page7-126.svg', 'page3-61.svg', 'page2-16.svg', 'page5-96.svg', 'page7-127.svg']",14.0,wide base with arc above it,6.0,27.0,"(44,)",page1-95.svg,True,6.0
P1G005,P1R00421,4,0,page5-85.svg,True,0.5166666666666668,low,single-utterance-unidirectional,P1-059,P1-036,"['page8-246.svg', 'page7-125.svg', 'page6-160.svg', 'page5-85.svg', 'page1-185.svg', 'page5-139.svg', 'page4-180.svg', 'page5-154.svg', 'page7-177.svg', 'page7-126.svg']",10.0,a fox going right,4.0,20.0,"(26,)",page5-85.svg,True,4.0
P1G040,P1R01428,14,2,page7-73.svg,False,0.6,low,single-utterance-unidirectional,P1-083,P1-092,"['page5-65.svg', 'page7-29.svg', 'page7-73.svg', 'page6-23.svg', 'page5-40.svg', 'page1-77.svg', 'page4-190.svg', 'page3-70.svg', 'page3-12.svg', 'page3-33.svg']",8.0,whale,1.0,9.0,"(19,)",page3-70.svg,False,1.0
P1G035,P1R01086,20,3,page6-135.svg,False,1.0,high,single-utterance-unidirectional,P1-119,P1-040,"['page7-202.svg', 'page8-183.svg', 'page7-79.svg', 'page6-121.svg', 'page1-133.svg', 'page6-206.svg', 'page7-20.svg', 'page6-135.svg', 'page1-77.svg', 'page4-5.svg']",4.0,Big w,2.0,10.0,"(13,)",page6-135.svg,True,2.0
P1G038,P1R01618,5,0,page7-127.svg,False,0.6222222222222222,low,single-utterance-unidirectional,P1-085,P1-035,"['page8-159.svg', 'page8-58.svg', 'page5-165.svg', 'page7-127.svg', 'page7-157.svg', 'page9-40.svg', 'page3-70.svg', 'page4-232.svg', 'page8-234.svg', 'page5-45.svg']",13.0,A flying bird.,3.0,16.0,"(24,)",page7-127.svg,True,3.0
P1G001,P1R00652,8,1,page5-153.svg,False,0.6425925925925926,low,single-utterance-unidirectional,P1-007,P1-053,"['page5-40.svg', 'page7-107.svg', 'page8-58.svg', 'page2-36.svg', 'page6-124.svg', 'page3-33.svg', 'page5-45.svg', 'page4-197.svg', 'page1-150.svg', 'page5-153.svg']",3.0,a bowl with 2 handles,5.0,7.0,"(9,)",page5-153.svg,True,5.0
P1G010,P1R01196,11,1,page3-61.svg,False,1.0,high,single-utterance-unidirectional,P1-032,P1-044,"['page7-166.svg', 'page1-95.svg', 'page5-153.svg', 'page4-190.svg', 'page7-202.svg', 'page7-126.svg', 'page3-61.svg', 'page2-16.svg', 'page5-96.svg', 'page7-127.svg']",18.0,"an L shape facing downwards on the right, and a cluster of triangles on the left",16.0,34.0,"(54,)",page3-61.svg,True,16.0
P1G043,P1R01103,6,1,page8-156.svg,False,1.0,high,single-utterance-unidirectional,P1-066,P1-075,"['page6-162.svg', 'page7-226.svg', 'page7-177.svg', 'page8-156.svg', 'page7-53.svg', 'page7-41.svg', 'page7-36.svg', 'page-F.svg', 'page7-145.svg', 'page8-192.svg']",5.0,looks like a k,4.0,14.0,"(30,)",page8-156.svg,True,4.0
P1G047,P1R00746,22,3,page3-70.svg,False,1.0,high,single-utterance-unidirectional,P1-102,P1-080,"['page3-70.svg', 'page8-21.svg', 'page5-101.svg', 'page2-165.svg', 'page1-95.svg', 'page8-156.svg', 'page7-40.svg', 'page6-171.svg', 'page3-61.svg', 'page7-29.svg']",6.0,coffin,1.0,7.0,"(12,)",page3-70.svg,True,1.0
P1G018,P1R00090,27,4,page5-102.svg,True,0.7444444444444442,low,single-utterance-unidirectional,P1-010,P1-093,"['page5-102.svg', 'page2-133.svg', 'page4-241.svg', 'page6-171.svg', 'page7-216.svg', 'page2-86.svg', 'page6-219.svg', 'page4-180.svg', 'page1-95.svg', 'page8-21.svg']",,,,,,,,
P1G035,P1R00055,1,0,page8-183.svg,False,1.0,high,single-utterance-unidirectional,P1-040,P1-119,"['page1-77.svg', 'page8-183.svg', 'page6-206.svg', 'page6-121.svg', 'page6-135.svg', 'page7-79.svg', 'page1-133.svg', 'page4-5.svg', 'page7-202.svg', 'page7-20.svg']",8.0,it looks like a capital P with a triangle on the bottom,12.0,29.0,"(56,)",page8-183.svg,True,12.0
P1G045,P1R01553,12,2,page6-52.svg,False,1.0,high,single-utterance-unidirectional,P1-095,P1-001,"['page6-196.svg', 'page7-41.svg', 'page6-109.svg', 'page5-65.svg', 'page2-85.svg', 'page4-98.svg', 'page4-96.svg', 'page6-52.svg', 'page3-33.svg', 'page5-80.svg']",4.0,the weird one again,4.0,11.0,"(18,)",page6-52.svg,True,4.0
P1G034,P1R00668,23,3,page7-115.svg,False,0.6,low,single-utterance-unidirectional,P1-084,P1-065,"['page6-155.svg', 'page7-113.svg', 'page2-34.svg', 'page7-115.svg', 'page7-44.svg', 'page3-33.svg', 'page6-52.svg', 'page5-121.svg', 'page6-175.svg', 'page5-63.svg']",10.0,It is a bench with two pointy ends on each side,11.0,19.0,"(25,)",page7-115.svg,True,11.0
P1G052,P1R00938,10,1,page9-39.svg,False,0.7407407407407408,low,single-utterance-unidirectional,P1-107,P1-108,"['page5-153.svg', 'page8-169.svg', 'page3-12.svg', 'page6-71.svg', 'page7-15.svg', 'page6-160.svg', 'page7-20.svg', 'page9-39.svg', 'page5-84.svg', 'page5-66.svg']",,,,,,,,
P1G053,P1R00895,1,0,page1-30.svg,False,1.0,high,single-utterance-unidirectional,P1-061,P1-064,"['page8-247.svg', 'page6-206.svg', 'page1-117.svg', 'page2-140.svg', 'page1-30.svg', 'page9-39.svg', 'page1-185.svg', 'page3-33.svg', 'page6-228.svg', 'page7-81.svg']",13.0,it looks like a tent with a on top,9.0,21.0,"(36,)",page1-30.svg,True,9.0
P1G008,P1R00427,4,0,page9-40.svg,True,1.0,high,single-utterance-unidirectional,P1-116,P1-074,"['page1-48.svg', 'page1-133.svg', 'page9-40.svg', 'page8-38.svg', 'page7-44.svg', 'page-F.svg', 'page5-45.svg', 'page4-195.svg', 'page6-206.svg', 'page7-55.svg']",,,,,,,,
P1G009,P1R00814,10,1,page5-71.svg,False,0.3833333333333333,low,single-utterance-unidirectional,P1-019,P1-104,"['page5-63.svg', 'page6-208.svg', 'page4-128.svg', 'page5-71.svg', 'page3-33.svg', 'page6-52.svg', 'page5-84.svg', 'page5-85.svg', 'page4-155.svg', 'page7-225.svg']",19.0,"flying dinosaur, head to the right",6.0,33.0,,,,6.0
P1G053,P1R00858,13,2,page1-30.svg,False,1.0,high,single-utterance-unidirectional,P1-061,P1-064,"['page8-247.svg', 'page6-206.svg', 'page1-117.svg', 'page2-140.svg', 'page1-30.svg', 'page9-39.svg', 'page1-185.svg', 'page3-33.svg', 'page6-228.svg', 'page7-81.svg']",13.0,tent with a triangle on top,6.0,18.0,"(24,)",page1-30.svg,True,6.0
P1G053,P1R00112,29,4,page6-228.svg,True,1.0,high,single-utterance-unidirectional,P1-064,P1-061,"['page1-117.svg', 'page6-206.svg', 'page1-30.svg', 'page7-81.svg', 'page9-39.svg', 'page8-247.svg', 'page2-140.svg', 'page6-228.svg', 'page1-185.svg', 'page3-33.svg']",4.0,diamond on its side with a hole in the middle,10.0,18.0,"(28,)",page6-228.svg,True,10.0
P1G044,P1R01640,20,3,page8-21.svg,False,0.5000000000000001,low,single-utterance-unidirectional,P1-068,P1-078,"['page8-246.svg', 'page7-125.svg', 'page6-122.svg', 'page7-226.svg', 'page7-145.svg', 'page8-21.svg', 'page5-101.svg', 'page6-160.svg', 'page9-40.svg', 'page8-183.svg']",11.0,rooster,1.0,14.0,"(22,)",page8-21.svg,True,1.0
P1G004,P1R00571,25,4,page5-26.svg,False,0.7518518518518518,low,single-utterance-unidirectional,P1-009,P1-086,"['page5-40.svg', 'page5-26.svg', 'page7-20.svg', 'page7-125.svg', 'page2-100.svg', 'page4-244.svg', 'page7-126.svg', 'page7-116.svg', 'page8-169.svg', 'page7-202.svg']",6.0,plane flying down,3.0,9.0,"(13,)",page5-26.svg,True,3.0
P1G030,P1R01025,29,4,page7-125.svg,False,0.9935185185185184,high,single-utterance-unidirectional,P1-063,P1-050,"['page6-208.svg', 'page5-165.svg', 'page7-41.svg', 'page8-169.svg', 'page8-38.svg', 'page5-86.svg', 'page7-125.svg', 'page2-20.svg', 'page3-33.svg', 'page7-107.svg']",13.0,cliff with 3 straight sides,5.0,19.0,"(22,)",page7-125.svg,True,5.0
P1G011,P1R01669,3,0,page7-107.svg,False,0.9935185185185184,high,single-utterance-unidirectional,P1-088,P1-041,"['page2-36.svg', 'page4-197.svg', 'page1-150.svg', 'page3-33.svg', 'page5-153.svg', 'page6-124.svg', 'page7-107.svg', 'page5-40.svg', 'page8-58.svg', 'page5-45.svg']",15.0,A white diamond shape in the middle of the shape,10.0,34.0,"(44,)",page7-107.svg,True,10.0
P1G004,P1R00051,0,0,page2-100.svg,False,0.7685185185185184,low,single-utterance-unidirectional,P1-009,P1-086,"['page5-40.svg', 'page5-26.svg', 'page7-20.svg', 'page7-125.svg', 'page2-100.svg', 'page4-244.svg', 'page7-126.svg', 'page7-116.svg', 'page8-169.svg', 'page7-202.svg']",5.0,stop sign with a crooked pole,6.0,18.0,"(28,)",page2-100.svg,True,6.0
P1G027,P1R01627,17,2,page7-202.svg,False,1.0,high,single-utterance-unidirectional,P1-055,P1-060,"['page1-172.svg', 'page8-246.svg', 'page6-122.svg', 'page7-202.svg', 'page1-107.svg', 'page3-201.svg', 'page8-159.svg', 'page2-140.svg', 'page7-55.svg', 'page4-142.svg']",13.0,egg timer,2.0,14.0,"(22,)",page7-202.svg,True,2.0
P1G052,P1R01019,19,3,page5-84.svg,False,0.5111111111111112,low,single-utterance-unidirectional,P1-107,P1-108,"['page5-153.svg', 'page8-169.svg', 'page3-12.svg', 'page6-71.svg', 'page7-15.svg', 'page6-160.svg', 'page7-20.svg', 'page9-39.svg', 'page5-84.svg', 'page5-66.svg']",,,,,,,,
P1G017,P1R01681,7,1,page7-55.svg,False,0.7333333333333333,low,single-utterance-unidirectional,P1-048,P1-070,"['page5-86.svg', 'page8-56.svg', 'page7-216.svg', 'page7-55.svg', 'page5-154.svg', 'page3-70.svg', 'page6-204.svg', 'page7-166.svg', 'page5-26.svg', 'page7-115.svg']",5.0,Snake ready to strike,4.0,16.0,"(20,)",page7-55.svg,True,4.0
P1G044,P1R00163,5,0,page8-21.svg,False,0.5000000000000001,low,single-utterance-unidirectional,P1-078,P1-068,"['page6-122.svg', 'page9-40.svg', 'page7-226.svg', 'page7-125.svg', 'page8-246.svg', 'page6-160.svg', 'page7-145.svg', 'page5-101.svg', 'page8-183.svg', 'page8-21.svg']",8.0,a rooster,2.0,13.0,"(35,)",page8-21.svg,True,2.0
P1G042,P1R00014,8,1,page5-84.svg,False,0.5111111111111112,low,single-utterance-unidirectional,P1-023,P1-039,"['page8-182.svg', 'page5-139.svg', 'page6-1.svg', 'page7-127.svg', 'page5-56.svg', 'page3-201.svg', 'page7-125.svg', 'page5-84.svg', 'page6-162.svg', 'page8-206.svg']",10.0,a horse looking to the right,6.0,15.0,"(25,)",page5-84.svg,True,6.0
P1G050,P1R01769,25,4,page3-33.svg,False,0.6111111111111112,low,single-utterance-unidirectional,P1-090,P1-017,"['page8-247.svg', 'page6-206.svg', 'page1-117.svg', 'page2-140.svg', 'page1-30.svg', 'page9-39.svg', 'page1-185.svg', 'page3-33.svg', 'page6-228.svg', 'page7-81.svg']",5.0,3 mountains with object over top,6.0,13.0,"(35,)",page3-33.svg,True,6.0
P1G039,P1R01395,24,4,page5-128.svg,True,0.9925925925925926,high,single-utterance-unidirectional,P1-062,P1-120,"['page6-226.svg', 'page5-96.svg', 'page6-206.svg', 'page7-53.svg', 'page6-71.svg', 'page7-73.svg', 'page8-159.svg', 'page5-128.svg', 'page8-58.svg', 'page1-150.svg']",14.0,looks like a crooked finger bent to the right,9.0,31.0,"(44,)",page5-128.svg,True,9.0
P1G020,P1R01140,26,4,page6-219.svg,True,1.0,high,single-utterance-unidirectional,P1-051,P1-101,"['page6-52.svg', 'page7-36.svg', 'page6-186.svg', 'page2-136.svg', 'page1-186.svg', 'page2-165.svg', 'page6-219.svg', 'page1-133.svg', 'page7-126.svg', 'page7-186.svg']",4.0,"if you were disecting a frog, this would be bottom right quarter with leg and body",16.0,29.0,"(43,)",page6-219.svg,True,16.0
P1G028,P1R01645,23,3,page1-77.svg,True,0.6833333333333333,low,single-utterance-unidirectional,P1-027,P1-069,"['page7-202.svg', 'page8-183.svg', 'page7-79.svg', 'page6-121.svg', 'page1-133.svg', 'page6-206.svg', 'page7-20.svg', 'page6-135.svg', 'page1-77.svg', 'page4-5.svg']",12.0,knife pointed down,3.0,21.0,"(43,)",page1-77.svg,True,3.0
P1G054,P1R01100,4,0,page3-70.svg,False,1.0,high,single-utterance-unidirectional,P1-106,P1-030,"['page5-65.svg', 'page7-29.svg', 'page7-73.svg', 'page6-23.svg', 'page5-40.svg', 'page1-77.svg', 'page4-190.svg', 'page3-70.svg', 'page3-12.svg', 'page3-33.svg']",26.0,looks like a boxed slug,5.0,36.0,"(56,)",page3-70.svg,True,5.0
P1G032,P1R00414,16,2,page7-20.svg,True,1.0,high,single-utterance-unidirectional,P1-022,P1-118,"['page7-202.svg', 'page8-183.svg', 'page7-79.svg', 'page6-121.svg', 'page1-133.svg', 'page6-206.svg', 'page7-20.svg', 'page6-135.svg', 'page1-77.svg', 'page4-5.svg']",10.0,Long stick facing right,4.0,15.0,"(27,)",page6-121.svg,False,4.0
P1G040,P1R00162,24,4,page7-73.svg,False,0.6,low,single-utterance-unidirectional,P1-083,P1-092,"['page5-65.svg', 'page7-29.svg', 'page7-73.svg', 'page6-23.svg', 'page5-40.svg', 'page1-77.svg', 'page4-190.svg', 'page3-70.svg', 'page3-12.svg', 'page3-33.svg']",6.0,whale,1.0,7.0,"(17,)",page7-73.svg,True,1.0
P1G009,P1R01579,13,2,page4-128.svg,False,1.0,high,single-utterance-unidirectional,P1-104,P1-019,"['page5-85.svg', 'page7-225.svg', 'page5-63.svg', 'page3-33.svg', 'page5-84.svg', 'page6-208.svg', 'page5-71.svg', 'page4-128.svg', 'page6-52.svg', 'page4-155.svg']",7.0,"big printer, square on top",5.0,18.0,"(24,)",page4-128.svg,True,5.0
P1G031,P1R00555,22,3,page7-177.svg,False,1.0,high,single-utterance-unidirectional,P1-079,P1-008,"['page8-246.svg', 'page7-125.svg', 'page6-160.svg', 'page5-85.svg', 'page1-185.svg', 'page5-139.svg', 'page4-180.svg', 'page5-154.svg', 'page7-177.svg', 'page7-126.svg']",3.0,magnet,1.0,5.0,"(7,)",page7-177.svg,True,1.0
P1G025,P1R00543,19,3,page2-140.svg,False,1.0,high,single-utterance-unidirectional,P1-056,P1-112,"['page1-117.svg', 'page6-206.svg', 'page1-30.svg', 'page7-81.svg', 'page9-39.svg', 'page8-247.svg', 'page2-140.svg', 'page6-228.svg', 'page1-185.svg', 'page3-33.svg']",3.0,water with an arm in the middle,7.0,10.0,"(14,)",page2-140.svg,True,7.0
P1G059,P1R01701,3,0,page9-39.svg,False,0.7407407407407408,low,single-utterance-unidirectional,P1-038,P1-058,"['page8-247.svg', 'page6-206.svg', 'page1-117.svg', 'page2-140.svg', 'page1-30.svg', 'page9-39.svg', 'page1-185.svg', 'page3-33.svg', 'page6-228.svg', 'page7-81.svg']",5.0,"Looks like a pipe, with the bowl on the left hand side",12.0,16.0,"(18,)",page9-39.svg,True,12.0
P1G016,P1R01552,15,2,page5-63.svg,True,0.9935185185185184,high,single-utterance-unidirectional,P1-046,P1-014,"['page5-63.svg', 'page6-208.svg', 'page4-128.svg', 'page5-71.svg', 'page3-33.svg', 'page6-52.svg', 'page5-84.svg', 'page5-85.svg', 'page4-155.svg', 'page7-225.svg']",8.0,two small mountains,3.0,15.0,,,,3.0
P1G012,P1R00199,16,2,page7-186.svg,False,1.0,high,single-utterance-unidirectional,P1-076,P1-024,"['page7-186.svg', 'page7-36.svg', 'page1-133.svg', 'page1-186.svg', 'page7-126.svg', 'page6-186.svg', 'page2-165.svg', 'page6-52.svg', 'page2-136.svg', 'page6-219.svg']",14.0,the P shape,3.0,18.0,"(33,)",page7-186.svg,True,3.0
P1G031,P1R00146,14,2,page6-160.svg,True,0.5592592592592593,low,single-utterance-unidirectional,P1-079,P1-008,"['page8-246.svg', 'page7-125.svg', 'page6-160.svg', 'page5-85.svg', 'page1-185.svg', 'page5-139.svg', 'page4-180.svg', 'page5-154.svg', 'page7-177.svg', 'page7-126.svg']",9.0,a fish swimming left with a diamond on its nose,10.0,27.0,"(35,)",page6-160.svg,True,10.0
P1G048,P1R01079,21,3,page6-109.svg,False,1.0,high,single-utterance-unidirectional,P1-097,P1-016,"['page4-142.svg', 'page5-80.svg', 'page2-131.svg', 'page5-155.svg', 'page6-245.svg', 'page8-18.svg', 'page7-217.svg', 'page6-107.svg', 'page7-177.svg', 'page6-109.svg']",10.0,Trapezium with triangles on right side,6.0,32.0,"(46,)",page6-109.svg,True,6.0
P1G015,P1R00041,13,2,page1-133.svg,False,0.5444444444444445,low,single-utterance-unidirectional,P1-028,P1-025,"['page7-44.svg', 'page7-55.svg', 'page6-206.svg', 'page1-48.svg', 'page8-38.svg', 'page5-45.svg', 'page9-40.svg', 'page1-133.svg', 'page-F.svg', 'page4-195.svg']",8.0,A blackened home,3.0,11.0,"(22,)",page1-133.svg,True,3.0
P1G058,P1R00828,12,2,page6-219.svg,False,1.0,high,single-utterance-unidirectional,P1-071,P1-054,"['page1-77.svg', 'page6-219.svg', 'page2-36.svg', 'page1-95.svg', 'page1-34.svg', 'page5-26.svg', 'page4-11.svg', 'page5-85.svg', 'page9-40.svg', 'page2-133.svg']",11.0,Rectangle with shape coming off bottom right,7.0,26.0,"(33,)",page6-219.svg,True,7.0
P1G037,P1R00629,23,3,page8-21.svg,True,0.5000000000000001,low,single-utterance-unidirectional,P1-002,P1-037,"['page5-102.svg', 'page2-133.svg', 'page4-241.svg', 'page6-171.svg', 'page7-216.svg', 'page2-86.svg', 'page6-219.svg', 'page4-180.svg', 'page1-95.svg', 'page8-21.svg']",9.0,,7.0,24.0,"(36,)",page7-216.svg,False,
P1G043,P1R00816,20,3,page7-41.svg,False,0.7555555555555555,low,single-utterance-unidirectional,P1-066,P1-075,"['page6-162.svg', 'page7-226.svg', 'page7-177.svg', 'page8-156.svg', 'page7-53.svg', 'page7-41.svg', 'page7-36.svg', 'page-F.svg', 'page7-145.svg', 'page8-192.svg']",11.0,boat with the house on it,6.0,11.0,"(25,)",page7-41.svg,True,6.0
P1G043,P1R00990,23,3,page8-156.svg,False,1.0,high,single-utterance-unidirectional,P1-066,P1-075,"['page6-162.svg', 'page7-226.svg', 'page7-177.svg', 'page8-156.svg', 'page7-53.svg', 'page7-41.svg', 'page7-36.svg', 'page-F.svg', 'page7-145.svg', 'page8-192.svg']",10.0,looks like a k,5.0,11.0,"(23,)",page8-156.svg,True,4.0
P1G041,P1R01360,18,3,page8-169.svg,False,1.0,high,single-utterance-unidirectional,P1-113,P1-004,"['page6-208.svg', 'page3-33.svg', 'page7-107.svg', 'page2-20.svg', 'page8-169.svg', 'page8-38.svg', 'page7-41.svg', 'page5-86.svg', 'page7-125.svg', 'page5-165.svg']",3.0,A letter C,3.0,6.0,"(11,)",page8-169.svg,True,3.0
P1G012,P1R01463,21,3,page2-136.svg,False,1.0,high,single-utterance-unidirectional,P1-024,P1-076,"['page6-52.svg', 'page7-36.svg', 'page6-186.svg', 'page2-136.svg', 'page1-186.svg', 'page2-165.svg', 'page6-219.svg', 'page1-133.svg', 'page7-126.svg', 'page7-186.svg']",8.0,rectangle coming out of top right,6.0,19.0,"(24,)",page2-136.svg,True,6.0
P1G057,P1R01130,19,3,page7-73.svg,False,0.6,low,single-utterance-unidirectional,P1-043,P1-087,"['page3-70.svg', 'page3-12.svg', 'page7-29.svg', 'page1-77.svg', 'page6-23.svg', 'page7-73.svg', 'page3-33.svg', 'page5-65.svg', 'page4-190.svg', 'page5-40.svg']",10.0,whale,1.0,11.0,"(23,)",page7-73.svg,True,1.0
P1G058,P1R01207,16,2,page9-40.svg,False,1.0,high,single-utterance-unidirectional,P1-071,P1-054,"['page1-77.svg', 'page6-219.svg', 'page2-36.svg', 'page1-95.svg', 'page1-34.svg', 'page5-26.svg', 'page4-11.svg', 'page5-85.svg', 'page9-40.svg', 'page2-133.svg']",7.0,Candle stick,2.0,9.0,"(13,)",page9-40.svg,True,2.0
P1G013,P1R01252,2,0,page9-39.svg,False,0.7407407407407408,low,single-utterance-unidirectional,P1-034,P1-109,"['page6-71.svg', 'page7-15.svg', 'page8-169.svg', 'page5-66.svg', 'page7-20.svg', 'page9-39.svg', 'page5-153.svg', 'page3-12.svg', 'page6-160.svg', 'page5-84.svg']",4.0,A smoking pipe for tobacco,5.0,14.0,"(24,)",page9-39.svg,True,5.0
P1G052,P1R01521,25,4,page7-20.svg,False,1.0,high,single-utterance-unidirectional,P1-108,P1-107,"['page6-71.svg', 'page7-15.svg', 'page8-169.svg', 'page5-66.svg', 'page7-20.svg', 'page9-39.svg', 'page5-153.svg', 'page3-12.svg', 'page6-160.svg', 'page5-84.svg']",,,,,,,,
P1G035,P1R00490,19,3,page1-133.svg,False,0.5444444444444445,low,single-utterance-unidirectional,P1-119,P1-040,"['page7-202.svg', 'page8-183.svg', 'page7-79.svg', 'page6-121.svg', 'page1-133.svg', 'page6-206.svg', 'page7-20.svg', 'page6-135.svg', 'page1-77.svg', 'page4-5.svg']",14.0,House with roof,3.0,18.0,"(23,)",page1-133.svg,True,3.0
P1G045,P1R00723,22,3,page4-98.svg,False,0.7222222222222223,low,single-utterance-unidirectional,P1-001,P1-095,"['page6-196.svg', 'page4-98.svg', 'page5-80.svg', 'page4-96.svg', 'page6-52.svg', 'page2-85.svg', 'page6-109.svg', 'page5-65.svg', 'page3-33.svg', 'page7-41.svg']",8.0,Sword,1.0,10.0,"(13,)",page4-98.svg,True,1.0
P1G026,P1R00150,2,0,page-F.svg,False,0.6685185185185186,low,single-utterance-unidirectional,P1-011,P1-091,"['page7-44.svg', 'page7-55.svg', 'page6-206.svg', 'page1-48.svg', 'page8-38.svg', 'page5-45.svg', 'page9-40.svg', 'page1-133.svg', 'page-F.svg', 'page4-195.svg']",8.0,"someone sitting down, legs slightly curled up looking down and to the left",13.0,32.0,"(47,)",page-F.svg,True,13.0
P1G047,P1R00395,7,1,page6-171.svg,False,0.4148148148148148,low,single-utterance-unidirectional,P1-102,P1-080,"['page3-70.svg', 'page8-21.svg', 'page5-101.svg', 'page2-165.svg', 'page1-95.svg', 'page8-156.svg', 'page7-40.svg', 'page6-171.svg', 'page3-61.svg', 'page7-29.svg']",7.0,person walking to the right,5.0,13.0,"(24,)",page6-171.svg,True,5.0
P1G019,P1R00638,26,4,page6-166.svg,False,1.0,high,single-utterance-unidirectional,P1-020,P1-033,"['page5-165.svg', 'page5-101.svg', 'page2-86.svg', 'page6-166.svg', 'page7-126.svg', 'page8-169.svg', 'page4-180.svg', 'page6-167.svg', 'page3-139.svg', 'page1-117.svg']",8.0,s shape snake rearing up,5.0,13.0,"(23,)",page6-166.svg,True,5.0
P1G038,P1R00033,16,2,page8-234.svg,False,0.0,low,single-utterance-unidirectional,P1-085,P1-035,"['page8-159.svg', 'page8-58.svg', 'page5-165.svg', 'page7-127.svg', 'page7-157.svg', 'page9-40.svg', 'page3-70.svg', 'page4-232.svg', 'page8-234.svg', 'page5-45.svg']",4.0,The dog-sphinx thing.,3.0,9.0,"(23,)",page8-234.svg,True,3.0
P1G057,P1R00031,21,3,page3-12.svg,False,1.0,high,single-utterance-unidirectional,P1-043,P1-087,"['page3-70.svg', 'page3-12.svg', 'page7-29.svg', 'page1-77.svg', 'page6-23.svg', 'page7-73.svg', 'page3-33.svg', 'page5-65.svg', 'page4-190.svg', 'page5-40.svg']",7.0,arrow facing down with a flat top,7.0,15.0,"(22,)",page3-12.svg,True,7.0
P1G039,P1R01714,23,3,page8-58.svg,False,0.7259259259259259,low,single-utterance-unidirectional,P1-062,P1-120,"['page6-226.svg', 'page5-96.svg', 'page6-206.svg', 'page7-53.svg', 'page6-71.svg', 'page7-73.svg', 'page8-159.svg', 'page5-128.svg', 'page8-58.svg', 'page1-150.svg']",9.0,man in hat,3.0,13.0,"(23,)",page8-58.svg,True,3.0
P1G020,P1R01292,7,1,page7-186.svg,False,1.0,high,single-utterance-unidirectional,P1-051,P1-101,"['page6-52.svg', 'page7-36.svg', 'page6-186.svg', 'page2-136.svg', 'page1-186.svg', 'page2-165.svg', 'page6-219.svg', 'page1-133.svg', 'page7-126.svg', 'page7-186.svg']",7.0,,7.0,20.0,"(37,)",page7-186.svg,True,
P1G054,P1R01422,28,4,page7-29.svg,False,1.0,high,single-utterance-unidirectional,P1-106,P1-030,"['page5-65.svg', 'page7-29.svg', 'page7-73.svg', 'page6-23.svg', 'page5-40.svg', 'page1-77.svg', 'page4-190.svg', 'page3-70.svg', 'page3-12.svg', 'page3-33.svg']",3.0,7 oclock one,3.0,10.0,"(14,)",page7-29.svg,True,3.0
P1G060,P1R01219,28,4,page4-155.svg,True,0.3777777777777779,low,single-utterance-unidirectional,P1-012,P1-021,"['page5-63.svg', 'page6-208.svg', 'page4-128.svg', 'page5-71.svg', 'page3-33.svg', 'page6-52.svg', 'page5-84.svg', 'page5-85.svg', 'page4-155.svg', 'page7-225.svg']",4.0,Snake/worm squiggle,2.0,9.0,"(13,)",page4-155.svg,True,2.0
P1G020,P1R00320,14,2,page6-52.svg,False,1.0,high,single-utterance-unidirectional,P1-101,P1-051,"['page7-186.svg', 'page7-36.svg', 'page1-133.svg', 'page1-186.svg', 'page7-126.svg', 'page6-186.svg', 'page2-165.svg', 'page6-52.svg', 'page2-136.svg', 'page6-219.svg']",11.0,wonky arrow pointing up and left,6.0,18.0,"(43,)",page6-52.svg,True,6.0
P1G047,P1R01183,28,4,page3-70.svg,False,1.0,high,single-utterance-unidirectional,P1-080,P1-102,"['page3-70.svg', 'page8-156.svg', 'page7-40.svg', 'page2-165.svg', 'page8-21.svg', 'page6-171.svg', 'page1-95.svg', 'page3-61.svg', 'page7-29.svg', 'page5-101.svg']",4.0,coffin,1.0,5.0,"(22,)",page3-70.svg,True,1.0
P1G044,P1R01132,4,0,page6-122.svg,False,0.5666666666666667,low,single-utterance-unidirectional,P1-078,P1-068,"['page6-122.svg', 'page9-40.svg', 'page7-226.svg', 'page7-125.svg', 'page8-246.svg', 'page6-160.svg', 'page7-145.svg', 'page5-101.svg', 'page8-183.svg', 'page8-21.svg']",12.0,a house,2.0,14.0,"(33,)",page6-122.svg,True,2.0
P1G003,P1R01195,25,4,page5-96.svg,False,0.5444444444444445,low,single-utterance-unidirectional,P1-057,P1-031,"['page3-61.svg', 'page7-202.svg', 'page4-190.svg', 'page2-16.svg', 'page7-126.svg', 'page7-166.svg', 'page1-95.svg', 'page5-96.svg', 'page5-153.svg', 'page7-127.svg']",7.0,the cat looking to the right with the tail,9.0,20.0,"(30,)",page5-96.svg,True,9.0
P1G042,P1R00879,26,4,page6-1.svg,False,0.9935185185185184,high,single-utterance-unidirectional,P1-039,P1-023,"['page7-127.svg', 'page5-84.svg', 'page3-201.svg', 'page5-56.svg', 'page6-1.svg', 'page6-162.svg', 'page8-182.svg', 'page7-125.svg', 'page5-139.svg', 'page8-206.svg']",11.0,A backwards 7,3.0,16.0,"(30,)",page6-1.svg,True,3.0
P1G007,P1R01149,19,3,page5-84.svg,False,0.5111111111111112,low,single-utterance-unidirectional,P1-115,P1-067,"['page5-153.svg', 'page8-169.svg', 'page3-12.svg', 'page6-71.svg', 'page7-15.svg', 'page6-160.svg', 'page7-20.svg', 'page9-39.svg', 'page5-84.svg', 'page5-66.svg']",12.0,Bird,1.0,14.0,"(24,)",page5-84.svg,True,1.0
P1G036,P1R00505,8,1,page1-117.svg,False,1.0,high,single-utterance-unidirectional,P1-114,P1-029,"['page1-117.svg', 'page6-206.svg', 'page1-30.svg', 'page7-81.svg', 'page9-39.svg', 'page8-247.svg', 'page2-140.svg', 'page6-228.svg', 'page1-185.svg', 'page3-33.svg']",12.0,like a column that holds building up,7.0,21.0,"(39,)",page1-117.svg,True,7.0
P1G037,P1R00317,5,0,page6-171.svg,False,0.4148148148148148,low,single-utterance-unidirectional,P1-037,P1-002,"['page6-171.svg', 'page4-241.svg', 'page5-102.svg', 'page2-133.svg', 'page1-95.svg', 'page6-219.svg', 'page7-216.svg', 'page2-86.svg', 'page8-21.svg', 'page4-180.svg']",11.0,The person in the top row to the far left,10.0,22.0,"(40,)",page6-171.svg,True,10.0
P1G050,P1R01010,22,3,page9-39.svg,False,0.7407407407407408,low,single-utterance-unidirectional,P1-017,P1-090,"['page1-117.svg', 'page6-206.svg', 'page1-30.svg', 'page7-81.svg', 'page9-39.svg', 'page8-247.svg', 'page2-140.svg', 'page6-228.svg', 'page1-185.svg', 'page3-33.svg']",4.0,it looks like a pipe,5.0,11.0,"(32,)",page9-39.svg,True,5.0
P1G035,P1R01768,12,2,page6-206.svg,False,0.7333333333333333,low,single-utterance-unidirectional,P1-040,P1-119,"['page1-77.svg', 'page8-183.svg', 'page6-206.svg', 'page6-121.svg', 'page6-135.svg', 'page7-79.svg', 'page1-133.svg', 'page4-5.svg', 'page7-202.svg', 'page7-20.svg']",4.0,capital B,2.0,8.0,"(16,)",page6-206.svg,True,2.0
P1G038,P1R01283,0,0,page3-70.svg,True,1.0,high,single-utterance-unidirectional,P1-035,P1-085,"['page5-165.svg', 'page8-159.svg', 'page5-45.svg', 'page4-232.svg', 'page9-40.svg', 'page7-127.svg', 'page7-157.svg', 'page8-234.svg', 'page3-70.svg', 'page8-58.svg']",15.0,Bottom middle,2.0,19.0,"(23,)",page8-234.svg,False,2.0
P1G006,P1R01221,6,1,page7-53.svg,False,0.7333333333333332,low,single-utterance-unidirectional,P1-073,P1-077,"['page6-226.svg', 'page5-96.svg', 'page6-206.svg', 'page7-53.svg', 'page6-71.svg', 'page7-73.svg', 'page8-159.svg', 'page5-128.svg', 'page8-58.svg', 'page1-150.svg']",6.0,A snake slithering on the ground,6.0,14.0,"(21,)",page7-53.svg,True,6.0
P1G053,P1R01042,14,2,page1-117.svg,False,1.0,high,single-utterance-unidirectional,P1-061,P1-064,"['page8-247.svg', 'page6-206.svg', 'page1-117.svg', 'page2-140.svg', 'page1-30.svg', 'page9-39.svg', 'page1-185.svg', 'page3-33.svg', 'page6-228.svg', 'page7-81.svg']",7.0,chess piece,2.0,9.0,"(14,)",page1-117.svg,True,2.0
P1G039,P1R01204,14,2,page1-150.svg,False,1.0,high,single-utterance-unidirectional,P1-120,P1-062,"['page8-58.svg', 'page5-96.svg', 'page8-159.svg', 'page7-53.svg', 'page1-150.svg', 'page6-226.svg', 'page7-73.svg', 'page6-206.svg', 'page5-128.svg', 'page6-71.svg']",5.0,Fountain made out of stacked triangles,6.0,9.0,"(13,)",page1-150.svg,True,6.0
P1G022,P1R00487,26,4,page7-41.svg,False,0.7555555555555555,low,single-utterance-unidirectional,P1-072,P1-082,"['page6-196.svg', 'page7-41.svg', 'page6-109.svg', 'page5-65.svg', 'page2-85.svg', 'page4-98.svg', 'page4-96.svg', 'page6-52.svg', 'page3-33.svg', 'page5-80.svg']",14.0,house on a boat,4.0,16.0,"(27,)",page7-41.svg,True,4.0
P1G050,P1R01739,27,4,page1-30.svg,False,1.0,high,single-utterance-unidirectional,P1-090,P1-017,"['page8-247.svg', 'page6-206.svg', 'page1-117.svg', 'page2-140.svg', 'page1-30.svg', 'page9-39.svg', 'page1-185.svg', 'page3-33.svg', 'page6-228.svg', 'page7-81.svg']",7.0,Looks like the top of a tree,7.0,14.0,"(23,)",page1-30.svg,True,7.0
P1G041,P1R01456,1,0,page2-20.svg,False,1.0,high,single-utterance-unidirectional,P1-004,P1-113,"['page6-208.svg', 'page5-165.svg', 'page7-41.svg', 'page8-169.svg', 'page8-38.svg', 'page5-86.svg', 'page7-125.svg', 'page2-20.svg', 'page3-33.svg', 'page7-107.svg']",4.0,"A dragon, wings extended, perched atop a mountain",8.0,25.0,"(38,)",page2-20.svg,True,8.0
P1G056,P1R00795,18,3,page7-225.svg,False,1.0,high,single-utterance-unidirectional,P1-005,P1-018,"['page5-45.svg', 'page8-21.svg', 'page4-142.svg', 'page5-85.svg', 'page7-22.svg', 'page5-232.svg', 'page7-157.svg', 'page3-66.svg', 'page8-248.svg', 'page7-225.svg']",12.0,an arm holding up a wine glass,7.0,21.0,"(32,)",page7-225.svg,True,7.0
P1G017,P1R01465,16,2,page6-204.svg,False,1.0,high,single-utterance-unidirectional,P1-070,P1-048,"['page5-154.svg', 'page8-56.svg', 'page3-70.svg', 'page7-216.svg', 'page7-115.svg', 'page5-26.svg', 'page6-204.svg', 'page7-55.svg', 'page5-86.svg', 'page7-166.svg']",3.0,chimney,1.0,5.0,"(7,)",page6-204.svg,True,1.0
P1G013,P1R01554,16,2,page8-169.svg,False,1.0,high,single-utterance-unidirectional,P1-034,P1-109,"['page6-71.svg', 'page7-15.svg', 'page8-169.svg', 'page5-66.svg', 'page7-20.svg', 'page9-39.svg', 'page5-153.svg', 'page3-12.svg', 'page6-160.svg', 'page5-84.svg']",3.0,The letter C,3.0,6.0,"(17,)",page8-169.svg,True,3.0
P1G045,P1R00338,28,4,page4-98.svg,False,0.7222222222222223,low,single-utterance-unidirectional,P1-095,P1-001,"['page6-196.svg', 'page7-41.svg', 'page6-109.svg', 'page5-65.svg', 'page2-85.svg', 'page4-98.svg', 'page4-96.svg', 'page6-52.svg', 'page3-33.svg', 'page5-80.svg']",3.0,sword,1.0,5.0,"(12,)",page4-98.svg,True,1.0
P1G027,P1R00318,24,4,page1-172.svg,False,0.6444444444444445,low,single-utterance-unidirectional,P1-055,P1-060,"['page1-172.svg', 'page8-246.svg', 'page6-122.svg', 'page7-202.svg', 'page1-107.svg', 'page3-201.svg', 'page8-159.svg', 'page2-140.svg', 'page7-55.svg', 'page4-142.svg']",4.0,llama,1.0,4.0,"(13,)",page1-172.svg,True,1.0
P1G040,P1R00642,12,2,page3-33.svg,True,0.6111111111111112,low,single-utterance-unidirectional,P1-092,P1-083,"['page3-70.svg', 'page3-12.svg', 'page7-29.svg', 'page1-77.svg', 'page6-23.svg', 'page7-73.svg', 'page3-33.svg', 'page5-65.svg', 'page4-190.svg', 'page5-40.svg']",12.0,looks like a table on top of mountain,8.0,18.0,"(31,)",page3-33.svg,True,8.0
P1G040,P1R00747,27,4,page5-65.svg,True,1.0,high,single-utterance-unidirectional,P1-092,P1-083,"['page3-70.svg', 'page3-12.svg', 'page7-29.svg', 'page1-77.svg', 'page6-23.svg', 'page7-73.svg', 'page3-33.svg', 'page5-65.svg', 'page4-190.svg', 'page5-40.svg']",16.0,looks like the axe one but not the axe one,10.0,21.0,"(32,)",page5-65.svg,True,10.0
P1G009,P1R01375,24,4,page6-52.svg,False,1.0,high,single-utterance-unidirectional,P1-104,P1-019,"['page5-85.svg', 'page7-225.svg', 'page5-63.svg', 'page3-33.svg', 'page5-84.svg', 'page6-208.svg', 'page5-71.svg', 'page4-128.svg', 'page6-52.svg', 'page4-155.svg']",4.0,long flat side on top,5.0,10.0,"(18,)",page6-52.svg,True,5.0
P1G055,P1R00744,27,4,page7-44.svg,True,1.0,high,single-utterance-unidirectional,P1-100,P1-111,"['page6-155.svg', 'page7-113.svg', 'page2-34.svg', 'page7-115.svg', 'page7-44.svg', 'page3-33.svg', 'page6-52.svg', 'page5-121.svg', 'page6-175.svg', 'page5-63.svg']",4.0,"one that looks like its a cooking pot on a fireplace, but there is no fire.",16.0,25.0,"(35,)",page7-44.svg,True,16.0
P1G020,P1R01601,2,0,page7-36.svg,True,1.0,high,single-utterance-unidirectional,P1-051,P1-101,"['page6-52.svg', 'page7-36.svg', 'page6-186.svg', 'page2-136.svg', 'page1-186.svg', 'page2-165.svg', 'page6-219.svg', 'page1-133.svg', 'page7-126.svg', 'page7-186.svg']",10.0,looks liie an alien spaceship with stairs,7.0,21.0,"(55,)",page7-36.svg,True,7.0
P1G026,P1R00885,7,1,page7-44.svg,True,1.0,high,single-utterance-unidirectional,P1-091,P1-011,"['page1-48.svg', 'page1-133.svg', 'page9-40.svg', 'page8-38.svg', 'page7-44.svg', 'page-F.svg', 'page5-45.svg', 'page4-195.svg', 'page6-206.svg', 'page7-55.svg']",6.0,a house with an empty door and a flat roof,10.0,15.0,"(26,)",page5-45.svg,False,10.0
P1G023,P1R00132,18,3,page8-38.svg,False,0.5777777777777778,low,single-utterance-unidirectional,P1-003,P1-117,"['page7-20.svg', 'page8-54.svg', 'page7-40.svg', 'page1-175.svg', 'page8-38.svg', 'page7-15.svg', 'page8-183.svg', 'page3-52.svg', 'page4-244.svg', 'page5-36.svg']",5.0,cat,1.0,6.0,"(13,)",page8-38.svg,True,1.0
P1G037,P1R01210,12,2,page2-133.svg,False,1.0,high,single-utterance-unidirectional,P1-037,P1-002,"['page6-171.svg', 'page4-241.svg', 'page5-102.svg', 'page2-133.svg', 'page1-95.svg', 'page6-219.svg', 'page7-216.svg', 'page2-86.svg', 'page8-21.svg', 'page4-180.svg']",18.0,Upside down standing traffic light,5.0,28.0,"(39,)",page7-216.svg,False,5.0
P1G054,P1R01206,27,4,page5-65.svg,True,1.0,high,single-utterance-unidirectional,P1-030,P1-106,"['page3-70.svg', 'page3-12.svg', 'page7-29.svg', 'page1-77.svg', 'page6-23.svg', 'page7-73.svg', 'page3-33.svg', 'page5-65.svg', 'page4-190.svg', 'page5-40.svg']",6.0,Looks like lots (5) of small pyramids,7.0,16.0,"(29,)",page5-65.svg,True,7.0
P1G019,P1R01620,10,1,page6-166.svg,False,1.0,high,single-utterance-unidirectional,P1-033,P1-020,"['page2-86.svg', 'page7-126.svg', 'page5-101.svg', 'page8-169.svg', 'page3-139.svg', 'page6-166.svg', 'page6-167.svg', 'page4-180.svg', 'page5-165.svg', 'page1-117.svg']",7.0,"Like a reared up snake, S shaped",7.0,17.0,"(22,)",page6-166.svg,True,7.0
P1G038,P1R00947,25,4,page7-157.svg,False,0.6037037037037036,low,single-utterance-unidirectional,P1-085,P1-035,"['page8-159.svg', 'page8-58.svg', 'page5-165.svg', 'page7-127.svg', 'page7-157.svg', 'page9-40.svg', 'page3-70.svg', 'page4-232.svg', 'page8-234.svg', 'page5-45.svg']",12.0,The giant gem/diamond.,3.0,18.0,"(27,)",page7-157.svg,True,3.0
P1G022,P1R01718,29,4,page6-109.svg,False,1.0,high,single-utterance-unidirectional,P1-072,P1-082,"['page6-196.svg', 'page7-41.svg', 'page6-109.svg', 'page5-65.svg', 'page2-85.svg', 'page4-98.svg', 'page4-96.svg', 'page6-52.svg', 'page3-33.svg', 'page5-80.svg']",18.0,"triangle left side, flat top, short zig zag right side",10.0,40.0,"(52,)",page6-109.svg,True,10.0
P1G033,P1R00515,19,3,page5-85.svg,True,0.5166666666666668,low,single-utterance-unidirectional,P1-105,P1-099,"['page5-45.svg', 'page8-21.svg', 'page4-142.svg', 'page5-85.svg', 'page7-22.svg', 'page5-232.svg', 'page7-157.svg', 'page3-66.svg', 'page8-248.svg', 'page7-225.svg']",7.0,Fox - first time for this,6.0,19.0,"(23,)",page5-85.svg,True,6.0
P1G051,P1R01111,5,0,page6-175.svg,True,0.6509259259259259,low,single-utterance-unidirectional,P1-006,P1-042,"['page6-155.svg', 'page7-113.svg', 'page2-34.svg', 'page7-115.svg', 'page7-44.svg', 'page3-33.svg', 'page6-52.svg', 'page5-121.svg', 'page6-175.svg', 'page5-63.svg']",10.0,"It looks slightly like a dinosaur which had a square head, long neck and two spikes on its bum",19.0,32.0,"(59,)",,,19.0
P1G036,P1R01438,6,1,page2-140.svg,False,1.0,high,single-utterance-unidirectional,P1-114,P1-029,"['page1-117.svg', 'page6-206.svg', 'page1-30.svg', 'page7-81.svg', 'page9-39.svg', 'page8-247.svg', 'page2-140.svg', 'page6-228.svg', 'page1-185.svg', 'page3-33.svg']",8.0,like a bed with a finger on and next time send the messages quicker,14.0,17.0,"(34,)",page2-140.svg,True,14.0
P1G005,P1R00023,16,2,page7-177.svg,False,1.0,high,single-utterance-unidirectional,P1-036,P1-059,"['page5-139.svg', 'page5-154.svg', 'page7-126.svg', 'page8-246.svg', 'page6-160.svg', 'page7-125.svg', 'page5-85.svg', 'page4-180.svg', 'page1-185.svg', 'page7-177.svg']",6.0,Divining Rod,2.0,15.0,"(24,)",page7-177.svg,True,2.0
P1G048,P1R00831,7,1,page7-177.svg,False,1.0,high,single-utterance-unidirectional,P1-097,P1-016,"['page4-142.svg', 'page5-80.svg', 'page2-131.svg', 'page5-155.svg', 'page6-245.svg', 'page8-18.svg', 'page7-217.svg', 'page6-107.svg', 'page7-177.svg', 'page6-109.svg']",10.0,look like a capital Y rotated 90 degrees anti-clockwise,9.0,34.0,"(45,)",page7-177.svg,True,9.0
P1G035,P1R00356,26,4,page6-206.svg,False,0.7333333333333333,low,single-utterance-unidirectional,P1-040,P1-119,"['page1-77.svg', 'page8-183.svg', 'page6-206.svg', 'page6-121.svg', 'page6-135.svg', 'page7-79.svg', 'page1-133.svg', 'page4-5.svg', 'page7-202.svg', 'page7-20.svg']",10.0,capital B,2.0,13.0,"(24,)",page6-206.svg,True,2.0
P1G040,P1R01786,26,4,page3-70.svg,False,1.0,high,single-utterance-unidirectional,P1-083,P1-092,"['page5-65.svg', 'page7-29.svg', 'page7-73.svg', 'page6-23.svg', 'page5-40.svg', 'page1-77.svg', 'page4-190.svg', 'page3-70.svg', 'page3-12.svg', 'page3-33.svg']",10.0,sofa,1.0,12.0,"(28,)",page3-70.svg,True,1.0
P1G031,P1R00636,2,0,page7-126.svg,False,0.6666666666666667,low,single-utterance-unidirectional,P1-008,P1-079,"['page5-139.svg', 'page5-154.svg', 'page7-126.svg', 'page8-246.svg', 'page6-160.svg', 'page7-125.svg', 'page5-85.svg', 'page4-180.svg', 'page1-185.svg', 'page7-177.svg']",8.0,the one that looks like a bird with it's beak facing left,12.0,32.0,"(39,)",page7-126.svg,True,12.0
P1G013,P1R00735,0,0,page7-20.svg,False,1.0,high,single-utterance-unidirectional,P1-034,P1-109,"['page6-71.svg', 'page7-15.svg', 'page8-169.svg', 'page5-66.svg', 'page7-20.svg', 'page9-39.svg', 'page5-153.svg', 'page3-12.svg', 'page6-160.svg', 'page5-84.svg']",15.0,A rectangle leaning to the right,6.0,26.0,"(35,)",page7-20.svg,True,6.0
P1G047,P1R00667,3,0,page3-70.svg,False,1.0,high,single-utterance-unidirectional,P1-080,P1-102,"['page3-70.svg', 'page8-156.svg', 'page7-40.svg', 'page2-165.svg', 'page8-21.svg', 'page6-171.svg', 'page1-95.svg', 'page3-61.svg', 'page7-29.svg', 'page5-101.svg']",9.0,a bed or coffin,4.0,14.0,"(26,)",page3-70.svg,True,4.0
P1G042,P1R00326,6,1,page6-162.svg,False,1.0,high,single-utterance-unidirectional,P1-023,P1-039,"['page8-182.svg', 'page5-139.svg', 'page6-1.svg', 'page7-127.svg', 'page5-56.svg', 'page3-201.svg', 'page7-125.svg', 'page5-84.svg', 'page6-162.svg', 'page8-206.svg']",5.0,an arrow pointing down,4.0,8.0,"(19,)",page6-162.svg,True,4.0
P1G004,P1R00770,23,3,page7-20.svg,False,1.0,high,single-utterance-unidirectional,P1-086,P1-009,"['page5-26.svg', 'page7-20.svg', 'page7-125.svg', 'page2-100.svg', 'page7-126.svg', 'page8-169.svg', 'page7-202.svg', 'page7-116.svg', 'page5-40.svg', 'page4-244.svg']",13.0,Ramp going up right,4.0,25.0,"(32,)",page7-20.svg,True,4.0
P1G051,P1R00065,21,3,page6-155.svg,False,1.0,high,single-utterance-unidirectional,P1-006,P1-042,"['page6-155.svg', 'page7-113.svg', 'page2-34.svg', 'page7-115.svg', 'page7-44.svg', 'page3-33.svg', 'page6-52.svg', 'page5-121.svg', 'page6-175.svg', 'page5-63.svg']",13.0,"its the broomstick again - has the stick in the top left, brush at the bottom right",17.0,28.0,"(58,)",,,17.0
P1G002,P1R00896,23,3,page7-113.svg,True,0.7636363636363637,low,single-utterance-unidirectional,P1-013,P1-081,"['page6-185.svg', 'page6-228.svg', 'page8-234.svg', 'page1-132.svg', 'page7-203.svg', 'page6-52.svg', 'page5-85.svg', 'page7-113.svg', 'page5-63.svg', 'page6-21.svg']",4.0,horse facing right,3.0,11.0,"(24,)",page7-113.svg,True,3.0
P1G056,P1R01127,25,4,page4-142.svg,True,1.0,high,single-utterance-unidirectional,P1-005,P1-018,"['page5-45.svg', 'page8-21.svg', 'page4-142.svg', 'page5-85.svg', 'page7-22.svg', 'page5-232.svg', 'page7-157.svg', 'page3-66.svg', 'page8-248.svg', 'page7-225.svg']",11.0,coat hook,2.0,15.0,"(26,)",page4-142.svg,True,2.0
P1G037,P1R01770,18,3,page6-171.svg,False,0.4148148148148148,low,single-utterance-unidirectional,P1-002,P1-037,"['page5-102.svg', 'page2-133.svg', 'page4-241.svg', 'page6-171.svg', 'page7-216.svg', 'page2-86.svg', 'page6-219.svg', 'page4-180.svg', 'page1-95.svg', 'page8-21.svg']",7.0,Someone walking,2.0,15.0,"(21,)",page6-171.svg,True,2.0
P1G008,P1R00205,9,1,page-F.svg,False,0.6685185185185186,low,single-utterance-unidirectional,P1-116,P1-074,"['page1-48.svg', 'page1-133.svg', 'page9-40.svg', 'page8-38.svg', 'page7-44.svg', 'page-F.svg', 'page5-45.svg', 'page4-195.svg', 'page6-206.svg', 'page7-55.svg']",26.0,Seated Man,2.0,37.0,"(41,)",page-F.svg,True,2.0
P1G050,P1R01005,19,3,page2-140.svg,False,1.0,high,single-utterance-unidirectional,P1-017,P1-090,"['page1-117.svg', 'page6-206.svg', 'page1-30.svg', 'page7-81.svg', 'page9-39.svg', 'page8-247.svg', 'page2-140.svg', 'page6-228.svg', 'page1-185.svg', 'page3-33.svg']",5.0,it looks like a bed with a leg,8.0,12.0,"(34,)",page2-140.svg,True,8.0
P1G058,P1R00736,22,3,page2-133.svg,False,1.0,high,single-utterance-unidirectional,P1-054,P1-071,"['page4-11.svg', 'page6-219.svg', 'page1-95.svg', 'page1-77.svg', 'page2-36.svg', 'page1-34.svg', 'page9-40.svg', 'page5-85.svg', 'page5-26.svg', 'page2-133.svg']",7.0,cooker hod,2.0,10.0,"(17,)",page2-133.svg,True,2.0
P1G014,P1R00039,6,1,page6-71.svg,True,1.0,high,single-utterance-unidirectional,P1-103,P1-049,"['page5-153.svg', 'page8-169.svg', 'page3-12.svg', 'page6-71.svg', 'page7-15.svg', 'page6-160.svg', 'page7-20.svg', 'page9-39.svg', 'page5-84.svg', 'page5-66.svg']",5.0,a bat,2.0,12.0,"(25,)",page6-71.svg,True,2.0
P1G007,P1R01674,12,2,page7-20.svg,False,1.0,high,single-utterance-unidirectional,P1-067,P1-115,"['page6-71.svg', 'page7-15.svg', 'page8-169.svg', 'page5-66.svg', 'page7-20.svg', 'page9-39.svg', 'page5-153.svg', 'page3-12.svg', 'page6-160.svg', 'page5-84.svg']",4.0,the diagonal again,3.0,10.0,"(17,)",page7-20.svg,True,3.0
P1G059,P1R01727,8,1,page1-117.svg,False,1.0,high,single-utterance-unidirectional,P1-058,P1-038,"['page1-117.svg', 'page6-206.svg', 'page1-30.svg', 'page7-81.svg', 'page9-39.svg', 'page8-247.svg', 'page2-140.svg', 'page6-228.svg', 'page1-185.svg', 'page3-33.svg']",5.0,Tall vase with wide mouth,5.0,11.0,"(24,)",page1-117.svg,True,5.0
P1G044,P1R00155,3,0,page9-40.svg,False,1.0,high,single-utterance-unidirectional,P1-078,P1-068,"['page6-122.svg', 'page9-40.svg', 'page7-226.svg', 'page7-125.svg', 'page8-246.svg', 'page6-160.svg', 'page7-145.svg', 'page5-101.svg', 'page8-183.svg', 'page8-21.svg']",8.0,a candlestick,2.0,11.0,"(33,)",page9-40.svg,True,2.0
P1G028,P1R00772,14,2,page8-183.svg,False,1.0,high,single-utterance-unidirectional,P1-069,P1-027,"['page1-77.svg', 'page8-183.svg', 'page6-206.svg', 'page6-121.svg', 'page6-135.svg', 'page7-79.svg', 'page1-133.svg', 'page4-5.svg', 'page7-202.svg', 'page7-20.svg']",11.0,P,1.0,12.0,"(23,)",page8-183.svg,True,1.0
P1G054,P1R01497,12,2,page3-33.svg,True,0.6111111111111112,low,single-utterance-unidirectional,P1-030,P1-106,"['page3-70.svg', 'page3-12.svg', 'page7-29.svg', 'page1-77.svg', 'page6-23.svg', 'page7-73.svg', 'page3-33.svg', 'page5-65.svg', 'page4-190.svg', 'page5-40.svg']",5.0,Looks like 3 small mountains with a weird shape above them,11.0,15.0,"(25,)",page3-33.svg,True,11.0
P1G043,P1R01602,0,0,page-F.svg,False,0.6685185185185186,low,single-utterance-unidirectional,P1-075,P1-066,"['page8-156.svg', 'page8-192.svg', 'page6-162.svg', 'page7-53.svg', 'page7-145.svg', 'page7-177.svg', 'page7-226.svg', 'page-F.svg', 'page7-41.svg', 'page7-36.svg']",9.0,a person sat on the floor facing left,8.0,22.0,"(28,)",page-F.svg,True,8.0
P1G024,P1R01217,8,1,page7-166.svg,False,1.0,high,single-utterance-unidirectional,P1-026,P1-089,"['page5-86.svg', 'page8-56.svg', 'page7-216.svg', 'page7-55.svg', 'page5-154.svg', 'page3-70.svg', 'page6-204.svg', 'page7-166.svg', 'page5-26.svg', 'page7-115.svg']",14.0,shape balancing on the tip of a triangle,8.0,26.0,"(37,)",page7-166.svg,True,8.0
P1G026,P1R00254,6,1,page4-195.svg,False,1.0,high,single-utterance-unidirectional,P1-091,P1-011,"['page1-48.svg', 'page1-133.svg', 'page9-40.svg', 'page8-38.svg', 'page7-44.svg', 'page-F.svg', 'page5-45.svg', 'page4-195.svg', 'page6-206.svg', 'page7-55.svg']",6.0,"a gun-shape, pointing to the left",6.0,13.0,"(19,)",page4-195.svg,True,6.0
P1G007,P1R00133,29,4,page8-169.svg,False,1.0,high,single-utterance-unidirectional,P1-067,P1-115,"['page6-71.svg', 'page7-15.svg', 'page8-169.svg', 'page5-66.svg', 'page7-20.svg', 'page9-39.svg', 'page5-153.svg', 'page3-12.svg', 'page6-160.svg', 'page5-84.svg']",4.0,the letter C,7.0,21.0,"(27,)",page8-169.svg,True,3.0
P1G046,P1R00297,28,4,page8-38.svg,False,0.5777777777777778,low,single-utterance-unidirectional,P1-015,P1-045,"['page1-175.svg', 'page7-15.svg', 'page3-52.svg', 'page8-54.svg', 'page4-244.svg', 'page5-36.svg', 'page7-40.svg', 'page8-183.svg', 'page8-38.svg', 'page7-20.svg']",12.0,cat,1.0,14.0,"(23,)",page8-38.svg,True,1.0
P1G049,P1R00046,27,4,page8-246.svg,True,1.0,high,single-utterance-unidirectional,P1-110,P1-047,"['page8-246.svg', 'page7-125.svg', 'page6-122.svg', 'page7-226.svg', 'page7-145.svg', 'page8-21.svg', 'page5-101.svg', 'page6-160.svg', 'page9-40.svg', 'page8-183.svg']",,,,,,,,
P1G024,P1R00806,9,1,page7-115.svg,False,0.6,low,single-utterance-unidirectional,P1-026,P1-089,"['page5-86.svg', 'page8-56.svg', 'page7-216.svg', 'page7-55.svg', 'page5-154.svg', 'page3-70.svg', 'page6-204.svg', 'page7-166.svg', 'page5-26.svg', 'page7-115.svg']",15.0,looks like a bridge,4.0,18.0,"(22,)",page7-115.svg,True,4.0
P1G047,P1R00917,18,3,page1-95.svg,True,1.0,high,single-utterance-unidirectional,P1-102,P1-080,"['page3-70.svg', 'page8-21.svg', 'page5-101.svg', 'page2-165.svg', 'page1-95.svg', 'page8-156.svg', 'page7-40.svg', 'page6-171.svg', 'page3-61.svg', 'page7-29.svg']",7.0,flying saucer with dome,4.0,22.0,"(31,)",page1-95.svg,True,4.0
P1G004,P1R01286,2,0,page5-26.svg,False,0.7518518518518518,low,single-utterance-unidirectional,P1-009,P1-086,"['page5-40.svg', 'page5-26.svg', 'page7-20.svg', 'page7-125.svg', 'page2-100.svg', 'page4-244.svg', 'page7-126.svg', 'page7-116.svg', 'page8-169.svg', 'page7-202.svg']",5.0,a plane flying straight\ down,5.0,18.0,"(23,)",page5-26.svg,True,5.0
P1G029,P1R01015,1,0,page7-145.svg,False,0.7666666666666666,low,single-utterance-unidirectional,P1-052,P1-094,"['page8-156.svg', 'page8-192.svg', 'page6-162.svg', 'page7-53.svg', 'page7-145.svg', 'page7-177.svg', 'page7-226.svg', 'page-F.svg', 'page7-41.svg', 'page7-36.svg']",17.0,A duck or bird swimming to the right,8.0,32.0,"(49,)",page7-145.svg,True,8.0
P1G017,P1R00853,12,2,page7-55.svg,False,0.7333333333333333,low,single-utterance-unidirectional,P1-070,P1-048,"['page5-154.svg', 'page8-56.svg', 'page3-70.svg', 'page7-216.svg', 'page7-115.svg', 'page5-26.svg', 'page6-204.svg', 'page7-55.svg', 'page5-86.svg', 'page7-166.svg']",4.0,snake ready to strike,4.0,10.0,"(12,)",page7-55.svg,True,4.0
P1G042,P1R01332,17,2,page5-56.svg,False,0.6222222222222223,low,single-utterance-unidirectional,P1-039,P1-023,"['page7-127.svg', 'page5-84.svg', 'page3-201.svg', 'page5-56.svg', 'page6-1.svg', 'page6-162.svg', 'page8-182.svg', 'page7-125.svg', 'page5-139.svg', 'page8-206.svg']",8.0,Mountains,1.0,11.0,"(23,)",page5-56.svg,True,1.0
P1G019,P1R01664,0,0,page3-139.svg,False,0.9935185185185184,high,single-utterance-unidirectional,P1-020,P1-033,"['page5-165.svg', 'page5-101.svg', 'page2-86.svg', 'page6-166.svg', 'page7-126.svg', 'page8-169.svg', 'page4-180.svg', 'page6-167.svg', 'page3-139.svg', 'page1-117.svg']",14.0,Pointy head with mohican,4.0,24.0,"(42,)",page5-101.svg,False,4.0
P1G060,P1R01401,19,3,page6-52.svg,False,1.0,high,single-utterance-unidirectional,P1-012,P1-021,"['page5-63.svg', 'page6-208.svg', 'page4-128.svg', 'page5-71.svg', 'page3-33.svg', 'page6-52.svg', 'page5-84.svg', 'page5-85.svg', 'page4-155.svg', 'page7-225.svg']",9.0,Rectangle but with triangle coming out of top right hand side and suare bottomright corner,15.0,24.0,"(39,)",page6-52.svg,True,15.0
P1G008,P1R00042,27,4,page8-38.svg,True,0.5777777777777778,low,single-utterance-unidirectional,P1-116,P1-074,"['page1-48.svg', 'page1-133.svg', 'page9-40.svg', 'page8-38.svg', 'page7-44.svg', 'page-F.svg', 'page5-45.svg', 'page4-195.svg', 'page6-206.svg', 'page7-55.svg']",27.0,vertical bar,2.0,28.0,"(31,)",page8-38.svg,True,2.0
P1G025,P1R00415,24,4,page2-140.svg,False,1.0,high,single-utterance-unidirectional,P1-112,P1-056,"['page8-247.svg', 'page6-206.svg', 'page1-117.svg', 'page2-140.svg', 'page1-30.svg', 'page9-39.svg', 'page1-185.svg', 'page3-33.svg', 'page6-228.svg', 'page7-81.svg']",5.0,water with arm,3.0,10.0,"(17,)",page2-140.svg,True,3.0
P1G002,P1R00784,5,0,page7-203.svg,False,0.9925925925925926,high,single-utterance-unidirectional,P1-081,P1-013,"['page8-234.svg', 'page1-132.svg', 'page5-85.svg', 'page6-21.svg', 'page6-185.svg', 'page6-52.svg', 'page5-63.svg', 'page7-113.svg', 'page6-228.svg', 'page7-203.svg']",14.0,An arrow pointing downwards into a square above a triangle,10.0,37.0,"(51,)",page7-203.svg,True,10.0
P1G048,P1R01474,27,4,page5-80.svg,True,0.5555555555555556,low,single-utterance-unidirectional,P1-097,P1-016,"['page4-142.svg', 'page5-80.svg', 'page2-131.svg', 'page5-155.svg', 'page6-245.svg', 'page8-18.svg', 'page7-217.svg', 'page6-107.svg', 'page7-177.svg', 'page6-109.svg']",3.0,A cat leaping to the left,7.0,7.0,"(21,)",page5-80.svg,True,6.0
P1G014,P1R00478,4,0,page5-84.svg,False,0.5111111111111112,low,single-utterance-unidirectional,P1-049,P1-103,"['page6-71.svg', 'page7-15.svg', 'page8-169.svg', 'page5-66.svg', 'page7-20.svg', 'page9-39.svg', 'page5-153.svg', 'page3-12.svg', 'page6-160.svg', 'page5-84.svg']",13.0,Looks like a small doggy dinosaur,6.0,31.0,"(46,)",page5-66.svg,False,6.0
P1G027,P1R01492,21,3,page1-172.svg,False,0.6444444444444445,low,single-utterance-unidirectional,P1-060,P1-055,"['page7-55.svg', 'page7-202.svg', 'page1-107.svg', 'page6-122.svg', 'page2-140.svg', 'page8-246.svg', 'page1-172.svg', 'page3-201.svg', 'page8-159.svg', 'page4-142.svg']",9.0,llama,1.0,12.0,"(22,)",page1-172.svg,True,1.0
P1G014,P1R01493,23,3,page7-20.svg,False,1.0,high,single-utterance-unidirectional,P1-103,P1-049,"['page5-153.svg', 'page8-169.svg', 'page3-12.svg', 'page6-71.svg', 'page7-15.svg', 'page6-160.svg', 'page7-20.svg', 'page9-39.svg', 'page5-84.svg', 'page5-66.svg']",8.0,diagonal stripe,2.0,16.0,"(22,)",page7-20.svg,True,2.0
P1G045,P1R00835,21,3,page3-33.svg,False,0.6111111111111112,low,single-utterance-unidirectional,P1-001,P1-095,"['page6-196.svg', 'page4-98.svg', 'page5-80.svg', 'page4-96.svg', 'page6-52.svg', 'page2-85.svg', 'page6-109.svg', 'page5-65.svg', 'page3-33.svg', 'page7-41.svg']",10.0,bookmark mountains,2.0,15.0,"(23,)",page3-33.svg,True,2.0
P1G024,P1R00210,21,3,page6-204.svg,False,1.0,high,single-utterance-unidirectional,P1-026,P1-089,"['page5-86.svg', 'page8-56.svg', 'page7-216.svg', 'page7-55.svg', 'page5-154.svg', 'page3-70.svg', 'page6-204.svg', 'page7-166.svg', 'page5-26.svg', 'page7-115.svg']",11.0,looks like a chimney,4.0,15.0,"(23,)",page6-204.svg,True,4.0
P1G033,P1R00021,24,4,page5-232.svg,False,0.7277777777777779,low,single-utterance-unidirectional,P1-099,P1-105,"['page7-22.svg', 'page3-66.svg', 'page5-232.svg', 'page7-225.svg', 'page8-248.svg', 'page4-142.svg', 'page7-157.svg', 'page8-21.svg', 'page5-45.svg', 'page5-85.svg']",3.0,Up arrow,2.0,5.0,"(15,)",page5-232.svg,True,2.0
P1G023,P1R00019,8,1,page5-36.svg,False,1.0,high,single-utterance-unidirectional,P1-003,P1-117,"['page7-20.svg', 'page8-54.svg', 'page7-40.svg', 'page1-175.svg', 'page8-38.svg', 'page7-15.svg', 'page8-183.svg', 'page3-52.svg', 'page4-244.svg', 'page5-36.svg']",12.0,square with an upside down T on top,8.0,22.0,"(35,)",page5-36.svg,True,8.0
P1G034,P1R01623,2,0,page5-121.svg,False,0.9925925925925926,high,single-utterance-unidirectional,P1-065,P1-084,"['page5-121.svg', 'page3-33.svg', 'page6-52.svg', 'page7-44.svg', 'page5-63.svg', 'page2-34.svg', 'page6-155.svg', 'page7-115.svg', 'page6-175.svg', 'page7-113.svg']",6.0,looks like some kind of crystal of pendant with spikes on the top and bottom,15.0,22.0,"(51,)",page5-121.svg,True,15.0
P1G023,P1R00810,24,4,page5-36.svg,False,1.0,high,single-utterance-unidirectional,P1-117,P1-003,"['page1-175.svg', 'page7-15.svg', 'page3-52.svg', 'page8-54.svg', 'page4-244.svg', 'page5-36.svg', 'page7-40.svg', 'page8-183.svg', 'page8-38.svg', 'page7-20.svg']",3.0,Square with cross,3.0,7.0,"(22,)",page5-36.svg,True,3.0
P1G047,P1R00670,23,3,page7-29.svg,False,1.0,high,single-utterance-unidirectional,P1-102,P1-080,"['page3-70.svg', 'page8-21.svg', 'page5-101.svg', 'page2-165.svg', 'page1-95.svg', 'page8-156.svg', 'page7-40.svg', 'page6-171.svg', 'page3-61.svg', 'page7-29.svg']",10.0,bird with sharp wings flying to the right,8.0,28.0,"(35,)",page7-29.svg,True,8.0
P1G058,P1R00683,25,4,page2-133.svg,False,1.0,high,single-utterance-unidirectional,P1-071,P1-054,"['page1-77.svg', 'page6-219.svg', 'page2-36.svg', 'page1-95.svg', 'page1-34.svg', 'page5-26.svg', 'page4-11.svg', 'page5-85.svg', 'page9-40.svg', 'page2-133.svg']",4.0,Cooker hod,2.0,8.0,"(20,)",page2-133.svg,True,2.0
P1G002,P1R00022,14,2,page7-203.svg,False,0.9925925925925926,high,single-utterance-unidirectional,P1-081,P1-013,"['page8-234.svg', 'page1-132.svg', 'page5-85.svg', 'page6-21.svg', 'page6-185.svg', 'page6-52.svg', 'page5-63.svg', 'page7-113.svg', 'page6-228.svg', 'page7-203.svg']",9.0,arrow pointing down into square above triangle,7.0,21.0,"(35,)",page7-203.svg,True,7.0
P1G039,P1R01425,8,1,page8-58.svg,False,0.7259259259259259,low,single-utterance-unidirectional,P1-062,P1-120,"['page6-226.svg', 'page5-96.svg', 'page6-206.svg', 'page7-53.svg', 'page6-71.svg', 'page7-73.svg', 'page8-159.svg', 'page5-128.svg', 'page8-58.svg', 'page1-150.svg']",10.0,man with a hat walking to the right,8.0,27.0,"(34,)",page8-58.svg,True,8.0
P1G004,P1R00361,14,2,page2-100.svg,False,0.7685185185185184,low,single-utterance-unidirectional,P1-009,P1-086,"['page5-40.svg', 'page5-26.svg', 'page7-20.svg', 'page7-125.svg', 'page2-100.svg', 'page4-244.svg', 'page7-126.svg', 'page7-116.svg', 'page8-169.svg', 'page7-202.svg']",8.0,stop sign with crooked pole,5.0,14.0,"(23,)",page2-100.svg,True,5.0
P1G019,P1R01413,16,2,page7-126.svg,False,0.6666666666666667,low,single-utterance-unidirectional,P1-020,P1-033,"['page5-165.svg', 'page5-101.svg', 'page2-86.svg', 'page6-166.svg', 'page7-126.svg', 'page8-169.svg', 'page4-180.svg', 'page6-167.svg', 'page3-139.svg', 'page1-117.svg']",4.0,bird shape,2.0,7.0,"(20,)",page7-126.svg,True,2.0
P1G046,P1R00351,27,4,page7-20.svg,False,1.0,high,single-utterance-unidirectional,P1-015,P1-045,"['page1-175.svg', 'page7-15.svg', 'page3-52.svg', 'page8-54.svg', 'page4-244.svg', 'page5-36.svg', 'page7-40.svg', 'page8-183.svg', 'page8-38.svg', 'page7-20.svg']",8.0,building falling,2.0,11.0,"(23,)",page7-20.svg,True,2.0
P1G035,P1R00567,7,1,page6-135.svg,False,1.0,high,single-utterance-unidirectional,P1-119,P1-040,"['page7-202.svg', 'page8-183.svg', 'page7-79.svg', 'page6-121.svg', 'page1-133.svg', 'page6-206.svg', 'page7-20.svg', 'page6-135.svg', 'page1-77.svg', 'page4-5.svg']",13.0,"It looks like a W a bit, but with high sides",11.0,31.0,"(34,)",page6-135.svg,True,11.0
P1G017,P1R01344,11,1,page5-26.svg,False,0.7518518518518518,low,single-utterance-unidirectional,P1-048,P1-070,"['page5-86.svg', 'page8-56.svg', 'page7-216.svg', 'page7-55.svg', 'page5-154.svg', 'page3-70.svg', 'page6-204.svg', 'page7-166.svg', 'page5-26.svg', 'page7-115.svg']",4.0,weird shaped heart,3.0,9.0,"(11,)",page5-26.svg,True,3.0
P1G055,P1R00689,22,3,page2-34.svg,False,0.7611111111111111,low,single-utterance-unidirectional,P1-100,P1-111,"['page6-155.svg', 'page7-113.svg', 'page2-34.svg', 'page7-115.svg', 'page7-44.svg', 'page3-33.svg', 'page6-52.svg', 'page5-121.svg', 'page6-175.svg', 'page5-63.svg']",11.0,Y with bend right arm,5.0,16.0,"(23,)",page2-34.svg,True,5.0
P1G013,P1R00010,23,3,page7-20.svg,False,1.0,high,single-utterance-unidirectional,P1-109,P1-034,"['page5-153.svg', 'page8-169.svg', 'page3-12.svg', 'page6-71.svg', 'page7-15.svg', 'page6-160.svg', 'page7-20.svg', 'page9-39.svg', 'page5-84.svg', 'page5-66.svg']",13.0,Leaning polygon,2.0,15.0,"(22,)",page7-20.svg,True,2.0
P1G033,P1R00389,0,0,page3-66.svg,False,1.0,high,single-utterance-unidirectional,P1-099,P1-105,"['page7-22.svg', 'page3-66.svg', 'page5-232.svg', 'page7-225.svg', 'page8-248.svg', 'page4-142.svg', 'page7-157.svg', 'page8-21.svg', 'page5-45.svg', 'page5-85.svg']",8.0,rectangular,1.0,11.0,"(32,)",page5-232.svg,False,1.0
P1G052,P1R01158,13,2,page5-84.svg,False,0.5111111111111112,low,single-utterance-unidirectional,P1-108,P1-107,"['page6-71.svg', 'page7-15.svg', 'page8-169.svg', 'page5-66.svg', 'page7-20.svg', 'page9-39.svg', 'page5-153.svg', 'page3-12.svg', 'page6-160.svg', 'page5-84.svg']",,,,,,,,
P1G056,P1R01156,5,0,page8-248.svg,False,0.6851851851851852,low,single-utterance-unidirectional,P1-018,P1-005,"['page7-22.svg', 'page3-66.svg', 'page5-232.svg', 'page7-225.svg', 'page8-248.svg', 'page4-142.svg', 'page7-157.svg', 'page8-21.svg', 'page5-45.svg', 'page5-85.svg']",10.0,A small triangle at the top and a bird like head on the right of the figure,17.0,26.0,"(38,)",page8-21.svg,False,17.0
P1G048,P1R01610,10,1,page2-131.svg,False,0.5333333333333334,low,single-utterance-unidirectional,P1-097,P1-016,"['page4-142.svg', 'page5-80.svg', 'page2-131.svg', 'page5-155.svg', 'page6-245.svg', 'page8-18.svg', 'page7-217.svg', 'page6-107.svg', 'page7-177.svg', 'page6-109.svg']",12.0,A hammer with the nose pointing to the right,9.0,33.0,"(47,)",page2-131.svg,True,9.0
P1G003,P1R00341,17,2,page3-61.svg,False,1.0,high,single-utterance-unidirectional,P1-057,P1-031,"['page3-61.svg', 'page7-202.svg', 'page4-190.svg', 'page2-16.svg', 'page7-126.svg', 'page7-166.svg', 'page1-95.svg', 'page5-96.svg', 'page5-153.svg', 'page7-127.svg']",11.0,the one where a person is doing the crab lay down,11.0,20.0,"(24,)",page3-61.svg,True,11.0
P1G019,P1R01584,3,0,page6-166.svg,False,1.0,high,single-utterance-unidirectional,P1-020,P1-033,"['page5-165.svg', 'page5-101.svg', 'page2-86.svg', 'page6-166.svg', 'page7-126.svg', 'page8-169.svg', 'page4-180.svg', 'page6-167.svg', 'page3-139.svg', 'page1-117.svg']",21.0,"Sort of like an s shape, a snake that has reared up perhaps?",13.0,37.0,"(46,)",page6-166.svg,True,13.0
P1G056,P1R01710,16,2,page8-248.svg,False,0.6851851851851852,low,single-utterance-unidirectional,P1-018,P1-005,"['page7-22.svg', 'page3-66.svg', 'page5-232.svg', 'page7-225.svg', 'page8-248.svg', 'page4-142.svg', 'page7-157.svg', 'page8-21.svg', 'page5-45.svg', 'page5-85.svg']",3.0,A running horse,3.0,9.0,"(12,)",page8-248.svg,True,3.0
P1G004,P1R00680,15,2,page7-126.svg,True,0.6666666666666667,low,single-utterance-unidirectional,P1-086,P1-009,"['page5-26.svg', 'page7-20.svg', 'page7-125.svg', 'page2-100.svg', 'page7-126.svg', 'page8-169.svg', 'page7-202.svg', 'page7-116.svg', 'page5-40.svg', 'page4-244.svg']",4.0,A bird looking left,4.0,13.0,"(23,)",page7-126.svg,True,4.0
P1G051,P1R01783,22,3,page2-34.svg,False,0.7611111111111111,low,single-utterance-unidirectional,P1-006,P1-042,"['page6-155.svg', 'page7-113.svg', 'page2-34.svg', 'page7-115.svg', 'page7-44.svg', 'page3-33.svg', 'page6-52.svg', 'page5-121.svg', 'page6-175.svg', 'page5-63.svg']",4.0,horse with the really short leg and no head,9.0,10.0,"(43,)",page2-34.svg,True,9.0
P1G016,P1R01755,24,4,page6-52.svg,False,1.0,high,single-utterance-unidirectional,P1-014,P1-046,"['page5-85.svg', 'page7-225.svg', 'page5-63.svg', 'page3-33.svg', 'page5-84.svg', 'page6-208.svg', 'page5-71.svg', 'page4-128.svg', 'page6-52.svg', 'page4-155.svg']",5.0,Croc going to the right - or a lizzard,9.0,17.0,"(39,)",page6-52.svg,True,9.0
P1G053,P1R00741,11,1,page8-247.svg,True,0.6333333333333334,low,single-utterance-unidirectional,P1-064,P1-061,"['page1-117.svg', 'page6-206.svg', 'page1-30.svg', 'page7-81.svg', 'page9-39.svg', 'page8-247.svg', 'page2-140.svg', 'page6-228.svg', 'page1-185.svg', 'page3-33.svg']",9.0,an animal on it's hind legs,6.0,18.0,"(24,)",page8-247.svg,True,6.0
P1G044,P1R00717,18,3,page5-101.svg,True,0.6666666666666667,low,single-utterance-unidirectional,P1-068,P1-078,"['page8-246.svg', 'page7-125.svg', 'page6-122.svg', 'page7-226.svg', 'page7-145.svg', 'page8-21.svg', 'page5-101.svg', 'page6-160.svg', 'page9-40.svg', 'page8-183.svg']",12.0,"diamond in the middle, 2 triangles top and bottom",9.0,21.0,"(35,)",page5-101.svg,True,9.0
P1G006,P1R01423,1,0,page7-53.svg,False,0.7333333333333332,low,single-utterance-unidirectional,P1-077,P1-073,"['page8-58.svg', 'page5-96.svg', 'page8-159.svg', 'page7-53.svg', 'page1-150.svg', 'page6-226.svg', 'page7-73.svg', 'page6-206.svg', 'page5-128.svg', 'page6-71.svg']",13.0,a snake slithering along the ground,6.0,27.0,"(34,)",page7-53.svg,True,6.0
P1G038,P1R00569,6,1,page4-232.svg,False,1.0,high,single-utterance-unidirectional,P1-035,P1-085,"['page5-165.svg', 'page8-159.svg', 'page5-45.svg', 'page4-232.svg', 'page9-40.svg', 'page7-127.svg', 'page7-157.svg', 'page8-234.svg', 'page3-70.svg', 'page8-58.svg']",4.0,Christmas tree,2.0,7.0,"(14,)",page4-232.svg,True,2.0
P1G043,P1R00590,10,1,page-F.svg,False,0.6685185185185186,low,single-utterance-unidirectional,P1-066,P1-075,"['page6-162.svg', 'page7-226.svg', 'page7-177.svg', 'page8-156.svg', 'page7-53.svg', 'page7-41.svg', 'page7-36.svg', 'page-F.svg', 'page7-145.svg', 'page8-192.svg']",17.0,"a person slumped, facing the left",6.0,27.0,"(34,)",page-F.svg,True,6.0
P1G002,P1R00720,16,2,page6-185.svg,False,0.6129629629629629,low,single-utterance-unidirectional,P1-081,P1-013,"['page8-234.svg', 'page1-132.svg', 'page5-85.svg', 'page6-21.svg', 'page6-185.svg', 'page6-52.svg', 'page5-63.svg', 'page7-113.svg', 'page6-228.svg', 'page7-203.svg']",8.0,man sitting down facing right,5.0,13.0,"(23,)",page6-185.svg,True,5.0
P1G044,P1R01400,2,0,page7-226.svg,True,1.0,high,single-utterance-unidirectional,P1-068,P1-078,"['page8-246.svg', 'page7-125.svg', 'page6-122.svg', 'page7-226.svg', 'page7-145.svg', 'page8-21.svg', 'page5-101.svg', 'page6-160.svg', 'page9-40.svg', 'page8-183.svg']",7.0,need to be quicker,4.0,12.0,"(27,)",page9-40.svg,False,4.0
P1G045,P1R00554,5,0,page3-33.svg,False,0.6111111111111112,low,single-utterance-unidirectional,P1-095,P1-001,"['page6-196.svg', 'page7-41.svg', 'page6-109.svg', 'page5-65.svg', 'page2-85.svg', 'page4-98.svg', 'page4-96.svg', 'page6-52.svg', 'page3-33.svg', 'page5-80.svg']",15.0,,,,,,,
P1G042,P1R00860,11,1,page6-1.svg,False,0.9935185185185184,high,single-utterance-unidirectional,P1-023,P1-039,"['page8-182.svg', 'page5-139.svg', 'page6-1.svg', 'page7-127.svg', 'page5-56.svg', 'page3-201.svg', 'page7-125.svg', 'page5-84.svg', 'page6-162.svg', 'page8-206.svg']",14.0,a backwards seven,3.0,17.0,"(23,)",page6-1.svg,True,3.0
P1G038,P1R01184,1,0,page9-40.svg,False,1.0,high,single-utterance-unidirectional,P1-085,P1-035,"['page8-159.svg', 'page8-58.svg', 'page5-165.svg', 'page7-127.svg', 'page7-157.svg', 'page9-40.svg', 'page3-70.svg', 'page4-232.svg', 'page8-234.svg', 'page5-45.svg']",11.0,Tower with spikes jutting out.,5.0,17.0,"(38,)",page8-58.svg,False,5.0
P1G032,P1R01522,6,1,page6-206.svg,False,0.7333333333333333,low,single-utterance-unidirectional,P1-022,P1-118,"['page7-202.svg', 'page8-183.svg', 'page7-79.svg', 'page6-121.svg', 'page1-133.svg', 'page6-206.svg', 'page7-20.svg', 'page6-135.svg', 'page1-77.svg', 'page4-5.svg']",8.0,Almost like a big face looking to the right...,9.0,14.0,"(23,)",page6-206.svg,True,9.0
P1G025,P1R00739,20,3,page1-117.svg,False,1.0,high,single-utterance-unidirectional,P1-056,P1-112,"['page1-117.svg', 'page6-206.svg', 'page1-30.svg', 'page7-81.svg', 'page9-39.svg', 'page8-247.svg', 'page2-140.svg', 'page6-228.svg', 'page1-185.svg', 'page3-33.svg']",10.0,cotton reel,2.0,14.0,"(23,)",page1-117.svg,True,2.0
P1G046,P1R00599,26,4,page3-52.svg,False,1.0,high,single-utterance-unidirectional,P1-015,P1-045,"['page1-175.svg', 'page7-15.svg', 'page3-52.svg', 'page8-54.svg', 'page4-244.svg', 'page5-36.svg', 'page7-40.svg', 'page8-183.svg', 'page8-38.svg', 'page7-20.svg']",3.0,stubby,1.0,6.0,"(16,)",page3-52.svg,True,1.0
P1G014,P1R00037,0,0,page7-20.svg,False,1.0,high,single-utterance-unidirectional,P1-049,P1-103,"['page6-71.svg', 'page7-15.svg', 'page8-169.svg', 'page5-66.svg', 'page7-20.svg', 'page9-39.svg', 'page5-153.svg', 'page3-12.svg', 'page6-160.svg', 'page5-84.svg']",18.0,A five sided figure pointing to top right,8.0,39.0,"(50,)",page7-20.svg,True,8.0
P1G039,P1R00594,18,3,page7-73.svg,True,0.6,low,single-utterance-unidirectional,P1-062,P1-120,"['page6-226.svg', 'page5-96.svg', 'page6-206.svg', 'page7-53.svg', 'page6-71.svg', 'page7-73.svg', 'page8-159.svg', 'page5-128.svg', 'page8-58.svg', 'page1-150.svg']",5.0,a whale!,2.0,9.0,"(16,)",page7-73.svg,True,2.0
P1G045,P1R00692,1,0,page2-85.svg,True,1.0,high,single-utterance-unidirectional,P1-001,P1-095,"['page6-196.svg', 'page4-98.svg', 'page5-80.svg', 'page4-96.svg', 'page6-52.svg', 'page2-85.svg', 'page6-109.svg', 'page5-65.svg', 'page3-33.svg', 'page7-41.svg']",12.0,a kite ontop of a triangle with a hole in the middle,12.0,27.0,"(38,)",page2-85.svg,True,12.0
P1G048,P1R00609,23,3,page2-131.svg,False,0.5333333333333334,low,single-utterance-unidirectional,P1-097,P1-016,"['page4-142.svg', 'page5-80.svg', 'page2-131.svg', 'page5-155.svg', 'page6-245.svg', 'page8-18.svg', 'page7-217.svg', 'page6-107.svg', 'page7-177.svg', 'page6-109.svg']",7.0,A hammer,2.0,8.0,"(14,)",page2-131.svg,True,2.0
P1G046,P1R01437,10,1,page7-20.svg,False,1.0,high,single-utterance-unidirectional,P1-045,P1-015,"['page7-20.svg', 'page8-54.svg', 'page7-40.svg', 'page1-175.svg', 'page8-38.svg', 'page7-15.svg', 'page8-183.svg', 'page3-52.svg', 'page4-244.svg', 'page5-36.svg']",16.0,a building falling over to the right,7.0,26.0,"(35,)",page7-20.svg,True,7.0
P1G007,P1R00869,21,3,page3-12.svg,True,1.0,high,single-utterance-unidirectional,P1-115,P1-067,"['page5-153.svg', 'page8-169.svg', 'page3-12.svg', 'page6-71.svg', 'page7-15.svg', 'page6-160.svg', 'page7-20.svg', 'page9-39.svg', 'page5-84.svg', 'page5-66.svg']",10.0,Arrow pointing down,3.0,14.0,"(23,)",page3-12.svg,True,3.0
P1G049,P1R01535,21,3,page6-122.svg,False,0.5666666666666667,low,single-utterance-unidirectional,P1-110,P1-047,"['page8-246.svg', 'page7-125.svg', 'page6-122.svg', 'page7-226.svg', 'page7-145.svg', 'page8-21.svg', 'page5-101.svg', 'page6-160.svg', 'page9-40.svg', 'page8-183.svg']",,,,,,,,
P1G018,P1R01464,19,3,page2-86.svg,False,0.7777777777777777,low,single-utterance-unidirectional,P1-010,P1-093,"['page5-102.svg', 'page2-133.svg', 'page4-241.svg', 'page6-171.svg', 'page7-216.svg', 'page2-86.svg', 'page6-219.svg', 'page4-180.svg', 'page1-95.svg', 'page8-21.svg']",,,,,,,,
P1G053,P1R01685,12,2,page2-140.svg,False,1.0,high,single-utterance-unidirectional,P1-061,P1-064,"['page8-247.svg', 'page6-206.svg', 'page1-117.svg', 'page2-140.svg', 'page1-30.svg', 'page9-39.svg', 'page1-185.svg', 'page3-33.svg', 'page6-228.svg', 'page7-81.svg']",5.0,boat with no sail,4.0,9.0,"(21,)",page2-140.svg,True,4.0
P1G035,P1R01022,22,3,page6-206.svg,False,0.7333333333333333,low,single-utterance-unidirectional,P1-119,P1-040,"['page7-202.svg', 'page8-183.svg', 'page7-79.svg', 'page6-121.svg', 'page1-133.svg', 'page6-206.svg', 'page7-20.svg', 'page6-135.svg', 'page1-77.svg', 'page4-5.svg']",7.0,capital B,2.0,10.0,"(12,)",page6-206.svg,True,2.0
P1G020,P1R01511,22,3,page6-186.svg,False,0.7546296296296297,low,single-utterance-unidirectional,P1-051,P1-101,"['page6-52.svg', 'page7-36.svg', 'page6-186.svg', 'page2-136.svg', 'page1-186.svg', 'page2-165.svg', 'page6-219.svg', 'page1-133.svg', 'page7-126.svg', 'page7-186.svg']",6.0,person walking left,3.0,11.0,"(23,)",page6-186.svg,True,3.0
P1G057,P1R01515,9,1,page3-70.svg,False,1.0,high,single-utterance-unidirectional,P1-043,P1-087,"['page3-70.svg', 'page3-12.svg', 'page7-29.svg', 'page1-77.svg', 'page6-23.svg', 'page7-73.svg', 'page3-33.svg', 'page5-65.svg', 'page4-190.svg', 'page5-40.svg']",6.0,lounge chair,2.0,7.0,"(12,)",page3-70.svg,True,2.0
P1G054,P1R00704,2,0,page7-29.svg,False,1.0,high,single-utterance-unidirectional,P1-106,P1-030,"['page5-65.svg', 'page7-29.svg', 'page7-73.svg', 'page6-23.svg', 'page5-40.svg', 'page1-77.svg', 'page4-190.svg', 'page3-70.svg', 'page3-12.svg', 'page3-33.svg']",22.0,top middle ? has 7 points,7.0,42.0,,,,6.0
P1G017,P1R00257,6,1,page5-86.svg,True,0.4833333333333334,low,single-utterance-unidirectional,P1-048,P1-070,"['page5-86.svg', 'page8-56.svg', 'page7-216.svg', 'page7-55.svg', 'page5-154.svg', 'page3-70.svg', 'page6-204.svg', 'page7-166.svg', 'page5-26.svg', 'page7-115.svg']",,,,,,,,
P1G008,P1R00095,20,3,page4-195.svg,False,1.0,high,single-utterance-unidirectional,P1-116,P1-074,"['page1-48.svg', 'page1-133.svg', 'page9-40.svg', 'page8-38.svg', 'page7-44.svg', 'page-F.svg', 'page5-45.svg', 'page4-195.svg', 'page6-206.svg', 'page7-55.svg']",20.0,horizontal bar,2.0,21.0,"(26,)",page4-195.svg,True,2.0
P1G015,P1R00099,8,1,page1-48.svg,False,1.0,high,single-utterance-unidirectional,P1-025,P1-028,"['page1-48.svg', 'page1-133.svg', 'page9-40.svg', 'page8-38.svg', 'page7-44.svg', 'page-F.svg', 'page5-45.svg', 'page4-195.svg', 'page6-206.svg', 'page7-55.svg']",11.0,A tent,2.0,12.0,"(22,)",page1-48.svg,True,2.0
P1G051,P1R00507,13,2,page7-115.svg,False,0.6,low,single-utterance-unidirectional,P1-042,P1-006,"['page5-121.svg', 'page3-33.svg', 'page6-52.svg', 'page7-44.svg', 'page5-63.svg', 'page2-34.svg', 'page6-155.svg', 'page7-115.svg', 'page6-175.svg', 'page7-113.svg']",6.0,,,,,,,
P1G049,P1R01466,0,0,page6-160.svg,False,0.5592592592592593,low,single-utterance-unidirectional,P1-047,P1-110,"['page6-122.svg', 'page9-40.svg', 'page7-226.svg', 'page7-125.svg', 'page8-246.svg', 'page6-160.svg', 'page7-145.svg', 'page5-101.svg', 'page8-183.svg', 'page8-21.svg']",7.0,One that looked like a scissors,6.0,16.0,"(27,)",page6-160.svg,True,6.0
P1G004,P1R01742,4,0,page7-202.svg,False,1.0,high,single-utterance-unidirectional,P1-009,P1-086,"['page5-40.svg', 'page5-26.svg', 'page7-20.svg', 'page7-125.svg', 'page2-100.svg', 'page4-244.svg', 'page7-126.svg', 'page7-116.svg', 'page8-169.svg', 'page7-202.svg']",6.0,a candle stick HOLDER,4.0,15.0,"(21,)",page7-202.svg,True,4.0
P1G018,P1R01288,5,0,page6-171.svg,False,0.4148148148148148,low,single-utterance-unidirectional,P1-093,P1-010,"['page6-171.svg', 'page4-241.svg', 'page5-102.svg', 'page2-133.svg', 'page1-95.svg', 'page6-219.svg', 'page7-216.svg', 'page2-86.svg', 'page8-21.svg', 'page4-180.svg']",13.0,looks like a man walking to the right,8.0,21.0,,,,8.0
P1G028,P1R00662,19,3,page1-133.svg,False,0.5444444444444445,low,single-utterance-unidirectional,P1-027,P1-069,"['page7-202.svg', 'page8-183.svg', 'page7-79.svg', 'page6-121.svg', 'page1-133.svg', 'page6-206.svg', 'page7-20.svg', 'page6-135.svg', 'page1-77.svg', 'page4-5.svg']",10.0,coffin,1.0,11.0,"(22,)",page1-133.svg,True,1.0
P1G020,P1R00264,21,3,page2-136.svg,False,1.0,high,single-utterance-unidirectional,P1-051,P1-101,"['page6-52.svg', 'page7-36.svg', 'page6-186.svg', 'page2-136.svg', 'page1-186.svg', 'page2-165.svg', 'page6-219.svg', 'page1-133.svg', 'page7-126.svg', 'page7-186.svg']",14.0,builders trowel,2.0,18.0,"(23,)",page2-136.svg,True,2.0
P1G009,P1R00152,23,3,page5-85.svg,False,0.5166666666666668,low,single-utterance-unidirectional,P1-019,P1-104,"['page5-63.svg', 'page6-208.svg', 'page4-128.svg', 'page5-71.svg', 'page3-33.svg', 'page6-52.svg', 'page5-84.svg', 'page5-85.svg', 'page4-155.svg', 'page7-225.svg']",13.0,fox,1.0,14.0,"(42,)",page5-85.svg,True,1.0
P1G016,P1R01502,2,0,page5-84.svg,False,0.5111111111111112,low,single-utterance-unidirectional,P1-014,P1-046,"['page5-85.svg', 'page7-225.svg', 'page5-63.svg', 'page3-33.svg', 'page5-84.svg', 'page6-208.svg', 'page5-71.svg', 'page4-128.svg', 'page6-52.svg', 'page4-155.svg']",13.0,most like a horse,4.0,19.0,"(54,)",page5-84.svg,True,4.0
P1G024,P1R00227,13,2,page8-56.svg,True,0.7055555555555555,low,single-utterance-unidirectional,P1-026,P1-089,"['page5-86.svg', 'page8-56.svg', 'page7-216.svg', 'page7-55.svg', 'page5-154.svg', 'page3-70.svg', 'page6-204.svg', 'page7-166.svg', 'page5-26.svg', 'page7-115.svg']",4.0,looks like a person leaning up to the left,9.0,11.0,"(19,)",page8-56.svg,True,9.0
P1G014,P1R01541,3,0,page8-169.svg,False,1.0,high,single-utterance-unidirectional,P1-049,P1-103,"['page6-71.svg', 'page7-15.svg', 'page8-169.svg', 'page5-66.svg', 'page7-20.svg', 'page9-39.svg', 'page5-153.svg', 'page3-12.svg', 'page6-160.svg', 'page5-84.svg']",13.0,Looks like the letter C,5.0,20.0,"(23,)",page8-169.svg,True,5.0
P1G007,P1R01570,25,4,page7-20.svg,False,1.0,high,single-utterance-unidirectional,P1-067,P1-115,"['page6-71.svg', 'page7-15.svg', 'page8-169.svg', 'page5-66.svg', 'page7-20.svg', 'page9-39.svg', 'page5-153.svg', 'page3-12.svg', 'page6-160.svg', 'page5-84.svg']",13.0,diagonal,1.0,16.0,"(23,)",page7-20.svg,True,1.0
P1G029,P1R01495,25,4,page-F.svg,False,0.6685185185185186,low,single-utterance-unidirectional,P1-052,P1-094,"['page8-156.svg', 'page8-192.svg', 'page6-162.svg', 'page7-53.svg', 'page7-145.svg', 'page7-177.svg', 'page7-226.svg', 'page-F.svg', 'page7-41.svg', 'page7-36.svg']",9.0,sitting person facing left,4.0,14.0,"(23,)",page-F.svg,True,4.0
P1G027,P1R01737,5,0,page4-142.svg,False,1.0,high,single-utterance-unidirectional,P1-055,P1-060,"['page1-172.svg', 'page8-246.svg', 'page6-122.svg', 'page7-202.svg', 'page1-107.svg', 'page3-201.svg', 'page8-159.svg', 'page2-140.svg', 'page7-55.svg', 'page4-142.svg']",16.0,like letter J with wide part on left,8.0,41.0,,,,8.0
P1G008,P1R01057,26,4,page-F.svg,False,0.6685185185185186,low,single-utterance-unidirectional,P1-074,P1-116,"['page7-44.svg', 'page7-55.svg', 'page6-206.svg', 'page1-48.svg', 'page8-38.svg', 'page5-45.svg', 'page9-40.svg', 'page1-133.svg', 'page-F.svg', 'page4-195.svg']",15.0,Seated Man,2.0,16.0,"(19,)",page-F.svg,True,2.0
P1G007,P1R00267,14,2,page9-39.svg,False,0.7407407407407408,low,single-utterance-unidirectional,P1-067,P1-115,"['page6-71.svg', 'page7-15.svg', 'page8-169.svg', 'page5-66.svg', 'page7-20.svg', 'page9-39.svg', 'page5-153.svg', 'page3-12.svg', 'page6-160.svg', 'page5-84.svg']",5.0,saxaphone,1.0,9.0,"(12,)",page9-39.svg,True,1.0
P1G031,P1R00755,1,0,page5-139.svg,False,0.9925925925925926,high,single-utterance-unidirectional,P1-008,P1-079,"['page5-139.svg', 'page5-154.svg', 'page7-126.svg', 'page8-246.svg', 'page6-160.svg', 'page7-125.svg', 'page5-85.svg', 'page4-180.svg', 'page1-185.svg', 'page7-177.svg']",17.0,the base of a vaccum cleaner with the pipe cut off slightly,12.0,38.0,"(56,)",page1-185.svg,False,12.0
P1G017,P1R00203,9,1,page7-115.svg,False,0.6,low,single-utterance-unidirectional,P1-048,P1-070,"['page5-86.svg', 'page8-56.svg', 'page7-216.svg', 'page7-55.svg', 'page5-154.svg', 'page3-70.svg', 'page6-204.svg', 'page7-166.svg', 'page5-26.svg', 'page7-115.svg']",6.0,letter m,2.0,8.0,"(10,)",page7-115.svg,True,2.0
P1G030,P1R00200,22,3,page2-20.svg,False,1.0,high,single-utterance-unidirectional,P1-050,P1-063,"['page6-208.svg', 'page3-33.svg', 'page7-107.svg', 'page2-20.svg', 'page8-169.svg', 'page8-38.svg', 'page7-41.svg', 'page5-86.svg', 'page7-125.svg', 'page5-165.svg']",7.0,Bat or W on a stand,6.0,9.0,"(13,)",page2-20.svg,True,6.0
P1G022,P1R01045,14,2,page7-41.svg,False,0.7555555555555555,low,single-utterance-unidirectional,P1-072,P1-082,"['page6-196.svg', 'page7-41.svg', 'page6-109.svg', 'page5-65.svg', 'page2-85.svg', 'page4-98.svg', 'page4-96.svg', 'page6-52.svg', 'page3-33.svg', 'page5-80.svg']",8.0,house on a boat,4.0,9.0,"(13,)",page7-41.svg,True,4.0
P1G037,P1R00082,6,1,page4-241.svg,False,0.995,high,single-utterance-unidirectional,P1-002,P1-037,"['page5-102.svg', 'page2-133.svg', 'page4-241.svg', 'page6-171.svg', 'page7-216.svg', 'page2-86.svg', 'page6-219.svg', 'page4-180.svg', 'page1-95.svg', 'page8-21.svg']",22.0,A deep cross,3.0,33.0,"(54,)",page4-241.svg,True,3.0
P1G030,P1R01454,16,2,page8-169.svg,False,1.0,high,single-utterance-unidirectional,P1-063,P1-050,"['page6-208.svg', 'page5-165.svg', 'page7-41.svg', 'page8-169.svg', 'page8-38.svg', 'page5-86.svg', 'page7-125.svg', 'page2-20.svg', 'page3-33.svg', 'page7-107.svg']",10.0,crescent moon,2.0,15.0,"(22,)",page8-169.svg,True,2.0
P1G020,P1R01504,17,2,page2-136.svg,False,1.0,high,single-utterance-unidirectional,P1-101,P1-051,"['page7-186.svg', 'page7-36.svg', 'page1-133.svg', 'page1-186.svg', 'page7-126.svg', 'page6-186.svg', 'page2-165.svg', 'page6-52.svg', 'page2-136.svg', 'page6-219.svg']",5.0,builders trowel,2.0,10.0,"(33,)",page2-136.svg,True,2.0
P1G014,P1R01362,2,0,page9-39.svg,False,0.7407407407407408,low,single-utterance-unidirectional,P1-049,P1-103,"['page6-71.svg', 'page7-15.svg', 'page8-169.svg', 'page5-66.svg', 'page7-20.svg', 'page9-39.svg', 'page5-153.svg', 'page3-12.svg', 'page6-160.svg', 'page5-84.svg']",9.0,Looks like a pipe you would smoke,7.0,27.0,"(35,)",page9-39.svg,True,7.0
P1G011,P1R01044,14,2,page1-150.svg,True,1.0,high,single-utterance-unidirectional,P1-041,P1-088,"['page5-40.svg', 'page7-107.svg', 'page8-58.svg', 'page2-36.svg', 'page6-124.svg', 'page3-33.svg', 'page5-45.svg', 'page4-197.svg', 'page1-150.svg', 'page5-153.svg']",12.0,,,,,,,
P1G021,P1R00327,20,3,page5-96.svg,False,0.5444444444444445,low,single-utterance-unidirectional,P1-098,P1-096,"['page7-166.svg', 'page1-95.svg', 'page5-153.svg', 'page4-190.svg', 'page7-202.svg', 'page7-126.svg', 'page3-61.svg', 'page2-16.svg', 'page5-96.svg', 'page7-127.svg']",39.0,fish,1.0,40.0,,,,1.0
P1G021,P1R00822,17,2,page3-61.svg,False,1.0,high,single-utterance-unidirectional,P1-096,P1-098,"['page3-61.svg', 'page7-202.svg', 'page4-190.svg', 'page2-16.svg', 'page7-126.svg', 'page7-166.svg', 'page1-95.svg', 'page5-96.svg', 'page5-153.svg', 'page7-127.svg']",6.0,"corner triangle to the left, connected to a table to the right",12.0,22.0,"(35,)",page3-61.svg,True,12.0
P1G029,P1R00873,24,4,page7-36.svg,False,1.0,high,single-utterance-unidirectional,P1-052,P1-094,"['page8-156.svg', 'page8-192.svg', 'page6-162.svg', 'page7-53.svg', 'page7-145.svg', 'page7-177.svg', 'page7-226.svg', 'page-F.svg', 'page7-41.svg', 'page7-36.svg']",4.0,triangle with two squares under it,6.0,14.0,"(24,)",page7-36.svg,True,6.0
P1G011,P1R00531,8,1,page5-153.svg,False,0.6425925925925926,low,single-utterance-unidirectional,P1-041,P1-088,"['page5-40.svg', 'page7-107.svg', 'page8-58.svg', 'page2-36.svg', 'page6-124.svg', 'page3-33.svg', 'page5-45.svg', 'page4-197.svg', 'page1-150.svg', 'page5-153.svg']",12.0,curved v,2.0,15.0,"(23,)",page5-153.svg,True,2.0
P1G053,P1R00527,26,4,page9-39.svg,False,0.7407407407407408,low,single-utterance-unidirectional,P1-061,P1-064,"['page8-247.svg', 'page6-206.svg', 'page1-117.svg', 'page2-140.svg', 'page1-30.svg', 'page9-39.svg', 'page1-185.svg', 'page3-33.svg', 'page6-228.svg', 'page7-81.svg']",6.0,left pointing pipe,3.0,9.0,"(13,)",page9-39.svg,True,3.0
P1G004,P1R01569,26,4,page7-202.svg,False,1.0,high,single-utterance-unidirectional,P1-009,P1-086,"['page5-40.svg', 'page5-26.svg', 'page7-20.svg', 'page7-125.svg', 'page2-100.svg', 'page4-244.svg', 'page7-126.svg', 'page7-116.svg', 'page8-169.svg', 'page7-202.svg']",10.0,candle stick holder,3.0,14.0,"(24,)",page7-202.svg,True,3.0
P1G019,P1R00258,15,2,page5-101.svg,True,0.6666666666666667,low,single-utterance-unidirectional,P1-033,P1-020,"['page2-86.svg', 'page7-126.svg', 'page5-101.svg', 'page8-169.svg', 'page3-139.svg', 'page6-166.svg', 'page6-167.svg', 'page4-180.svg', 'page5-165.svg', 'page1-117.svg']",8.0,Two triangles top and bottom. Diamond in the middle,9.0,23.0,"(33,)",page5-101.svg,True,9.0
P1G041,P1R01473,20,3,page7-125.svg,False,0.9935185185185184,high,single-utterance-unidirectional,P1-113,P1-004,"['page6-208.svg', 'page3-33.svg', 'page7-107.svg', 'page2-20.svg', 'page8-169.svg', 'page8-38.svg', 'page7-41.svg', 'page5-86.svg', 'page7-125.svg', 'page5-165.svg']",5.0,"A cliff edge, wider at the top",7.0,10.0,"(12,)",page7-125.svg,True,7.0
P1G054,P1R01777,25,4,page6-23.svg,False,0.7776190476190477,low,single-utterance-unidirectional,P1-106,P1-030,"['page5-65.svg', 'page7-29.svg', 'page7-73.svg', 'page6-23.svg', 'page5-40.svg', 'page1-77.svg', 'page4-190.svg', 'page3-70.svg', 'page3-12.svg', 'page3-33.svg']",5.0,man walking left,3.0,8.0,"(12,)",page6-23.svg,True,3.0
P1G058,P1R01558,6,1,page6-219.svg,False,1.0,high,single-utterance-unidirectional,P1-054,P1-071,"['page4-11.svg', 'page6-219.svg', 'page1-95.svg', 'page1-77.svg', 'page2-36.svg', 'page1-34.svg', 'page9-40.svg', 'page5-85.svg', 'page5-26.svg', 'page2-133.svg']",10.0,rectangle with bit at the bottom right,7.0,28.0,"(44,)",page6-219.svg,True,7.0
P1G019,P1R00710,9,1,page8-169.svg,False,1.0,high,single-utterance-unidirectional,P1-033,P1-020,"['page2-86.svg', 'page7-126.svg', 'page5-101.svg', 'page8-169.svg', 'page3-139.svg', 'page6-166.svg', 'page6-167.svg', 'page4-180.svg', 'page5-165.svg', 'page1-117.svg']",11.0,A C shape,3.0,13.0,"(23,)",page8-169.svg,True,3.0
P1G032,P1R00038,10,1,page4-5.svg,True,0.6916666666666667,low,single-utterance-unidirectional,P1-022,P1-118,"['page7-202.svg', 'page8-183.svg', 'page7-79.svg', 'page6-121.svg', 'page1-133.svg', 'page6-206.svg', 'page7-20.svg', 'page6-135.svg', 'page1-77.svg', 'page4-5.svg']",7.0,Someone standing up facing the left with there leg up,10.0,19.0,"(26,)",page4-5.svg,True,10.0
P1G035,P1R01059,18,3,page8-183.svg,False,1.0,high,single-utterance-unidirectional,P1-119,P1-040,"['page7-202.svg', 'page8-183.svg', 'page7-79.svg', 'page6-121.svg', 'page1-133.svg', 'page6-206.svg', 'page7-20.svg', 'page6-135.svg', 'page1-77.svg', 'page4-5.svg']",4.0,Capital P,2.0,8.0,"(18,)",page8-183.svg,True,2.0
P1G045,P1R01108,15,2,page3-33.svg,False,0.6111111111111112,low,single-utterance-unidirectional,P1-095,P1-001,"['page6-196.svg', 'page7-41.svg', 'page6-109.svg', 'page5-65.svg', 'page2-85.svg', 'page4-98.svg', 'page4-96.svg', 'page6-52.svg', 'page3-33.svg', 'page5-80.svg']",12.0,three mountains with bookmark,4.0,25.0,"(33,)",page3-33.svg,True,4.0
P1G023,P1R00239,20,3,page3-52.svg,False,1.0,high,single-utterance-unidirectional,P1-003,P1-117,"['page7-20.svg', 'page8-54.svg', 'page7-40.svg', 'page1-175.svg', 'page8-38.svg', 'page7-15.svg', 'page8-183.svg', 'page3-52.svg', 'page4-244.svg', 'page5-36.svg']",6.0,Upside down Y,3.0,10.0,"(22,)",page3-52.svg,True,3.0
P1G016,P1R00651,23,3,page5-85.svg,False,0.5166666666666668,low,single-utterance-unidirectional,P1-046,P1-014,"['page5-63.svg', 'page6-208.svg', 'page4-128.svg', 'page5-71.svg', 'page3-33.svg', 'page6-52.svg', 'page5-84.svg', 'page5-85.svg', 'page4-155.svg', 'page7-225.svg']",8.0,fox,1.0,10.0,"(25,)",page5-85.svg,True,1.0
P1G034,P1R01524,12,2,page7-113.svg,True,0.7636363636363637,low,single-utterance-unidirectional,P1-084,P1-065,"['page6-155.svg', 'page7-113.svg', 'page2-34.svg', 'page7-115.svg', 'page7-44.svg', 'page3-33.svg', 'page6-52.svg', 'page5-121.svg', 'page6-175.svg', 'page5-63.svg']",15.0,It has a pointy head like a beak and two boxy legs. It is facing right,16.0,33.0,"(50,)",page7-113.svg,True,16.0
P1G037,P1R00849,4,0,page2-133.svg,False,1.0,high,single-utterance-unidirectional,P1-037,P1-002,"['page6-171.svg', 'page4-241.svg', 'page5-102.svg', 'page2-133.svg', 'page1-95.svg', 'page6-219.svg', 'page7-216.svg', 'page2-86.svg', 'page8-21.svg', 'page4-180.svg']",19.0,Middle far left the boat like figure,7.0,39.0,"(47,)",page1-95.svg,False,7.0
P1G055,P1R00195,26,4,page6-155.svg,False,1.0,high,single-utterance-unidirectional,P1-111,P1-100,"['page5-121.svg', 'page3-33.svg', 'page6-52.svg', 'page7-44.svg', 'page5-63.svg', 'page2-34.svg', 'page6-155.svg', 'page7-115.svg', 'page6-175.svg', 'page7-113.svg']",4.0,bird long neck,3.0,6.0,"(13,)",page6-155.svg,True,3.0
P1G047,P1R00176,4,0,page7-29.svg,False,1.0,high,single-utterance-unidirectional,P1-080,P1-102,"['page3-70.svg', 'page8-156.svg', 'page7-40.svg', 'page2-165.svg', 'page8-21.svg', 'page6-171.svg', 'page1-95.svg', 'page3-61.svg', 'page7-29.svg', 'page5-101.svg']",12.0,a bird with sharp wings flying to the right,9.0,23.0,"(39,)",page7-29.svg,True,9.0
P1G050,P1R00088,10,1,page1-30.svg,False,1.0,high,single-utterance-unidirectional,P1-017,P1-090,"['page1-117.svg', 'page6-206.svg', 'page1-30.svg', 'page7-81.svg', 'page9-39.svg', 'page8-247.svg', 'page2-140.svg', 'page6-228.svg', 'page1-185.svg', 'page3-33.svg']",8.0,it looks like the top of a tree,8.0,23.0,"(37,)",page1-30.svg,True,8.0
P1G011,P1R00800,7,1,page7-107.svg,False,0.9935185185185184,high,single-utterance-unidirectional,P1-041,P1-088,"['page5-40.svg', 'page7-107.svg', 'page8-58.svg', 'page2-36.svg', 'page6-124.svg', 'page3-33.svg', 'page5-45.svg', 'page4-197.svg', 'page1-150.svg', 'page5-153.svg']",12.0,white diamond in middle,4.0,19.0,"(23,)",page7-107.svg,True,4.0
P1G060,P1R00513,0,0,page5-71.svg,False,0.3833333333333333,low,single-utterance-unidirectional,P1-021,P1-012,"['page5-85.svg', 'page7-225.svg', 'page5-63.svg', 'page3-33.svg', 'page5-84.svg', 'page6-208.svg', 'page5-71.svg', 'page4-128.svg', 'page6-52.svg', 'page4-155.svg']",23.0,"A bird, spread wings looking down",6.0,40.0,"(49,)",page5-71.svg,True,6.0
P1G053,P1R01128,23,3,page3-33.svg,False,0.6111111111111112,low,single-utterance-unidirectional,P1-064,P1-061,"['page1-117.svg', 'page6-206.svg', 'page1-30.svg', 'page7-81.svg', 'page9-39.svg', 'page8-247.svg', 'page2-140.svg', 'page6-228.svg', 'page1-185.svg', 'page3-33.svg']",11.0,three mountains with a on top,6.0,27.0,"(34,)",page3-33.svg,True,6.0
P1G024,P1R00544,16,2,page6-204.svg,False,1.0,high,single-utterance-unidirectional,P1-089,P1-026,"['page5-154.svg', 'page8-56.svg', 'page3-70.svg', 'page7-216.svg', 'page7-115.svg', 'page5-26.svg', 'page6-204.svg', 'page7-55.svg', 'page5-86.svg', 'page7-166.svg']",7.0,Looks like a chimney,4.0,19.0,"(23,)",page6-204.svg,True,4.0
P1G006,P1R00016,27,4,page8-159.svg,False,1.0,high,single-utterance-unidirectional,P1-077,P1-073,"['page8-58.svg', 'page5-96.svg', 'page8-159.svg', 'page7-53.svg', 'page1-150.svg', 'page6-226.svg', 'page7-73.svg', 'page6-206.svg', 'page5-128.svg', 'page6-71.svg']",12.0,a boot without the heel,5.0,21.0,"(34,)",page8-159.svg,True,5.0
P1G033,P1R00954,11,1,page3-66.svg,False,1.0,high,single-utterance-unidirectional,P1-105,P1-099,"['page5-45.svg', 'page8-21.svg', 'page4-142.svg', 'page5-85.svg', 'page7-22.svg', 'page5-232.svg', 'page7-157.svg', 'page3-66.svg', 'page8-248.svg', 'page7-225.svg']",10.0,Rectangle we had before - bit missing bottom right,9.0,26.0,"(41,)",page3-66.svg,True,9.0
P1G045,P1R00076,25,4,page6-52.svg,False,1.0,high,single-utterance-unidirectional,P1-095,P1-001,"['page6-196.svg', 'page7-41.svg', 'page6-109.svg', 'page5-65.svg', 'page2-85.svg', 'page4-98.svg', 'page4-96.svg', 'page6-52.svg', 'page3-33.svg', 'page5-80.svg']",4.0,weirdest one,2.0,8.0,"(12,)",page6-52.svg,True,2.0
P1G012,P1R00307,26,4,page6-219.svg,True,1.0,high,single-utterance-unidirectional,P1-024,P1-076,"['page6-52.svg', 'page7-36.svg', 'page6-186.svg', 'page2-136.svg', 'page1-186.svg', 'page2-165.svg', 'page6-219.svg', 'page1-133.svg', 'page7-126.svg', 'page7-186.svg']",8.0,object coming out of bottom right. not a square.,9.0,21.0,"(28,)",page6-219.svg,True,9.0
P1G042,P1R00011,24,4,page5-84.svg,False,0.5111111111111112,low,single-utterance-unidirectional,P1-039,P1-023,"['page7-127.svg', 'page5-84.svg', 'page3-201.svg', 'page5-56.svg', 'page6-1.svg', 'page6-162.svg', 'page8-182.svg', 'page7-125.svg', 'page5-139.svg', 'page8-206.svg']",4.0,A horse,2.0,7.0,"(29,)",page5-84.svg,True,2.0
P1G009,P1R01749,6,1,page5-85.svg,False,0.5166666666666668,low,single-utterance-unidirectional,P1-019,P1-104,"['page5-63.svg', 'page6-208.svg', 'page4-128.svg', 'page5-71.svg', 'page3-33.svg', 'page6-52.svg', 'page5-84.svg', 'page5-85.svg', 'page4-155.svg', 'page7-225.svg']",9.0,"fox again, with the triangle ears",6.0,18.0,,,,6.0
P1G024,P1R00732,14,2,page7-115.svg,False,0.6,low,single-utterance-unidirectional,P1-089,P1-026,"['page5-154.svg', 'page8-56.svg', 'page3-70.svg', 'page7-216.svg', 'page7-115.svg', 'page5-26.svg', 'page6-204.svg', 'page7-55.svg', 'page5-86.svg', 'page7-166.svg']",4.0,looks like a bridge over water,6.0,13.0,"(27,)",page7-115.svg,True,6.0
P1G030,P1R00998,11,1,page5-86.svg,False,0.4833333333333334,low,single-utterance-unidirectional,P1-050,P1-063,"['page6-208.svg', 'page3-33.svg', 'page7-107.svg', 'page2-20.svg', 'page8-169.svg', 'page8-38.svg', 'page7-41.svg', 'page5-86.svg', 'page7-125.svg', 'page5-165.svg']",7.0,A galloping horse,3.0,10.0,"(12,)",page5-86.svg,True,3.0
P1G027,P1R00234,26,4,page6-122.svg,False,0.5666666666666667,low,single-utterance-unidirectional,P1-055,P1-060,"['page1-172.svg', 'page8-246.svg', 'page6-122.svg', 'page7-202.svg', 'page1-107.svg', 'page3-201.svg', 'page8-159.svg', 'page2-140.svg', 'page7-55.svg', 'page4-142.svg']",6.0,house,1.0,7.0,"(12,)",page6-122.svg,True,1.0
P1G024,P1R00624,24,4,page7-115.svg,False,0.6,low,single-utterance-unidirectional,P1-089,P1-026,"['page5-154.svg', 'page8-56.svg', 'page3-70.svg', 'page7-216.svg', 'page7-115.svg', 'page5-26.svg', 'page6-204.svg', 'page7-55.svg', 'page5-86.svg', 'page7-166.svg']",4.0,looks like a bridge over water,6.0,13.0,"(23,)",page7-115.svg,True,6.0
P1G021,P1R00080,22,3,page4-190.svg,False,1.0,high,single-utterance-unidirectional,P1-098,P1-096,"['page7-166.svg', 'page1-95.svg', 'page5-153.svg', 'page4-190.svg', 'page7-202.svg', 'page7-126.svg', 'page3-61.svg', 'page2-16.svg', 'page5-96.svg', 'page7-127.svg']",,,,,,,,
P1G055,P1R00907,6,1,page5-63.svg,False,0.9935185185185184,high,single-utterance-unidirectional,P1-100,P1-111,"['page6-155.svg', 'page7-113.svg', 'page2-34.svg', 'page7-115.svg', 'page7-44.svg', 'page3-33.svg', 'page6-52.svg', 'page5-121.svg', 'page6-175.svg', 'page5-63.svg']",11.0,a pyramid with a little spear tip sticking out the bottom left,12.0,30.0,"(39,)",page5-63.svg,True,12.0
P1G054,P1R00984,5,0,page7-73.svg,False,0.6,low,single-utterance-unidirectional,P1-106,P1-030,"['page5-65.svg', 'page7-29.svg', 'page7-73.svg', 'page6-23.svg', 'page5-40.svg', 'page1-77.svg', 'page4-190.svg', 'page3-70.svg', 'page3-12.svg', 'page3-33.svg']",9.0,looks like a fish,4.0,20.0,"(22,)",page7-73.svg,True,4.0
P1G036,P1R00469,29,4,page6-228.svg,True,1.0,high,single-utterance-unidirectional,P1-114,P1-029,"['page1-117.svg', 'page6-206.svg', 'page1-30.svg', 'page7-81.svg', 'page9-39.svg', 'page8-247.svg', 'page2-140.svg', 'page6-228.svg', 'page1-185.svg', 'page3-33.svg']",4.0,slanted sqwuare with a square inside,6.0,9.0,"(22,)",page6-228.svg,True,6.0
P1G020,P1R00355,11,1,page2-136.svg,False,1.0,high,single-utterance-unidirectional,P1-051,P1-101,"['page6-52.svg', 'page7-36.svg', 'page6-186.svg', 'page2-136.svg', 'page1-186.svg', 'page2-165.svg', 'page6-219.svg', 'page1-133.svg', 'page7-126.svg', 'page7-186.svg']",7.0,builders trowel,2.0,11.0,"(13,)",page2-136.svg,True,2.0
P1G032,P1R00557,8,1,page1-133.svg,False,0.5444444444444445,low,single-utterance-unidirectional,P1-022,P1-118,"['page7-202.svg', 'page8-183.svg', 'page7-79.svg', 'page6-121.svg', 'page1-133.svg', 'page6-206.svg', 'page7-20.svg', 'page6-135.svg', 'page1-77.svg', 'page4-5.svg']",10.0,"The biggest blob out of them all, Maybe looks like an outside of a barn",15.0,25.0,"(35,)",page1-133.svg,True,15.0
P1G039,P1R01186,28,4,page7-53.svg,False,0.7333333333333332,low,single-utterance-unidirectional,P1-120,P1-062,"['page8-58.svg', 'page5-96.svg', 'page8-159.svg', 'page7-53.svg', 'page1-150.svg', 'page6-226.svg', 'page7-73.svg', 'page6-206.svg', 'page5-128.svg', 'page6-71.svg']",7.0,Low flat bridge with two triangles cut out,8.0,11.0,"(23,)",page7-53.svg,True,8.0
P1G001,P1R00671,1,0,page8-58.svg,False,0.7259259259259259,low,single-utterance-unidirectional,P1-053,P1-007,"['page2-36.svg', 'page4-197.svg', 'page1-150.svg', 'page3-33.svg', 'page5-153.svg', 'page6-124.svg', 'page7-107.svg', 'page5-40.svg', 'page8-58.svg', 'page5-45.svg']",6.0,Man with coat walking to the right,7.0,21.0,"(24,)",page8-58.svg,True,7.0
P1G013,P1R01673,22,3,page7-15.svg,False,0.5935185185185186,low,single-utterance-unidirectional,P1-109,P1-034,"['page5-153.svg', 'page8-169.svg', 'page3-12.svg', 'page6-71.svg', 'page7-15.svg', 'page6-160.svg', 'page7-20.svg', 'page9-39.svg', 'page5-84.svg', 'page5-66.svg']",9.0,Line with bumps,3.0,12.0,"(23,)",page7-15.svg,True,3.0
P1G012,P1R00658,27,4,page6-52.svg,False,1.0,high,single-utterance-unidirectional,P1-076,P1-024,"['page7-186.svg', 'page7-36.svg', 'page1-133.svg', 'page1-186.svg', 'page7-126.svg', 'page6-186.svg', 'page2-165.svg', 'page6-52.svg', 'page2-136.svg', 'page6-219.svg']",6.0,square coming out of bottom right,6.0,13.0,"(44,)",page6-52.svg,True,6.0
P1G033,P1R00242,1,0,page5-45.svg,False,1.0,high,single-utterance-unidirectional,P1-099,P1-105,"['page7-22.svg', 'page3-66.svg', 'page5-232.svg', 'page7-225.svg', 'page8-248.svg', 'page4-142.svg', 'page7-157.svg', 'page8-21.svg', 'page5-45.svg', 'page5-85.svg']",16.0,in the shape of a house icon,7.0,19.0,"(25,)",page5-45.svg,True,7.0
P1G005,P1R01725,29,4,page1-185.svg,False,0.6611111111111112,low,single-utterance-unidirectional,P1-036,P1-059,"['page5-139.svg', 'page5-154.svg', 'page7-126.svg', 'page8-246.svg', 'page6-160.svg', 'page7-125.svg', 'page5-85.svg', 'page4-180.svg', 'page1-185.svg', 'page7-177.svg']",7.0,Chalice,1.0,11.0,"(23,)",page1-185.svg,True,1.0
P1G049,P1R00877,15,2,page6-160.svg,False,0.5592592592592593,low,single-utterance-unidirectional,P1-047,P1-110,"['page6-122.svg', 'page9-40.svg', 'page7-226.svg', 'page7-125.svg', 'page8-246.svg', 'page6-160.svg', 'page7-145.svg', 'page5-101.svg', 'page8-183.svg', 'page8-21.svg']",,,,,,,,
P1G042,P1R00950,19,3,page6-162.svg,False,1.0,high,single-utterance-unidirectional,P1-023,P1-039,"['page8-182.svg', 'page5-139.svg', 'page6-1.svg', 'page7-127.svg', 'page5-56.svg', 'page3-201.svg', 'page7-125.svg', 'page5-84.svg', 'page6-162.svg', 'page8-206.svg']",4.0,a arrow pointing down,4.0,9.0,"(12,)",page6-162.svg,True,4.0
P1G023,P1R00056,29,4,page7-40.svg,False,0.7611111111111111,low,single-utterance-unidirectional,P1-117,P1-003,"['page1-175.svg', 'page7-15.svg', 'page3-52.svg', 'page8-54.svg', 'page4-244.svg', 'page5-36.svg', 'page7-40.svg', 'page8-183.svg', 'page8-38.svg', 'page7-20.svg']",13.0,Box with a tail,4.0,15.0,"(23,)",page7-40.svg,True,4.0
P1G042,P1R01017,13,2,page6-162.svg,False,1.0,high,single-utterance-unidirectional,P1-039,P1-023,"['page7-127.svg', 'page5-84.svg', 'page3-201.svg', 'page5-56.svg', 'page6-1.svg', 'page6-162.svg', 'page8-182.svg', 'page7-125.svg', 'page5-139.svg', 'page8-206.svg']",5.0,A downwards arrow,3.0,12.0,"(23,)",page6-162.svg,True,3.0
P1G018,P1R01321,24,4,page6-219.svg,False,1.0,high,single-utterance-unidirectional,P1-093,P1-010,"['page6-171.svg', 'page4-241.svg', 'page5-102.svg', 'page2-133.svg', 'page1-95.svg', 'page6-219.svg', 'page7-216.svg', 'page2-86.svg', 'page8-21.svg', 'page4-180.svg']",,,,,,,,
P1G022,P1R01339,24,4,page3-33.svg,False,0.6111111111111112,low,single-utterance-unidirectional,P1-072,P1-082,"['page6-196.svg', 'page7-41.svg', 'page6-109.svg', 'page5-65.svg', 'page2-85.svg', 'page4-98.svg', 'page4-96.svg', 'page6-52.svg', 'page3-33.svg', 'page5-80.svg']",4.0,mountains again,2.0,7.0,"(20,)",page3-33.svg,True,2.0
P1G010,P1R00657,18,3,page7-126.svg,False,0.6666666666666667,low,single-utterance-unidirectional,P1-032,P1-044,"['page7-166.svg', 'page1-95.svg', 'page5-153.svg', 'page4-190.svg', 'page7-202.svg', 'page7-126.svg', 'page3-61.svg', 'page2-16.svg', 'page5-96.svg', 'page7-127.svg']",5.0,"bird standing on one leg, looking left",7.0,11.0,"(27,)",page7-126.svg,True,7.0
P1G022,P1R00838,11,1,page4-96.svg,True,1.0,high,single-utterance-unidirectional,P1-082,P1-072,"['page6-196.svg', 'page4-98.svg', 'page5-80.svg', 'page4-96.svg', 'page6-52.svg', 'page2-85.svg', 'page6-109.svg', 'page5-65.svg', 'page3-33.svg', 'page7-41.svg']",10.0,looks like a tap,4.0,15.0,"(26,)",page4-96.svg,True,4.0
P1G017,P1R00765,26,4,page5-26.svg,False,0.7518518518518518,low,single-utterance-unidirectional,P1-070,P1-048,"['page5-154.svg', 'page8-56.svg', 'page3-70.svg', 'page7-216.svg', 'page7-115.svg', 'page5-26.svg', 'page6-204.svg', 'page7-55.svg', 'page5-86.svg', 'page7-166.svg']",3.0,heart,1.0,5.0,"(7,)",page5-26.svg,True,1.0
P1G056,P1R00498,23,3,page8-248.svg,False,0.6851851851851852,low,single-utterance-unidirectional,P1-005,P1-018,"['page5-45.svg', 'page8-21.svg', 'page4-142.svg', 'page5-85.svg', 'page7-22.svg', 'page5-232.svg', 'page7-157.svg', 'page3-66.svg', 'page8-248.svg', 'page7-225.svg']",14.0,running horse,2.0,19.0,"(23,)",page8-248.svg,True,2.0
P1G013,P1R00845,10,1,page9-39.svg,False,0.7407407407407408,low,single-utterance-unidirectional,P1-109,P1-034,"['page5-153.svg', 'page8-169.svg', 'page3-12.svg', 'page6-71.svg', 'page7-15.svg', 'page6-160.svg', 'page7-20.svg', 'page9-39.svg', 'page5-84.svg', 'page5-66.svg']",15.0,A pipe for smoking,4.0,17.0,"(23,)",page9-39.svg,True,4.0
P1G032,P1R01115,3,0,page6-135.svg,False,1.0,high,single-utterance-unidirectional,P1-118,P1-022,"['page1-77.svg', 'page8-183.svg', 'page6-206.svg', 'page6-121.svg', 'page6-135.svg', 'page7-79.svg', 'page1-133.svg', 'page4-5.svg', 'page7-202.svg', 'page7-20.svg']",14.0,Looks like a spaceship upside down,6.0,31.0,"(49,)",page6-135.svg,True,6.0
P1G060,P1R01773,14,2,page5-84.svg,False,0.5111111111111112,low,single-utterance-unidirectional,P1-021,P1-012,"['page5-85.svg', 'page7-225.svg', 'page5-63.svg', 'page3-33.svg', 'page5-84.svg', 'page6-208.svg', 'page5-71.svg', 'page4-128.svg', 'page6-52.svg', 'page4-155.svg']",11.0,Like a horse. 4 legs and tail,7.0,17.0,"(22,)",page5-84.svg,True,7.0
P1G029,P1R00107,28,4,page8-156.svg,False,1.0,high,single-utterance-unidirectional,P1-052,P1-094,"['page8-156.svg', 'page8-192.svg', 'page6-162.svg', 'page7-53.svg', 'page7-145.svg', 'page7-177.svg', 'page7-226.svg', 'page-F.svg', 'page7-41.svg', 'page7-36.svg']",10.0,k shape,2.0,13.0,"(22,)",page8-156.svg,True,2.0
P1G015,P1R00349,21,3,page1-133.svg,False,0.5444444444444445,low,single-utterance-unidirectional,P1-025,P1-028,"['page1-48.svg', 'page1-133.svg', 'page9-40.svg', 'page8-38.svg', 'page7-44.svg', 'page-F.svg', 'page5-45.svg', 'page4-195.svg', 'page6-206.svg', 'page7-55.svg']",13.0,blackened house,2.0,19.0,"(22,)",page1-133.svg,True,2.0
P1G007,P1R00749,9,1,page7-15.svg,False,0.5935185185185186,low,single-utterance-unidirectional,P1-115,P1-067,"['page5-153.svg', 'page8-169.svg', 'page3-12.svg', 'page6-71.svg', 'page7-15.svg', 'page6-160.svg', 'page7-20.svg', 'page9-39.svg', 'page5-84.svg', 'page5-66.svg']",7.0,Mountains in the distance again,5.0,12.0,"(23,)",page7-15.svg,True,5.0
P1G003,P1R00748,13,2,page2-16.svg,True,0.6722222222222223,low,single-utterance-unidirectional,P1-031,P1-057,"['page7-166.svg', 'page1-95.svg', 'page5-153.svg', 'page4-190.svg', 'page7-202.svg', 'page7-126.svg', 'page3-61.svg', 'page2-16.svg', 'page5-96.svg', 'page7-127.svg']",7.0,TWO SIDEWAYS TRIANGLES POINT ING IN TO A SQUARE ON TOP OF A TRIANGLE,14.0,25.0,"(42,)",page7-166.svg,False,14.0
P1G031,P1R00161,28,4,page7-126.svg,False,0.6666666666666667,low,single-utterance-unidirectional,P1-008,P1-079,"['page5-139.svg', 'page5-154.svg', 'page7-126.svg', 'page8-246.svg', 'page6-160.svg', 'page7-125.svg', 'page5-85.svg', 'page4-180.svg', 'page1-185.svg', 'page7-177.svg']",4.0,bird looking left,3.0,9.0,"(12,)",page7-126.svg,True,3.0
P1G029,P1R00976,18,3,page7-145.svg,False,0.7666666666666666,low,single-utterance-unidirectional,P1-094,P1-052,"['page6-162.svg', 'page7-226.svg', 'page7-177.svg', 'page8-156.svg', 'page7-53.svg', 'page7-41.svg', 'page7-36.svg', 'page-F.svg', 'page7-145.svg', 'page8-192.svg']",5.0,"horse or duck swimming, no legs",6.0,14.0,"(26,)",page7-145.svg,True,6.0
P1G051,P1R01271,16,2,page5-121.svg,False,0.9925925925925926,high,single-utterance-unidirectional,P1-042,P1-006,"['page5-121.svg', 'page3-33.svg', 'page6-52.svg', 'page7-44.svg', 'page5-63.svg', 'page2-34.svg', 'page6-155.svg', 'page7-115.svg', 'page6-175.svg', 'page7-113.svg']",23.0,lighting bolt,2.0,25.0,,,,2.0
P1G002,P1R00825,6,1,page6-52.svg,True,1.0,high,single-utterance-unidirectional,P1-013,P1-081,"['page6-185.svg', 'page6-228.svg', 'page8-234.svg', 'page1-132.svg', 'page7-203.svg', 'page6-52.svg', 'page5-85.svg', 'page7-113.svg', 'page5-63.svg', 'page6-21.svg']",19.0,"thick on the left, thin on the right with a sqaure jutting out",13.0,32.0,"(51,)",page6-52.svg,True,13.0
P1G022,P1R00778,4,0,page4-98.svg,False,0.7222222222222223,low,single-utterance-unidirectional,P1-072,P1-082,"['page6-196.svg', 'page7-41.svg', 'page6-109.svg', 'page5-65.svg', 'page2-85.svg', 'page4-98.svg', 'page4-96.svg', 'page6-52.svg', 'page3-33.svg', 'page5-80.svg']",17.0,column/statue shape with boat shape bottom- like a candle in a candlestick,12.0,40.0,"(53,)",page4-98.svg,True,12.0
P1G030,P1R00325,28,4,page2-20.svg,False,1.0,high,single-utterance-unidirectional,P1-063,P1-050,"['page6-208.svg', 'page5-165.svg', 'page7-41.svg', 'page8-169.svg', 'page8-38.svg', 'page5-86.svg', 'page7-125.svg', 'page2-20.svg', 'page3-33.svg', 'page7-107.svg']",10.0,w or bat on a stand,6.0,14.0,"(22,)",page2-20.svg,True,6.0
P1G018,P1R01051,20,3,page4-241.svg,False,0.995,high,single-utterance-unidirectional,P1-010,P1-093,"['page5-102.svg', 'page2-133.svg', 'page4-241.svg', 'page6-171.svg', 'page7-216.svg', 'page2-86.svg', 'page6-219.svg', 'page4-180.svg', 'page1-95.svg', 'page8-21.svg']",,,,,,,,
P1G005,P1R01175,28,4,page7-126.svg,False,0.6666666666666667,low,single-utterance-unidirectional,P1-036,P1-059,"['page5-139.svg', 'page5-154.svg', 'page7-126.svg', 'page8-246.svg', 'page6-160.svg', 'page7-125.svg', 'page5-85.svg', 'page4-180.svg', 'page1-185.svg', 'page7-177.svg']",7.0,Bird looking left,3.0,18.0,"(24,)",page7-126.svg,True,3.0
P1G034,P1R00457,21,3,page6-155.svg,False,1.0,high,single-utterance-unidirectional,P1-084,P1-065,"['page6-155.svg', 'page7-113.svg', 'page2-34.svg', 'page7-115.svg', 'page7-44.svg', 'page3-33.svg', 'page6-52.svg', 'page5-121.svg', 'page6-175.svg', 'page5-63.svg']",4.0,It is a giraffe facing left,6.0,13.0,"(31,)",page6-155.svg,True,6.0
P1G002,P1R01251,9,1,page6-185.svg,False,0.6129629629629629,low,single-utterance-unidirectional,P1-013,P1-081,"['page6-185.svg', 'page6-228.svg', 'page8-234.svg', 'page1-132.svg', 'page7-203.svg', 'page6-52.svg', 'page5-85.svg', 'page7-113.svg', 'page5-63.svg', 'page6-21.svg']",9.0,sitting/slouching man facing right,4.0,23.0,"(33,)",page6-185.svg,True,4.0
P1G001,P1R01199,5,0,page3-33.svg,True,0.6111111111111112,low,single-utterance-unidirectional,P1-007,P1-053,"['page5-40.svg', 'page7-107.svg', 'page8-58.svg', 'page2-36.svg', 'page6-124.svg', 'page3-33.svg', 'page5-45.svg', 'page4-197.svg', 'page1-150.svg', 'page5-153.svg']",10.0,mountain with a box cut out to the shape ontop,10.0,23.0,"(30,)",page3-33.svg,True,10.0
P1G019,P1R00348,14,2,page6-166.svg,False,1.0,high,single-utterance-unidirectional,P1-020,P1-033,"['page5-165.svg', 'page5-101.svg', 'page2-86.svg', 'page6-166.svg', 'page7-126.svg', 'page8-169.svg', 'page4-180.svg', 'page6-167.svg', 'page3-139.svg', 'page1-117.svg']",8.0,"s shape, snake rearing up",5.0,16.0,"(23,)",page6-166.svg,True,5.0
P1G039,P1R01093,21,3,page6-71.svg,False,1.0,high,single-utterance-unidirectional,P1-062,P1-120,"['page6-226.svg', 'page5-96.svg', 'page6-206.svg', 'page7-53.svg', 'page6-71.svg', 'page7-73.svg', 'page8-159.svg', 'page5-128.svg', 'page8-58.svg', 'page1-150.svg']",8.0,bat,1.0,10.0,"(13,)",page6-71.svg,True,1.0
P1G015,P1R01312,2,0,page-F.svg,False,0.6685185185185186,low,single-utterance-unidirectional,P1-028,P1-025,"['page7-44.svg', 'page7-55.svg', 'page6-206.svg', 'page1-48.svg', 'page8-38.svg', 'page5-45.svg', 'page9-40.svg', 'page1-133.svg', 'page-F.svg', 'page4-195.svg']",14.0,A person sitting down with their knees up,8.0,21.0,"(32,)",page-F.svg,True,8.0
P1G038,P1R00595,2,0,page8-234.svg,False,0.0,low,single-utterance-unidirectional,P1-085,P1-035,"['page8-159.svg', 'page8-58.svg', 'page5-165.svg', 'page7-127.svg', 'page7-157.svg', 'page9-40.svg', 'page3-70.svg', 'page4-232.svg', 'page8-234.svg', 'page5-45.svg']",9.0,A dog-lion-sphinx creature.,3.0,20.0,"(25,)",page8-234.svg,True,3.0
P1G017,P1R00508,21,3,page6-204.svg,False,1.0,high,single-utterance-unidirectional,P1-048,P1-070,"['page5-86.svg', 'page8-56.svg', 'page7-216.svg', 'page7-55.svg', 'page5-154.svg', 'page3-70.svg', 'page6-204.svg', 'page7-166.svg', 'page5-26.svg', 'page7-115.svg']",3.0,chimney,1.0,7.0,"(8,)",page6-204.svg,True,1.0
P1G019,P1R00071,29,4,page8-169.svg,False,1.0,high,single-utterance-unidirectional,P1-020,P1-033,"['page5-165.svg', 'page5-101.svg', 'page2-86.svg', 'page6-166.svg', 'page7-126.svg', 'page8-169.svg', 'page4-180.svg', 'page6-167.svg', 'page3-139.svg', 'page1-117.svg']",6.0,c shape,2.0,8.0,"(13,)",page8-169.svg,True,2.0
P1G032,P1R01341,23,3,page1-77.svg,True,0.6833333333333333,low,single-utterance-unidirectional,P1-022,P1-118,"['page7-202.svg', 'page8-183.svg', 'page7-79.svg', 'page6-121.svg', 'page1-133.svg', 'page6-206.svg', 'page7-20.svg', 'page6-135.svg', 'page1-77.svg', 'page4-5.svg']",15.0,sword,1.0,18.0,"(30,)",page6-121.svg,False,1.0
P1G049,P1R00679,2,0,page7-226.svg,True,1.0,high,single-utterance-unidirectional,P1-110,P1-047,"['page8-246.svg', 'page7-125.svg', 'page6-122.svg', 'page7-226.svg', 'page7-145.svg', 'page8-21.svg', 'page5-101.svg', 'page6-160.svg', 'page9-40.svg', 'page8-183.svg']",8.0,One that looks like a chair,6.0,18.0,"(38,)",page7-145.svg,False,6.0
P1G040,P1R00788,13,2,page3-70.svg,False,1.0,high,single-utterance-unidirectional,P1-083,P1-092,"['page5-65.svg', 'page7-29.svg', 'page7-73.svg', 'page6-23.svg', 'page5-40.svg', 'page1-77.svg', 'page4-190.svg', 'page3-70.svg', 'page3-12.svg', 'page3-33.svg']",6.0,looks like a sofa,4.0,10.0,"(38,)",page3-70.svg,True,4.0
P1G021,P1R00539,19,3,page3-61.svg,False,1.0,high,single-utterance-unidirectional,P1-098,P1-096,"['page7-166.svg', 'page1-95.svg', 'page5-153.svg', 'page4-190.svg', 'page7-202.svg', 'page7-126.svg', 'page3-61.svg', 'page2-16.svg', 'page5-96.svg', 'page7-127.svg']",27.0,corner triangle connected to a table,6.0,34.0,,,,6.0
P1G002,P1R00775,4,0,page6-21.svg,False,1.0,high,single-utterance-unidirectional,P1-081,P1-013,"['page8-234.svg', 'page1-132.svg', 'page5-85.svg', 'page6-21.svg', 'page6-185.svg', 'page6-52.svg', 'page5-63.svg', 'page7-113.svg', 'page6-228.svg', 'page7-203.svg']",10.0,Looks like half a rectangle split half way,12.0,42.0,,,,8.0
P1G028,P1R01706,28,4,page1-133.svg,False,0.5444444444444445,low,single-utterance-unidirectional,P1-069,P1-027,"['page1-77.svg', 'page8-183.svg', 'page6-206.svg', 'page6-121.svg', 'page6-135.svg', 'page7-79.svg', 'page1-133.svg', 'page4-5.svg', 'page7-202.svg', 'page7-20.svg']",12.0,Coffin,1.0,15.0,"(22,)",page1-133.svg,True,1.0
P1G046,P1R00481,1,0,page8-54.svg,True,0.7185185185185186,low,single-utterance-unidirectional,P1-045,P1-015,"['page7-20.svg', 'page8-54.svg', 'page7-40.svg', 'page1-175.svg', 'page8-38.svg', 'page7-15.svg', 'page8-183.svg', 'page3-52.svg', 'page4-244.svg', 'page5-36.svg']",12.0,a person on their knees facing left,7.0,23.0,"(31,)",page8-54.svg,True,7.0
P1G018,P1R01644,11,1,page2-133.svg,False,1.0,high,single-utterance-unidirectional,P1-010,P1-093,"['page5-102.svg', 'page2-133.svg', 'page4-241.svg', 'page6-171.svg', 'page7-216.svg', 'page2-86.svg', 'page6-219.svg', 'page4-180.svg', 'page1-95.svg', 'page8-21.svg']",,,,,,,,
P1G001,P1R01225,2,0,page5-153.svg,False,0.6425925925925926,low,single-utterance-unidirectional,P1-053,P1-007,"['page2-36.svg', 'page4-197.svg', 'page1-150.svg', 'page3-33.svg', 'page5-153.svg', 'page6-124.svg', 'page7-107.svg', 'page5-40.svg', 'page8-58.svg', 'page5-45.svg']",22.0,Bowl with two handles,4.0,40.0,"(47,)",page5-153.svg,True,4.0
P1G056,P1R01548,6,1,page8-21.svg,True,0.5000000000000001,low,single-utterance-unidirectional,P1-005,P1-018,"['page5-45.svg', 'page8-21.svg', 'page4-142.svg', 'page5-85.svg', 'page7-22.svg', 'page5-232.svg', 'page7-157.svg', 'page3-66.svg', 'page8-248.svg', 'page7-225.svg']",8.0,looks like a chicken,4.0,13.0,"(24,)",page8-21.svg,True,4.0
P1G028,P1R00473,2,0,page7-79.svg,False,0.7777777777777777,low,single-utterance-unidirectional,P1-069,P1-027,"['page1-77.svg', 'page8-183.svg', 'page6-206.svg', 'page6-121.svg', 'page6-135.svg', 'page7-79.svg', 'page1-133.svg', 'page4-5.svg', 'page7-202.svg', 'page7-20.svg']",38.0,,,,,,,
P1G033,P1R00298,7,1,page7-225.svg,False,1.0,high,single-utterance-unidirectional,P1-105,P1-099,"['page5-45.svg', 'page8-21.svg', 'page4-142.svg', 'page5-85.svg', 'page7-22.svg', 'page5-232.svg', 'page7-157.svg', 'page3-66.svg', 'page8-248.svg', 'page7-225.svg']",15.0,person reclining with triangle on their nose,7.0,33.0,"(51,)",page7-225.svg,True,7.0
P1G030,P1R00340,4,0,page7-125.svg,False,0.9935185185185184,high,single-utterance-unidirectional,P1-063,P1-050,"['page6-208.svg', 'page5-165.svg', 'page7-41.svg', 'page8-169.svg', 'page8-38.svg', 'page5-86.svg', 'page7-125.svg', 'page2-20.svg', 'page3-33.svg', 'page7-107.svg']",12.0,,,,,,,
P1G026,P1R01275,4,0,page9-40.svg,True,1.0,high,single-utterance-unidirectional,P1-091,P1-011,"['page1-48.svg', 'page1-133.svg', 'page9-40.svg', 'page8-38.svg', 'page7-44.svg', 'page-F.svg', 'page5-45.svg', 'page4-195.svg', 'page6-206.svg', 'page7-55.svg']",35.0,a house shape but without the tip,7.0,41.0,,,,7.0
P1G025,P1R01201,25,4,page3-33.svg,False,0.6111111111111112,low,single-utterance-unidirectional,P1-112,P1-056,"['page8-247.svg', 'page6-206.svg', 'page1-117.svg', 'page2-140.svg', 'page1-30.svg', 'page9-39.svg', 'page1-185.svg', 'page3-33.svg', 'page6-228.svg', 'page7-81.svg']",9.0,3 mini peaks,3.0,16.0,"(23,)",page3-33.svg,True,3.0
P1G041,P1R01556,29,4,page7-125.svg,False,0.9935185185185184,high,single-utterance-unidirectional,P1-004,P1-113,"['page6-208.svg', 'page5-165.svg', 'page7-41.svg', 'page8-169.svg', 'page8-38.svg', 'page5-86.svg', 'page7-125.svg', 'page2-20.svg', 'page3-33.svg', 'page7-107.svg']",9.0,Don't fall off the CLIFF edge,6.0,15.0,"(22,)",page7-125.svg,True,6.0
P1G023,P1R01617,12,2,page7-40.svg,False,0.7611111111111111,low,single-utterance-unidirectional,P1-117,P1-003,"['page1-175.svg', 'page7-15.svg', 'page3-52.svg', 'page8-54.svg', 'page4-244.svg', 'page5-36.svg', 'page7-40.svg', 'page8-183.svg', 'page8-38.svg', 'page7-20.svg']",3.0,Square with tail,3.0,7.0,"(25,)",page7-40.svg,True,3.0
P1G046,P1R00211,16,2,page1-175.svg,True,1.0,high,single-utterance-unidirectional,P1-045,P1-015,"['page7-20.svg', 'page8-54.svg', 'page7-40.svg', 'page1-175.svg', 'page8-38.svg', 'page7-15.svg', 'page8-183.svg', 'page3-52.svg', 'page4-244.svg', 'page5-36.svg']",6.0,squashed box,2.0,12.0,"(22,)",page1-175.svg,True,2.0
P1G034,P1R00462,6,1,page5-63.svg,False,0.9935185185185184,high,single-utterance-unidirectional,P1-084,P1-065,"['page6-155.svg', 'page7-113.svg', 'page2-34.svg', 'page7-115.svg', 'page7-44.svg', 'page3-33.svg', 'page6-52.svg', 'page5-121.svg', 'page6-175.svg', 'page5-63.svg']",13.0,It looks like a mountain on the right,8.0,31.0,"(52,)",page5-63.svg,True,8.0
P1G011,P1R00928,23,3,page6-124.svg,False,1.0,high,single-utterance-unidirectional,P1-041,P1-088,"['page5-40.svg', 'page7-107.svg', 'page8-58.svg', 'page2-36.svg', 'page6-124.svg', 'page3-33.svg', 'page5-45.svg', 'page4-197.svg', 'page1-150.svg', 'page5-153.svg']",8.0,white rectangle in middle,4.0,21.0,"(34,)",page6-124.svg,True,4.0
P1G055,P1R01675,9,1,page6-155.svg,False,1.0,high,single-utterance-unidirectional,P1-100,P1-111,"['page6-155.svg', 'page7-113.svg', 'page2-34.svg', 'page7-115.svg', 'page7-44.svg', 'page3-33.svg', 'page6-52.svg', 'page5-121.svg', 'page6-175.svg', 'page5-63.svg']",4.0,"looks like a bird, long neck",6.0,17.0,"(29,)",page6-155.svg,True,6.0
P1G015,P1R00236,14,2,page4-195.svg,False,1.0,high,single-utterance-unidirectional,P1-028,P1-025,"['page7-44.svg', 'page7-55.svg', 'page6-206.svg', 'page1-48.svg', 'page8-38.svg', 'page5-45.svg', 'page9-40.svg', 'page1-133.svg', 'page-F.svg', 'page4-195.svg']",12.0,Assault rifle,2.0,15.0,"(22,)",page4-195.svg,True,2.0
P1G023,P1R00774,27,4,page7-20.svg,False,1.0,high,single-utterance-unidirectional,P1-117,P1-003,"['page1-175.svg', 'page7-15.svg', 'page3-52.svg', 'page8-54.svg', 'page4-244.svg', 'page5-36.svg', 'page7-40.svg', 'page8-183.svg', 'page8-38.svg', 'page7-20.svg']",13.0,Bigger parallelogram,2.0,34.0,"(43,)",page7-20.svg,True,2.0
P1G012,P1R00448,28,4,page1-186.svg,False,0.4972222222222222,low,single-utterance-unidirectional,P1-076,P1-024,"['page7-186.svg', 'page7-36.svg', 'page1-133.svg', 'page1-186.svg', 'page7-126.svg', 'page6-186.svg', 'page2-165.svg', 'page6-52.svg', 'page2-136.svg', 'page6-219.svg']",11.0,table,1.0,12.0,"(22,)",page1-186.svg,True,1.0
P1G019,P1R01146,25,4,page2-86.svg,False,0.7777777777777777,low,single-utterance-unidirectional,P1-020,P1-033,"['page5-165.svg', 'page5-101.svg', 'page2-86.svg', 'page6-166.svg', 'page7-126.svg', 'page8-169.svg', 'page4-180.svg', 'page6-167.svg', 'page3-139.svg', 'page1-117.svg']",13.0,couch with pointy legs,4.0,19.0,"(22,)",page2-86.svg,True,4.0
P1G045,P1R00309,6,1,page3-33.svg,False,0.6111111111111112,low,single-utterance-unidirectional,P1-001,P1-095,"['page6-196.svg', 'page4-98.svg', 'page5-80.svg', 'page4-96.svg', 'page6-52.svg', 'page2-85.svg', 'page6-109.svg', 'page5-65.svg', 'page3-33.svg', 'page7-41.svg']",6.0,3 mountains with a bookmark hovering above,7.0,26.0,"(33,)",page3-33.svg,True,7.0
P1G058,P1R01734,24,4,page1-34.svg,True,1.0,high,single-utterance-unidirectional,P1-054,P1-071,"['page4-11.svg', 'page6-219.svg', 'page1-95.svg', 'page1-77.svg', 'page2-36.svg', 'page1-34.svg', 'page9-40.svg', 'page5-85.svg', 'page5-26.svg', 'page2-133.svg']",13.0,two triangle tips at the top,6.0,27.0,,,,6.0
P1G010,P1R01410,24,4,page3-61.svg,False,1.0,high,single-utterance-unidirectional,P1-044,P1-032,"['page3-61.svg', 'page7-202.svg', 'page4-190.svg', 'page2-16.svg', 'page7-126.svg', 'page7-166.svg', 'page1-95.svg', 'page5-96.svg', 'page5-153.svg', 'page7-127.svg']",10.0,A long snake,3.0,12.0,"(33,)",page3-61.svg,True,3.0
P1G054,P1R00397,16,2,page3-12.svg,False,1.0,high,single-utterance-unidirectional,P1-106,P1-030,"['page5-65.svg', 'page7-29.svg', 'page7-73.svg', 'page6-23.svg', 'page5-40.svg', 'page1-77.svg', 'page4-190.svg', 'page3-70.svg', 'page3-12.svg', 'page3-33.svg']",4.0,arrow pointing down,3.0,10.0,"(19,)",page3-12.svg,True,3.0
P1G049,P1R01203,24,4,page8-21.svg,False,0.5000000000000001,low,single-utterance-unidirectional,P1-047,P1-110,"['page6-122.svg', 'page9-40.svg', 'page7-226.svg', 'page7-125.svg', 'page8-246.svg', 'page6-160.svg', 'page7-145.svg', 'page5-101.svg', 'page8-183.svg', 'page8-21.svg']",,,,,,,,
P1G045,P1R01614,23,3,page6-196.svg,True,0.7166666666666666,low,single-utterance-unidirectional,P1-001,P1-095,"['page6-196.svg', 'page4-98.svg', 'page5-80.svg', 'page4-96.svg', 'page6-52.svg', 'page2-85.svg', 'page6-109.svg', 'page5-65.svg', 'page3-33.svg', 'page7-41.svg']",7.0,,6.0,21.0,"(35,)",page6-196.svg,True,
P1G030,P1R00447,7,1,page2-20.svg,False,1.0,high,single-utterance-unidirectional,P1-050,P1-063,"['page6-208.svg', 'page3-33.svg', 'page7-107.svg', 'page2-20.svg', 'page8-169.svg', 'page8-38.svg', 'page7-41.svg', 'page5-86.svg', 'page7-125.svg', 'page5-165.svg']",5.0,"A W on a stand, kind of like the Wutang Clan logo",12.0,14.0,"(30,)",page2-20.svg,True,12.0
P1G009,P1R00212,26,4,page5-71.svg,False,0.3833333333333333,low,single-utterance-unidirectional,P1-104,P1-019,"['page5-85.svg', 'page7-225.svg', 'page5-63.svg', 'page3-33.svg', 'page5-84.svg', 'page6-208.svg', 'page5-71.svg', 'page4-128.svg', 'page6-52.svg', 'page4-155.svg']",5.0,eagle,1.0,6.0,"(14,)",page5-71.svg,True,1.0
P1G060,P1R01259,18,3,page5-84.svg,False,0.5111111111111112,low,single-utterance-unidirectional,P1-012,P1-021,"['page5-63.svg', 'page6-208.svg', 'page4-128.svg', 'page5-71.svg', 'page3-33.svg', 'page6-52.svg', 'page5-84.svg', 'page5-85.svg', 'page4-155.svg', 'page7-225.svg']",5.0,Like a horse,3.0,8.0,"(14,)",page5-84.svg,True,3.0
P1G046,P1R01246,29,4,page7-40.svg,False,0.7611111111111111,low,single-utterance-unidirectional,P1-015,P1-045,"['page1-175.svg', 'page7-15.svg', 'page3-52.svg', 'page8-54.svg', 'page4-244.svg', 'page5-36.svg', 'page7-40.svg', 'page8-183.svg', 'page8-38.svg', 'page7-20.svg']",5.0,wave,1.0,7.0,"(13,)",page7-40.svg,True,1.0
P1G055,P1R00388,29,4,page5-63.svg,False,0.9935185185185184,high,single-utterance-unidirectional,P1-111,P1-100,"['page5-121.svg', 'page3-33.svg', 'page6-52.svg', 'page7-44.svg', 'page5-63.svg', 'page2-34.svg', 'page6-155.svg', 'page7-115.svg', 'page6-175.svg', 'page7-113.svg']",5.0,pyramid with spear,3.0,8.0,"(13,)",page5-63.svg,True,3.0
P1G032,P1R00526,7,1,page6-135.svg,False,1.0,high,single-utterance-unidirectional,P1-022,P1-118,"['page7-202.svg', 'page8-183.svg', 'page7-79.svg', 'page6-121.svg', 'page1-133.svg', 'page6-206.svg', 'page7-20.svg', 'page6-135.svg', 'page1-77.svg', 'page4-5.svg']",14.0,Looks like someones legs who are up and laying down,10.0,39.0,"(47,)",page7-79.svg,False,10.0
P1G049,P1R01448,20,3,page8-21.svg,False,0.5000000000000001,low,single-utterance-unidirectional,P1-110,P1-047,"['page8-246.svg', 'page7-125.svg', 'page6-122.svg', 'page7-226.svg', 'page7-145.svg', 'page8-21.svg', 'page5-101.svg', 'page6-160.svg', 'page9-40.svg', 'page8-183.svg']",,,,,,,,
P1G010,P1R00357,19,3,page3-61.svg,False,1.0,high,single-utterance-unidirectional,P1-032,P1-044,"['page7-166.svg', 'page1-95.svg', 'page5-153.svg', 'page4-190.svg', 'page7-202.svg', 'page7-126.svg', 'page3-61.svg', 'page2-16.svg', 'page5-96.svg', 'page7-127.svg']",7.0,"downward L on the right, triangles on the left",9.0,20.0,"(26,)",page3-61.svg,True,9.0
P1G031,P1R00577,17,2,page5-139.svg,False,0.9925925925925926,high,single-utterance-unidirectional,P1-008,P1-079,"['page5-139.svg', 'page5-154.svg', 'page7-126.svg', 'page8-246.svg', 'page6-160.svg', 'page7-125.svg', 'page5-85.svg', 'page4-180.svg', 'page1-185.svg', 'page7-177.svg']",8.0,cut off vaccum pipe,4.0,18.0,"(23,)",page5-139.svg,True,4.0
P1G012,P1R00128,6,1,page6-186.svg,False,0.7546296296296297,low,single-utterance-unidirectional,P1-024,P1-076,"['page6-52.svg', 'page7-36.svg', 'page6-186.svg', 'page2-136.svg', 'page1-186.svg', 'page2-165.svg', 'page6-219.svg', 'page1-133.svg', 'page7-126.svg', 'page7-186.svg']",5.0,man with square head walking left,6.0,14.0,"(26,)",page6-186.svg,True,6.0
P1G024,P1R01122,25,4,page7-166.svg,False,1.0,high,single-utterance-unidirectional,P1-089,P1-026,"['page5-154.svg', 'page8-56.svg', 'page3-70.svg', 'page7-216.svg', 'page7-115.svg', 'page5-26.svg', 'page6-204.svg', 'page7-55.svg', 'page5-86.svg', 'page7-166.svg']",6.0,Looks like a dish resting on a triangle,8.0,21.0,"(33,)",page7-166.svg,True,8.0
P1G027,P1R01160,9,1,page3-201.svg,False,0.5548148148148148,low,single-utterance-unidirectional,P1-060,P1-055,"['page7-55.svg', 'page7-202.svg', 'page1-107.svg', 'page6-122.svg', 'page2-140.svg', 'page8-246.svg', 'page1-172.svg', 'page3-201.svg', 'page8-159.svg', 'page4-142.svg']",11.0,robot,1.0,20.0,"(34,)",page3-201.svg,True,1.0
P1G028,P1R01280,16,2,page7-20.svg,True,1.0,high,single-utterance-unidirectional,P1-027,P1-069,"['page7-202.svg', 'page8-183.svg', 'page7-79.svg', 'page6-121.svg', 'page1-133.svg', 'page6-206.svg', 'page7-20.svg', 'page6-135.svg', 'page1-77.svg', 'page4-5.svg']",7.0,looks like an escalator,4.0,12.0,"(38,)",page7-20.svg,True,4.0
P1G037,P1R00314,22,3,page2-133.svg,False,1.0,high,single-utterance-unidirectional,P1-002,P1-037,"['page5-102.svg', 'page2-133.svg', 'page4-241.svg', 'page6-171.svg', 'page7-216.svg', 'page2-86.svg', 'page6-219.svg', 'page4-180.svg', 'page1-95.svg', 'page8-21.svg']",9.0,upside down traffic light,4.0,23.0,"(39,)",page2-133.svg,True,4.0
P1G027,P1R01198,15,2,page1-107.svg,True,0.5796296296296297,low,single-utterance-unidirectional,P1-060,P1-055,"['page7-55.svg', 'page7-202.svg', 'page1-107.svg', 'page6-122.svg', 'page2-140.svg', 'page8-246.svg', 'page1-172.svg', 'page3-201.svg', 'page8-159.svg', 'page4-142.svg']",4.0,open book on stand,4.0,9.0,"(18,)",page1-107.svg,True,4.0
P1G039,P1R00959,16,2,page8-159.svg,False,1.0,high,single-utterance-unidirectional,P1-120,P1-062,"['page8-58.svg', 'page5-96.svg', 'page8-159.svg', 'page7-53.svg', 'page1-150.svg', 'page6-226.svg', 'page7-73.svg', 'page6-206.svg', 'page5-128.svg', 'page6-71.svg']",3.0,The letter 'J',3.0,6.0,"(13,)",page8-159.svg,True,3.0
P1G050,P1R00859,12,2,page2-140.svg,False,1.0,high,single-utterance-unidirectional,P1-090,P1-017,"['page8-247.svg', 'page6-206.svg', 'page1-117.svg', 'page2-140.svg', 'page1-30.svg', 'page9-39.svg', 'page1-185.svg', 'page3-33.svg', 'page6-228.svg', 'page7-81.svg']",4.0,It looks like a bed with a leg on it,10.0,12.0,"(25,)",page2-140.svg,True,10.0
P1G051,P1R00017,26,4,page6-155.svg,False,1.0,high,single-utterance-unidirectional,P1-042,P1-006,"['page5-121.svg', 'page3-33.svg', 'page6-52.svg', 'page7-44.svg', 'page5-63.svg', 'page2-34.svg', 'page6-155.svg', 'page7-115.svg', 'page6-175.svg', 'page7-113.svg']",10.0,,,,,,,
P1G037,P1R00243,27,4,page5-102.svg,True,0.7444444444444442,low,single-utterance-unidirectional,P1-002,P1-037,"['page5-102.svg', 'page2-133.svg', 'page4-241.svg', 'page6-171.svg', 'page7-216.svg', 'page2-86.svg', 'page6-219.svg', 'page4-180.svg', 'page1-95.svg', 'page8-21.svg']",39.0,,,,,,,
P1G050,P1R01567,0,0,page1-117.svg,False,1.0,high,single-utterance-unidirectional,P1-090,P1-017,"['page8-247.svg', 'page6-206.svg', 'page1-117.svg', 'page2-140.svg', 'page1-30.svg', 'page9-39.svg', 'page1-185.svg', 'page3-33.svg', 'page6-228.svg', 'page7-81.svg']",16.0,It is wide and tall with the V part at the top and a large wide rectangular center. symmetric,19.0,44.0,,,,19.0
P1G012,P1R01353,10,1,page1-186.svg,False,0.4972222222222222,low,single-utterance-unidirectional,P1-024,P1-076,"['page6-52.svg', 'page7-36.svg', 'page6-186.svg', 'page2-136.svg', 'page1-186.svg', 'page2-165.svg', 'page6-219.svg', 'page1-133.svg', 'page7-126.svg', 'page7-186.svg']",11.0,the table,2.0,15.0,"(22,)",page1-186.svg,True,2.0
P1G032,P1R00069,12,2,page6-206.svg,False,0.7333333333333333,low,single-utterance-unidirectional,P1-118,P1-022,"['page1-77.svg', 'page8-183.svg', 'page6-206.svg', 'page6-121.svg', 'page6-135.svg', 'page7-79.svg', 'page1-133.svg', 'page4-5.svg', 'page7-202.svg', 'page7-20.svg']",17.0,Kind of looks like a big face looking to the right,11.0,20.0,"(37,)",page8-183.svg,False,11.0
P1G054,P1R00644,26,4,page3-70.svg,False,1.0,high,single-utterance-unidirectional,P1-106,P1-030,"['page5-65.svg', 'page7-29.svg', 'page7-73.svg', 'page6-23.svg', 'page5-40.svg', 'page1-77.svg', 'page4-190.svg', 'page3-70.svg', 'page3-12.svg', 'page3-33.svg']",11.0,slug,1.0,12.0,"(22,)",page3-70.svg,True,1.0
P1G041,P1R01077,19,3,page5-86.svg,False,0.4833333333333334,low,single-utterance-unidirectional,P1-113,P1-004,"['page6-208.svg', 'page3-33.svg', 'page7-107.svg', 'page2-20.svg', 'page8-169.svg', 'page8-38.svg', 'page7-41.svg', 'page5-86.svg', 'page7-125.svg', 'page5-165.svg']",12.0,A swimming duck.,8.0,18.0,"(23,)",page5-86.svg,True,3.0
P1G021,P1R01432,23,3,page5-153.svg,False,0.6425925925925926,low,single-utterance-unidirectional,P1-098,P1-096,"['page7-166.svg', 'page1-95.svg', 'page5-153.svg', 'page4-190.svg', 'page7-202.svg', 'page7-126.svg', 'page3-61.svg', 'page2-16.svg', 'page5-96.svg', 'page7-127.svg']",10.0,upside down crab,3.0,14.0,"(43,)",page5-153.svg,True,3.0
P1G036,P1R00661,26,4,page9-39.svg,False,0.7407407407407408,low,single-utterance-unidirectional,P1-029,P1-114,"['page8-247.svg', 'page6-206.svg', 'page1-117.svg', 'page2-140.svg', 'page1-30.svg', 'page9-39.svg', 'page1-185.svg', 'page3-33.svg', 'page6-228.svg', 'page7-81.svg']",6.0,like a pipe,3.0,7.0,"(13,)",page9-39.svg,True,3.0
P1G029,P1R01698,22,3,page7-36.svg,False,1.0,high,single-utterance-unidirectional,P1-094,P1-052,"['page6-162.svg', 'page7-226.svg', 'page7-177.svg', 'page8-156.svg', 'page7-53.svg', 'page7-41.svg', 'page7-36.svg', 'page-F.svg', 'page7-145.svg', 'page8-192.svg']",10.0,triangle with 2 squares under it,6.0,20.0,"(24,)",page7-36.svg,True,6.0
P1G058,P1R00608,23,3,page2-36.svg,True,0.6666666666666667,low,single-utterance-unidirectional,P1-054,P1-071,"['page4-11.svg', 'page6-219.svg', 'page1-95.svg', 'page1-77.svg', 'page2-36.svg', 'page1-34.svg', 'page9-40.svg', 'page5-85.svg', 'page5-26.svg', 'page2-133.svg']",12.0,letter h,2.0,16.0,"(23,)",page2-36.svg,True,2.0
P1G005,P1R00780,6,1,page1-185.svg,False,0.6611111111111112,low,single-utterance-unidirectional,P1-059,P1-036,"['page8-246.svg', 'page7-125.svg', 'page6-160.svg', 'page5-85.svg', 'page1-185.svg', 'page5-139.svg', 'page4-180.svg', 'page5-154.svg', 'page7-177.svg', 'page7-126.svg']",11.0,a chalice or cup,4.0,19.0,"(26,)",page1-185.svg,True,4.0
P1G047,P1R00497,17,2,page7-29.svg,False,1.0,high,single-utterance-unidirectional,P1-080,P1-102,"['page3-70.svg', 'page8-156.svg', 'page7-40.svg', 'page2-165.svg', 'page8-21.svg', 'page6-171.svg', 'page1-95.svg', 'page3-61.svg', 'page7-29.svg', 'page5-101.svg']",6.0,bat flying to the RIGHT.,5.0,10.0,"(14,)",page7-29.svg,True,5.0
P1G048,P1R01367,14,2,page4-142.svg,False,1.0,high,single-utterance-unidirectional,P1-016,P1-097,"['page6-245.svg', 'page6-107.svg', 'page4-142.svg', 'page7-177.svg', 'page8-18.svg', 'page5-80.svg', 'page7-217.svg', 'page5-155.svg', 'page2-131.svg', 'page6-109.svg']",11.0,a horn thats on the right side,7.0,17.0,,,,7.0
P1G051,P1R00098,24,4,page5-121.svg,False,0.9925925925925926,high,single-utterance-unidirectional,P1-042,P1-006,"['page5-121.svg', 'page3-33.svg', 'page6-52.svg', 'page7-44.svg', 'page5-63.svg', 'page2-34.svg', 'page6-155.svg', 'page7-115.svg', 'page6-175.svg', 'page7-113.svg']",8.0,,,,,,,
P1G009,P1R01096,4,0,page4-128.svg,False,1.0,high,single-utterance-unidirectional,P1-104,P1-019,"['page5-85.svg', 'page7-225.svg', 'page5-63.svg', 'page3-33.svg', 'page5-84.svg', 'page6-208.svg', 'page5-71.svg', 'page4-128.svg', 'page6-52.svg', 'page4-155.svg']",12.0,"looks like a big printer, big rectangle with square on top",11.0,29.0,"(36,)",page4-128.svg,True,11.0
P1G051,P1R00156,19,3,page3-33.svg,True,0.6111111111111112,low,single-utterance-unidirectional,P1-006,P1-042,"['page6-155.svg', 'page7-113.svg', 'page2-34.svg', 'page7-115.svg', 'page7-44.svg', 'page3-33.svg', 'page6-52.svg', 'page5-121.svg', 'page6-175.svg', 'page5-63.svg']",8.0,"its three triangles that look like mountains that has a square on top, but has a cut out in the middle triangle that looks like snow ontop of the middle mountain",31.0,42.0,"(59,)",,,31.0
P1G059,P1R00740,19,3,page2-140.svg,False,1.0,high,single-utterance-unidirectional,P1-058,P1-038,"['page1-117.svg', 'page6-206.svg', 'page1-30.svg', 'page7-81.svg', 'page9-39.svg', 'page8-247.svg', 'page2-140.svg', 'page6-228.svg', 'page1-185.svg', 'page3-33.svg']",8.0,Canoe with rectangle and square on top,7.0,19.0,"(22,)",page2-140.svg,True,7.0
P1G009,P1R01166,19,3,page6-52.svg,False,1.0,high,single-utterance-unidirectional,P1-019,P1-104,"['page5-63.svg', 'page6-208.svg', 'page4-128.svg', 'page5-71.svg', 'page3-33.svg', 'page6-52.svg', 'page5-84.svg', 'page5-85.svg', 'page4-155.svg', 'page7-225.svg']",31.0,flat on top,3.0,35.0,,,,3.0
P1G039,P1R01016,27,4,page8-159.svg,False,1.0,high,single-utterance-unidirectional,P1-120,P1-062,"['page8-58.svg', 'page5-96.svg', 'page8-159.svg', 'page7-53.svg', 'page1-150.svg', 'page6-226.svg', 'page7-73.svg', 'page6-206.svg', 'page5-128.svg', 'page6-71.svg']",5.0,Letter 'J',2.0,7.0,"(12,)",page8-159.svg,True,2.0
P1G058,P1R01603,17,2,page1-95.svg,True,1.0,high,single-utterance-unidirectional,P1-054,P1-071,"['page4-11.svg', 'page6-219.svg', 'page1-95.svg', 'page1-77.svg', 'page2-36.svg', 'page1-34.svg', 'page9-40.svg', 'page5-85.svg', 'page5-26.svg', 'page2-133.svg']",14.0,a sledge on top of a sledge,7.0,23.0,"(56,)",page2-36.svg,False,7.0
P1G018,P1R00419,29,4,page4-241.svg,False,0.995,high,single-utterance-unidirectional,P1-093,P1-010,"['page6-171.svg', 'page4-241.svg', 'page5-102.svg', 'page2-133.svg', 'page1-95.svg', 'page6-219.svg', 'page7-216.svg', 'page2-86.svg', 'page8-21.svg', 'page4-180.svg']",,,,,,,,
P1G060,P1R01144,17,2,page6-52.svg,False,1.0,high,single-utterance-unidirectional,P1-021,P1-012,"['page5-85.svg', 'page7-225.svg', 'page5-63.svg', 'page3-33.svg', 'page5-84.svg', 'page6-208.svg', 'page5-71.svg', 'page4-128.svg', 'page6-52.svg', 'page4-155.svg']",17.0,,,,,,,
P1G019,P1R00968,19,3,page2-86.svg,False,0.7777777777777777,low,single-utterance-unidirectional,P1-033,P1-020,"['page2-86.svg', 'page7-126.svg', 'page5-101.svg', 'page8-169.svg', 'page3-139.svg', 'page6-166.svg', 'page6-167.svg', 'page4-180.svg', 'page5-165.svg', 'page1-117.svg']",12.0,Couch with pointed legs,4.0,17.0,"(23,)",page2-86.svg,True,4.0
P1G011,P1R01223,16,2,page8-58.svg,False,0.7259259259259259,low,single-utterance-unidirectional,P1-088,P1-041,"['page2-36.svg', 'page4-197.svg', 'page1-150.svg', 'page3-33.svg', 'page5-153.svg', 'page6-124.svg', 'page7-107.svg', 'page5-40.svg', 'page8-58.svg', 'page5-45.svg']",8.0,person walking right,3.0,14.0,"(33,)",page8-58.svg,True,3.0
P1G048,P1R00025,6,1,page4-142.svg,False,1.0,high,single-utterance-unidirectional,P1-097,P1-016,"['page4-142.svg', 'page5-80.svg', 'page2-131.svg', 'page5-155.svg', 'page6-245.svg', 'page8-18.svg', 'page7-217.svg', 'page6-107.svg', 'page7-177.svg', 'page6-109.svg']",5.0,Looks like a horn with the end pointing to the left and the mouth piece in the top right,19.0,33.0,"(49,)",page4-142.svg,True,19.0
P1G052,P1R01418,28,4,page5-66.svg,True,1.0,high,single-utterance-unidirectional,P1-107,P1-108,"['page5-153.svg', 'page8-169.svg', 'page3-12.svg', 'page6-71.svg', 'page7-15.svg', 'page6-160.svg', 'page7-20.svg', 'page9-39.svg', 'page5-84.svg', 'page5-66.svg']",,,,,,,,
P1G037,P1R00607,28,4,page2-86.svg,False,0.7777777777777777,low,single-utterance-unidirectional,P1-037,P1-002,"['page6-171.svg', 'page4-241.svg', 'page5-102.svg', 'page2-133.svg', 'page1-95.svg', 'page6-219.svg', 'page7-216.svg', 'page2-86.svg', 'page8-21.svg', 'page4-180.svg']",6.0,Two headed dog bottom row,5.0,14.0,"(20,)",page2-86.svg,True,5.0
P1G022,P1R01167,25,4,page6-52.svg,False,1.0,high,single-utterance-unidirectional,P1-072,P1-082,"['page6-196.svg', 'page7-41.svg', 'page6-109.svg', 'page5-65.svg', 'page2-85.svg', 'page4-98.svg', 'page4-96.svg', 'page6-52.svg', 'page3-33.svg', 'page5-80.svg']",10.0,"square left side, flat top, square and triangle sticking out",10.0,23.0,"(41,)",page6-52.svg,True,10.0
P1G054,P1R01462,11,1,page7-73.svg,False,0.6,low,single-utterance-unidirectional,P1-030,P1-106,"['page3-70.svg', 'page3-12.svg', 'page7-29.svg', 'page1-77.svg', 'page6-23.svg', 'page7-73.svg', 'page3-33.svg', 'page5-65.svg', 'page4-190.svg', 'page5-40.svg']",11.0,Big fish,2.0,13.0,"(22,)",page7-73.svg,True,2.0
P1G036,P1R01402,5,0,page3-33.svg,False,0.6111111111111112,low,single-utterance-unidirectional,P1-029,P1-114,"['page8-247.svg', 'page6-206.svg', 'page1-117.svg', 'page2-140.svg', 'page1-30.svg', 'page9-39.svg', 'page1-185.svg', 'page3-33.svg', 'page6-228.svg', 'page7-81.svg']",23.0,Mountains with three triangles and a square,7.0,43.0,,,,7.0
P1G019,P1R00229,22,3,page8-169.svg,False,1.0,high,single-utterance-unidirectional,P1-033,P1-020,"['page2-86.svg', 'page7-126.svg', 'page5-101.svg', 'page8-169.svg', 'page3-139.svg', 'page6-166.svg', 'page6-167.svg', 'page4-180.svg', 'page5-165.svg', 'page1-117.svg']",8.0,C shaped one,3.0,11.0,"(23,)",page8-169.svg,True,3.0
P1G021,P1R00978,3,0,page3-61.svg,False,1.0,high,single-utterance-unidirectional,P1-096,P1-098,"['page3-61.svg', 'page7-202.svg', 'page4-190.svg', 'page2-16.svg', 'page7-126.svg', 'page7-166.svg', 'page1-95.svg', 'page5-96.svg', 'page5-153.svg', 'page7-127.svg']",18.0,"a corner triangle to the left, with a table on the right",12.0,33.0,"(58,)",,,12.0
P1G028,P1R00444,18,3,page8-183.svg,False,1.0,high,single-utterance-unidirectional,P1-027,P1-069,"['page7-202.svg', 'page8-183.svg', 'page7-79.svg', 'page6-121.svg', 'page1-133.svg', 'page6-206.svg', 'page7-20.svg', 'page6-135.svg', 'page1-77.svg', 'page4-5.svg']",5.0,p,1.0,5.0,"(22,)",page8-183.svg,True,1.0
P1G060,P1R01441,16,2,page5-85.svg,False,0.5166666666666668,low,single-utterance-unidirectional,P1-021,P1-012,"['page5-85.svg', 'page7-225.svg', 'page5-63.svg', 'page3-33.svg', 'page5-84.svg', 'page6-208.svg', 'page5-71.svg', 'page4-128.svg', 'page6-52.svg', 'page4-155.svg']",5.0,Like a fox,3.0,7.0,"(10,)",page5-85.svg,True,3.0
P1G044,P1R00053,27,4,page8-246.svg,True,1.0,high,single-utterance-unidirectional,P1-068,P1-078,"['page8-246.svg', 'page7-125.svg', 'page6-122.svg', 'page7-226.svg', 'page7-145.svg', 'page8-21.svg', 'page5-101.svg', 'page6-160.svg', 'page9-40.svg', 'page8-183.svg']",5.0,kangaroo toppling forward,3.0,14.0,"(18,)",page8-246.svg,True,3.0
P1G027,P1R00460,18,3,page8-246.svg,True,1.0,high,single-utterance-unidirectional,P1-060,P1-055,"['page7-55.svg', 'page7-202.svg', 'page1-107.svg', 'page6-122.svg', 'page2-140.svg', 'page8-246.svg', 'page1-172.svg', 'page3-201.svg', 'page8-159.svg', 'page4-142.svg']",5.0,weird swastika,2.0,13.0,"(22,)",page8-246.svg,True,2.0
P1G032,P1R01503,21,3,page7-79.svg,False,0.7777777777777777,low,single-utterance-unidirectional,P1-022,P1-118,"['page7-202.svg', 'page8-183.svg', 'page7-79.svg', 'page6-121.svg', 'page1-133.svg', 'page6-206.svg', 'page7-20.svg', 'page6-135.svg', 'page1-77.svg', 'page4-5.svg']",10.0,Someone laying down on a bed,6.0,13.0,"(25,)",page7-79.svg,True,6.0
P1G046,P1R00269,21,3,page7-15.svg,True,0.5935185185185186,low,single-utterance-unidirectional,P1-045,P1-015,"['page7-20.svg', 'page8-54.svg', 'page7-40.svg', 'page1-175.svg', 'page8-38.svg', 'page7-15.svg', 'page8-183.svg', 'page3-52.svg', 'page4-244.svg', 'page5-36.svg']",13.0,mountainscape - peaks in a row,6.0,25.0,"(33,)",page7-15.svg,True,6.0
P1G014,P1R01061,22,3,page7-15.svg,False,0.5935185185185186,low,single-utterance-unidirectional,P1-103,P1-049,"['page5-153.svg', 'page8-169.svg', 'page3-12.svg', 'page6-71.svg', 'page7-15.svg', 'page6-160.svg', 'page7-20.svg', 'page9-39.svg', 'page5-84.svg', 'page5-66.svg']",4.0,mountain range,2.0,9.0,"(13,)",page7-15.svg,True,2.0
P1G045,P1R00398,8,1,page6-109.svg,False,1.0,high,single-utterance-unidirectional,P1-001,P1-095,"['page6-196.svg', 'page4-98.svg', 'page5-80.svg', 'page4-96.svg', 'page6-52.svg', 'page2-85.svg', 'page6-109.svg', 'page5-65.svg', 'page3-33.svg', 'page7-41.svg']",18.0,a cracked in half toblerone,5.0,28.0,"(39,)",page5-65.svg,False,5.0
P1G059,P1R00495,1,0,page1-30.svg,False,1.0,high,single-utterance-unidirectional,P1-038,P1-058,"['page8-247.svg', 'page6-206.svg', 'page1-117.svg', 'page2-140.svg', 'page1-30.svg', 'page9-39.svg', 'page1-185.svg', 'page3-33.svg', 'page6-228.svg', 'page7-81.svg']",9.0,"Like an arrow pointing upwards, triangle on the top",9.0,21.0,"(34,)",page1-30.svg,True,9.0
P1G015,P1R00781,23,3,page7-55.svg,True,0.7333333333333333,low,single-utterance-unidirectional,P1-025,P1-028,"['page1-48.svg', 'page1-133.svg', 'page9-40.svg', 'page8-38.svg', 'page7-44.svg', 'page-F.svg', 'page5-45.svg', 'page4-195.svg', 'page6-206.svg', 'page7-55.svg']",10.0,chess piece,2.0,12.0,"(27,)",page7-55.svg,True,2.0
P1G060,P1R00350,26,4,page5-71.svg,False,0.3833333333333333,low,single-utterance-unidirectional,P1-021,P1-012,"['page5-85.svg', 'page7-225.svg', 'page5-63.svg', 'page3-33.svg', 'page5-84.svg', 'page6-208.svg', 'page5-71.svg', 'page4-128.svg', 'page6-52.svg', 'page4-155.svg']",4.0,Bird looking down,3.0,8.0,"(12,)",page5-71.svg,True,3.0
P1G048,P1R00546,13,2,page7-177.svg,False,1.0,high,single-utterance-unidirectional,P1-016,P1-097,"['page6-245.svg', 'page6-107.svg', 'page4-142.svg', 'page7-177.svg', 'page8-18.svg', 'page5-80.svg', 'page7-217.svg', 'page5-155.svg', 'page2-131.svg', 'page6-109.svg']",12.0,a Y that is tilted to the left,8.0,21.0,"(43,)",page7-177.svg,True,8.0
P1G046,P1R00380,8,1,page5-36.svg,False,1.0,high,single-utterance-unidirectional,P1-045,P1-015,"['page7-20.svg', 'page8-54.svg', 'page7-40.svg', 'page1-175.svg', 'page8-38.svg', 'page7-15.svg', 'page8-183.svg', 'page3-52.svg', 'page4-244.svg', 'page5-36.svg']",8.0,someone bent to the right waving a flag above their head,11.0,32.0,"(49,)",page8-183.svg,False,11.0
P1G035,P1R01371,27,4,page6-135.svg,False,1.0,high,single-utterance-unidirectional,P1-040,P1-119,"['page1-77.svg', 'page8-183.svg', 'page6-206.svg', 'page6-121.svg', 'page6-135.svg', 'page7-79.svg', 'page1-133.svg', 'page4-5.svg', 'page7-202.svg', 'page7-20.svg']",16.0,big W,2.0,19.0,"(23,)",page6-135.svg,True,2.0
P1G044,P1R00472,9,1,page9-40.svg,False,1.0,high,single-utterance-unidirectional,P1-068,P1-078,"['page8-246.svg', 'page7-125.svg', 'page6-122.svg', 'page7-226.svg', 'page7-145.svg', 'page8-21.svg', 'page5-101.svg', 'page6-160.svg', 'page9-40.svg', 'page8-183.svg']",12.0,a candlestick,2.0,14.0,"(23,)",page9-40.svg,True,2.0
P1G005,P1R00524,18,3,page7-126.svg,False,0.6666666666666667,low,single-utterance-unidirectional,P1-059,P1-036,"['page8-246.svg', 'page7-125.svg', 'page6-160.svg', 'page5-85.svg', 'page1-185.svg', 'page5-139.svg', 'page4-180.svg', 'page5-154.svg', 'page7-177.svg', 'page7-126.svg']",5.0,bird facing left,3.0,9.0,"(20,)",page7-126.svg,True,3.0
P1G048,P1R01257,26,4,page7-177.svg,False,1.0,high,single-utterance-unidirectional,P1-016,P1-097,"['page6-245.svg', 'page6-107.svg', 'page4-142.svg', 'page7-177.svg', 'page8-18.svg', 'page5-80.svg', 'page7-217.svg', 'page5-155.svg', 'page2-131.svg', 'page6-109.svg']",19.0,a Y that is titled to the left,8.0,26.0,,,,8.0
P1G024,P1R00379,29,4,page3-70.svg,True,1.0,high,single-utterance-unidirectional,P1-026,P1-089,"['page5-86.svg', 'page8-56.svg', 'page7-216.svg', 'page7-55.svg', 'page5-154.svg', 'page3-70.svg', 'page6-204.svg', 'page7-166.svg', 'page5-26.svg', 'page7-115.svg']",6.0,looks like a bed with pillows propped up on left,10.0,15.0,"(27,)",page3-70.svg,True,10.0
P1G047,P1R00791,26,4,page6-171.svg,False,0.4148148148148148,low,single-utterance-unidirectional,P1-080,P1-102,"['page3-70.svg', 'page8-156.svg', 'page7-40.svg', 'page2-165.svg', 'page8-21.svg', 'page6-171.svg', 'page1-95.svg', 'page3-61.svg', 'page7-29.svg', 'page5-101.svg']",11.0,man,1.0,13.0,"(23,)",page6-171.svg,True,1.0
P1G036,P1R00751,24,4,page2-140.svg,False,1.0,high,single-utterance-unidirectional,P1-029,P1-114,"['page8-247.svg', 'page6-206.svg', 'page1-117.svg', 'page2-140.svg', 'page1-30.svg', 'page9-39.svg', 'page1-185.svg', 'page3-33.svg', 'page6-228.svg', 'page7-81.svg']",5.0,like a bed with a finger on,7.0,14.0,"(24,)",page2-140.svg,True,7.0
P1G050,P1R01761,8,1,page1-117.svg,False,1.0,high,single-utterance-unidirectional,P1-017,P1-090,"['page1-117.svg', 'page6-206.svg', 'page1-30.svg', 'page7-81.svg', 'page9-39.svg', 'page8-247.svg', 'page2-140.svg', 'page6-228.svg', 'page1-185.svg', 'page3-33.svg']",5.0,it looks like a trophy,5.0,15.0,"(27,)",page1-185.svg,False,5.0
P1G049,P1R00875,11,1,page7-125.svg,False,0.9935185185185184,high,single-utterance-unidirectional,P1-110,P1-047,"['page8-246.svg', 'page7-125.svg', 'page6-122.svg', 'page7-226.svg', 'page7-145.svg', 'page8-21.svg', 'page5-101.svg', 'page6-160.svg', 'page9-40.svg', 'page8-183.svg']",10.0,Pillar,1.0,12.0,,,,1.0
P1G024,P1R01047,28,4,page7-55.svg,False,0.7333333333333333,low,single-utterance-unidirectional,P1-089,P1-026,"['page5-154.svg', 'page8-56.svg', 'page3-70.svg', 'page7-216.svg', 'page7-115.svg', 'page5-26.svg', 'page6-204.svg', 'page7-55.svg', 'page5-86.svg', 'page7-166.svg']",13.0,looks like a swan swimming to the right,8.0,29.0,"(33,)",page7-55.svg,True,8.0
P1G029,P1R00726,16,2,page7-36.svg,False,1.0,high,single-utterance-unidirectional,P1-052,P1-094,"['page8-156.svg', 'page8-192.svg', 'page6-162.svg', 'page7-53.svg', 'page7-145.svg', 'page7-177.svg', 'page7-226.svg', 'page-F.svg', 'page7-41.svg', 'page7-36.svg']",10.0,"triangle with two squares underneath, going into right corner",9.0,31.0,"(50,)",page7-36.svg,True,9.0
P1G045,P1R01573,20,3,page7-41.svg,False,0.7555555555555555,low,single-utterance-unidirectional,P1-001,P1-095,"['page6-196.svg', 'page4-98.svg', 'page5-80.svg', 'page4-96.svg', 'page6-52.svg', 'page2-85.svg', 'page6-109.svg', 'page5-65.svg', 'page3-33.svg', 'page7-41.svg']",14.0,house on boat,3.0,18.0,"(23,)",page7-41.svg,True,3.0
P1G059,P1R01605,18,3,page1-30.svg,False,1.0,high,single-utterance-unidirectional,P1-058,P1-038,"['page1-117.svg', 'page6-206.svg', 'page1-30.svg', 'page7-81.svg', 'page9-39.svg', 'page8-247.svg', 'page2-140.svg', 'page6-228.svg', 'page1-185.svg', 'page3-33.svg']",7.0,Triangle with arrow on top,5.0,12.0,"(25,)",page1-30.svg,True,5.0
P1G036,P1R01060,16,2,page3-33.svg,False,0.6111111111111112,low,single-utterance-unidirectional,P1-029,P1-114,"['page8-247.svg', 'page6-206.svg', 'page1-117.svg', 'page2-140.svg', 'page1-30.svg', 'page9-39.svg', 'page1-185.svg', 'page3-33.svg', 'page6-228.svg', 'page7-81.svg']",11.0,like a mountain with three triangles at the bottom and a square on top,14.0,26.0,"(36,)",page3-33.svg,True,14.0
P1G001,P1R00279,28,4,page6-124.svg,False,1.0,high,single-utterance-unidirectional,P1-053,P1-007,"['page2-36.svg', 'page4-197.svg', 'page1-150.svg', 'page3-33.svg', 'page5-153.svg', 'page6-124.svg', 'page7-107.svg', 'page5-40.svg', 'page8-58.svg', 'page5-45.svg']",2.0,Downward arrow with rectangle missing,5.0,10.0,"(13,)",page6-124.svg,True,5.0
P1G029,P1R00198,23,3,page8-156.svg,False,1.0,high,single-utterance-unidirectional,P1-094,P1-052,"['page6-162.svg', 'page7-226.svg', 'page7-177.svg', 'page8-156.svg', 'page7-53.svg', 'page7-41.svg', 'page7-36.svg', 'page-F.svg', 'page7-145.svg', 'page8-192.svg']",11.0,letter 'K',2.0,16.0,"(23,)",page8-156.svg,True,2.0
P1G032,P1R00604,15,2,page1-133.svg,False,0.5444444444444445,low,single-utterance-unidirectional,P1-118,P1-022,"['page1-77.svg', 'page8-183.svg', 'page6-206.svg', 'page6-121.svg', 'page6-135.svg', 'page7-79.svg', 'page1-133.svg', 'page4-5.svg', 'page7-202.svg', 'page7-20.svg']",16.0,"Looks like the side of a barn, biggest picture of them all",12.0,20.0,"(25,)",page1-133.svg,True,12.0
P1G029,P1R01150,15,2,page8-192.svg,True,0.6444444444444446,low,single-utterance-unidirectional,P1-094,P1-052,"['page6-162.svg', 'page7-226.svg', 'page7-177.svg', 'page8-156.svg', 'page7-53.svg', 'page7-41.svg', 'page7-36.svg', 'page-F.svg', 'page7-145.svg', 'page8-192.svg']",4.0,"horse facing left, standing",4.0,14.0,"(23,)",page8-192.svg,True,4.0
P1G056,P1R01765,9,1,page5-45.svg,False,1.0,high,single-utterance-unidirectional,P1-005,P1-018,"['page5-45.svg', 'page8-21.svg', 'page4-142.svg', 'page5-85.svg', 'page7-22.svg', 'page5-232.svg', 'page7-157.svg', 'page3-66.svg', 'page8-248.svg', 'page7-225.svg']",17.0,house with a big open door,6.0,26.0,"(32,)",page5-45.svg,True,6.0
P1G006,P1R00940,7,1,page1-150.svg,False,1.0,high,single-utterance-unidirectional,P1-073,P1-077,"['page6-226.svg', 'page5-96.svg', 'page6-206.svg', 'page7-53.svg', 'page6-71.svg', 'page7-73.svg', 'page8-159.svg', 'page5-128.svg', 'page8-58.svg', 'page1-150.svg']",8.0,A water fountain,3.0,16.0,"(23,)",page1-150.svg,True,3.0
P1G010,P1R00259,16,2,page4-190.svg,False,1.0,high,single-utterance-unidirectional,P1-044,P1-032,"['page3-61.svg', 'page7-202.svg', 'page4-190.svg', 'page2-16.svg', 'page7-126.svg', 'page7-166.svg', 'page1-95.svg', 'page5-96.svg', 'page5-153.svg', 'page7-127.svg']",8.0,A hedgehog with three triangles on top.,7.0,17.0,"(42,)",page4-190.svg,True,7.0
P1G009,P1R00206,12,2,page5-71.svg,False,0.3833333333333333,low,single-utterance-unidirectional,P1-104,P1-019,"['page5-85.svg', 'page7-225.svg', 'page5-63.svg', 'page3-33.svg', 'page5-84.svg', 'page6-208.svg', 'page5-71.svg', 'page4-128.svg', 'page6-52.svg', 'page4-155.svg']",5.0,Eagle.,12.0,18.0,"(30,)",page5-71.svg,True,1.0
P1G048,P1R00891,19,3,page8-18.svg,True,0.3777777777777778,low,single-utterance-unidirectional,P1-097,P1-016,"['page4-142.svg', 'page5-80.svg', 'page2-131.svg', 'page5-155.svg', 'page6-245.svg', 'page8-18.svg', 'page7-217.svg', 'page6-107.svg', 'page7-177.svg', 'page6-109.svg']",12.0,A duck facing left,4.0,18.0,"(25,)",page8-18.svg,True,4.0
P1G048,P1R01224,28,4,page2-131.svg,False,0.5333333333333334,low,single-utterance-unidirectional,P1-016,P1-097,"['page6-245.svg', 'page6-107.svg', 'page4-142.svg', 'page7-177.svg', 'page8-18.svg', 'page5-80.svg', 'page7-217.svg', 'page5-155.svg', 'page2-131.svg', 'page6-109.svg']",5.0,a hammer pointing to the right,6.0,11.0,"(32,)",page2-131.svg,True,6.0
P1G007,P1R00547,4,0,page5-84.svg,False,0.5111111111111112,low,single-utterance-unidirectional,P1-067,P1-115,"['page6-71.svg', 'page7-15.svg', 'page8-169.svg', 'page5-66.svg', 'page7-20.svg', 'page9-39.svg', 'page5-153.svg', 'page3-12.svg', 'page6-160.svg', 'page5-84.svg']",13.0,looks like bird looking down,5.0,20.0,"(25,)",page5-66.svg,False,5.0
P1G027,P1R00862,28,4,page3-201.svg,False,0.5548148148148148,low,single-utterance-unidirectional,P1-055,P1-060,"['page1-172.svg', 'page8-246.svg', 'page6-122.svg', 'page7-202.svg', 'page1-107.svg', 'page3-201.svg', 'page8-159.svg', 'page2-140.svg', 'page7-55.svg', 'page4-142.svg']",3.0,robot,1.0,5.0,"(13,)",page3-201.svg,True,1.0
P1G055,P1R00337,19,3,page3-33.svg,True,0.6111111111111112,low,single-utterance-unidirectional,P1-100,P1-111,"['page6-155.svg', 'page7-113.svg', 'page2-34.svg', 'page7-115.svg', 'page7-44.svg', 'page3-33.svg', 'page6-52.svg', 'page5-121.svg', 'page6-175.svg', 'page5-63.svg']",7.0,the one that looks like it has mountains or peaks,10.0,28.0,"(39,)",page3-33.svg,True,10.0
P1G041,P1R00345,15,2,page7-125.svg,False,0.9935185185185184,high,single-utterance-unidirectional,P1-004,P1-113,"['page6-208.svg', 'page5-165.svg', 'page7-41.svg', 'page8-169.svg', 'page8-38.svg', 'page5-86.svg', 'page7-125.svg', 'page2-20.svg', 'page3-33.svg', 'page7-107.svg']",8.0,"A cliff edge, wider at the top",7.0,12.0,"(22,)",page7-125.svg,True,7.0
P1G041,P1R00852,10,1,page7-41.svg,False,0.7555555555555555,low,single-utterance-unidirectional,P1-113,P1-004,"['page6-208.svg', 'page3-33.svg', 'page7-107.svg', 'page2-20.svg', 'page8-169.svg', 'page8-38.svg', 'page7-41.svg', 'page5-86.svg', 'page7-125.svg', 'page5-165.svg']",10.0,A house on a boat,5.0,15.0,"(23,)",page7-41.svg,True,5.0
P1G034,P1R00572,20,3,page5-121.svg,False,0.9925925925925926,high,single-utterance-unidirectional,P1-084,P1-065,"['page6-155.svg', 'page7-113.svg', 'page2-34.svg', 'page7-115.svg', 'page7-44.svg', 'page3-33.svg', 'page6-52.svg', 'page5-121.svg', 'page6-175.svg', 'page5-63.svg']",9.0,Hurricane symbol,2.0,14.0,"(23,)",page5-121.svg,True,2.0
P1G007,P1R01188,18,3,page9-39.svg,False,0.7407407407407408,low,single-utterance-unidirectional,P1-115,P1-067,"['page5-153.svg', 'page8-169.svg', 'page3-12.svg', 'page6-71.svg', 'page7-15.svg', 'page6-160.svg', 'page7-20.svg', 'page9-39.svg', 'page5-84.svg', 'page5-66.svg']",4.0,saxophone,1.0,7.0,"(17,)",page9-39.svg,True,1.0
P1G050,P1R01564,20,3,page1-117.svg,False,1.0,high,single-utterance-unidirectional,P1-017,P1-090,"['page1-117.svg', 'page6-206.svg', 'page1-30.svg', 'page7-81.svg', 'page9-39.svg', 'page8-247.svg', 'page2-140.svg', 'page6-228.svg', 'page1-185.svg', 'page3-33.svg']",4.0,its the tall trophy,4.0,13.0,"(35,)",page1-117.svg,True,4.0
P1G034,P1R00268,5,0,page6-175.svg,True,0.6509259259259259,low,single-utterance-unidirectional,P1-084,P1-065,"['page6-155.svg', 'page7-113.svg', 'page2-34.svg', 'page7-115.svg', 'page7-44.svg', 'page3-33.svg', 'page6-52.svg', 'page5-121.svg', 'page6-175.svg', 'page5-63.svg']",9.0,Has a diamond at the right tip of the photo,10.0,25.0,"(38,)",page6-175.svg,True,10.0
P1G018,P1R00466,21,3,page6-219.svg,False,1.0,high,single-utterance-unidirectional,P1-010,P1-093,"['page5-102.svg', 'page2-133.svg', 'page4-241.svg', 'page6-171.svg', 'page7-216.svg', 'page2-86.svg', 'page6-219.svg', 'page4-180.svg', 'page1-95.svg', 'page8-21.svg']",,,,,,,,
P1G029,P1R00106,17,2,page7-41.svg,False,0.7555555555555555,low,single-utterance-unidirectional,P1-052,P1-094,"['page8-156.svg', 'page8-192.svg', 'page6-162.svg', 'page7-53.svg', 'page7-145.svg', 'page7-177.svg', 'page7-226.svg', 'page-F.svg', 'page7-41.svg', 'page7-36.svg']",13.0,Boat with upward arrow on it,6.0,19.0,"(23,)",page7-41.svg,True,6.0
P1G057,P1R00399,13,2,page3-70.svg,False,1.0,high,single-utterance-unidirectional,P1-087,P1-043,"['page5-65.svg', 'page7-29.svg', 'page7-73.svg', 'page6-23.svg', 'page5-40.svg', 'page1-77.svg', 'page4-190.svg', 'page3-70.svg', 'page3-12.svg', 'page3-33.svg']",3.0,lounge chair,2.0,4.0,"(11,)",page3-70.svg,True,2.0
P1G008,P1R00283,28,4,page1-48.svg,False,1.0,high,single-utterance-unidirectional,P1-074,P1-116,"['page7-44.svg', 'page7-55.svg', 'page6-206.svg', 'page1-48.svg', 'page8-38.svg', 'page5-45.svg', 'page9-40.svg', 'page1-133.svg', 'page-F.svg', 'page4-195.svg']",4.0,triangle,1.0,12.0,"(17,)",page1-48.svg,True,1.0
P1G056,P1R01784,0,0,page3-66.svg,False,1.0,high,single-utterance-unidirectional,P1-018,P1-005,"['page7-22.svg', 'page3-66.svg', 'page5-232.svg', 'page7-225.svg', 'page8-248.svg', 'page4-142.svg', 'page7-157.svg', 'page8-21.svg', 'page5-45.svg', 'page5-85.svg']",15.0,A saw like figure with a handle,7.0,25.0,"(37,)",page7-225.svg,False,7.0
P1G011,P1R00688,2,0,page5-153.svg,False,0.6425925925925926,low,single-utterance-unidirectional,P1-088,P1-041,"['page2-36.svg', 'page4-197.svg', 'page1-150.svg', 'page3-33.svg', 'page5-153.svg', 'page6-124.svg', 'page7-107.svg', 'page5-40.svg', 'page8-58.svg', 'page5-45.svg']",19.0,A curved v shape,4.0,37.0,"(47,)",page5-153.svg,True,4.0
P1G006,P1R00518,26,4,page1-150.svg,False,1.0,high,single-utterance-unidirectional,P1-077,P1-073,"['page8-58.svg', 'page5-96.svg', 'page8-159.svg', 'page7-53.svg', 'page1-150.svg', 'page6-226.svg', 'page7-73.svg', 'page6-206.svg', 'page5-128.svg', 'page6-71.svg']",10.0,a water fountain,3.0,15.0,"(23,)",page1-150.svg,True,3.0
P1G024,P1R01565,0,0,page5-154.svg,True,1.0,high,single-utterance-unidirectional,P1-026,P1-089,"['page5-86.svg', 'page8-56.svg', 'page7-216.svg', 'page7-55.svg', 'page5-154.svg', 'page3-70.svg', 'page6-204.svg', 'page7-166.svg', 'page5-26.svg', 'page7-115.svg']",13.0,Arrow pointing up,3.0,20.0,"(35,)",page5-154.svg,True,3.0
P1G018,P1R00261,8,1,page2-86.svg,False,0.7777777777777777,low,single-utterance-unidirectional,P1-010,P1-093,"['page5-102.svg', 'page2-133.svg', 'page4-241.svg', 'page6-171.svg', 'page7-216.svg', 'page2-86.svg', 'page6-219.svg', 'page4-180.svg', 'page1-95.svg', 'page8-21.svg']",,,,,,,,
P1G031,P1R00649,12,2,page1-185.svg,False,0.6611111111111112,low,single-utterance-unidirectional,P1-008,P1-079,"['page5-139.svg', 'page5-154.svg', 'page7-126.svg', 'page8-246.svg', 'page6-160.svg', 'page7-125.svg', 'page5-85.svg', 'page4-180.svg', 'page1-185.svg', 'page7-177.svg']",11.0,shape of a diamond,4.0,16.0,"(21,)",page1-185.svg,True,4.0
P1G030,P1R00709,10,1,page7-41.svg,False,0.7555555555555555,low,single-utterance-unidirectional,P1-050,P1-063,"['page6-208.svg', 'page3-33.svg', 'page7-107.svg', 'page2-20.svg', 'page8-169.svg', 'page8-38.svg', 'page7-41.svg', 'page5-86.svg', 'page7-125.svg', 'page5-165.svg']",5.0,A tiny house on a boat,6.0,8.0,"(13,)",page7-41.svg,True,6.0
P1G025,P1R01416,5,0,page3-33.svg,False,0.6111111111111112,low,single-utterance-unidirectional,P1-112,P1-056,"['page8-247.svg', 'page6-206.svg', 'page1-117.svg', 'page2-140.svg', 'page1-30.svg', 'page9-39.svg', 'page1-185.svg', 'page3-33.svg', 'page6-228.svg', 'page7-81.svg']",20.0,a mini mountain range in front of a rectangular skyscraper,10.0,42.0,,,,10.0
P1G032,P1R00996,9,1,page8-183.svg,False,1.0,high,single-utterance-unidirectional,P1-022,P1-118,"['page7-202.svg', 'page8-183.svg', 'page7-79.svg', 'page6-121.svg', 'page1-133.svg', 'page6-206.svg', 'page7-20.svg', 'page6-135.svg', 'page1-77.svg', 'page4-5.svg']",12.0,Looks like the letter P,5.0,19.0,"(23,)",page8-183.svg,True,5.0
P1G007,P1R00470,27,4,page9-39.svg,False,0.7407407407407408,low,single-utterance-unidirectional,P1-067,P1-115,"['page6-71.svg', 'page7-15.svg', 'page8-169.svg', 'page5-66.svg', 'page7-20.svg', 'page9-39.svg', 'page5-153.svg', 'page3-12.svg', 'page6-160.svg', 'page5-84.svg']",11.0,saxaphone,1.0,14.0,"(22,)",page9-39.svg,True,1.0
P1G058,P1R01392,3,0,page2-133.svg,False,1.0,high,single-utterance-unidirectional,P1-071,P1-054,"['page1-77.svg', 'page6-219.svg', 'page2-36.svg', 'page1-95.svg', 'page1-34.svg', 'page5-26.svg', 'page4-11.svg', 'page5-85.svg', 'page9-40.svg', 'page2-133.svg']",12.0,Castle on top of a hill,6.0,18.0,"(26,)",page1-34.svg,False,6.0
P1G056,P1R00493,12,2,page3-66.svg,False,1.0,high,single-utterance-unidirectional,P1-018,P1-005,"['page7-22.svg', 'page3-66.svg', 'page5-232.svg', 'page7-225.svg', 'page8-248.svg', 'page4-142.svg', 'page7-157.svg', 'page8-21.svg', 'page5-45.svg', 'page5-85.svg']",7.0,A rectangle with a handle,5.0,15.0,"(23,)",page3-66.svg,True,5.0
P1G026,P1R00521,15,2,page-F.svg,False,0.6685185185185186,low,single-utterance-unidirectional,P1-011,P1-091,"['page7-44.svg', 'page7-55.svg', 'page6-206.svg', 'page1-48.svg', 'page8-38.svg', 'page5-45.svg', 'page9-40.svg', 'page1-133.svg', 'page-F.svg', 'page4-195.svg']",10.0,looks like a person sitting against a wall,8.0,16.0,"(22,)",page-F.svg,True,8.0
P1G006,P1R01123,11,1,page6-71.svg,False,1.0,high,single-utterance-unidirectional,P1-073,P1-077,"['page6-226.svg', 'page5-96.svg', 'page6-206.svg', 'page7-53.svg', 'page6-71.svg', 'page7-73.svg', 'page8-159.svg', 'page5-128.svg', 'page8-58.svg', 'page1-150.svg']",9.0,A bat or butterfly,4.0,18.0,"(27,)",page6-71.svg,True,4.0
P1G034,P1R01639,29,4,page5-63.svg,False,0.9935185185185184,high,single-utterance-unidirectional,P1-065,P1-084,"['page5-121.svg', 'page3-33.svg', 'page6-52.svg', 'page7-44.svg', 'page5-63.svg', 'page2-34.svg', 'page6-155.svg', 'page7-115.svg', 'page6-175.svg', 'page7-113.svg']",11.0,mountain with peak on the right,6.0,16.0,"(20,)",page5-63.svg,True,6.0
P1G060,P1R01034,25,4,page4-128.svg,False,1.0,high,single-utterance-unidirectional,P1-021,P1-012,"['page5-85.svg', 'page7-225.svg', 'page5-63.svg', 'page3-33.svg', 'page5-84.svg', 'page6-208.svg', 'page5-71.svg', 'page4-128.svg', 'page6-52.svg', 'page4-155.svg']",5.0,Oil can,2.0,7.0,"(17,)",page4-128.svg,True,2.0
P1G010,P1R00120,0,0,page5-153.svg,False,0.6425925925925926,low,single-utterance-unidirectional,P1-044,P1-032,"['page3-61.svg', 'page7-202.svg', 'page4-190.svg', 'page2-16.svg', 'page7-126.svg', 'page7-166.svg', 'page1-95.svg', 'page5-96.svg', 'page5-153.svg', 'page7-127.svg']",8.0,"It look like a crab shape, with two pincers pointing inwards at the top",14.0,24.0,,,,14.0
P1G051,P1R00301,20,3,page5-121.svg,False,0.9925925925925926,high,single-utterance-unidirectional,P1-006,P1-042,"['page6-155.svg', 'page7-113.svg', 'page2-34.svg', 'page7-115.svg', 'page7-44.svg', 'page3-33.svg', 'page6-52.svg', 'page5-121.svg', 'page6-175.svg', 'page5-63.svg']",4.0,its the fat lightning bolt,5.0,9.0,,,,5.0
P1G035,P1R00384,13,2,page7-79.svg,False,0.7777777777777777,low,single-utterance-unidirectional,P1-040,P1-119,"['page1-77.svg', 'page8-183.svg', 'page6-206.svg', 'page6-121.svg', 'page6-135.svg', 'page7-79.svg', 'page1-133.svg', 'page4-5.svg', 'page7-202.svg', 'page7-20.svg']",9.0,a kinda W with little triangle bottom right,8.0,17.0,,,,8.0
P1G056,P1R01389,13,2,page5-45.svg,False,1.0,high,single-utterance-unidirectional,P1-018,P1-005,"['page7-22.svg', 'page3-66.svg', 'page5-232.svg', 'page7-225.svg', 'page8-248.svg', 'page4-142.svg', 'page7-157.svg', 'page8-21.svg', 'page5-45.svg', 'page5-85.svg']",12.0,A house with a doorway,5.0,17.0,"(22,)",page5-45.svg,True,5.0
P1G056,P1R01501,20,3,page5-232.svg,False,0.7277777777777779,low,single-utterance-unidirectional,P1-005,P1-018,"['page5-45.svg', 'page8-21.svg', 'page4-142.svg', 'page5-85.svg', 'page7-22.svg', 'page5-232.svg', 'page7-157.svg', 'page3-66.svg', 'page8-248.svg', 'page7-225.svg']",7.0,up arrow,2.0,8.0,"(13,)",page5-232.svg,True,2.0
P1G041,P1R00754,7,1,page2-20.svg,False,1.0,high,single-utterance-unidirectional,P1-113,P1-004,"['page6-208.svg', 'page3-33.svg', 'page7-107.svg', 'page2-20.svg', 'page8-169.svg', 'page8-38.svg', 'page7-41.svg', 'page5-86.svg', 'page7-125.svg', 'page5-165.svg']",13.0,A dragon with wings spread on top of a trapezium hill,11.0,25.0,"(35,)",page2-20.svg,True,11.0
P1G044,P1R00003,15,2,page6-160.svg,False,0.5592592592592593,low,single-utterance-unidirectional,P1-078,P1-068,"['page6-122.svg', 'page9-40.svg', 'page7-226.svg', 'page7-125.svg', 'page8-246.svg', 'page6-160.svg', 'page7-145.svg', 'page5-101.svg', 'page8-183.svg', 'page8-21.svg']",4.0,person laying on side,4.0,8.0,"(38,)",page6-160.svg,True,4.0
P1G011,P1R01476,19,3,page5-45.svg,False,1.0,high,single-utterance-unidirectional,P1-041,P1-088,"['page5-40.svg', 'page7-107.svg', 'page8-58.svg', 'page2-36.svg', 'page6-124.svg', 'page3-33.svg', 'page5-45.svg', 'page4-197.svg', 'page1-150.svg', 'page5-153.svg']",6.0,a house,2.0,9.0,"(16,)",page5-45.svg,True,2.0
P1G009,P1R00560,22,3,page5-71.svg,False,0.3833333333333333,low,single-utterance-unidirectional,P1-019,P1-104,"['page5-63.svg', 'page6-208.svg', 'page4-128.svg', 'page5-71.svg', 'page3-33.svg', 'page6-52.svg', 'page5-84.svg', 'page5-85.svg', 'page4-155.svg', 'page7-225.svg']",19.0,flying eagle,2.0,22.0,,,,2.0
P1G030,P1R00144,23,3,page7-107.svg,True,0.9935185185185184,high,single-utterance-unidirectional,P1-050,P1-063,"['page6-208.svg', 'page3-33.svg', 'page7-107.svg', 'page2-20.svg', 'page8-169.svg', 'page8-38.svg', 'page7-41.svg', 'page5-86.svg', 'page7-125.svg', 'page5-165.svg']",11.0,"Capital D with a spiky left side, or man's head with a diamond earring",14.0,24.0,"(44,)",page7-107.svg,True,14.0
P1G048,P1R01260,20,3,page7-177.svg,False,1.0,high,single-utterance-unidirectional,P1-097,P1-016,"['page4-142.svg', 'page5-80.svg', 'page2-131.svg', 'page5-155.svg', 'page6-245.svg', 'page8-18.svg', 'page7-217.svg', 'page6-107.svg', 'page7-177.svg', 'page6-109.svg']",11.0,Y rotated left,3.0,17.0,"(25,)",page7-177.svg,True,3.0
P1G009,P1R00929,18,3,page5-84.svg,False,0.5111111111111112,low,single-utterance-unidirectional,P1-019,P1-104,"['page5-63.svg', 'page6-208.svg', 'page4-128.svg', 'page5-71.svg', 'page3-33.svg', 'page6-52.svg', 'page5-84.svg', 'page5-85.svg', 'page4-155.svg', 'page7-225.svg']",6.0,horse,7.0,14.0,,,,1.0
P1G050,P1R00385,23,3,page3-33.svg,False,0.6111111111111112,low,single-utterance-unidirectional,P1-017,P1-090,"['page1-117.svg', 'page6-206.svg', 'page1-30.svg', 'page7-81.svg', 'page9-39.svg', 'page8-247.svg', 'page2-140.svg', 'page6-228.svg', 'page1-185.svg', 'page3-33.svg']",12.0,3 mountain with object on top,6.0,24.0,"(43,)",page3-33.svg,True,6.0
P1G040,P1R01365,10,1,page3-12.svg,False,1.0,high,single-utterance-unidirectional,P1-092,P1-083,"['page3-70.svg', 'page3-12.svg', 'page7-29.svg', 'page1-77.svg', 'page6-23.svg', 'page7-73.svg', 'page3-33.svg', 'page5-65.svg', 'page4-190.svg', 'page5-40.svg']",12.0,pointing down rectangle,3.0,17.0,"(34,)",page3-12.svg,True,3.0
P1G056,P1R00147,8,1,page5-232.svg,False,0.7277777777777779,low,single-utterance-unidirectional,P1-005,P1-018,"['page5-45.svg', 'page8-21.svg', 'page4-142.svg', 'page5-85.svg', 'page7-22.svg', 'page5-232.svg', 'page7-157.svg', 'page3-66.svg', 'page8-248.svg', 'page7-225.svg']",12.0,big arrow pointing up,4.0,17.0,"(22,)",page5-232.svg,True,4.0
P1G048,P1R01624,29,4,page4-142.svg,False,1.0,high,single-utterance-unidirectional,P1-016,P1-097,"['page6-245.svg', 'page6-107.svg', 'page4-142.svg', 'page7-177.svg', 'page8-18.svg', 'page5-80.svg', 'page7-217.svg', 'page5-155.svg', 'page2-131.svg', 'page6-109.svg']",11.0,a horn,2.0,15.0,"(22,)",page4-142.svg,True,2.0
P1G016,P1R00811,12,2,page5-71.svg,False,0.3833333333333333,low,single-utterance-unidirectional,P1-014,P1-046,"['page5-85.svg', 'page7-225.svg', 'page5-63.svg', 'page3-33.svg', 'page5-84.svg', 'page6-208.svg', 'page5-71.svg', 'page4-128.svg', 'page6-52.svg', 'page4-155.svg']",7.0,Same again - bird in flight.,13.0,29.0,"(44,)",page5-71.svg,True,6.0
P1G056,P1R00580,26,4,page5-45.svg,False,1.0,high,single-utterance-unidirectional,P1-018,P1-005,"['page7-22.svg', 'page3-66.svg', 'page5-232.svg', 'page7-225.svg', 'page8-248.svg', 'page4-142.svg', 'page7-157.svg', 'page8-21.svg', 'page5-45.svg', 'page5-85.svg']",3.0,House with doorway,3.0,6.0,"(14,)",page5-45.svg,True,3.0
P1G040,P1R01525,18,3,page3-70.svg,False,1.0,high,single-utterance-unidirectional,P1-092,P1-083,"['page3-70.svg', 'page3-12.svg', 'page7-29.svg', 'page1-77.svg', 'page6-23.svg', 'page7-73.svg', 'page3-33.svg', 'page5-65.svg', 'page4-190.svg', 'page5-40.svg']",4.0,couch,1.0,5.0,"(14,)",page3-70.svg,True,1.0
P1G040,P1R01459,21,3,page3-12.svg,False,1.0,high,single-utterance-unidirectional,P1-092,P1-083,"['page3-70.svg', 'page3-12.svg', 'page7-29.svg', 'page1-77.svg', 'page6-23.svg', 'page7-73.svg', 'page3-33.svg', 'page5-65.svg', 'page4-190.svg', 'page5-40.svg']",10.0,rectangle pointing down,3.0,15.0,"(24,)",page3-12.svg,True,3.0
P1G047,P1R01427,6,1,page2-165.svg,False,0.7499999999999999,low,single-utterance-unidirectional,P1-102,P1-080,"['page3-70.svg', 'page8-21.svg', 'page5-101.svg', 'page2-165.svg', 'page1-95.svg', 'page8-156.svg', 'page7-40.svg', 'page6-171.svg', 'page3-61.svg', 'page7-29.svg']",8.0,paper hat,2.0,11.0,"(18,)",page2-165.svg,True,2.0
P1G029,P1R01414,14,2,page7-145.svg,False,0.7666666666666666,low,single-utterance-unidirectional,P1-052,P1-094,"['page8-156.svg', 'page8-192.svg', 'page6-162.svg', 'page7-53.svg', 'page7-145.svg', 'page7-177.svg', 'page7-226.svg', 'page-F.svg', 'page7-41.svg', 'page7-36.svg']",8.0,duck or horse swimming right,5.0,14.0,"(23,)",page7-145.svg,True,5.0
P1G058,P1R01114,20,3,page5-26.svg,False,0.7518518518518518,low,single-utterance-unidirectional,P1-054,P1-071,"['page4-11.svg', 'page6-219.svg', 'page1-95.svg', 'page1-77.svg', 'page2-36.svg', 'page1-34.svg', 'page9-40.svg', 'page5-85.svg', 'page5-26.svg', 'page2-133.svg']",14.0,love heart,2.0,21.0,"(44,)",page1-34.svg,False,2.0
P1G043,P1R01376,16,2,page7-36.svg,False,1.0,high,single-utterance-unidirectional,P1-075,P1-066,"['page8-156.svg', 'page8-192.svg', 'page6-162.svg', 'page7-53.svg', 'page7-145.svg', 'page7-177.svg', 'page7-226.svg', 'page-F.svg', 'page7-41.svg', 'page7-36.svg']",10.0,staircase and pillar at top,5.0,17.0,"(28,)",page7-36.svg,True,5.0
P1G006,P1R00792,13,2,page7-53.svg,False,0.7333333333333332,low,single-utterance-unidirectional,P1-077,P1-073,"['page8-58.svg', 'page5-96.svg', 'page8-159.svg', 'page7-53.svg', 'page1-150.svg', 'page6-226.svg', 'page7-73.svg', 'page6-206.svg', 'page5-128.svg', 'page6-71.svg']",,,,,,,,
P1G009,P1R01391,9,1,page4-128.svg,False,1.0,high,single-utterance-unidirectional,P1-019,P1-104,"['page5-63.svg', 'page6-208.svg', 'page4-128.svg', 'page5-71.svg', 'page3-33.svg', 'page6-52.svg', 'page5-84.svg', 'page5-85.svg', 'page4-155.svg', 'page7-225.svg']",34.0,printer,1.0,37.0,,,,1.0
P1G053,P1R00185,25,4,page3-33.svg,False,0.6111111111111112,low,single-utterance-unidirectional,P1-061,P1-064,"['page8-247.svg', 'page6-206.svg', 'page1-117.svg', 'page2-140.svg', 'page1-30.svg', 'page9-39.svg', 'page1-185.svg', 'page3-33.svg', 'page6-228.svg', 'page7-81.svg']",13.0,mountains with a banner on top,6.0,19.0,"(24,)",page3-33.svg,True,6.0
P1G042,P1R00105,3,0,page5-56.svg,False,0.6222222222222223,low,single-utterance-unidirectional,P1-039,P1-023,"['page7-127.svg', 'page5-84.svg', 'page3-201.svg', 'page5-56.svg', 'page6-1.svg', 'page6-162.svg', 'page8-182.svg', 'page7-125.svg', 'page5-139.svg', 'page8-206.svg']",9.0,Mountains,1.0,15.0,"(23,)",page5-56.svg,True,1.0
P1G058,P1R01682,2,0,page6-219.svg,False,1.0,high,single-utterance-unidirectional,P1-071,P1-054,"['page1-77.svg', 'page6-219.svg', 'page2-36.svg', 'page1-95.svg', 'page1-34.svg', 'page5-26.svg', 'page4-11.svg', 'page5-85.svg', 'page9-40.svg', 'page2-133.svg']",13.0,Exhaust pipe,2.0,17.0,"(27,)",page2-133.svg,False,2.0
P1G012,P1R01483,0,0,page7-186.svg,False,1.0,high,single-utterance-unidirectional,P1-076,P1-024,"['page7-186.svg', 'page7-36.svg', 'page1-133.svg', 'page1-186.svg', 'page7-126.svg', 'page6-186.svg', 'page2-165.svg', 'page6-52.svg', 'page2-136.svg', 'page6-219.svg']",9.0,a P,2.0,14.0,"(21,)",page7-186.svg,True,2.0
P1G026,P1R00364,11,1,page6-206.svg,False,0.7333333333333333,low,single-utterance-unidirectional,P1-091,P1-011,"['page1-48.svg', 'page1-133.svg', 'page9-40.svg', 'page8-38.svg', 'page7-44.svg', 'page-F.svg', 'page5-45.svg', 'page4-195.svg', 'page6-206.svg', 'page7-55.svg']",12.0,a B shape with the holes filled in,8.0,19.0,"(24,)",page6-206.svg,True,8.0
P1G035,P1R01284,24,4,page7-202.svg,True,1.0,high,single-utterance-unidirectional,P1-119,P1-040,"['page7-202.svg', 'page8-183.svg', 'page7-79.svg', 'page6-121.svg', 'page1-133.svg', 'page6-206.svg', 'page7-20.svg', 'page6-135.svg', 'page1-77.svg', 'page4-5.svg']",11.0,Looks like a vase standing on a triangle,8.0,21.0,"(34,)",page7-202.svg,True,8.0
P1G051,P1R00343,4,0,page6-155.svg,False,1.0,high,single-utterance-unidirectional,P1-042,P1-006,"['page5-121.svg', 'page3-33.svg', 'page6-52.svg', 'page7-44.svg', 'page5-63.svg', 'page2-34.svg', 'page6-155.svg', 'page7-115.svg', 'page6-175.svg', 'page7-113.svg']",28.0,,,,,,,
P1G020,P1R00454,19,3,page1-186.svg,False,0.4972222222222222,low,single-utterance-unidirectional,P1-051,P1-101,"['page6-52.svg', 'page7-36.svg', 'page6-186.svg', 'page2-136.svg', 'page1-186.svg', 'page2-165.svg', 'page6-219.svg', 'page1-133.svg', 'page7-126.svg', 'page7-186.svg']",6.0,fireplace,1.0,13.0,"(23,)",page1-186.svg,True,1.0
P1G032,P1R00246,4,0,page1-133.svg,False,0.5444444444444445,low,single-utterance-unidirectional,P1-118,P1-022,"['page1-77.svg', 'page8-183.svg', 'page6-206.svg', 'page6-121.svg', 'page6-135.svg', 'page7-79.svg', 'page1-133.svg', 'page4-5.svg', 'page7-202.svg', 'page7-20.svg']",21.0,,,,,,,
P1G034,P1R01707,25,4,page7-115.svg,False,0.6,low,single-utterance-unidirectional,P1-065,P1-084,"['page5-121.svg', 'page3-33.svg', 'page6-52.svg', 'page7-44.svg', 'page5-63.svg', 'page2-34.svg', 'page6-155.svg', 'page7-115.svg', 'page6-175.svg', 'page7-113.svg']",9.0,bench with the pointy ends on top,7.0,14.0,"(23,)",page7-115.svg,True,7.0
P1G047,P1R00475,0,0,page2-165.svg,False,0.7499999999999999,low,single-utterance-unidirectional,P1-080,P1-102,"['page3-70.svg', 'page8-156.svg', 'page7-40.svg', 'page2-165.svg', 'page8-21.svg', 'page6-171.svg', 'page1-95.svg', 'page3-61.svg', 'page7-29.svg', 'page5-101.svg']",14.0,a paper hat,3.0,16.0,"(25,)",page2-165.svg,True,3.0
P1G012,P1R00911,1,0,page2-136.svg,False,1.0,high,single-utterance-unidirectional,P1-076,P1-024,"['page7-186.svg', 'page7-36.svg', 'page1-133.svg', 'page1-186.svg', 'page7-126.svg', 'page6-186.svg', 'page2-165.svg', 'page6-52.svg', 'page2-136.svg', 'page6-219.svg']",11.0,a trapezium with a small rectangle sticking out,8.0,33.0,"(57,)",page6-52.svg,False,8.0
P1G022,P1R00964,12,2,page6-52.svg,False,1.0,high,single-utterance-unidirectional,P1-072,P1-082,"['page6-196.svg', 'page7-41.svg', 'page6-109.svg', 'page5-65.svg', 'page2-85.svg', 'page4-98.svg', 'page4-96.svg', 'page6-52.svg', 'page3-33.svg', 'page5-80.svg']",7.0,"square left side, flat top, triangle and square sticking out on the right",13.0,19.0,"(29,)",page6-52.svg,True,13.0
P1G007,P1R01562,15,2,page5-153.svg,True,0.6425925925925926,low,single-utterance-unidirectional,P1-115,P1-067,"['page5-153.svg', 'page8-169.svg', 'page3-12.svg', 'page6-71.svg', 'page7-15.svg', 'page6-160.svg', 'page7-20.svg', 'page9-39.svg', 'page5-84.svg', 'page5-66.svg']",5.0,Looks like a bowl but with tabs on top of it,11.0,16.0,"(22,)",page5-153.svg,True,11.0
P1G001,P1R01053,18,3,page8-58.svg,False,0.7259259259259259,low,single-utterance-unidirectional,P1-007,P1-053,"['page5-40.svg', 'page7-107.svg', 'page8-58.svg', 'page2-36.svg', 'page6-124.svg', 'page3-33.svg', 'page5-45.svg', 'page4-197.svg', 'page1-150.svg', 'page5-153.svg']",4.0,man walking to the right,5.0,9.0,"(11,)",page8-58.svg,True,5.0
P1G016,P1R00894,28,4,page4-155.svg,True,0.3777777777777779,low,single-utterance-unidirectional,P1-046,P1-014,"['page5-63.svg', 'page6-208.svg', 'page4-128.svg', 'page5-71.svg', 'page3-33.svg', 'page6-52.svg', 'page5-84.svg', 'page5-85.svg', 'page4-155.svg', 'page7-225.svg']",8.0,wiggly worm,2.0,13.0,"(46,)",page4-155.svg,True,2.0
P1G039,P1R00618,13,2,page7-53.svg,False,0.7333333333333332,low,single-utterance-unidirectional,P1-120,P1-062,"['page8-58.svg', 'page5-96.svg', 'page8-159.svg', 'page7-53.svg', 'page1-150.svg', 'page6-226.svg', 'page7-73.svg', 'page6-206.svg', 'page5-128.svg', 'page6-71.svg']",10.0,Low flat bridge with two triangles cut out of the bottom,11.0,16.0,"(23,)",page7-53.svg,True,11.0
P1G033,P1R00081,18,3,page7-225.svg,False,1.0,high,single-utterance-unidirectional,P1-105,P1-099,"['page5-45.svg', 'page8-21.svg', 'page4-142.svg', 'page5-85.svg', 'page7-22.svg', 'page5-232.svg', 'page7-157.svg', 'page3-66.svg', 'page8-248.svg', 'page7-225.svg']",13.0,Recliner with nose triangle,4.0,23.0,"(34,)",page7-225.svg,True,4.0
P1G004,P1R01518,27,4,page7-116.svg,False,1.0,high,single-utterance-unidirectional,P1-009,P1-086,"['page5-40.svg', 'page5-26.svg', 'page7-20.svg', 'page7-125.svg', 'page2-100.svg', 'page4-244.svg', 'page7-126.svg', 'page7-116.svg', 'page8-169.svg', 'page7-202.svg']",13.0,diamond with two triangles on each side,7.0,19.0,"(25,)",page7-116.svg,True,7.0
P1G004,P1R00944,7,1,page7-20.svg,False,1.0,high,single-utterance-unidirectional,P1-086,P1-009,"['page5-26.svg', 'page7-20.svg', 'page7-125.svg', 'page2-100.svg', 'page7-126.svg', 'page8-169.svg', 'page7-202.svg', 'page7-116.svg', 'page5-40.svg', 'page4-244.svg']",6.0,A ramp learning right,4.0,19.0,"(24,)",page7-20.svg,True,4.0
P1G031,P1R00084,6,1,page1-185.svg,False,0.6611111111111112,low,single-utterance-unidirectional,P1-079,P1-008,"['page8-246.svg', 'page7-125.svg', 'page6-160.svg', 'page5-85.svg', 'page1-185.svg', 'page5-139.svg', 'page4-180.svg', 'page5-154.svg', 'page7-177.svg', 'page7-126.svg']",6.0,Has the shape of a diamond,6.0,12.0,"(18,)",page1-185.svg,True,6.0
P1G058,P1R00655,10,1,page4-11.svg,False,0.738888888888889,low,single-utterance-unidirectional,P1-054,P1-071,"['page4-11.svg', 'page6-219.svg', 'page1-95.svg', 'page1-77.svg', 'page2-36.svg', 'page1-34.svg', 'page9-40.svg', 'page5-85.svg', 'page5-26.svg', 'page2-133.svg']",16.0,solid at the bottom right with square at top,9.0,33.0,"(51,)",page4-11.svg,True,9.0
P1G033,P1R01458,13,2,page5-45.svg,False,1.0,high,single-utterance-unidirectional,P1-099,P1-105,"['page7-22.svg', 'page3-66.svg', 'page5-232.svg', 'page7-225.svg', 'page8-248.svg', 'page4-142.svg', 'page7-157.svg', 'page8-21.svg', 'page5-45.svg', 'page5-85.svg']",5.0,House looking icon,3.0,10.0,"(13,)",page5-45.svg,True,3.0
P1G026,P1R00181,1,0,page4-195.svg,False,1.0,high,single-utterance-unidirectional,P1-011,P1-091,"['page7-44.svg', 'page7-55.svg', 'page6-206.svg', 'page1-48.svg', 'page8-38.svg', 'page5-45.svg', 'page9-40.svg', 'page1-133.svg', 'page-F.svg', 'page4-195.svg']",19.0,"a long horizontal shape,",4.0,43.0,,,,4.0
P1G021,P1R00491,7,1,page5-96.svg,False,0.5444444444444445,low,single-utterance-unidirectional,P1-098,P1-096,"['page7-166.svg', 'page1-95.svg', 'page5-153.svg', 'page4-190.svg', 'page7-202.svg', 'page7-126.svg', 'page3-61.svg', 'page2-16.svg', 'page5-96.svg', 'page7-127.svg']",25.0,fish thing with downward arrow above its head,8.0,39.0,,,,8.0
P1G005,P1R00452,10,1,page5-139.svg,False,0.9925925925925926,high,single-utterance-unidirectional,P1-059,P1-036,"['page8-246.svg', 'page7-125.svg', 'page6-160.svg', 'page5-85.svg', 'page1-185.svg', 'page5-139.svg', 'page4-180.svg', 'page5-154.svg', 'page7-177.svg', 'page7-126.svg']",14.0,looks like a fountain with a tube attached to the bottom,11.0,33.0,"(51,)",page5-139.svg,True,11.0
P1G035,P1R01001,4,0,page1-133.svg,False,0.5444444444444445,low,single-utterance-unidirectional,P1-040,P1-119,"['page1-77.svg', 'page8-183.svg', 'page6-206.svg', 'page6-121.svg', 'page6-135.svg', 'page7-79.svg', 'page1-133.svg', 'page4-5.svg', 'page7-202.svg', 'page7-20.svg']",42.0,,,,,,,
P1G035,P1R01656,5,0,page6-206.svg,False,0.7333333333333333,low,single-utterance-unidirectional,P1-040,P1-119,"['page1-77.svg', 'page8-183.svg', 'page6-206.svg', 'page6-121.svg', 'page6-135.svg', 'page7-79.svg', 'page1-133.svg', 'page4-5.svg', 'page7-202.svg', 'page7-20.svg']",8.0,looks like a capital B,5.0,16.0,"(38,)",page6-206.svg,True,5.0
P1G037,P1R00167,1,0,page7-216.svg,True,1.0,high,single-utterance-unidirectional,P1-002,P1-037,"['page5-102.svg', 'page2-133.svg', 'page4-241.svg', 'page6-171.svg', 'page7-216.svg', 'page2-86.svg', 'page6-219.svg', 'page4-180.svg', 'page1-95.svg', 'page8-21.svg']",18.0,Looks like a cross with large foot,7.0,38.0,,,,7.0
P1G001,P1R00997,4,0,page5-45.svg,False,1.0,high,single-utterance-unidirectional,P1-053,P1-007,"['page2-36.svg', 'page4-197.svg', 'page1-150.svg', 'page3-33.svg', 'page5-153.svg', 'page6-124.svg', 'page7-107.svg', 'page5-40.svg', 'page8-58.svg', 'page5-45.svg']",13.0,Cottage house outline with a white skyscraper silhouette hollowed out inside,11.0,43.0,"(54,)",page5-45.svg,True,11.0
P1G053,P1R00115,9,1,page9-39.svg,False,0.7407407407407408,low,single-utterance-unidirectional,P1-064,P1-061,"['page1-117.svg', 'page6-206.svg', 'page1-30.svg', 'page7-81.svg', 'page9-39.svg', 'page8-247.svg', 'page2-140.svg', 'page6-228.svg', 'page1-185.svg', 'page3-33.svg']",14.0,A pipe sitting to the left,6.0,27.0,"(34,)",page9-39.svg,True,6.0
P1G024,P1R01366,12,2,page7-55.svg,False,0.7333333333333333,low,single-utterance-unidirectional,P1-089,P1-026,"['page5-154.svg', 'page8-56.svg', 'page3-70.svg', 'page7-216.svg', 'page7-115.svg', 'page5-26.svg', 'page6-204.svg', 'page7-55.svg', 'page5-86.svg', 'page7-166.svg']",5.0,looks like a swan,4.0,11.0,"(15,)",page7-55.svg,True,4.0
P1G040,P1R00219,23,3,page7-29.svg,False,1.0,high,single-utterance-unidirectional,P1-092,P1-083,"['page3-70.svg', 'page3-12.svg', 'page7-29.svg', 'page1-77.svg', 'page6-23.svg', 'page7-73.svg', 'page3-33.svg', 'page5-65.svg', 'page4-190.svg', 'page5-40.svg']",14.0,axe,1.0,15.0,"(22,)",page7-29.svg,True,1.0
P1G037,P1R00988,20,3,page4-241.svg,False,0.995,high,single-utterance-unidirectional,P1-002,P1-037,"['page5-102.svg', 'page2-133.svg', 'page4-241.svg', 'page6-171.svg', 'page7-216.svg', 'page2-86.svg', 'page6-219.svg', 'page4-180.svg', 'page1-95.svg', 'page8-21.svg']",16.0,A bird with open wings in top row,8.0,35.0,"(45,)",page4-241.svg,True,8.0
P1G008,P1R01277,17,2,page6-206.svg,False,0.7333333333333333,low,single-utterance-unidirectional,P1-074,P1-116,"['page7-44.svg', 'page7-55.svg', 'page6-206.svg', 'page1-48.svg', 'page8-38.svg', 'page5-45.svg', 'page9-40.svg', 'page1-133.svg', 'page-F.svg', 'page4-195.svg']",22.0,traffic light,2.0,24.0,"(29,)",page6-206.svg,True,2.0
P1G050,P1R01095,4,0,page2-140.svg,False,1.0,high,single-utterance-unidirectional,P1-090,P1-017,"['page8-247.svg', 'page6-206.svg', 'page1-117.svg', 'page2-140.svg', 'page1-30.svg', 'page9-39.svg', 'page1-185.svg', 'page3-33.svg', 'page6-228.svg', 'page7-81.svg']",12.0,It looks like a flat bed with a square headed person getting up,13.0,29.0,"(39,)",page2-140.svg,True,13.0
P1G055,P1R01116,24,4,page5-121.svg,False,0.9925925925925926,high,single-utterance-unidirectional,P1-111,P1-100,"['page5-121.svg', 'page3-33.svg', 'page6-52.svg', 'page7-44.svg', 'page5-63.svg', 'page2-34.svg', 'page6-155.svg', 'page7-115.svg', 'page6-175.svg', 'page7-113.svg']",4.0,ninja star,2.0,6.0,"(9,)",page5-121.svg,True,2.0
P1G055,P1R00981,8,1,page6-52.svg,True,1.0,high,single-utterance-unidirectional,P1-100,P1-111,"['page6-155.svg', 'page7-113.svg', 'page2-34.svg', 'page7-115.svg', 'page7-44.svg', 'page3-33.svg', 'page6-52.svg', 'page5-121.svg', 'page6-175.svg', 'page5-63.svg']",24.0,a pointy block,3.0,30.0,"(46,)",page5-121.svg,False,3.0
P1G025,P1R00238,15,2,page9-39.svg,False,0.7407407407407408,low,single-utterance-unidirectional,P1-112,P1-056,"['page8-247.svg', 'page6-206.svg', 'page1-117.svg', 'page2-140.svg', 'page1-30.svg', 'page9-39.svg', 'page1-185.svg', 'page3-33.svg', 'page6-228.svg', 'page7-81.svg']",10.0,a pipe for smoking,4.0,24.0,"(33,)",page9-39.svg,True,4.0
P1G048,P1R00216,2,0,page5-155.svg,False,0.5777777777777778,low,single-utterance-unidirectional,P1-016,P1-097,"['page6-245.svg', 'page6-107.svg', 'page4-142.svg', 'page7-177.svg', 'page8-18.svg', 'page5-80.svg', 'page7-217.svg', 'page5-155.svg', 'page2-131.svg', 'page6-109.svg']",5.0,looks like a tree of set of triangles,8.0,12.0,"(25,)",page5-155.svg,True,8.0
P1G008,P1R00294,14,2,page4-195.svg,False,1.0,high,single-utterance-unidirectional,P1-074,P1-116,"['page7-44.svg', 'page7-55.svg', 'page6-206.svg', 'page1-48.svg', 'page8-38.svg', 'page5-45.svg', 'page9-40.svg', 'page1-133.svg', 'page-F.svg', 'page4-195.svg']",27.0,horizontal bar,2.0,28.0,"(36,)",page4-195.svg,True,2.0
P1G032,P1R00530,2,0,page7-79.svg,False,0.7777777777777777,low,single-utterance-unidirectional,P1-118,P1-022,"['page1-77.svg', 'page8-183.svg', 'page6-206.svg', 'page6-121.svg', 'page6-135.svg', 'page7-79.svg', 'page1-133.svg', 'page4-5.svg', 'page7-202.svg', 'page7-20.svg']",18.0,Like a big face looking at the sky,8.0,40.0,"(58,)",,,8.0
P1G009,P1R01179,5,0,page5-85.svg,False,0.5166666666666668,low,single-utterance-unidirectional,P1-104,P1-019,"['page5-85.svg', 'page7-225.svg', 'page5-63.svg', 'page3-33.svg', 'page5-84.svg', 'page6-208.svg', 'page5-71.svg', 'page4-128.svg', 'page6-52.svg', 'page4-155.svg']",6.0,"fox, two triangles on head which is on top right",10.0,17.0,"(28,)",page5-85.svg,True,10.0
P1G054,P1R00170,8,1,page6-23.svg,False,0.7776190476190477,low,single-utterance-unidirectional,P1-030,P1-106,"['page3-70.svg', 'page3-12.svg', 'page7-29.svg', 'page1-77.svg', 'page6-23.svg', 'page7-73.svg', 'page3-33.svg', 'page5-65.svg', 'page4-190.svg', 'page5-40.svg']",15.0,Man walking left,3.0,18.0,"(23,)",page6-23.svg,True,3.0
P1G016,P1R00677,22,3,page5-71.svg,False,0.3833333333333333,low,single-utterance-unidirectional,P1-046,P1-014,"['page5-63.svg', 'page6-208.svg', 'page4-128.svg', 'page5-71.svg', 'page3-33.svg', 'page6-52.svg', 'page5-84.svg', 'page5-85.svg', 'page4-155.svg', 'page7-225.svg']",6.0,bird in flight,3.0,10.0,"(37,)",page5-71.svg,True,3.0
P1G042,P1R00884,0,0,page3-201.svg,False,0.5548148148148148,low,single-utterance-unidirectional,P1-039,P1-023,"['page7-127.svg', 'page5-84.svg', 'page3-201.svg', 'page5-56.svg', 'page6-1.svg', 'page6-162.svg', 'page8-182.svg', 'page7-125.svg', 'page5-139.svg', 'page8-206.svg']",20.0,Looks like a rabbit,4.0,28.0,"(34,)",page3-201.svg,True,4.0
P1G006,P1R01748,24,4,page5-128.svg,True,0.9925925925925926,high,single-utterance-unidirectional,P1-073,P1-077,"['page6-226.svg', 'page5-96.svg', 'page6-206.svg', 'page7-53.svg', 'page6-71.svg', 'page7-73.svg', 'page8-159.svg', 'page5-128.svg', 'page8-58.svg', 'page1-150.svg']",26.0,A whale or finger,4.0,34.0,"(44,)",page7-73.svg,False,4.0
P1G002,P1R01155,12,2,page5-63.svg,False,0.9935185185185184,high,single-utterance-unidirectional,P1-081,P1-013,"['page8-234.svg', 'page1-132.svg', 'page5-85.svg', 'page6-21.svg', 'page6-185.svg', 'page6-52.svg', 'page5-63.svg', 'page7-113.svg', 'page6-228.svg', 'page7-203.svg']",6.0,Triangle on right and diamond on left,7.0,38.0,"(53,)",page5-63.svg,True,7.0
P1G038,P1R01361,21,3,page7-127.svg,False,0.6222222222222222,low,single-utterance-unidirectional,P1-035,P1-085,"['page5-165.svg', 'page8-159.svg', 'page5-45.svg', 'page4-232.svg', 'page9-40.svg', 'page7-127.svg', 'page7-157.svg', 'page8-234.svg', 'page3-70.svg', 'page8-58.svg']",14.0,flying bird,2.0,17.0,"(22,)",page7-127.svg,True,2.0
P1G056,P1R01782,11,1,page3-66.svg,False,1.0,high,single-utterance-unidirectional,P1-005,P1-018,"['page5-45.svg', 'page8-21.svg', 'page4-142.svg', 'page5-85.svg', 'page7-22.svg', 'page5-232.svg', 'page7-157.svg', 'page3-66.svg', 'page8-248.svg', 'page7-225.svg']",16.0,a rectangle with a hook on the right side,9.0,31.0,"(45,)",page4-142.svg,False,9.0
P1G049,P1R01616,19,3,page7-125.svg,False,0.9935185185185184,high,single-utterance-unidirectional,P1-110,P1-047,"['page8-246.svg', 'page7-125.svg', 'page6-122.svg', 'page7-226.svg', 'page7-145.svg', 'page8-21.svg', 'page5-101.svg', 'page6-160.svg', 'page9-40.svg', 'page8-183.svg']",,,,,,,,
P1G018,P1R01227,15,2,page6-219.svg,False,1.0,high,single-utterance-unidirectional,P1-093,P1-010,"['page6-171.svg', 'page4-241.svg', 'page5-102.svg', 'page2-133.svg', 'page1-95.svg', 'page6-219.svg', 'page7-216.svg', 'page2-86.svg', 'page8-21.svg', 'page4-180.svg']",,,,,,,,
P1G006,P1R01487,28,4,page7-53.svg,False,0.7333333333333332,low,single-utterance-unidirectional,P1-077,P1-073,"['page8-58.svg', 'page5-96.svg', 'page8-159.svg', 'page7-53.svg', 'page1-150.svg', 'page6-226.svg', 'page7-73.svg', 'page6-206.svg', 'page5-128.svg', 'page6-71.svg']",9.0,a snake slithering,3.0,15.0,"(22,)",page7-53.svg,True,3.0
P1G039,P1R01004,6,1,page7-53.svg,False,0.7333333333333332,low,single-utterance-unidirectional,P1-062,P1-120,"['page6-226.svg', 'page5-96.svg', 'page6-206.svg', 'page7-53.svg', 'page6-71.svg', 'page7-73.svg', 'page8-159.svg', 'page5-128.svg', 'page8-58.svg', 'page1-150.svg']",6.0,"a low bridge with triangles cut out of the bottom, you described it before",14.0,30.0,"(39,)",page7-53.svg,True,14.0
P1G046,P1R00865,17,2,page7-20.svg,False,1.0,high,single-utterance-unidirectional,P1-015,P1-045,"['page1-175.svg', 'page7-15.svg', 'page3-52.svg', 'page8-54.svg', 'page4-244.svg', 'page5-36.svg', 'page7-40.svg', 'page8-183.svg', 'page8-38.svg', 'page7-20.svg']",7.0,building falling to the right,5.0,12.0,"(18,)",page7-20.svg,True,5.0
P1G059,P1R01443,4,0,page2-140.svg,False,1.0,high,single-utterance-unidirectional,P1-038,P1-058,"['page8-247.svg', 'page6-206.svg', 'page1-117.svg', 'page2-140.svg', 'page1-30.svg', 'page9-39.svg', 'page1-185.svg', 'page3-33.svg', 'page6-228.svg', 'page7-81.svg']",15.0,Looks sort of like a canoe with a square on a shape on the right hand side,17.0,36.0,"(49,)",page2-140.svg,True,17.0
P1G041,P1R01581,0,0,page7-41.svg,False,0.7555555555555555,low,single-utterance-unidirectional,P1-004,P1-113,"['page6-208.svg', 'page5-165.svg', 'page7-41.svg', 'page8-169.svg', 'page8-38.svg', 'page5-86.svg', 'page7-125.svg', 'page2-20.svg', 'page3-33.svg', 'page7-107.svg']",10.0,A boat with a house ontop,6.0,18.0,"(23,)",page7-41.svg,True,6.0
P1G011,P1R00591,6,1,page4-197.svg,True,1.0,high,single-utterance-unidirectional,P1-041,P1-088,"['page5-40.svg', 'page7-107.svg', 'page8-58.svg', 'page2-36.svg', 'page6-124.svg', 'page3-33.svg', 'page5-45.svg', 'page4-197.svg', 'page1-150.svg', 'page5-153.svg']",22.0,head looking left,3.0,33.0,"(45,)",page2-36.svg,False,3.0
P1G026,P1R00027,8,1,page1-48.svg,False,1.0,high,single-utterance-unidirectional,P1-091,P1-011,"['page1-48.svg', 'page1-133.svg', 'page9-40.svg', 'page8-38.svg', 'page7-44.svg', 'page-F.svg', 'page5-45.svg', 'page4-195.svg', 'page6-206.svg', 'page7-55.svg']",10.0,teepee,1.0,13.0,"(24,)",page1-48.svg,True,1.0
P1G014,P1R00678,20,3,page8-169.svg,False,1.0,high,single-utterance-unidirectional,P1-103,P1-049,"['page5-153.svg', 'page8-169.svg', 'page3-12.svg', 'page6-71.svg', 'page7-15.svg', 'page6-160.svg', 'page7-20.svg', 'page9-39.svg', 'page5-84.svg', 'page5-66.svg']",9.0,letter c,2.0,13.0,"(24,)",page8-169.svg,True,2.0
P1G001,P1R00768,10,1,page5-45.svg,False,1.0,high,single-utterance-unidirectional,P1-007,P1-053,"['page5-40.svg', 'page7-107.svg', 'page8-58.svg', 'page2-36.svg', 'page6-124.svg', 'page3-33.svg', 'page5-45.svg', 'page4-197.svg', 'page1-150.svg', 'page5-153.svg']",3.0,a cottage stlye house with a skyscrapper in the middle,10.0,15.0,"(18,)",page5-45.svg,True,10.0
P1G059,P1R01253,17,2,page1-185.svg,True,0.6611111111111112,low,single-utterance-unidirectional,P1-058,P1-038,"['page1-117.svg', 'page6-206.svg', 'page1-30.svg', 'page7-81.svg', 'page9-39.svg', 'page8-247.svg', 'page2-140.svg', 'page6-228.svg', 'page1-185.svg', 'page3-33.svg']",4.0,Fat urn with indent at bottom,6.0,12.0,"(17,)",page1-185.svg,True,6.0
P1G009,P1R00568,20,3,page3-33.svg,True,0.6111111111111112,low,single-utterance-unidirectional,P1-019,P1-104,"['page5-63.svg', 'page6-208.svg', 'page4-128.svg', 'page5-71.svg', 'page3-33.svg', 'page6-52.svg', 'page5-84.svg', 'page5-85.svg', 'page4-155.svg', 'page7-225.svg']",15.0,three triangles with a pendant above,6.0,30.0,,,,6.0
P1G023,P1R00164,1,0,page8-54.svg,True,0.7185185185185186,low,single-utterance-unidirectional,P1-003,P1-117,"['page7-20.svg', 'page8-54.svg', 'page7-40.svg', 'page1-175.svg', 'page8-38.svg', 'page7-15.svg', 'page8-183.svg', 'page3-52.svg', 'page4-244.svg', 'page5-36.svg']",12.0,A person praying,3.0,17.0,"(23,)",page8-54.svg,True,3.0
P1G002,P1R01683,1,0,page6-185.svg,False,0.6129629629629629,low,single-utterance-unidirectional,P1-081,P1-013,"['page8-234.svg', 'page1-132.svg', 'page5-85.svg', 'page6-21.svg', 'page6-185.svg', 'page6-52.svg', 'page5-63.svg', 'page7-113.svg', 'page6-228.svg', 'page7-203.svg']",5.0,Looks like man sitting down facing the right hand side,11.0,20.0,"(26,)",page6-185.svg,True,10.0
P1G050,P1R01447,7,1,page3-33.svg,False,0.6111111111111112,low,single-utterance-unidirectional,P1-017,P1-090,"['page1-117.svg', 'page6-206.svg', 'page1-30.svg', 'page7-81.svg', 'page9-39.svg', 'page8-247.svg', 'page2-140.svg', 'page6-228.svg', 'page1-185.svg', 'page3-33.svg']",14.0,it looks like 3 mountains with a piece on top,10.0,34.0,"(44,)",page3-33.svg,True,10.0
P1G047,P1R00271,10,1,page7-29.svg,False,1.0,high,single-utterance-unidirectional,P1-102,P1-080,"['page3-70.svg', 'page8-21.svg', 'page5-101.svg', 'page2-165.svg', 'page1-95.svg', 'page8-156.svg', 'page7-40.svg', 'page6-171.svg', 'page3-61.svg', 'page7-29.svg']",16.0,bird flying to the right,5.0,26.0,"(38,)",page7-29.svg,True,5.0
P1G060,P1R01531,9,1,page4-128.svg,False,1.0,high,single-utterance-unidirectional,P1-012,P1-021,"['page5-63.svg', 'page6-208.svg', 'page4-128.svg', 'page5-71.svg', 'page3-33.svg', 'page6-52.svg', 'page5-84.svg', 'page5-85.svg', 'page4-155.svg', 'page7-225.svg']",8.0,Oil can with spout (but no handle),7.0,15.0,"(24,)",page4-128.svg,True,7.0
P1G038,P1R00957,13,2,page9-40.svg,False,1.0,high,single-utterance-unidirectional,P1-085,P1-035,"['page8-159.svg', 'page8-58.svg', 'page5-165.svg', 'page7-127.svg', 'page7-157.svg', 'page9-40.svg', 'page3-70.svg', 'page4-232.svg', 'page8-234.svg', 'page5-45.svg']",10.0,The spiky tower thing.,4.0,20.0,"(24,)",page8-58.svg,False,4.0
P1G044,P1R00139,25,4,page9-40.svg,False,1.0,high,single-utterance-unidirectional,P1-078,P1-068,"['page6-122.svg', 'page9-40.svg', 'page7-226.svg', 'page7-125.svg', 'page8-246.svg', 'page6-160.svg', 'page7-145.svg', 'page5-101.svg', 'page8-183.svg', 'page8-21.svg']",12.0,candlestick,1.0,15.0,"(23,)",page9-40.svg,True,1.0
P1G057,P1R01323,16,2,page3-12.svg,False,1.0,high,single-utterance-unidirectional,P1-087,P1-043,"['page5-65.svg', 'page7-29.svg', 'page7-73.svg', 'page6-23.svg', 'page5-40.svg', 'page1-77.svg', 'page4-190.svg', 'page3-70.svg', 'page3-12.svg', 'page3-33.svg']",8.0,Arrow facing downward with a flat top,7.0,16.0,"(27,)",page3-12.svg,True,7.0
P1G053,P1R00295,20,3,page1-117.svg,False,1.0,high,single-utterance-unidirectional,P1-064,P1-061,"['page1-117.svg', 'page6-206.svg', 'page1-30.svg', 'page7-81.svg', 'page9-39.svg', 'page8-247.svg', 'page2-140.svg', 'page6-228.svg', 'page1-185.svg', 'page3-33.svg']",9.0,chess piece,2.0,12.0,"(23,)",page1-117.svg,True,2.0
P1G010,P1R01684,29,4,page5-153.svg,False,0.6425925925925926,low,single-utterance-unidirectional,P1-044,P1-032,"['page3-61.svg', 'page7-202.svg', 'page4-190.svg', 'page2-16.svg', 'page7-126.svg', 'page7-166.svg', 'page1-95.svg', 'page5-96.svg', 'page5-153.svg', 'page7-127.svg']",10.0,A crab (or a boat with no sail),8.0,22.0,,,,8.0
P1G015,P1R00933,7,1,page7-44.svg,True,1.0,high,single-utterance-unidirectional,P1-025,P1-028,"['page1-48.svg', 'page1-133.svg', 'page9-40.svg', 'page8-38.svg', 'page7-44.svg', 'page-F.svg', 'page5-45.svg', 'page4-195.svg', 'page6-206.svg', 'page7-55.svg']",12.0,A chimney above the assault rifle,6.0,19.0,"(29,)",page9-40.svg,False,6.0
P1G057,P1R01038,4,0,page3-70.svg,False,1.0,high,single-utterance-unidirectional,P1-087,P1-043,"['page5-65.svg', 'page7-29.svg', 'page7-73.svg', 'page6-23.svg', 'page5-40.svg', 'page1-77.svg', 'page4-190.svg', 'page3-70.svg', 'page3-12.svg', 'page3-33.svg']",10.0,A lounge chair,3.0,24.0,"(38,)",page3-70.svg,True,3.0
P1G004,P1R00369,6,1,page5-40.svg,True,0.7527777777777778,low,single-utterance-unidirectional,P1-086,P1-009,"['page5-26.svg', 'page7-20.svg', 'page7-125.svg', 'page2-100.svg', 'page7-126.svg', 'page8-169.svg', 'page7-202.svg', 'page7-116.svg', 'page5-40.svg', 'page4-244.svg']",13.0,One square on two other squares,6.0,37.0,"(59,)",page5-40.svg,True,6.0
P1G018,P1R01550,17,2,page6-171.svg,False,0.4148148148148148,low,single-utterance-unidirectional,P1-093,P1-010,"['page6-171.svg', 'page4-241.svg', 'page5-102.svg', 'page2-133.svg', 'page1-95.svg', 'page6-219.svg', 'page7-216.svg', 'page2-86.svg', 'page8-21.svg', 'page4-180.svg']",,,,,,,,
P1G014,P1R00685,28,4,page5-66.svg,True,1.0,high,single-utterance-unidirectional,P1-103,P1-049,"['page5-153.svg', 'page8-169.svg', 'page3-12.svg', 'page6-71.svg', 'page7-15.svg', 'page6-160.svg', 'page7-20.svg', 'page9-39.svg', 'page5-84.svg', 'page5-66.svg']",12.0,looks like an animal with a big head looking right,10.0,30.0,"(50,)",page5-66.svg,True,10.0
P1G015,P1R00292,6,1,page4-195.svg,False,1.0,high,single-utterance-unidirectional,P1-025,P1-028,"['page1-48.svg', 'page1-133.svg', 'page9-40.svg', 'page8-38.svg', 'page7-44.svg', 'page-F.svg', 'page5-45.svg', 'page4-195.svg', 'page6-206.svg', 'page7-55.svg']",6.0,An assault rifle,3.0,10.0,"(13,)",page4-195.svg,True,3.0
P1G005,P1R00783,23,3,page1-185.svg,False,0.6611111111111112,low,single-utterance-unidirectional,P1-059,P1-036,"['page8-246.svg', 'page7-125.svg', 'page6-160.svg', 'page5-85.svg', 'page1-185.svg', 'page5-139.svg', 'page4-180.svg', 'page5-154.svg', 'page7-177.svg', 'page7-126.svg']",5.0,chalice or cup,3.0,10.0,"(12,)",page1-185.svg,True,3.0
P1G028,P1R01417,7,1,page6-135.svg,False,1.0,high,single-utterance-unidirectional,P1-027,P1-069,"['page7-202.svg', 'page8-183.svg', 'page7-79.svg', 'page6-121.svg', 'page1-133.svg', 'page6-206.svg', 'page7-20.svg', 'page6-135.svg', 'page1-77.svg', 'page4-5.svg']",7.0,ears,1.0,8.0,"(23,)",page6-135.svg,True,1.0
P1G020,P1R00223,8,1,page6-52.svg,False,1.0,high,single-utterance-unidirectional,P1-051,P1-101,"['page6-52.svg', 'page7-36.svg', 'page6-186.svg', 'page2-136.svg', 'page1-186.svg', 'page2-165.svg', 'page6-219.svg', 'page1-133.svg', 'page7-126.svg', 'page7-186.svg']",17.0,wonky arrow pointing up and left,6.0,38.0,"(47,)",page6-52.svg,True,6.0
P1G033,P1R01068,21,3,page5-45.svg,False,1.0,high,single-utterance-unidirectional,P1-105,P1-099,"['page5-45.svg', 'page8-21.svg', 'page4-142.svg', 'page5-85.svg', 'page7-22.svg', 'page5-232.svg', 'page7-157.svg', 'page3-66.svg', 'page8-248.svg', 'page7-225.svg']",15.0,house icon,2.0,18.0,"(22,)",page5-45.svg,True,2.0
P1G053,P1R00728,18,3,page1-30.svg,False,1.0,high,single-utterance-unidirectional,P1-064,P1-061,"['page1-117.svg', 'page6-206.svg', 'page1-30.svg', 'page7-81.svg', 'page9-39.svg', 'page8-247.svg', 'page2-140.svg', 'page6-228.svg', 'page1-185.svg', 'page3-33.svg']",12.0,tent with a triangle on top,6.0,18.0,"(24,)",page1-30.svg,True,6.0
P1G052,P1R00281,12,2,page7-20.svg,False,1.0,high,single-utterance-unidirectional,P1-108,P1-107,"['page6-71.svg', 'page7-15.svg', 'page8-169.svg', 'page5-66.svg', 'page7-20.svg', 'page9-39.svg', 'page5-153.svg', 'page3-12.svg', 'page6-160.svg', 'page5-84.svg']",,,,,,,,
P1G049,P1R01305,6,1,page6-160.svg,False,0.5592592592592593,low,single-utterance-unidirectional,P1-110,P1-047,"['page8-246.svg', 'page7-125.svg', 'page6-122.svg', 'page7-226.svg', 'page7-145.svg', 'page8-21.svg', 'page5-101.svg', 'page6-160.svg', 'page9-40.svg', 'page8-183.svg']",11.0,The one that looks like a scissors,7.0,18.0,"(27,)",page6-160.svg,True,7.0
P1G056,P1R01577,17,2,page7-22.svg,True,0.9935185185185184,high,single-utterance-unidirectional,P1-005,P1-018,"['page5-45.svg', 'page8-21.svg', 'page4-142.svg', 'page5-85.svg', 'page7-22.svg', 'page5-232.svg', 'page7-157.svg', 'page3-66.svg', 'page8-248.svg', 'page7-225.svg']",8.0,a ufo with triangles cut out of the bottom,9.0,22.0,"(30,)",page7-22.svg,True,9.0
P1G036,P1R00963,21,3,page7-81.svg,True,1.0,high,single-utterance-unidirectional,P1-114,P1-029,"['page1-117.svg', 'page6-206.svg', 'page1-30.svg', 'page7-81.svg', 'page9-39.svg', 'page8-247.svg', 'page2-140.svg', 'page6-228.svg', 'page1-185.svg', 'page3-33.svg']",9.0,like a square with a pointed trriangle and half a square,11.0,17.0,"(33,)",page7-81.svg,True,11.0
P1G058,P1R00393,21,3,page6-219.svg,False,1.0,high,single-utterance-unidirectional,P1-054,P1-071,"['page4-11.svg', 'page6-219.svg', 'page1-95.svg', 'page1-77.svg', 'page2-36.svg', 'page1-34.svg', 'page9-40.svg', 'page5-85.svg', 'page5-26.svg', 'page2-133.svg']",9.0,rectangle with leg,3.0,21.0,"(44,)",page6-219.svg,True,3.0
P1G060,P1R01340,20,3,page3-33.svg,True,0.6111111111111112,low,single-utterance-unidirectional,P1-012,P1-021,"['page5-63.svg', 'page6-208.svg', 'page4-128.svg', 'page5-71.svg', 'page3-33.svg', 'page6-52.svg', 'page5-84.svg', 'page5-85.svg', 'page4-155.svg', 'page7-225.svg']",10.0,3 triangles in row with shape on top (white between shapes in an arrow upwards shape),16.0,31.0,"(46,)",page3-33.svg,True,16.0
P1G034,P1R01625,24,4,page5-121.svg,False,0.9925925925925926,high,single-utterance-unidirectional,P1-065,P1-084,"['page5-121.svg', 'page3-33.svg', 'page6-52.svg', 'page7-44.svg', 'page5-63.svg', 'page2-34.svg', 'page6-155.svg', 'page7-115.svg', 'page6-175.svg', 'page7-113.svg']",7.0,hurricane symbol,2.0,10.0,"(19,)",page5-121.svg,True,2.0
P1G023,P1R01302,25,4,page8-183.svg,True,1.0,high,single-utterance-unidirectional,P1-003,P1-117,"['page7-20.svg', 'page8-54.svg', 'page7-40.svg', 'page1-175.svg', 'page8-38.svg', 'page7-15.svg', 'page8-183.svg', 'page3-52.svg', 'page4-244.svg', 'page5-36.svg']",18.0,Letter P,2.0,20.0,"(24,)",page8-183.svg,True,2.0
P1G044,P1R00189,7,1,page7-145.svg,True,0.7666666666666666,low,single-utterance-unidirectional,P1-068,P1-078,"['page8-246.svg', 'page7-125.svg', 'page6-122.svg', 'page7-226.svg', 'page7-145.svg', 'page8-21.svg', 'page5-101.svg', 'page6-160.svg', 'page9-40.svg', 'page8-183.svg']",11.0,a duck on the water,5.0,17.0,"(24,)",page7-145.svg,True,5.0
P1G039,P1R00566,11,1,page6-71.svg,False,1.0,high,single-utterance-unidirectional,P1-062,P1-120,"['page6-226.svg', 'page5-96.svg', 'page6-206.svg', 'page7-53.svg', 'page6-71.svg', 'page7-73.svg', 'page8-159.svg', 'page5-128.svg', 'page8-58.svg', 'page1-150.svg']",8.0,giant bat!,2.0,20.0,"(24,)",page6-71.svg,True,2.0
P1G013,P1R00614,17,2,page7-15.svg,False,0.5935185185185186,low,single-utterance-unidirectional,P1-034,P1-109,"['page6-71.svg', 'page7-15.svg', 'page8-169.svg', 'page5-66.svg', 'page7-20.svg', 'page9-39.svg', 'page5-153.svg', 'page3-12.svg', 'page6-160.svg', 'page5-84.svg']",7.0,Flat line with four bumps,5.0,14.0,"(24,)",page7-15.svg,True,5.0
P1G029,P1R00826,11,1,page7-145.svg,False,0.7666666666666666,low,single-utterance-unidirectional,P1-094,P1-052,"['page6-162.svg', 'page7-226.svg', 'page7-177.svg', 'page8-156.svg', 'page7-53.svg', 'page7-41.svg', 'page7-36.svg', 'page-F.svg', 'page7-145.svg', 'page8-192.svg']",14.0,duck or horse swimming to the right,7.0,25.0,"(39,)",page7-145.svg,True,7.0
P1G007,P1R01743,2,0,page9-39.svg,False,0.7407407407407408,low,single-utterance-unidirectional,P1-067,P1-115,"['page6-71.svg', 'page7-15.svg', 'page8-169.svg', 'page5-66.svg', 'page7-20.svg', 'page9-39.svg', 'page5-153.svg', 'page3-12.svg', 'page6-160.svg', 'page5-84.svg']",6.0,saxaphone,1.0,10.0,"(17,)",page9-39.svg,True,1.0
P1G020,P1R01622,23,3,page7-126.svg,True,0.6666666666666667,low,single-utterance-unidirectional,P1-051,P1-101,"['page6-52.svg', 'page7-36.svg', 'page6-186.svg', 'page2-136.svg', 'page1-186.svg', 'page2-165.svg', 'page6-219.svg', 'page1-133.svg', 'page7-126.svg', 'page7-186.svg']",14.0,bird,1.0,15.0,"(23,)",page7-126.svg,True,1.0
P1G030,P1R00892,19,3,page5-86.svg,False,0.4833333333333334,low,single-utterance-unidirectional,P1-050,P1-063,"['page6-208.svg', 'page3-33.svg', 'page7-107.svg', 'page2-20.svg', 'page8-169.svg', 'page8-38.svg', 'page7-41.svg', 'page5-86.svg', 'page7-125.svg', 'page5-165.svg']",3.0,galloping horse,2.0,6.0,"(12,)",page5-86.svg,True,2.0
P1G052,P1R01486,14,2,page9-39.svg,False,0.7407407407407408,low,single-utterance-unidirectional,P1-108,P1-107,"['page6-71.svg', 'page7-15.svg', 'page8-169.svg', 'page5-66.svg', 'page7-20.svg', 'page9-39.svg', 'page5-153.svg', 'page3-12.svg', 'page6-160.svg', 'page5-84.svg']",,,,,,,,
P1G020,P1R01604,5,0,page6-52.svg,False,1.0,high,single-utterance-unidirectional,P1-101,P1-051,"['page7-186.svg', 'page7-36.svg', 'page1-133.svg', 'page1-186.svg', 'page7-126.svg', 'page6-186.svg', 'page2-165.svg', 'page6-52.svg', 'page2-136.svg', 'page6-219.svg']",18.0,almost a rectangle with bottom right missing,7.0,26.0,,,,7.0
P1G048,P1R01318,0,0,page4-142.svg,False,1.0,high,single-utterance-unidirectional,P1-016,P1-097,"['page6-245.svg', 'page6-107.svg', 'page4-142.svg', 'page7-177.svg', 'page8-18.svg', 'page5-80.svg', 'page7-217.svg', 'page5-155.svg', 'page2-131.svg', 'page6-109.svg']",13.0,a curved tube that goes to the right nd up,10.0,21.0,"(33,)",page2-131.svg,False,10.0
P1G025,P1R01435,2,0,page6-206.svg,True,0.7333333333333333,low,single-utterance-unidirectional,P1-056,P1-112,"['page1-117.svg', 'page6-206.svg', 'page1-30.svg', 'page7-81.svg', 'page9-39.svg', 'page8-247.svg', 'page2-140.svg', 'page6-228.svg', 'page1-185.svg', 'page3-33.svg']",5.0,looks like lips with a missing triangle in the middle,10.0,15.0,"(32,)",page6-228.svg,False,10.0
P1G012,P1R00803,23,3,page7-126.svg,True,0.6666666666666667,low,single-utterance-unidirectional,P1-024,P1-076,"['page6-52.svg', 'page7-36.svg', 'page6-186.svg', 'page2-136.svg', 'page1-186.svg', 'page2-165.svg', 'page6-219.svg', 'page1-133.svg', 'page7-126.svg', 'page7-186.svg']",7.0,looks like a bird with triangle head. triangle foot.,9.0,20.0,"(23,)",page7-126.svg,True,9.0
P1G048,P1R01746,11,1,page5-155.svg,False,0.5777777777777778,low,single-utterance-unidirectional,P1-097,P1-016,"['page4-142.svg', 'page5-80.svg', 'page2-131.svg', 'page5-155.svg', 'page6-245.svg', 'page8-18.svg', 'page7-217.svg', 'page6-107.svg', 'page7-177.svg', 'page6-109.svg']",11.0,A tree with the top right corner missing,8.0,27.0,"(35,)",page5-155.svg,True,8.0
P1G028,P1R00616,3,0,page6-135.svg,False,1.0,high,single-utterance-unidirectional,P1-069,P1-027,"['page1-77.svg', 'page8-183.svg', 'page6-206.svg', 'page6-121.svg', 'page6-135.svg', 'page7-79.svg', 'page1-133.svg', 'page4-5.svg', 'page7-202.svg', 'page7-20.svg']",7.0,One that looks like it has ears,7.0,18.0,"(39,)",page6-135.svg,True,7.0
P1G026,P1R00872,9,1,page-F.svg,False,0.6685185185185186,low,single-utterance-unidirectional,P1-091,P1-011,"['page1-48.svg', 'page1-133.svg', 'page9-40.svg', 'page8-38.svg', 'page7-44.svg', 'page-F.svg', 'page5-45.svg', 'page4-195.svg', 'page6-206.svg', 'page7-55.svg']",10.0,person sitting facing the left,5.0,14.0,"(26,)",page-F.svg,True,5.0
P1G010,P1R01089,8,1,page4-190.svg,False,1.0,high,single-utterance-unidirectional,P1-032,P1-044,"['page7-166.svg', 'page1-95.svg', 'page5-153.svg', 'page4-190.svg', 'page7-202.svg', 'page7-126.svg', 'page3-61.svg', 'page2-16.svg', 'page5-96.svg', 'page7-127.svg']",10.0,a hedgehog facing right,4.0,14.0,"(24,)",page4-190.svg,True,4.0
P1G005,P1R01629,25,4,page5-139.svg,False,0.9925925925925926,high,single-utterance-unidirectional,P1-036,P1-059,"['page5-139.svg', 'page5-154.svg', 'page7-126.svg', 'page8-246.svg', 'page6-160.svg', 'page7-125.svg', 'page5-85.svg', 'page4-180.svg', 'page1-185.svg', 'page7-177.svg']",7.0,Basin with tube,3.0,18.0,"(24,)",page5-139.svg,True,3.0
P1G039,P1R00446,22,3,page1-150.svg,False,1.0,high,single-utterance-unidirectional,P1-062,P1-120,"['page6-226.svg', 'page5-96.svg', 'page6-206.svg', 'page7-53.svg', 'page6-71.svg', 'page7-73.svg', 'page8-159.svg', 'page5-128.svg', 'page8-58.svg', 'page1-150.svg']",6.0,fountain,1.0,9.0,"(14,)",page1-150.svg,True,1.0
P1G051,P1R00381,27,4,page7-44.svg,True,1.0,high,single-utterance-unidirectional,P1-006,P1-042,"['page6-155.svg', 'page7-113.svg', 'page2-34.svg', 'page7-115.svg', 'page7-44.svg', 'page3-33.svg', 'page6-52.svg', 'page5-121.svg', 'page6-175.svg', 'page5-63.svg']",4.0,Its the one that looks like a temple,8.0,12.0,"(19,)",page7-44.svg,True,8.0
P1G017,P1R01638,13,2,page8-56.svg,True,0.7055555555555555,low,single-utterance-unidirectional,P1-048,P1-070,"['page5-86.svg', 'page8-56.svg', 'page7-216.svg', 'page7-55.svg', 'page5-154.svg', 'page3-70.svg', 'page6-204.svg', 'page7-166.svg', 'page5-26.svg', 'page7-115.svg']",4.0,man walking,2.0,13.0,"(17,)",page8-56.svg,True,2.0
P1G019,P1R00962,23,3,page3-139.svg,False,0.9935185185185184,high,single-utterance-unidirectional,P1-033,P1-020,"['page2-86.svg', 'page7-126.svg', 'page5-101.svg', 'page8-169.svg', 'page3-139.svg', 'page6-166.svg', 'page6-167.svg', 'page4-180.svg', 'page5-165.svg', 'page1-117.svg']",13.0,Like a person with outstretched arms with a square head,10.0,24.0,"(33,)",page3-139.svg,True,10.0
P1G023,P1R00248,19,3,page7-40.svg,False,0.7611111111111111,low,single-utterance-unidirectional,P1-003,P1-117,"['page7-20.svg', 'page8-54.svg', 'page7-40.svg', 'page1-175.svg', 'page8-38.svg', 'page7-15.svg', 'page8-183.svg', 'page3-52.svg', 'page4-244.svg', 'page5-36.svg']",18.0,Fox peering into a box!,5.0,25.0,"(42,)",page7-15.svg,False,5.0
P1G047,P1R01012,21,3,page6-171.svg,False,0.4148148148148148,low,single-utterance-unidirectional,P1-102,P1-080,"['page3-70.svg', 'page8-21.svg', 'page5-101.svg', 'page2-165.svg', 'page1-95.svg', 'page8-156.svg', 'page7-40.svg', 'page6-171.svg', 'page3-61.svg', 'page7-29.svg']",18.0,man,1.0,19.0,"(23,)",page6-171.svg,True,1.0
P1G052,P1R00687,7,1,page5-84.svg,False,0.5111111111111112,low,single-utterance-unidirectional,P1-107,P1-108,"['page5-153.svg', 'page8-169.svg', 'page3-12.svg', 'page6-71.svg', 'page7-15.svg', 'page6-160.svg', 'page7-20.svg', 'page9-39.svg', 'page5-84.svg', 'page5-66.svg']",,,,,,,,
P1G026,P1R00876,28,4,page1-48.svg,False,1.0,high,single-utterance-unidirectional,P1-011,P1-091,"['page7-44.svg', 'page7-55.svg', 'page6-206.svg', 'page1-48.svg', 'page8-38.svg', 'page5-45.svg', 'page9-40.svg', 'page1-133.svg', 'page-F.svg', 'page4-195.svg']",3.0,triangle with a smaller triangle cut out of bottom,9.0,10.0,"(17,)",page1-48.svg,True,9.0
P1G013,P1R00418,6,1,page6-71.svg,True,1.0,high,single-utterance-unidirectional,P1-109,P1-034,"['page5-153.svg', 'page8-169.svg', 'page3-12.svg', 'page6-71.svg', 'page7-15.svg', 'page6-160.svg', 'page7-20.svg', 'page9-39.svg', 'page5-84.svg', 'page5-66.svg']",8.0,A bowtie,2.0,11.0,"(27,)",page6-71.svg,True,2.0
P1G011,P1R01537,4,0,page5-45.svg,False,1.0,high,single-utterance-unidirectional,P1-088,P1-041,"['page2-36.svg', 'page4-197.svg', 'page1-150.svg', 'page3-33.svg', 'page5-153.svg', 'page6-124.svg', 'page7-107.svg', 'page5-40.svg', 'page8-58.svg', 'page5-45.svg']",6.0,A house,2.0,17.0,"(24,)",page5-45.svg,True,2.0
P1G016,P1R01062,7,1,page6-52.svg,False,1.0,high,single-utterance-unidirectional,P1-046,P1-014,"['page5-63.svg', 'page6-208.svg', 'page4-128.svg', 'page5-71.svg', 'page3-33.svg', 'page6-52.svg', 'page5-84.svg', 'page5-85.svg', 'page4-155.svg', 'page7-225.svg']",22.0,"hard one, just a black square with a triangle and a handle",12.0,39.0,,,,12.0
P1G048,P1R00040,4,0,page7-217.svg,True,1.0,high,single-utterance-unidirectional,P1-097,P1-016,"['page4-142.svg', 'page5-80.svg', 'page2-131.svg', 'page5-155.svg', 'page6-245.svg', 'page8-18.svg', 'page7-217.svg', 'page6-107.svg', 'page7-177.svg', 'page6-109.svg']",12.0,A long rectangle with an upside down house shape on the top left corner,14.0,41.0,,,,14.0
P1G043,P1R00758,4,0,page7-36.svg,False,1.0,high,single-utterance-unidirectional,P1-075,P1-066,"['page8-156.svg', 'page8-192.svg', 'page6-162.svg', 'page7-53.svg', 'page7-145.svg', 'page7-177.svg', 'page7-226.svg', 'page-F.svg', 'page7-41.svg', 'page7-36.svg']",20.0,a jagged staircase with a pillar at the top going up and left,13.0,38.0,"(47,)",page7-36.svg,True,13.0
P1G010,P1R01436,20,3,page5-96.svg,False,0.5444444444444445,low,single-utterance-unidirectional,P1-032,P1-044,"['page7-166.svg', 'page1-95.svg', 'page5-153.svg', 'page4-190.svg', 'page7-202.svg', 'page7-126.svg', 'page3-61.svg', 'page2-16.svg', 'page5-96.svg', 'page7-127.svg']",12.0,fox running left,3.0,16.0,"(23,)",page5-96.svg,True,3.0
P1G058,P1R01169,5,0,page1-77.svg,True,0.6833333333333333,low,single-utterance-unidirectional,P1-054,P1-071,"['page4-11.svg', 'page6-219.svg', 'page1-95.svg', 'page1-77.svg', 'page2-36.svg', 'page1-34.svg', 'page9-40.svg', 'page5-85.svg', 'page5-26.svg', 'page2-133.svg']",6.0,rocket missal,2.0,19.0,"(30,)",page1-77.svg,True,2.0
P1G015,P1R01289,27,4,page8-38.svg,True,0.5777777777777778,low,single-utterance-unidirectional,P1-025,P1-028,"['page1-48.svg', 'page1-133.svg', 'page9-40.svg', 'page8-38.svg', 'page7-44.svg', 'page-F.svg', 'page5-45.svg', 'page4-195.svg', 'page6-206.svg', 'page7-55.svg']",3.0,owl,1.0,4.0,"(15,)",page8-38.svg,True,1.0
P1G025,P1R00222,26,4,page9-39.svg,False,0.7407407407407408,low,single-utterance-unidirectional,P1-112,P1-056,"['page8-247.svg', 'page6-206.svg', 'page1-117.svg', 'page2-140.svg', 'page1-30.svg', 'page9-39.svg', 'page1-185.svg', 'page3-33.svg', 'page6-228.svg', 'page7-81.svg']",14.0,pipe or tick,3.0,21.0,"(33,)",page9-39.svg,True,3.0
P1G051,P1R00374,18,3,page5-63.svg,False,0.9935185185185184,high,single-utterance-unidirectional,P1-006,P1-042,"['page6-155.svg', 'page7-113.svg', 'page2-34.svg', 'page7-115.svg', 'page7-44.svg', 'page3-33.svg', 'page6-52.svg', 'page5-121.svg', 'page6-175.svg', 'page5-63.svg']",17.0,The slanted rectangle then bigger triangle,6.0,26.0,"(37,)",page5-63.svg,True,6.0
P1G057,P1R00118,18,3,page3-70.svg,False,1.0,high,single-utterance-unidirectional,P1-043,P1-087,"['page3-70.svg', 'page3-12.svg', 'page7-29.svg', 'page1-77.svg', 'page6-23.svg', 'page7-73.svg', 'page3-33.svg', 'page5-65.svg', 'page4-190.svg', 'page5-40.svg']",20.0,lounge chair,2.0,22.0,"(31,)",page3-70.svg,True,2.0
P1G049,P1R00601,4,0,page6-122.svg,False,0.5666666666666667,low,single-utterance-unidirectional,P1-047,P1-110,"['page6-122.svg', 'page9-40.svg', 'page7-226.svg', 'page7-125.svg', 'page8-246.svg', 'page6-160.svg', 'page7-145.svg', 'page5-101.svg', 'page8-183.svg', 'page8-21.svg']",17.0,A house with a chimney,5.0,26.0,"(35,)",page6-122.svg,True,5.0
P1G014,P1R01152,10,1,page9-39.svg,False,0.7407407407407408,low,single-utterance-unidirectional,P1-103,P1-049,"['page5-153.svg', 'page8-169.svg', 'page3-12.svg', 'page6-71.svg', 'page7-15.svg', 'page6-160.svg', 'page7-20.svg', 'page9-39.svg', 'page5-84.svg', 'page5-66.svg']",7.0,a pipe,2.0,12.0,"(23,)",page9-39.svg,True,2.0
P1G018,P1R00793,28,4,page2-86.svg,False,0.7777777777777777,low,single-utterance-unidirectional,P1-093,P1-010,"['page6-171.svg', 'page4-241.svg', 'page5-102.svg', 'page2-133.svg', 'page1-95.svg', 'page6-219.svg', 'page7-216.svg', 'page2-86.svg', 'page8-21.svg', 'page4-180.svg']",,,,,,,,
P1G028,P1R00313,10,1,page4-5.svg,True,0.6916666666666667,low,single-utterance-unidirectional,P1-027,P1-069,"['page7-202.svg', 'page8-183.svg', 'page7-79.svg', 'page6-121.svg', 'page1-133.svg', 'page6-206.svg', 'page7-20.svg', 'page6-135.svg', 'page1-77.svg', 'page4-5.svg']",7.0,person with their leg up,5.0,13.0,"(33,)",page4-5.svg,True,5.0
P1G013,P1R01794,24,4,page7-15.svg,False,0.5935185185185186,low,single-utterance-unidirectional,P1-034,P1-109,"['page6-71.svg', 'page7-15.svg', 'page8-169.svg', 'page5-66.svg', 'page7-20.svg', 'page9-39.svg', 'page5-153.svg', 'page3-12.svg', 'page6-160.svg', 'page5-84.svg']",3.0,Line with four bumps,4.0,11.0,"(16,)",page7-15.svg,True,4.0
P1G031,P1R00204,25,4,page5-139.svg,False,0.9925925925925926,high,single-utterance-unidirectional,P1-008,P1-079,"['page5-139.svg', 'page5-154.svg', 'page7-126.svg', 'page8-246.svg', 'page6-160.svg', 'page7-125.svg', 'page5-85.svg', 'page4-180.svg', 'page1-185.svg', 'page7-177.svg']",7.0,cut off vacuum pipe,4.0,13.0,"(16,)",page5-139.svg,True,4.0
P1G015,P1R00994,17,2,page6-206.svg,False,0.7333333333333333,low,single-utterance-unidirectional,P1-028,P1-025,"['page7-44.svg', 'page7-55.svg', 'page6-206.svg', 'page1-48.svg', 'page8-38.svg', 'page5-45.svg', 'page9-40.svg', 'page1-133.svg', 'page-F.svg', 'page4-195.svg']",6.0,Easter Island Statue,3.0,11.0,"(16,)",page6-206.svg,True,3.0
P1G024,P1R01764,11,1,page5-26.svg,False,0.7518518518518518,low,single-utterance-unidirectional,P1-026,P1-089,"['page5-86.svg', 'page8-56.svg', 'page7-216.svg', 'page7-55.svg', 'page5-154.svg', 'page3-70.svg', 'page6-204.svg', 'page7-166.svg', 'page5-26.svg', 'page7-115.svg']",7.0,looks like a plane flying downwards,6.0,16.0,"(24,)",page5-26.svg,True,6.0
P1G049,P1R01655,13,2,page8-21.svg,False,0.5000000000000001,low,single-utterance-unidirectional,P1-047,P1-110,"['page6-122.svg', 'page9-40.svg', 'page7-226.svg', 'page7-125.svg', 'page8-246.svg', 'page6-160.svg', 'page7-145.svg', 'page5-101.svg', 'page8-183.svg', 'page8-21.svg']",,,,,,,,
P1G006,P1R00394,20,3,page7-53.svg,False,0.7333333333333332,low,single-utterance-unidirectional,P1-073,P1-077,"['page6-226.svg', 'page5-96.svg', 'page6-206.svg', 'page7-53.svg', 'page6-71.svg', 'page7-73.svg', 'page8-159.svg', 'page5-128.svg', 'page8-58.svg', 'page1-150.svg']",12.0,A snake slithering,3.0,21.0,"(33,)",page7-53.svg,True,3.0
P1G045,P1R00597,3,0,page6-52.svg,False,1.0,high,single-utterance-unidirectional,P1-095,P1-001,"['page6-196.svg', 'page7-41.svg', 'page6-109.svg', 'page5-65.svg', 'page2-85.svg', 'page4-98.svg', 'page4-96.svg', 'page6-52.svg', 'page3-33.svg', 'page5-80.svg']",11.0,the oddest shape there,4.0,37.0,"(47,)",page6-52.svg,True,4.0
P1G016,P1R00104,8,1,page7-225.svg,True,1.0,high,single-utterance-unidirectional,P1-046,P1-014,"['page5-63.svg', 'page6-208.svg', 'page4-128.svg', 'page5-71.svg', 'page3-33.svg', 'page6-52.svg', 'page5-84.svg', 'page5-85.svg', 'page4-155.svg', 'page7-225.svg']",,,,,,,,
P1G004,P1R00288,13,2,page7-202.svg,False,1.0,high,single-utterance-unidirectional,P1-009,P1-086,"['page5-40.svg', 'page5-26.svg', 'page7-20.svg', 'page7-125.svg', 'page2-100.svg', 'page4-244.svg', 'page7-126.svg', 'page7-116.svg', 'page8-169.svg', 'page7-202.svg']",6.0,candle stick holder,3.0,10.0,"(36,)",page7-202.svg,True,3.0
P1G011,P1R01325,24,4,page5-153.svg,False,0.6425925925925926,low,single-utterance-unidirectional,P1-088,P1-041,"['page2-36.svg', 'page4-197.svg', 'page1-150.svg', 'page3-33.svg', 'page5-153.svg', 'page6-124.svg', 'page7-107.svg', 'page5-40.svg', 'page8-58.svg', 'page5-45.svg']",4.0,curved v,2.0,6.0,"(21,)",page5-153.svg,True,2.0
P1G002,P1R00371,22,3,page5-63.svg,False,0.9935185185185184,high,single-utterance-unidirectional,P1-013,P1-081,"['page6-185.svg', 'page6-228.svg', 'page8-234.svg', 'page1-132.svg', 'page7-203.svg', 'page6-52.svg', 'page5-85.svg', 'page7-113.svg', 'page5-63.svg', 'page6-21.svg']",11.0,"triangle on right, diamond on left",6.0,20.0,"(24,)",page5-63.svg,True,6.0
P1G010,P1R01058,1,0,page5-96.svg,False,0.5444444444444445,low,single-utterance-unidirectional,P1-044,P1-032,"['page3-61.svg', 'page7-202.svg', 'page4-190.svg', 'page2-16.svg', 'page7-126.svg', 'page7-166.svg', 'page1-95.svg', 'page5-96.svg', 'page5-153.svg', 'page7-127.svg']",8.0,"It look like a fox looking to the left. To pointy ears on the left, and a long tail in the right.",22.0,34.0,,,,22.0
P1G046,P1R00621,6,1,page7-40.svg,False,0.7611111111111111,low,single-utterance-unidirectional,P1-045,P1-015,"['page7-20.svg', 'page8-54.svg', 'page7-40.svg', 'page1-175.svg', 'page8-38.svg', 'page7-15.svg', 'page8-183.svg', 'page3-52.svg', 'page4-244.svg', 'page5-36.svg']",6.0,A swan with it's neck bent over to the right,10.0,24.0,"(37,)",page7-40.svg,True,10.0
P1G053,P1R00674,16,2,page3-33.svg,False,0.6111111111111112,low,single-utterance-unidirectional,P1-061,P1-064,"['page8-247.svg', 'page6-206.svg', 'page1-117.svg', 'page2-140.svg', 'page1-30.svg', 'page9-39.svg', 'page1-185.svg', 'page3-33.svg', 'page6-228.svg', 'page7-81.svg']",17.0,mountains with a banner on top,6.0,25.0,"(36,)",page3-33.svg,True,6.0
P1G044,P1R00311,22,3,page9-40.svg,False,1.0,high,single-utterance-unidirectional,P1-068,P1-078,"['page8-246.svg', 'page7-125.svg', 'page6-122.svg', 'page7-226.svg', 'page7-145.svg', 'page8-21.svg', 'page5-101.svg', 'page6-160.svg', 'page9-40.svg', 'page8-183.svg']",10.0,candlestick,1.0,13.0,"(22,)",page9-40.svg,True,1.0
P1G021,P1R01220,12,2,page7-126.svg,False,0.6666666666666667,low,single-utterance-unidirectional,P1-096,P1-098,"['page3-61.svg', 'page7-202.svg', 'page4-190.svg', 'page2-16.svg', 'page7-126.svg', 'page7-166.svg', 'page1-95.svg', 'page5-96.svg', 'page5-153.svg', 'page7-127.svg']",4.0,bird facing to the left,5.0,8.0,"(26,)",page7-126.svg,True,5.0
P1G034,P1R01074,0,0,page2-34.svg,False,0.7611111111111111,low,single-utterance-unidirectional,P1-065,P1-084,"['page5-121.svg', 'page3-33.svg', 'page6-52.svg', 'page7-44.svg', 'page5-63.svg', 'page2-34.svg', 'page6-155.svg', 'page7-115.svg', 'page6-175.svg', 'page7-113.svg']",17.0,"looks like a little bear facing left, just has two legs, front leg",13.0,32.0,"(48,)",page2-34.svg,True,13.0
P1G017,P1R00459,27,4,page6-204.svg,False,1.0,high,single-utterance-unidirectional,P1-070,P1-048,"['page5-154.svg', 'page8-56.svg', 'page3-70.svg', 'page7-216.svg', 'page7-115.svg', 'page5-26.svg', 'page6-204.svg', 'page7-55.svg', 'page5-86.svg', 'page7-166.svg']",3.0,chimney,1.0,4.0,"(6,)",page6-204.svg,True,1.0
P1G050,P1R00109,24,4,page2-140.svg,False,1.0,high,single-utterance-unidirectional,P1-090,P1-017,"['page8-247.svg', 'page6-206.svg', 'page1-117.svg', 'page2-140.svg', 'page1-30.svg', 'page9-39.svg', 'page1-185.svg', 'page3-33.svg', 'page6-228.svg', 'page7-81.svg']",4.0,Looks like a bed with a leg on top,9.0,12.0,"(21,)",page2-140.svg,True,9.0
P1G054,P1R01619,19,3,page7-73.svg,False,0.6,low,single-utterance-unidirectional,P1-030,P1-106,"['page3-70.svg', 'page3-12.svg', 'page7-29.svg', 'page1-77.svg', 'page6-23.svg', 'page7-73.svg', 'page3-33.svg', 'page5-65.svg', 'page4-190.svg', 'page5-40.svg']",6.0,Fish,1.0,7.0,"(12,)",page7-73.svg,True,1.0
P1G012,P1R00296,19,3,page1-186.svg,False,0.4972222222222222,low,single-utterance-unidirectional,P1-024,P1-076,"['page6-52.svg', 'page7-36.svg', 'page6-186.svg', 'page2-136.svg', 'page1-186.svg', 'page2-165.svg', 'page6-219.svg', 'page1-133.svg', 'page7-126.svg', 'page7-186.svg']",6.0,table,1.0,8.0,"(12,)",page1-186.svg,True,1.0
P1G016,P1R00483,18,3,page5-84.svg,False,0.5111111111111112,low,single-utterance-unidirectional,P1-046,P1-014,"['page5-63.svg', 'page6-208.svg', 'page4-128.svg', 'page5-71.svg', 'page3-33.svg', 'page6-52.svg', 'page5-84.svg', 'page5-85.svg', 'page4-155.svg', 'page7-225.svg']",8.0,horse going right,3.0,16.0,,,,3.0
P1G053,P1R00453,2,0,page6-206.svg,True,0.7333333333333333,low,single-utterance-unidirectional,P1-064,P1-061,"['page1-117.svg', 'page6-206.svg', 'page1-30.svg', 'page7-81.svg', 'page9-39.svg', 'page8-247.svg', 'page2-140.svg', 'page6-228.svg', 'page1-185.svg', 'page3-33.svg']",23.0,pacman,1.0,26.0,"(54,)",page6-206.svg,True,1.0
P1G050,P1R01342,3,0,page9-39.svg,False,0.7407407407407408,low,single-utterance-unidirectional,P1-090,P1-017,"['page8-247.svg', 'page6-206.svg', 'page1-117.svg', 'page2-140.svg', 'page1-30.svg', 'page9-39.svg', 'page1-185.svg', 'page3-33.svg', 'page6-228.svg', 'page7-81.svg']",5.0,It looks like a bell curved smoking pipe,8.0,18.0,"(33,)",page9-39.svg,True,8.0
P1G048,P1R01322,22,3,page4-142.svg,False,1.0,high,single-utterance-unidirectional,P1-097,P1-016,"['page4-142.svg', 'page5-80.svg', 'page2-131.svg', 'page5-155.svg', 'page6-245.svg', 'page8-18.svg', 'page7-217.svg', 'page6-107.svg', 'page7-177.svg', 'page6-109.svg']",6.0,A horn,2.0,17.0,"(25,)",page4-142.svg,True,2.0
P1G031,P1R01173,19,3,page5-154.svg,True,1.0,high,single-utterance-unidirectional,P1-079,P1-008,"['page8-246.svg', 'page7-125.svg', 'page6-160.svg', 'page5-85.svg', 'page1-185.svg', 'page5-139.svg', 'page4-180.svg', 'page5-154.svg', 'page7-177.svg', 'page7-126.svg']",8.0,Arrow pointing up,3.0,15.0,"(18,)",page5-154.svg,True,3.0
P1G003,P1R01429,7,1,page5-96.svg,False,0.5444444444444445,low,single-utterance-unidirectional,P1-031,P1-057,"['page7-166.svg', 'page1-95.svg', 'page5-153.svg', 'page4-190.svg', 'page7-202.svg', 'page7-126.svg', 'page3-61.svg', 'page2-16.svg', 'page5-96.svg', 'page7-127.svg']",13.0,STOP BEING AFK!,3.0,17.0,,,,3.0
P1G025,P1R01033,18,3,page1-30.svg,False,1.0,high,single-utterance-unidirectional,P1-056,P1-112,"['page1-117.svg', 'page6-206.svg', 'page1-30.svg', 'page7-81.svg', 'page9-39.svg', 'page8-247.svg', 'page2-140.svg', 'page6-228.svg', 'page1-185.svg', 'page3-33.svg']",5.0,two lines joinging into an arrow,6.0,12.0,"(25,)",page1-30.svg,True,6.0
P1G039,P1R01641,29,4,page8-58.svg,False,0.7259259259259259,low,single-utterance-unidirectional,P1-120,P1-062,"['page8-58.svg', 'page5-96.svg', 'page8-159.svg', 'page7-53.svg', 'page1-150.svg', 'page6-226.svg', 'page7-73.svg', 'page6-206.svg', 'page5-128.svg', 'page6-71.svg']",3.0,Man with a hat walking towards the right,8.0,8.0,"(12,)",page8-58.svg,True,8.0
P1G033,P1R00494,25,4,page4-142.svg,True,1.0,high,single-utterance-unidirectional,P1-105,P1-099,"['page5-45.svg', 'page8-21.svg', 'page4-142.svg', 'page5-85.svg', 'page7-22.svg', 'page5-232.svg', 'page7-157.svg', 'page3-66.svg', 'page8-248.svg', 'page7-225.svg']",10.0,Like a beckoning finger,4.0,19.0,"(29,)",page4-142.svg,True,4.0
P1G004,P1R00553,21,3,page5-26.svg,False,0.7518518518518518,low,single-utterance-unidirectional,P1-086,P1-009,"['page5-26.svg', 'page7-20.svg', 'page7-125.svg', 'page2-100.svg', 'page7-126.svg', 'page8-169.svg', 'page7-202.svg', 'page7-116.svg', 'page5-40.svg', 'page4-244.svg']",7.0,Plane facing down,3.0,12.0,"(23,)",page5-26.svg,True,3.0
P1G048,P1R01235,18,3,page5-155.svg,False,0.5777777777777778,low,single-utterance-unidirectional,P1-097,P1-016,"['page4-142.svg', 'page5-80.svg', 'page2-131.svg', 'page5-155.svg', 'page6-245.svg', 'page8-18.svg', 'page7-217.svg', 'page6-107.svg', 'page7-177.svg', 'page6-109.svg']",4.0,tree with top right corner missing,6.0,11.0,"(27,)",page5-155.svg,True,6.0
P1G011,P1R00289,27,4,page7-107.svg,False,0.9935185185185184,high,single-utterance-unidirectional,P1-088,P1-041,"['page2-36.svg', 'page4-197.svg', 'page1-150.svg', 'page3-33.svg', 'page5-153.svg', 'page6-124.svg', 'page7-107.svg', 'page5-40.svg', 'page8-58.svg', 'page5-45.svg']",10.0,white diamond,2.0,13.0,"(34,)",page7-107.svg,True,2.0
P1G030,P1R00432,17,2,page2-20.svg,False,1.0,high,single-utterance-unidirectional,P1-063,P1-050,"['page6-208.svg', 'page5-165.svg', 'page7-41.svg', 'page8-169.svg', 'page8-38.svg', 'page5-86.svg', 'page7-125.svg', 'page2-20.svg', 'page3-33.svg', 'page7-107.svg']",6.0,W shape on a stand,5.0,15.0,"(22,)",page2-20.svg,True,5.0
P1G026,P1R01304,17,2,page6-206.svg,False,0.7333333333333333,low,single-utterance-unidirectional,P1-011,P1-091,"['page7-44.svg', 'page7-55.svg', 'page6-206.svg', 'page1-48.svg', 'page8-38.svg', 'page5-45.svg', 'page9-40.svg', 'page1-133.svg', 'page-F.svg', 'page4-195.svg']",3.0,"looks similar to a ""B""",5.0,9.0,"(17,)",page6-206.svg,True,5.0
P1G032,P1R00310,20,3,page6-135.svg,False,1.0,high,single-utterance-unidirectional,P1-022,P1-118,"['page7-202.svg', 'page8-183.svg', 'page7-79.svg', 'page6-121.svg', 'page1-133.svg', 'page6-206.svg', 'page7-20.svg', 'page6-135.svg', 'page1-77.svg', 'page4-5.svg']",9.0,Looks like letter V,4.0,16.0,"(25,)",page6-135.svg,True,4.0
P1G049,P1R01442,3,0,page9-40.svg,False,1.0,high,single-utterance-unidirectional,P1-047,P1-110,"['page6-122.svg', 'page9-40.svg', 'page7-226.svg', 'page7-125.svg', 'page8-246.svg', 'page6-160.svg', 'page7-145.svg', 'page5-101.svg', 'page8-183.svg', 'page8-21.svg']",6.0,"The one that looked like a piller, it has one point in the middle",14.0,35.0,"(46,)",page9-40.svg,True,14.0
P1G032,P1R00690,13,2,page7-79.svg,False,0.7777777777777777,low,single-utterance-unidirectional,P1-118,P1-022,"['page1-77.svg', 'page8-183.svg', 'page6-206.svg', 'page6-121.svg', 'page6-135.svg', 'page7-79.svg', 'page1-133.svg', 'page4-5.svg', 'page7-202.svg', 'page7-20.svg']",18.0,Kind of looks like somebody lying down on their back with their legs up in the air,17.0,21.0,"(36,)",page6-135.svg,False,17.0
P1G027,P1R00103,2,0,page3-201.svg,False,0.5548148148148148,low,single-utterance-unidirectional,P1-055,P1-060,"['page1-172.svg', 'page8-246.svg', 'page6-122.svg', 'page7-202.svg', 'page1-107.svg', 'page3-201.svg', 'page8-159.svg', 'page2-140.svg', 'page7-55.svg', 'page4-142.svg']",17.0,small triangle at the base. On top of this a larger triangle. on top of larger triangle like a square,20.0,44.0,,,,20.0
P1G013,P1R01177,21,3,page3-12.svg,True,1.0,high,single-utterance-unidirectional,P1-109,P1-034,"['page5-153.svg', 'page8-169.svg', 'page3-12.svg', 'page6-71.svg', 'page7-15.svg', 'page6-160.svg', 'page7-20.svg', 'page9-39.svg', 'page5-84.svg', 'page5-66.svg']",6.0,An arrow pointing down,4.0,11.0,"(22,)",page3-12.svg,True,4.0
P1G016,P1R00131,5,0,page5-85.svg,False,0.5166666666666668,low,single-utterance-unidirectional,P1-014,P1-046,"['page5-85.svg', 'page7-225.svg', 'page5-63.svg', 'page3-33.svg', 'page5-84.svg', 'page6-208.svg', 'page5-71.svg', 'page4-128.svg', 'page6-52.svg', 'page4-155.svg']",13.0,fox,1.0,19.0,"(26,)",page5-85.svg,True,1.0
P1G013,P1R00528,28,4,page5-66.svg,True,1.0,high,single-utterance-unidirectional,P1-109,P1-034,"['page5-153.svg', 'page8-169.svg', 'page3-12.svg', 'page6-71.svg', 'page7-15.svg', 'page6-160.svg', 'page7-20.svg', 'page9-39.svg', 'page5-84.svg', 'page5-66.svg']",10.0,goldfish swimming to left,4.0,22.0,"(30,)",page6-160.svg,False,4.0
P1G002,P1R00893,10,1,page6-21.svg,False,1.0,high,single-utterance-unidirectional,P1-013,P1-081,"['page6-185.svg', 'page6-228.svg', 'page8-234.svg', 'page1-132.svg', 'page7-203.svg', 'page6-52.svg', 'page5-85.svg', 'page7-113.svg', 'page5-63.svg', 'page6-21.svg']",13.0,big block triangle on right and bottom,7.0,27.0,"(54,)",page6-21.svg,True,7.0
P1G047,P1R01372,19,3,page5-101.svg,False,0.6666666666666667,low,single-utterance-unidirectional,P1-102,P1-080,"['page3-70.svg', 'page8-21.svg', 'page5-101.svg', 'page2-165.svg', 'page1-95.svg', 'page8-156.svg', 'page7-40.svg', 'page6-171.svg', 'page3-61.svg', 'page7-29.svg']",9.0,bird flying to left not right,6.0,18.0,"(26,)",page5-101.svg,True,6.0
P1G035,P1R00066,17,2,page6-135.svg,False,1.0,high,single-utterance-unidirectional,P1-040,P1-119,"['page1-77.svg', 'page8-183.svg', 'page6-206.svg', 'page6-121.svg', 'page6-135.svg', 'page7-79.svg', 'page1-133.svg', 'page4-5.svg', 'page7-202.svg', 'page7-20.svg']",6.0,giant W with arrow pointing down at the bottom,9.0,21.0,"(48,)",page7-79.svg,False,9.0
P1G014,P1R00757,18,3,page9-39.svg,False,0.7407407407407408,low,single-utterance-unidirectional,P1-103,P1-049,"['page5-153.svg', 'page8-169.svg', 'page3-12.svg', 'page6-71.svg', 'page7-15.svg', 'page6-160.svg', 'page7-20.svg', 'page9-39.svg', 'page5-84.svg', 'page5-66.svg']",3.0,the pipe,2.0,6.0,"(12,)",page9-39.svg,True,2.0
P1G017,P1R00931,14,2,page7-115.svg,False,0.6,low,single-utterance-unidirectional,P1-070,P1-048,"['page5-154.svg', 'page8-56.svg', 'page3-70.svg', 'page7-216.svg', 'page7-115.svg', 'page5-26.svg', 'page6-204.svg', 'page7-55.svg', 'page5-86.svg', 'page7-166.svg']",4.0,M,1.0,5.0,"(7,)",page7-115.svg,True,1.0
P1G050,P1R01209,13,2,page1-30.svg,False,1.0,high,single-utterance-unidirectional,P1-090,P1-017,"['page8-247.svg', 'page6-206.svg', 'page1-117.svg', 'page2-140.svg', 'page1-30.svg', 'page9-39.svg', 'page1-185.svg', 'page3-33.svg', 'page6-228.svg', 'page7-81.svg']",7.0,It looks like the top of a tree,8.0,15.0,"(23,)",page1-30.svg,True,8.0
P1G013,P1R00061,9,1,page7-15.svg,False,0.5935185185185186,low,single-utterance-unidirectional,P1-109,P1-034,"['page5-153.svg', 'page8-169.svg', 'page3-12.svg', 'page6-71.svg', 'page7-15.svg', 'page6-160.svg', 'page7-20.svg', 'page9-39.svg', 'page5-84.svg', 'page5-66.svg']",11.0,A line with four bumps,5.0,17.0,"(23,)",page7-15.svg,True,5.0
P1G035,P1R00854,3,0,page6-135.svg,False,1.0,high,single-utterance-unidirectional,P1-040,P1-119,"['page1-77.svg', 'page8-183.svg', 'page6-206.svg', 'page6-121.svg', 'page6-135.svg', 'page7-79.svg', 'page1-133.svg', 'page4-5.svg', 'page7-202.svg', 'page7-20.svg']",15.0,,,,,,,
P1G041,P1R01106,13,2,page7-41.svg,False,0.7555555555555555,low,single-utterance-unidirectional,P1-004,P1-113,"['page6-208.svg', 'page5-165.svg', 'page7-41.svg', 'page8-169.svg', 'page8-38.svg', 'page5-86.svg', 'page7-125.svg', 'page2-20.svg', 'page3-33.svg', 'page7-107.svg']",3.0,A houseboat,2.0,5.0,"(8,)",page7-41.svg,True,2.0
P1G055,P1R01014,21,3,page6-155.svg,False,1.0,high,single-utterance-unidirectional,P1-100,P1-111,"['page6-155.svg', 'page7-113.svg', 'page2-34.svg', 'page7-115.svg', 'page7-44.svg', 'page3-33.svg', 'page6-52.svg', 'page5-121.svg', 'page6-175.svg', 'page5-63.svg']",7.0,bird with long neck,4.0,10.0,"(13,)",page6-155.svg,True,4.0
P1G057,P1R01657,26,4,page3-70.svg,False,1.0,high,single-utterance-unidirectional,P1-087,P1-043,"['page5-65.svg', 'page7-29.svg', 'page7-73.svg', 'page6-23.svg', 'page5-40.svg', 'page1-77.svg', 'page4-190.svg', 'page3-70.svg', 'page3-12.svg', 'page3-33.svg']",8.0,lounge chair,2.0,11.0,"(22,)",page3-70.svg,True,2.0
P1G033,P1R00250,2,0,page7-157.svg,True,0.6037037037037036,low,single-utterance-unidirectional,P1-105,P1-099,"['page5-45.svg', 'page8-21.svg', 'page4-142.svg', 'page5-85.svg', 'page7-22.svg', 'page5-232.svg', 'page7-157.svg', 'page3-66.svg', 'page8-248.svg', 'page7-225.svg']",17.0,Diamond balanced on a triangle,5.0,30.0,"(34,)",page7-157.svg,True,5.0
P1G007,P1R00827,16,2,page8-169.svg,False,1.0,high,single-utterance-unidirectional,P1-067,P1-115,"['page6-71.svg', 'page7-15.svg', 'page8-169.svg', 'page5-66.svg', 'page7-20.svg', 'page9-39.svg', 'page5-153.svg', 'page3-12.svg', 'page6-160.svg', 'page5-84.svg']",7.0,the letter C,3.0,10.0,"(21,)",page8-169.svg,True,3.0
P1G056,P1R01790,4,0,page5-232.svg,False,0.7277777777777779,low,single-utterance-unidirectional,P1-018,P1-005,"['page7-22.svg', 'page3-66.svg', 'page5-232.svg', 'page7-225.svg', 'page8-248.svg', 'page4-142.svg', 'page7-157.svg', 'page8-21.svg', 'page5-45.svg', 'page5-85.svg']",14.0,A big arrow,3.0,18.0,"(24,)",page5-232.svg,True,3.0
P1G017,P1R00224,18,3,page7-55.svg,False,0.7333333333333333,low,single-utterance-unidirectional,P1-048,P1-070,"['page5-86.svg', 'page8-56.svg', 'page7-216.svg', 'page7-55.svg', 'page5-154.svg', 'page3-70.svg', 'page6-204.svg', 'page7-166.svg', 'page5-26.svg', 'page7-115.svg']",4.0,snake,1.0,6.0,"(8,)",page7-55.svg,True,1.0
P1G003,P1R00422,5,0,page7-127.svg,True,0.6222222222222222,low,single-utterance-unidirectional,P1-031,P1-057,"['page7-166.svg', 'page1-95.svg', 'page5-153.svg', 'page4-190.svg', 'page7-202.svg', 'page7-126.svg', 'page3-61.svg', 'page2-16.svg', 'page5-96.svg', 'page7-127.svg']",,,,,,,,
P1G040,P1R01724,1,0,page3-12.svg,False,1.0,high,single-utterance-unidirectional,P1-083,P1-092,"['page5-65.svg', 'page7-29.svg', 'page7-73.svg', 'page6-23.svg', 'page5-40.svg', 'page1-77.svg', 'page4-190.svg', 'page3-70.svg', 'page3-12.svg', 'page3-33.svg']",8.0,arrow pointing down with rectangle base,6.0,20.0,"(25,)",page3-12.svg,True,6.0
P1G036,P1R00562,22,3,page9-39.svg,False,0.7407407407407408,low,single-utterance-unidirectional,P1-114,P1-029,"['page1-117.svg', 'page6-206.svg', 'page1-30.svg', 'page7-81.svg', 'page9-39.svg', 'page8-247.svg', 'page2-140.svg', 'page6-228.svg', 'page1-185.svg', 'page3-33.svg']",9.0,like a pipe,3.0,10.0,"(13,)",page9-39.svg,True,3.0
P1G031,P1R00830,10,1,page5-139.svg,False,0.9925925925925926,high,single-utterance-unidirectional,P1-079,P1-008,"['page8-246.svg', 'page7-125.svg', 'page6-160.svg', 'page5-85.svg', 'page1-185.svg', 'page5-139.svg', 'page4-180.svg', 'page5-154.svg', 'page7-177.svg', 'page7-126.svg']",5.0,vacuum cleaner with cut off pipe,6.0,15.0,"(23,)",page5-139.svg,True,6.0
P1G018,P1R00868,16,2,page1-95.svg,True,1.0,high,single-utterance-unidirectional,P1-010,P1-093,"['page5-102.svg', 'page2-133.svg', 'page4-241.svg', 'page6-171.svg', 'page7-216.svg', 'page2-86.svg', 'page6-219.svg', 'page4-180.svg', 'page1-95.svg', 'page8-21.svg']",,,,,,,,
P1G016,P1R00403,9,1,page4-128.svg,False,1.0,high,single-utterance-unidirectional,P1-046,P1-014,"['page5-63.svg', 'page6-208.svg', 'page4-128.svg', 'page5-71.svg', 'page3-33.svg', 'page6-52.svg', 'page5-84.svg', 'page5-85.svg', 'page4-155.svg', 'page7-225.svg']",,,,,,,,
P1G019,P1R00079,12,2,page3-139.svg,False,0.9935185185185184,high,single-utterance-unidirectional,P1-020,P1-033,"['page5-165.svg', 'page5-101.svg', 'page2-86.svg', 'page6-166.svg', 'page7-126.svg', 'page8-169.svg', 'page4-180.svg', 'page6-167.svg', 'page3-139.svg', 'page1-117.svg']",5.0,Man with outstretched arms and pointy legs,7.0,18.0,"(23,)",page4-180.svg,False,7.0
P1G058,P1R00579,13,2,page2-133.svg,False,1.0,high,single-utterance-unidirectional,P1-071,P1-054,"['page1-77.svg', 'page6-219.svg', 'page2-36.svg', 'page1-95.svg', 'page1-34.svg', 'page5-26.svg', 'page4-11.svg', 'page5-85.svg', 'page9-40.svg', 'page2-133.svg']",14.0,Cooker hod,2.0,18.0,"(23,)",page2-133.svg,True,2.0
P1G017,P1R00766,29,4,page3-70.svg,True,1.0,high,single-utterance-unidirectional,P1-048,P1-070,"['page5-86.svg', 'page8-56.svg', 'page7-216.svg', 'page7-55.svg', 'page5-154.svg', 'page3-70.svg', 'page6-204.svg', 'page7-166.svg', 'page5-26.svg', 'page7-115.svg']",10.0,Looks like a bed,4.0,16.0,"(20,)",page3-70.svg,True,4.0
P1G037,P1R01327,25,4,page2-133.svg,False,1.0,high,single-utterance-unidirectional,P1-037,P1-002,"['page6-171.svg', 'page4-241.svg', 'page5-102.svg', 'page2-133.svg', 'page1-95.svg', 'page6-219.svg', 'page7-216.svg', 'page2-86.svg', 'page8-21.svg', 'page4-180.svg']",12.0,Boat in the middle row far left,7.0,19.0,"(33,)",page1-95.svg,False,7.0
P1G016,P1R01557,17,2,page6-52.svg,False,1.0,high,single-utterance-unidirectional,P1-014,P1-046,"['page5-85.svg', 'page7-225.svg', 'page5-63.svg', 'page3-33.svg', 'page5-84.svg', 'page6-208.svg', 'page5-71.svg', 'page4-128.svg', 'page6-52.svg', 'page4-155.svg']",7.0,Croc going right,3.0,12.0,"(38,)",page7-225.svg,False,3.0
P1G015,P1R00431,4,0,page9-40.svg,True,1.0,high,single-utterance-unidirectional,P1-025,P1-028,"['page1-48.svg', 'page1-133.svg', 'page9-40.svg', 'page8-38.svg', 'page7-44.svg', 'page-F.svg', 'page5-45.svg', 'page4-195.svg', 'page6-206.svg', 'page7-55.svg']",7.0,Traffic lights,2.0,10.0,"(17,)",page6-206.svg,False,2.0
P1G023,P1R01176,26,4,page3-52.svg,False,1.0,high,single-utterance-unidirectional,P1-117,P1-003,"['page1-175.svg', 'page7-15.svg', 'page3-52.svg', 'page8-54.svg', 'page4-244.svg', 'page5-36.svg', 'page7-40.svg', 'page8-183.svg', 'page8-38.svg', 'page7-20.svg']",2.0,Upside down Y,3.0,6.0,"(19,)",page3-52.svg,True,3.0
P1G052,P1R01747,5,0,page7-15.svg,False,0.5935185185185186,low,single-utterance-unidirectional,P1-108,P1-107,"['page6-71.svg', 'page7-15.svg', 'page8-169.svg', 'page5-66.svg', 'page7-20.svg', 'page9-39.svg', 'page5-153.svg', 'page3-12.svg', 'page6-160.svg', 'page5-84.svg']",,,,,,,,
P1G040,P1R00561,9,1,page3-70.svg,False,1.0,high,single-utterance-unidirectional,P1-092,P1-083,"['page3-70.svg', 'page3-12.svg', 'page7-29.svg', 'page1-77.svg', 'page6-23.svg', 'page7-73.svg', 'page3-33.svg', 'page5-65.svg', 'page4-190.svg', 'page5-40.svg']",8.0,looks like a couch,4.0,11.0,"(24,)",page3-70.svg,True,4.0
P1G002,P1R01650,17,2,page5-85.svg,True,0.5166666666666668,low,single-utterance-unidirectional,P1-013,P1-081,"['page6-185.svg', 'page6-228.svg', 'page8-234.svg', 'page1-132.svg', 'page7-203.svg', 'page6-52.svg', 'page5-85.svg', 'page7-113.svg', 'page5-63.svg', 'page6-21.svg']",8.0,fox facing right with a down arrow for a head,10.0,30.0,"(41,)",page5-85.svg,True,10.0
P1G021,P1R00293,10,1,page5-153.svg,False,0.6425925925925926,low,single-utterance-unidirectional,P1-098,P1-096,"['page7-166.svg', 'page1-95.svg', 'page5-153.svg', 'page4-190.svg', 'page7-202.svg', 'page7-126.svg', 'page3-61.svg', 'page2-16.svg', 'page5-96.svg', 'page7-127.svg']",9.0,upside down crab,3.0,13.0,"(43,)",page5-153.svg,True,3.0
P1G052,P1R01248,20,3,page8-169.svg,False,1.0,high,single-utterance-unidirectional,P1-107,P1-108,"['page5-153.svg', 'page8-169.svg', 'page3-12.svg', 'page6-71.svg', 'page7-15.svg', 'page6-160.svg', 'page7-20.svg', 'page9-39.svg', 'page5-84.svg', 'page5-66.svg']",,,,,,,,
P1G027,P1R01678,1,0,page7-202.svg,False,1.0,high,single-utterance-unidirectional,P1-055,P1-060,"['page1-172.svg', 'page8-246.svg', 'page6-122.svg', 'page7-202.svg', 'page1-107.svg', 'page3-201.svg', 'page8-159.svg', 'page2-140.svg', 'page7-55.svg', 'page4-142.svg']",14.0,small triangle at the base then like a simetric column on top of it,14.0,44.0,,,,14.0
P1G025,P1R01379,28,4,page1-117.svg,False,1.0,high,single-utterance-unidirectional,P1-112,P1-056,"['page8-247.svg', 'page6-206.svg', 'page1-117.svg', 'page2-140.svg', 'page1-30.svg', 'page9-39.svg', 'page1-185.svg', 'page3-33.svg', 'page6-228.svg', 'page7-81.svg']",10.0,cotton reel,2.0,15.0,"(22,)",page1-117.svg,True,2.0
P1G027,P1R00589,6,1,page1-172.svg,False,0.6444444444444445,low,single-utterance-unidirectional,P1-060,P1-055,"['page7-55.svg', 'page7-202.svg', 'page1-107.svg', 'page6-122.svg', 'page2-140.svg', 'page8-246.svg', 'page1-172.svg', 'page3-201.svg', 'page8-159.svg', 'page4-142.svg']",5.0,llama,1.0,8.0,"(13,)",page1-172.svg,True,1.0
P1G005,P1R00375,14,2,page6-160.svg,True,0.5592592592592593,low,single-utterance-unidirectional,P1-059,P1-036,"['page8-246.svg', 'page7-125.svg', 'page6-160.svg', 'page5-85.svg', 'page1-185.svg', 'page5-139.svg', 'page4-180.svg', 'page5-154.svg', 'page7-177.svg', 'page7-126.svg']",11.0,looks like a person lying on side with no arms facing left,12.0,31.0,"(42,)",page6-160.svg,True,12.0
P1G055,P1R01797,28,4,page2-34.svg,False,0.7611111111111111,low,single-utterance-unidirectional,P1-111,P1-100,"['page5-121.svg', 'page3-33.svg', 'page6-52.svg', 'page7-44.svg', 'page5-63.svg', 'page2-34.svg', 'page6-155.svg', 'page7-115.svg', 'page6-175.svg', 'page7-113.svg']",4.0,y with right arm,4.0,8.0,"(17,)",page2-34.svg,True,4.0
P1G055,P1R01310,13,2,page7-115.svg,False,0.6,low,single-utterance-unidirectional,P1-111,P1-100,"['page5-121.svg', 'page3-33.svg', 'page6-52.svg', 'page7-44.svg', 'page5-63.svg', 'page2-34.svg', 'page6-155.svg', 'page7-115.svg', 'page6-175.svg', 'page7-113.svg']",5.0,table with ears,4.0,8.0,"(17,)",page7-115.svg,True,3.0
P1G029,P1R01110,19,3,page-F.svg,False,0.6685185185185186,low,single-utterance-unidirectional,P1-094,P1-052,"['page6-162.svg', 'page7-226.svg', 'page7-177.svg', 'page8-156.svg', 'page7-53.svg', 'page7-41.svg', 'page7-36.svg', 'page-F.svg', 'page7-145.svg', 'page8-192.svg']",6.0,person sitting facing left,4.0,17.0,"(23,)",page-F.svg,True,4.0
P1G057,P1R00097,27,4,page5-65.svg,True,1.0,high,single-utterance-unidirectional,P1-043,P1-087,"['page3-70.svg', 'page3-12.svg', 'page7-29.svg', 'page1-77.svg', 'page6-23.svg', 'page7-73.svg', 'page3-33.svg', 'page5-65.svg', 'page4-190.svg', 'page5-40.svg']",5.0,looking like a crooked christmas tree,6.0,18.0,"(30,)",page5-65.svg,True,6.0
P1G001,P1R01482,21,3,page5-153.svg,False,0.6425925925925926,low,single-utterance-unidirectional,P1-007,P1-053,"['page5-40.svg', 'page7-107.svg', 'page8-58.svg', 'page2-36.svg', 'page6-124.svg', 'page3-33.svg', 'page5-45.svg', 'page4-197.svg', 'page1-150.svg', 'page5-153.svg']",3.0,bowl with 2 handles,4.0,8.0,"(10,)",page5-153.svg,True,4.0
P1G018,P1R01729,18,3,page6-171.svg,False,0.4148148148148148,low,single-utterance-unidirectional,P1-010,P1-093,"['page5-102.svg', 'page2-133.svg', 'page4-241.svg', 'page6-171.svg', 'page7-216.svg', 'page2-86.svg', 'page6-219.svg', 'page4-180.svg', 'page1-95.svg', 'page8-21.svg']",,,,,,,,
P1G009,P1R00958,3,0,page6-52.svg,False,1.0,high,single-utterance-unidirectional,P1-104,P1-019,"['page5-85.svg', 'page7-225.svg', 'page5-63.svg', 'page3-33.svg', 'page5-84.svg', 'page6-208.svg', 'page5-71.svg', 'page4-128.svg', 'page6-52.svg', 'page4-155.svg']",10.0,shape is long and flat all along the top,9.0,31.0,"(41,)",page6-52.svg,True,9.0
P1G005,P1R01520,22,3,page7-177.svg,False,1.0,high,single-utterance-unidirectional,P1-059,P1-036,"['page8-246.svg', 'page7-125.svg', 'page6-160.svg', 'page5-85.svg', 'page1-185.svg', 'page5-139.svg', 'page4-180.svg', 'page5-154.svg', 'page7-177.svg', 'page7-126.svg']",5.0,diving rod,2.0,13.0,"(24,)",page7-177.svg,True,2.0
P1G045,P1R01267,13,2,page4-98.svg,False,0.7222222222222223,low,single-utterance-unidirectional,P1-095,P1-001,"['page6-196.svg', 'page7-41.svg', 'page6-109.svg', 'page5-65.svg', 'page2-85.svg', 'page4-98.svg', 'page4-96.svg', 'page6-52.svg', 'page3-33.svg', 'page5-80.svg']",11.0,the sword,2.0,15.0,"(23,)",page4-98.svg,True,2.0
P1G039,P1R01705,15,2,page6-226.svg,True,1.0,high,single-utterance-unidirectional,P1-062,P1-120,"['page6-226.svg', 'page5-96.svg', 'page6-206.svg', 'page7-53.svg', 'page6-71.svg', 'page7-73.svg', 'page8-159.svg', 'page5-128.svg', 'page8-58.svg', 'page1-150.svg']",4.0,two interlocking diamonds with a chimney on the left of the two,12.0,25.0,"(29,)",page6-226.svg,True,12.0
P1G036,P1R00020,7,1,page3-33.svg,False,0.6111111111111112,low,single-utterance-unidirectional,P1-114,P1-029,"['page1-117.svg', 'page6-206.svg', 'page1-30.svg', 'page7-81.svg', 'page9-39.svg', 'page8-247.svg', 'page2-140.svg', 'page6-228.svg', 'page1-185.svg', 'page3-33.svg']",9.0,three triangles with square on,5.0,13.0,"(23,)",page3-33.svg,True,5.0
P1G034,P1R00881,3,0,page5-63.svg,False,0.9935185185185184,high,single-utterance-unidirectional,P1-065,P1-084,"['page5-121.svg', 'page3-33.svg', 'page6-52.svg', 'page7-44.svg', 'page5-63.svg', 'page2-34.svg', 'page6-155.svg', 'page7-115.svg', 'page6-175.svg', 'page7-113.svg']",11.0,"looks like a mountain in the distance, peak on the left side",12.0,20.0,"(37,)",page5-63.svg,True,12.0
P1G013,P1R01721,1,0,page6-160.svg,True,0.5592592592592593,low,single-utterance-unidirectional,P1-109,P1-034,"['page5-153.svg', 'page8-169.svg', 'page3-12.svg', 'page6-71.svg', 'page7-15.svg', 'page6-160.svg', 'page7-20.svg', 'page9-39.svg', 'page5-84.svg', 'page5-66.svg']",17.0,An arrow poiting to the left,6.0,25.0,"(41,)",page6-160.svg,True,6.0
P1G030,P1R01774,1,0,page2-20.svg,False,1.0,high,single-utterance-unidirectional,P1-063,P1-050,"['page6-208.svg', 'page5-165.svg', 'page7-41.svg', 'page8-169.svg', 'page8-38.svg', 'page5-86.svg', 'page7-125.svg', 'page2-20.svg', 'page3-33.svg', 'page7-107.svg']",14.0,It is a bit like a bat on a stand with its wings out - it is symetrical,18.0,34.0,"(44,)",page2-20.svg,True,18.0
P1G043,P1R01300,21,3,page6-162.svg,True,1.0,high,single-utterance-unidirectional,P1-066,P1-075,"['page6-162.svg', 'page7-226.svg', 'page7-177.svg', 'page8-156.svg', 'page7-53.svg', 'page7-41.svg', 'page7-36.svg', 'page-F.svg', 'page7-145.svg', 'page8-192.svg']",18.0,an arrow pointing a triangle,5.0,19.0,"(23,)",page6-162.svg,True,5.0
P1G002,P1R01261,0,0,page5-63.svg,False,0.9935185185185184,high,single-utterance-unidirectional,P1-081,P1-013,"['page8-234.svg', 'page1-132.svg', 'page5-85.svg', 'page6-21.svg', 'page6-185.svg', 'page6-52.svg', 'page5-63.svg', 'page7-113.svg', 'page6-228.svg', 'page7-203.svg']",12.0,,,,,,,
P1G042,P1R00299,5,0,page5-84.svg,False,0.5111111111111112,low,single-utterance-unidirectional,P1-039,P1-023,"['page7-127.svg', 'page5-84.svg', 'page3-201.svg', 'page5-56.svg', 'page6-1.svg', 'page6-162.svg', 'page8-182.svg', 'page7-125.svg', 'page5-139.svg', 'page8-206.svg']",14.0,A jagged shape with lots of triangles,7.0,32.0,"(48,)",page5-84.svg,True,7.0
P1G054,P1R01382,29,4,page3-12.svg,False,1.0,high,single-utterance-unidirectional,P1-106,P1-030,"['page5-65.svg', 'page7-29.svg', 'page7-73.svg', 'page6-23.svg', 'page5-40.svg', 'page1-77.svg', 'page4-190.svg', 'page3-70.svg', 'page3-12.svg', 'page3-33.svg']",6.0,arrow down,2.0,9.0,"(12,)",page3-12.svg,True,2.0
P1G052,P1R01595,17,2,page7-15.svg,False,0.5935185185185186,low,single-utterance-unidirectional,P1-108,P1-107,"['page6-71.svg', 'page7-15.svg', 'page8-169.svg', 'page5-66.svg', 'page7-20.svg', 'page9-39.svg', 'page5-153.svg', 'page3-12.svg', 'page6-160.svg', 'page5-84.svg']",,,,,,,,
P1G015,P1R01494,3,0,page1-133.svg,False,0.5444444444444445,low,single-utterance-unidirectional,P1-028,P1-025,"['page7-44.svg', 'page7-55.svg', 'page6-206.svg', 'page1-48.svg', 'page8-38.svg', 'page5-45.svg', 'page9-40.svg', 'page1-133.svg', 'page-F.svg', 'page4-195.svg']",12.0,A blackened home,3.0,18.0,"(23,)",page5-45.svg,False,3.0
P1G058,P1R00823,9,1,page5-85.svg,True,0.5166666666666668,low,single-utterance-unidirectional,P1-054,P1-071,"['page4-11.svg', 'page6-219.svg', 'page1-95.svg', 'page1-77.svg', 'page2-36.svg', 'page1-34.svg', 'page9-40.svg', 'page5-85.svg', 'page5-26.svg', 'page2-133.svg']",11.0,fox,1.0,13.0,"(23,)",page5-85.svg,True,1.0
P1G050,P1R00140,9,1,page9-39.svg,False,0.7407407407407408,low,single-utterance-unidirectional,P1-017,P1-090,"['page1-117.svg', 'page6-206.svg', 'page1-30.svg', 'page7-81.svg', 'page9-39.svg', 'page8-247.svg', 'page2-140.svg', 'page6-228.svg', 'page1-185.svg', 'page3-33.svg']",5.0,it looks like a pipe,5.0,13.0,"(23,)",page9-39.svg,True,5.0
P1G038,P1R00986,28,4,page7-127.svg,False,0.6222222222222222,low,single-utterance-unidirectional,P1-085,P1-035,"['page8-159.svg', 'page8-58.svg', 'page5-165.svg', 'page7-127.svg', 'page7-157.svg', 'page9-40.svg', 'page3-70.svg', 'page4-232.svg', 'page8-234.svg', 'page5-45.svg']",4.0,The flying bird.,3.0,8.0,"(13,)",page7-127.svg,True,3.0
P1G012,P1R01073,14,2,page6-52.svg,False,1.0,high,single-utterance-unidirectional,P1-076,P1-024,"['page7-186.svg', 'page7-36.svg', 'page1-133.svg', 'page1-186.svg', 'page7-126.svg', 'page6-186.svg', 'page2-165.svg', 'page6-52.svg', 'page2-136.svg', 'page6-219.svg']",8.0,shape with the square sticking out of the bottom right,10.0,19.0,"(35,)",page6-52.svg,True,10.0
P1G016,P1R00846,26,4,page5-71.svg,False,0.3833333333333333,low,single-utterance-unidirectional,P1-014,P1-046,"['page5-85.svg', 'page7-225.svg', 'page5-63.svg', 'page3-33.svg', 'page5-84.svg', 'page6-208.svg', 'page5-71.svg', 'page4-128.svg', 'page6-52.svg', 'page4-155.svg']",8.0,Bird in flight,3.0,14.0,"(23,)",page5-71.svg,True,3.0
