game_id,configuration_file,round_id,trial_index,block,target,controlled,snd_value,snd_class,chat_mode,speaker_id,listener_id,context,sec_until_press,description,description_len,time_to_message,sec_until_click,response,correct
P2G029,exp2_train_and_test_14.json,P2R00842,10,1,page5-75.svg,False,0.6944444444444444,low,single-utterance-unidirectional,P2-019,P2-099,"['page9-34.svg', 'page5-36.svg', 'page7-41.svg', 'page5-75.svg', 'page3-21.svg', 'page2-20.svg', 'page7-226.svg', 'page8-176.svg', 'page2-86.svg', 'page7-144.svg']",8.0,flamingo facing left,3.0,11.0,"(22,)",page5-75.svg,True
P2G012,exp2_train_and_test_29.json,P2R00065,28,4,page7-115.svg,False,0.6,low,single-utterance-unidirectional,P2-025,P2-066,"['page7-115.svg', 'page2-34.svg', 'page5-75.svg', 'page5-128.svg', 'page6-186.svg', 'page1-132.svg', 'page9-25.svg', 'page7-117.svg', 'page6-228.svg', 'page4-241.svg']",3.0,bridge with pointy ends and square feet,7.0,9.0,"(11,)",page7-115.svg,True
P2G022,exp2_train_and_test_53.json,P2R00327,5,0,page7-127.svg,False,0.6222222222222222,low,single-utterance-unidirectional,P2-009,P2-103,"['page8-159.svg', 'page8-58.svg', 'page5-165.svg', 'page7-127.svg', 'page7-157.svg', 'page9-40.svg', 'page3-70.svg', 'page4-232.svg', 'page8-234.svg', 'page5-45.svg']",8.0,bird,1.0,11.0,"(22,)",page7-127.svg,True
P2G027,exp2_train_and_test_49.json,P2R02269,27,4,page7-44.svg,False,1.0,high,single-utterance-unidirectional,P2-113,P2-063,"['page7-186.svg', 'page2-140.svg', 'page8-192.svg', 'page2-114.svg', 'page5-153.svg', 'page5-80.svg', 'page7-44.svg', 'page8-18.svg', 'page7-115.svg', 'page2-85.svg']",7.0,square with triangle legs,4.0,18.0,"(23,)",page7-44.svg,True
P2G004,exp2_train_and_test_32.json,P2R00945,18,3,page7-115.svg,False,0.6,low,single-utterance-unidirectional,P2-078,P2-018,"['page4-232.svg', 'page5-45.svg', 'page7-115.svg', 'page5-155.svg', 'page2-131.svg', 'page7-155.svg', 'page7-157.svg', 'page8-217.svg', 'page5-233.svg', 'page1-34.svg']",5.0,The bridge or bedstead,4.0,14.0,"(24,)",page7-115.svg,True
P2G029,exp2_train_and_test_14.json,P2R01423,1,0,page2-86.svg,True,0.7777777777777777,low,single-utterance-unidirectional,P2-019,P2-099,"['page9-34.svg', 'page5-36.svg', 'page7-41.svg', 'page5-75.svg', 'page3-21.svg', 'page2-20.svg', 'page7-226.svg', 'page8-176.svg', 'page2-86.svg', 'page7-144.svg']",12.0,Top of a bear's head,5.0,24.0,"(44,)",page2-86.svg,True
P2G047,exp2_train_and_test_11.json,P2R01962,8,1,page7-177.svg,True,1.0,high,single-utterance-unidirectional,P2-065,P2-089,"['page6-162.svg', 'page7-226.svg', 'page7-177.svg', 'page8-156.svg', 'page7-53.svg', 'page7-41.svg', 'page7-36.svg', 'page-F.svg', 'page7-145.svg', 'page8-192.svg']",5.0,C with a extra block,5.0,9.0,"(18,)",page7-177.svg,True
P2G001,exp2_train_and_test_28.json,P2R00128,18,3,page5-63.svg,False,0.9935185185185184,high,single-utterance-unidirectional,P2-027,P2-080,"['page6-155.svg', 'page7-113.svg', 'page2-34.svg', 'page7-115.svg', 'page7-44.svg', 'page3-33.svg', 'page6-52.svg', 'page5-121.svg', 'page6-175.svg', 'page5-63.svg']",,,,,,,
P2G036,exp2_train_and_test_45.json,P2R00145,28,4,page8-22.svg,False,0.3444444444444444,low,single-utterance-unidirectional,P2-091,P2-052,"['page8-22.svg', 'page7-144.svg', 'page9-34.svg', 'page2-36.svg', 'page7-216.svg', 'page7-115.svg', 'page7-22.svg', 'page7-107.svg', 'page1-185.svg', 'page6-31.svg']",,,,,,,
P2G032,exp2_train_and_test_44.json,P2R00709,8,1,page4-197.svg,False,1.0,high,single-utterance-unidirectional,P2-096,P2-102,"['page8-21.svg', 'page4-197.svg', 'page6-53.svg', 'page4-96.svg', 'page2-34.svg', 'page5-101.svg', 'page7-20.svg', 'page5-190.svg', 'page8-22.svg', 'page6-226.svg']",5.0,house falling of side,4.0,12.0,"(16,)",page4-197.svg,True
P2G043,exp2_train_and_test_54.json,P2R00649,28,4,page2-131.svg,False,0.5333333333333334,low,single-utterance-unidirectional,P2-088,P2-115,"['page6-245.svg', 'page6-107.svg', 'page4-142.svg', 'page7-177.svg', 'page8-18.svg', 'page5-80.svg', 'page7-217.svg', 'page5-155.svg', 'page2-131.svg', 'page6-109.svg']",,,,,,,
P2G017,exp2_train_and_test_13.json,P2R00497,13,2,page6-204.svg,False,1.0,high,single-utterance-unidirectional,P2-059,P2-104,"['page6-21.svg', 'page1-128.svg', 'page3-207.svg', 'page7-125.svg', 'page4-155.svg', 'page9-40.svg', 'page8-22.svg', 'page6-204.svg', 'page8-192.svg', 'page6-31.svg']",6.0,A castle with a chimney,5.0,16.0,"(21,)",page6-204.svg,True
P2G038,exp2_train_and_test_18.json,P2R01482,10,1,page8-234.svg,False,0.0,low,single-utterance-unidirectional,P2-107,P2-020,"['page1-172.svg', 'page6-219.svg', 'page9-32.svg', 'page7-126.svg', 'page9-23.svg', 'page4-142.svg', 'page6-123.svg', 'page1-34.svg', 'page4-98.svg', 'page8-234.svg']",14.0,"the 'chair, h shape' piece, at a bit of an angle",11.0,38.0,"(47,)",page8-234.svg,True
P2G057,exp2_train_and_test_10.json,P2R00595,9,1,page7-116.svg,False,1.0,high,single-utterance-unidirectional,P2-084,P2-090,"['page7-79.svg', 'page3-12.svg', 'page7-116.svg', 'page2-100.svg', 'page1-150.svg', 'page9-25.svg', 'page7-35.svg', 'page5-56.svg', 'page8-206.svg', 'page6-185.svg']",13.0,two triangles sandwiching a diamond,5.0,28.0,"(47,)",page7-116.svg,True
P2G054,exp2_train_and_test_38.json,P2R01668,24,4,page4-197.svg,False,1.0,high,single-utterance-unidirectional,P2-012,P2-055,"['page6-71.svg', 'page7-41.svg', 'page4-197.svg', 'page4-98.svg', 'page6-109.svg', 'page6-208.svg', 'page6-135.svg', 'page7-15.svg', 'page2-131.svg', 'page6-186.svg']",5.0,head on pillow,3.0,9.0,"(21,)",page4-197.svg,True
P2G021,exp2_train_and_test_58.json,P2R01669,20,3,page5-84.svg,False,0.5111111111111112,low,single-utterance-unidirectional,P2-036,P2-064,"['page8-38.svg', 'page4-195.svg', 'page3-205.svg', 'page7-41.svg', 'page4-241.svg', 'page5-84.svg', 'page7-226.svg', 'page6-31.svg', 'page5-233.svg', 'page9-40.svg']",9.0,house animal walking,3.0,12.0,"(32,)",page5-84.svg,True
P2G018,exp2_train_and_test_57.json,P2R01438,11,1,page5-26.svg,False,0.7518518518518518,low,single-utterance-unidirectional,P2-083,P2-067,"['page7-20.svg', 'page3-139.svg', 'page8-22.svg', 'page5-102.svg', 'page4-195.svg', 'page7-217.svg', 'page5-26.svg', 'page7-40.svg', 'page9-40.svg', 'page5-232.svg']",10.0,"Mirrored and heart shaped, with 1 part sticking out on the bottom and a smaller part sticking out at the top",21.0,40.0,,,
P2G044,exp2_train_and_test_39.json,P2R01481,37,5,page2-165.svg,False,0.7499999999999999,low,single-utterance-unidirectional,P2-076,P2-101,"['page8-159.svg', 'page1-133.svg', 'page9-39.svg', 'page2-165.svg', 'page8-215.svg', 'page1-117.svg', 'page8-246.svg', 'page4-180.svg', 'page6-226.svg', 'page9-34.svg']",5.0,paper sail boat,3.0,14.0,"(25,)",page2-165.svg,True
P2G056,exp2_train_and_test_33.json,P2R01323,3,0,page8-234.svg,False,0.0,low,single-utterance-unidirectional,P2-086,P2-028,"['page8-234.svg', 'page1-132.svg', 'page5-85.svg', 'page6-21.svg', 'page6-185.svg', 'page6-52.svg', 'page5-63.svg', 'page7-113.svg', 'page6-228.svg', 'page7-203.svg']",16.0,,,,,,
P2G043,exp2_train_and_test_54.json,P2R01128,34,5,page3-33.svg,False,0.6111111111111112,low,single-utterance-unidirectional,P2-088,P2-115,"['page4-128.svg', 'page7-107.svg', 'page7-113.svg', 'page3-33.svg', 'page2-100.svg', 'page7-166.svg', 'page6-206.svg', 'page1-149.svg', 'page6-160.svg', 'page2-140.svg']",,,,,,,
P2G025,exp2_train_and_test_9.json,P2R01896,27,4,page8-192.svg,False,0.6444444444444446,low,single-utterance-unidirectional,P2-094,P2-007,"['page4-5.svg', 'page2-100.svg', 'page5-36.svg', 'page5-120.svg', 'page5-190.svg', 'page1-97.svg', 'page8-21.svg', 'page7-15.svg', 'page8-192.svg', 'page6-226.svg']",9.0,pony,1.0,10.0,"(22,)",page8-192.svg,True
P2G039,exp2_train_and_test_4.json,P2R01354,35,5,page2-131.svg,False,0.5333333333333334,low,single-utterance-unidirectional,P2-022,P2-093,"['page7-177.svg', 'page5-75.svg', 'page6-204.svg', 'page7-35.svg', 'page7-144.svg', 'page4-98.svg', 'page2-131.svg', 'page6-245.svg', 'page9-34.svg', 'page7-115.svg']",5.0,axe or tomahawk,3.0,13.0,"(23,)",page2-131.svg,True
P2G023,exp2_train_and_test_40.json,P2R01878,39,5,page7-157.svg,False,0.6037037037037036,low,single-utterance-unidirectional,P2-081,P2-056,"['page7-217.svg', 'page3-59.svg', 'page8-234.svg', 'page5-85.svg', 'page7-157.svg', 'page1-175.svg', 'page7-203.svg', 'page5-155.svg', 'page8-169.svg', 'page6-107.svg']",4.0,Large diamond on a small triangle,6.0,13.0,"(24,)",page7-157.svg,True
P2G042,exp2_train_and_test_50.json,P2R01709,30,5,page1-149.svg,False,1.0,high,single-utterance-unidirectional,P2-049,P2-042,"['page4-128.svg', 'page7-107.svg', 'page7-113.svg', 'page3-33.svg', 'page2-100.svg', 'page7-166.svg', 'page6-206.svg', 'page1-149.svg', 'page6-160.svg', 'page2-140.svg']",,,,,,,
P2G013,exp2_train_and_test_55.json,P2R00263,26,4,page1-77.svg,False,0.6833333333333333,low,single-utterance-unidirectional,P2-097,P2-109,"['page1-77.svg', 'page3-61.svg', 'page3-59.svg', 'page4-241.svg', 'page5-139.svg', 'page6-107.svg', 'page4-244.svg', 'page7-155.svg', 'page5-128.svg', 'page4-98.svg']",10.0,arrow pointing up from sowrd,5.0,18.0,"(25,)",page1-77.svg,True
P2G057,exp2_train_and_test_10.json,P2R01591,32,5,page1-149.svg,False,1.0,high,single-utterance-unidirectional,P2-090,P2-084,"['page4-96.svg', 'page1-149.svg', 'page3-201.svg', 'page6-167.svg', 'page1-77.svg', 'page1-133.svg', 'page7-20.svg', 'page4-5.svg', 'page1-175.svg', 'page7-4.svg']",9.0,a tall two-tiered thick candlestick,5.0,29.0,"(39,)",page1-149.svg,True
P2G021,exp2_train_and_test_58.json,P2R00829,9,1,page8-38.svg,True,0.5777777777777778,low,single-utterance-unidirectional,P2-036,P2-064,"['page8-38.svg', 'page4-195.svg', 'page3-205.svg', 'page7-41.svg', 'page4-241.svg', 'page5-84.svg', 'page7-226.svg', 'page6-31.svg', 'page5-233.svg', 'page9-40.svg']",11.0,it looks like a cat sitting on its butt to me,11.0,23.0,"(39,)",page8-38.svg,True
P2G005,exp2_train_and_test_43.json,P2R01067,35,5,page5-155.svg,False,0.5777777777777778,low,single-utterance-unidirectional,P2-111,P2-006,"['page7-217.svg', 'page3-59.svg', 'page8-234.svg', 'page5-85.svg', 'page7-157.svg', 'page1-175.svg', 'page7-203.svg', 'page5-155.svg', 'page8-169.svg', 'page6-107.svg']",4.0,Christmas tree,2.0,9.0,"(15,)",page5-155.svg,True
P2G016,exp2_train_and_test_56.json,P2R00628,16,2,page7-35.svg,False,0.7333333333333334,low,single-utterance-unidirectional,P2-003,P2-043,"['page7-29.svg', 'page5-121.svg', 'page1-107.svg', 'page7-125.svg', 'page5-155.svg', 'page4-96.svg', 'page7-35.svg', 'page6-192.svg', 'page8-206.svg', 'page5-40.svg']",12.0,Boat with arrow as a mast,6.0,24.0,"(35,)",page7-35.svg,True
P2G028,exp2_train_and_test_0.json,P2R00483,31,5,page6-204.svg,False,1.0,high,single-utterance-unidirectional,P2-015,P2-100,"['page7-177.svg', 'page5-75.svg', 'page6-204.svg', 'page7-35.svg', 'page7-144.svg', 'page4-98.svg', 'page2-131.svg', 'page6-245.svg', 'page9-34.svg', 'page7-115.svg']",6.0,it looks like a building with a chimney coming out of the top left,14.0,16.0,"(30,)",page6-204.svg,True
P2G041,exp2_train_and_test_52.json,P2R01117,15,2,page8-159.svg,False,1.0,high,single-utterance-unidirectional,P2-005,P2-072,"['page9-32.svg', 'page7-10.svg', 'page8-159.svg', 'page8-215.svg', 'page6-107.svg', 'page1-150.svg', 'page8-156.svg', 'page8-246.svg', 'page1-172.svg', 'page2-16.svg']",4.0,A big letter J,4.0,8.0,"(21,)",page8-159.svg,True
P2G053,exp2_train_and_test_23.json,P2R01891,16,2,page1-133.svg,False,0.5444444444444445,low,single-utterance-unidirectional,P2-045,P2-037,"['page1-128.svg', 'page7-10.svg', 'page5-56.svg', 'page6-226.svg', 'page6-160.svg', 'page1-133.svg', 'page6-204.svg', 'page5-188.svg', 'page7-116.svg', 'page8-248.svg']",3.0,square with top left and top right bits missing,9.0,12.0,"(37,)",page1-133.svg,True
P2G023,exp2_train_and_test_40.json,P2R01641,25,4,page7-144.svg,False,1.0,high,single-utterance-unidirectional,P2-056,P2-081,"['page7-29.svg', 'page2-100.svg', 'page7-144.svg', 'page3-201.svg', 'page9-23.svg', 'page3-200.svg', 'page2-165.svg', 'page4-232.svg', 'page5-153.svg', 'page7-44.svg']",5.0,"Largest shape, pointed right",4.0,21.0,"(33,)",page7-144.svg,True
P2G002,exp2_train_and_test_15.json,P2R01857,30,5,page1-175.svg,False,1.0,high,single-utterance-unidirectional,P2-114,P2-062,"['page4-96.svg', 'page1-149.svg', 'page3-201.svg', 'page6-167.svg', 'page1-77.svg', 'page1-133.svg', 'page7-20.svg', 'page4-5.svg', 'page1-175.svg', 'page7-4.svg']",7.0,kite on its side with no string,7.0,19.0,"(26,)",page4-96.svg,False
P2G033,exp2_train_and_test_8.json,P2R01791,23,3,page6-219.svg,False,1.0,high,single-utterance-unidirectional,P2-095,P2-112,"['page7-4.svg', 'page5-45.svg', 'page3-61.svg', 'page5-96.svg', 'page8-234.svg', 'page4-190.svg', 'page6-219.svg', 'page5-26.svg', 'page8-166.svg', 'page7-15.svg']",8.0,the rectangle facing down with the square on the bottom right and slanted rectangle on the bottom,17.0,30.0,"(33,)",page6-219.svg,True
P2G024,exp2_train_and_test_48.json,P2R00639,0,0,page7-53.svg,False,0.7333333333333332,low,single-utterance-unidirectional,P2-001,P2-116,"['page4-142.svg', 'page5-56.svg', 'page1-97.svg', 'page4-98.svg', 'page6-23.svg', 'page4-244.svg', 'page8-221.svg', 'page1-95.svg', 'page7-53.svg', 'page6-124.svg']",26.0,it looks kind of like a bird flying at you,10.0,40.0,"(46,)",page6-124.svg,False
P2G010,exp2_train_and_test_17.json,P2R00936,28,4,page6-208.svg,False,1.0,high,single-utterance-unidirectional,P2-092,P2-068,"['page7-155.svg', 'page7-144.svg', 'page8-221.svg', 'page8-22.svg', 'page6-208.svg', 'page1-107.svg', 'page6-1.svg', 'page5-121.svg', 'page7-41.svg', 'page7-15.svg']",5.0,spikes in 3 directions,4.0,9.0,"(21,)",page6-208.svg,True
P2G009,exp2_train_and_test_3.json,P2R02001,0,0,page3-139.svg,False,0.9935185185185184,high,single-utterance-unidirectional,P2-117,P2-024,"['page5-165.svg', 'page5-101.svg', 'page2-86.svg', 'page6-166.svg', 'page7-126.svg', 'page8-169.svg', 'page4-180.svg', 'page6-167.svg', 'page3-139.svg', 'page1-117.svg']",12.0,a fat man with wide trousers,6.0,21.0,"(37,)",page3-139.svg,True
P2G041,exp2_train_and_test_52.json,P2R00248,28,4,page1-172.svg,False,0.6444444444444445,low,single-utterance-unidirectional,P2-005,P2-072,"['page9-32.svg', 'page7-10.svg', 'page8-159.svg', 'page8-215.svg', 'page6-107.svg', 'page1-150.svg', 'page8-156.svg', 'page8-246.svg', 'page1-172.svg', 'page2-16.svg']",5.0,Dinosaur long neck,3.0,11.0,"(24,)",page1-172.svg,True
P2G023,exp2_train_and_test_40.json,P2R01495,5,0,page2-100.svg,False,0.7685185185185184,low,single-utterance-unidirectional,P2-056,P2-081,"['page7-29.svg', 'page2-100.svg', 'page7-144.svg', 'page3-201.svg', 'page9-23.svg', 'page3-200.svg', 'page2-165.svg', 'page4-232.svg', 'page5-153.svg', 'page7-44.svg']",6.0,"its base is a triangle, its top a tipped square",10.0,23.0,"(32,)",page2-100.svg,True
P2G022,exp2_train_and_test_53.json,P2R02337,35,5,page7-113.svg,False,0.7636363636363637,low,single-utterance-unidirectional,P2-103,P2-009,"['page6-206.svg', 'page7-113.svg', 'page7-166.svg', 'page2-100.svg', 'page3-33.svg', 'page2-140.svg', 'page6-160.svg', 'page4-128.svg', 'page1-149.svg', 'page7-107.svg']",5.0,Horse,1.0,5.0,"(15,)",page7-113.svg,True
P2G021,exp2_train_and_test_58.json,P2R01467,4,0,page4-241.svg,False,0.995,high,single-utterance-unidirectional,P2-064,P2-036,"['page4-195.svg', 'page6-31.svg', 'page4-241.svg', 'page7-41.svg', 'page8-38.svg', 'page5-233.svg', 'page3-205.svg', 'page7-226.svg', 'page9-40.svg', 'page5-84.svg']",8.0,It looked like a giant X,6.0,17.0,"(25,)",page4-241.svg,True
P2G001,exp2_train_and_test_28.json,P2R02085,3,0,page5-63.svg,False,0.9935185185185184,high,single-utterance-unidirectional,P2-080,P2-027,"['page5-121.svg', 'page3-33.svg', 'page6-52.svg', 'page7-44.svg', 'page5-63.svg', 'page2-34.svg', 'page6-155.svg', 'page7-115.svg', 'page6-175.svg', 'page7-113.svg']",,,,,,,
P2G015,exp2_train_and_test_16.json,P2R01325,2,0,page5-213.svg,False,0.7148148148148149,low,single-utterance-unidirectional,P2-058,P2-047,"['page5-56.svg', 'page5-213.svg', 'page1-34.svg', 'page7-79.svg', 'page2-114.svg', 'page6-1.svg', 'page4-180.svg', 'page5-85.svg', 'page2-133.svg', 'page6-204.svg']",7.0,a man walking to the right,6.0,10.0,"(23,)",page5-213.svg,True
P2G051,exp2_train_and_test_5.json,P2R01894,1,0,page7-166.svg,False,1.0,high,single-utterance-unidirectional,P2-016,P2-051,"['page7-40.svg', 'page3-52.svg', 'page5-40.svg', 'page5-107.svg', 'page3-33.svg', 'page3-21.svg', 'page7-20.svg', 'page6-228.svg', 'page7-166.svg', 'page7-155.svg']",13.0,a symbol on top of a triangle,7.0,24.0,"(30,)",page7-166.svg,True
P2G020,exp2_train_and_test_31.json,P2R01855,12,2,page9-23.svg,False,1.0,high,single-utterance-unidirectional,P2-046,P2-023,"['page5-84.svg', 'page3-201.svg', 'page1-48.svg', 'page9-23.svg', 'page5-75.svg', 'page6-162.svg', 'page4-96.svg', 'page6-52.svg', 'page6-192.svg', 'page5-80.svg']",8.0,Looks like a big triangle at the bottom and some shapes on top.,13.0,24.0,"(45,)",page9-23.svg,True
P2G006,exp2_train_and_test_51.json,P2R01841,34,5,page3-33.svg,False,0.6111111111111112,low,single-utterance-unidirectional,P2-071,P2-050,"['page4-128.svg', 'page7-107.svg', 'page7-113.svg', 'page3-33.svg', 'page2-100.svg', 'page7-166.svg', 'page6-206.svg', 'page1-149.svg', 'page6-160.svg', 'page2-140.svg']",6.0,This looks like three mountains with a rectangle in the background,11.0,18.0,"(26,)",page3-33.svg,True
P2G014,exp2_train_and_test_27.json,P2R01475,24,4,page3-139.svg,False,0.9935185185185184,high,single-utterance-unidirectional,P2-118,P2-060,"['page9-39.svg', 'page3-33.svg', 'page5-128.svg', 'page3-139.svg', 'page7-166.svg', 'page3-201.svg', 'page6-160.svg', 'page1-34.svg', 'page2-131.svg', 'page8-166.svg']",3.0,a bowl on top of two pointy triangles,8.0,10.0,"(19,)",page3-139.svg,True
P2G054,exp2_train_and_test_38.json,P2R01266,1,0,page2-131.svg,False,0.5333333333333334,low,single-utterance-unidirectional,P2-012,P2-055,"['page6-71.svg', 'page7-41.svg', 'page4-197.svg', 'page4-98.svg', 'page6-109.svg', 'page6-208.svg', 'page6-135.svg', 'page7-15.svg', 'page2-131.svg', 'page6-186.svg']",12.0,A hammer or tomahawk,4.0,25.0,"(54,)",page2-131.svg,True
P2G013,exp2_train_and_test_55.json,P2R01484,14,2,page6-107.svg,True,0.7000000000000001,low,single-utterance-unidirectional,P2-109,P2-097,"['page4-244.svg', 'page7-155.svg', 'page1-77.svg', 'page3-59.svg', 'page5-128.svg', 'page5-139.svg', 'page3-61.svg', 'page4-241.svg', 'page4-98.svg', 'page6-107.svg']",4.0,Rocket pointing north,3.0,14.0,"(24,)",page6-107.svg,True
P2G002,exp2_train_and_test_15.json,P2R01039,11,1,page2-114.svg,False,1.0,high,single-utterance-unidirectional,P2-062,P2-114,"['page4-180.svg', 'page1-172.svg', 'page2-20.svg', 'page5-96.svg', 'page2-114.svg', 'page8-159.svg', 'page6-53.svg', 'page3-70.svg', 'page7-53.svg', 'page7-125.svg']",5.0,it looks like an upside down triforce pyramid on top of smaller triangles,13.0,41.0,"(56,)",page7-53.svg,False
P2G053,exp2_train_and_test_23.json,P2R01679,17,2,page7-10.svg,False,0.7611111111111111,low,single-utterance-unidirectional,P2-045,P2-037,"['page1-128.svg', 'page7-10.svg', 'page5-56.svg', 'page6-226.svg', 'page6-160.svg', 'page1-133.svg', 'page6-204.svg', 'page5-188.svg', 'page7-116.svg', 'page8-248.svg']",9.0,trophy,1.0,11.0,"(25,)",page7-10.svg,True
P2G011,exp2_train_and_test_36.json,P2R00569,23,3,page5-75.svg,False,0.6944444444444444,low,single-utterance-unidirectional,P2-073,P2-014,"['page3-61.svg', 'page7-116.svg', 'page5-75.svg', 'page9-32.svg', 'page3-201.svg', 'page2-100.svg', 'page8-183.svg', 'page5-26.svg', 'page3-66.svg', 'page3-163.svg']",13.0,swan,1.0,13.0,"(24,)",page5-75.svg,True
P2G048,exp2_train_and_test_19.json,P2R02128,27,4,page1-30.svg,True,1.0,high,single-utterance-unidirectional,P2-085,P2-106,"['page8-18.svg', 'page7-115.svg', 'page6-135.svg', 'page1-128.svg', 'page2-86.svg', 'page8-38.svg', 'page4-197.svg', 'page7-44.svg', 'page1-30.svg', 'page5-71.svg']",4.0,It looks like a christmas tree,6.0,10.0,"(25,)",page1-30.svg,True
P2G010,exp2_train_and_test_17.json,P2R02320,26,4,page7-41.svg,False,0.7555555555555555,low,single-utterance-unidirectional,P2-092,P2-068,"['page7-155.svg', 'page7-144.svg', 'page8-221.svg', 'page8-22.svg', 'page6-208.svg', 'page1-107.svg', 'page6-1.svg', 'page5-121.svg', 'page7-41.svg', 'page7-15.svg']",6.0,house on a boat,4.0,9.0,"(12,)",page7-41.svg,True
P2G056,exp2_train_and_test_33.json,P2R02129,18,3,page7-203.svg,False,0.9925925925925926,high,single-utterance-unidirectional,P2-028,P2-086,"['page6-185.svg', 'page6-228.svg', 'page8-234.svg', 'page1-132.svg', 'page7-203.svg', 'page6-52.svg', 'page5-85.svg', 'page7-113.svg', 'page5-63.svg', 'page6-21.svg']",12.0,pile of shapes with arrow pointing down on top,9.0,29.0,"(41,)",page7-203.svg,True
P2G016,exp2_train_and_test_56.json,P2R02162,1,0,page4-96.svg,False,1.0,high,single-utterance-unidirectional,P2-003,P2-043,"['page7-29.svg', 'page5-121.svg', 'page1-107.svg', 'page7-125.svg', 'page5-155.svg', 'page4-96.svg', 'page7-35.svg', 'page6-192.svg', 'page8-206.svg', 'page5-40.svg']",12.0,Looks like a watering can with a spout on the right side,12.0,34.0,,,
P2G035,exp2_train_and_test_12.json,P2R00353,13,2,page7-35.svg,True,0.7333333333333334,low,single-utterance-unidirectional,P2-029,P2-040,"['page7-35.svg', 'page4-195.svg', 'page5-128.svg', 'page9-34.svg', 'page2-190.svg', 'page6-226.svg', 'page7-40.svg', 'page7-113.svg', 'page2-34.svg', 'page6-162.svg']",,,,,,,
P2G017,exp2_train_and_test_13.json,P2R01225,27,4,page6-204.svg,False,1.0,high,single-utterance-unidirectional,P2-059,P2-104,"['page6-21.svg', 'page1-128.svg', 'page3-207.svg', 'page7-125.svg', 'page4-155.svg', 'page9-40.svg', 'page8-22.svg', 'page6-204.svg', 'page8-192.svg', 'page6-31.svg']",6.0,Castle with chimney,3.0,11.0,"(23,)",page6-204.svg,True
P2G031,exp2_train_and_test_1.json,P2R02086,6,1,page2-165.svg,False,0.7499999999999999,low,single-utterance-unidirectional,P2-017,P2-032,"['page3-70.svg', 'page8-21.svg', 'page5-101.svg', 'page2-165.svg', 'page1-95.svg', 'page8-156.svg', 'page7-40.svg', 'page6-171.svg', 'page3-61.svg', 'page7-29.svg']",4.0,boat with a small sail on top,7.0,12.0,"(21,)",page1-95.svg,False
P2G036,exp2_train_and_test_45.json,P2R00921,35,5,page5-155.svg,False,0.5777777777777778,low,single-utterance-unidirectional,P2-052,P2-091,"['page7-217.svg', 'page3-59.svg', 'page8-234.svg', 'page5-85.svg', 'page7-157.svg', 'page1-175.svg', 'page7-203.svg', 'page5-155.svg', 'page8-169.svg', 'page6-107.svg']",,,,,,,
P2G046,exp2_train_and_test_46.json,P2R00278,4,0,page4-197.svg,False,1.0,high,single-utterance-unidirectional,P2-079,P2-008,"['page8-182.svg', 'page5-153.svg', 'page4-197.svg', 'page2-34.svg', 'page6-166.svg', 'page2-20.svg', 'page8-22.svg', 'page2-86.svg', 'page9-34.svg', 'page8-156.svg']",17.0,arrow point down against a wall,6.0,33.0,"(45,)",page4-197.svg,True
P2G012,exp2_train_and_test_29.json,P2R01211,22,3,page7-115.svg,False,0.6,low,single-utterance-unidirectional,P2-066,P2-025,"['page5-128.svg', 'page7-115.svg', 'page4-241.svg', 'page7-117.svg', 'page6-186.svg', 'page9-25.svg', 'page1-132.svg', 'page5-75.svg', 'page6-228.svg', 'page2-34.svg']",4.0,A bridge with pointy ends and square feet,8.0,13.0,"(16,)",page7-115.svg,True
P2G020,exp2_train_and_test_31.json,P2R01046,1,0,page1-48.svg,False,1.0,high,single-utterance-unidirectional,P2-046,P2-023,"['page5-84.svg', 'page3-201.svg', 'page1-48.svg', 'page9-23.svg', 'page5-75.svg', 'page6-162.svg', 'page4-96.svg', 'page6-52.svg', 'page6-192.svg', 'page5-80.svg']",6.0,top right. looks like a triangle.,6.0,14.0,"(37,)",page1-48.svg,True
P2G007,exp2_train_and_test_20.json,P2R00287,12,2,page5-154.svg,False,1.0,high,single-utterance-unidirectional,P2-108,P2-074,"['page7-29.svg', 'page7-225.svg', 'page2-64.svg', 'page4-155.svg', 'page5-45.svg', 'page5-154.svg', 'page4-98.svg', 'page7-226.svg', 'page3-201.svg', 'page7-15.svg']",4.0,arrow up with octogon bottom,5.0,10.0,"(16,)",page5-154.svg,True
P2G042,exp2_train_and_test_50.json,P2R02356,35,5,page7-113.svg,False,0.7636363636363637,low,single-utterance-unidirectional,P2-042,P2-049,"['page6-206.svg', 'page7-113.svg', 'page7-166.svg', 'page2-100.svg', 'page3-33.svg', 'page2-140.svg', 'page6-160.svg', 'page4-128.svg', 'page1-149.svg', 'page7-107.svg']",9.0,a horse,2.0,10.0,,,
P2G004,exp2_train_and_test_32.json,P2R02049,1,0,page7-157.svg,False,0.6037037037037036,low,single-utterance-unidirectional,P2-018,P2-078,"['page4-232.svg', 'page2-131.svg', 'page7-155.svg', 'page5-233.svg', 'page1-34.svg', 'page5-45.svg', 'page8-217.svg', 'page7-157.svg', 'page7-115.svg', 'page5-155.svg']",8.0,large square on small triangle,5.0,21.0,"(53,)",page7-157.svg,True
P2G046,exp2_train_and_test_46.json,P2R01976,12,2,page5-153.svg,True,0.6425925925925926,low,single-utterance-unidirectional,P2-008,P2-079,"['page6-166.svg', 'page5-153.svg', 'page4-197.svg', 'page8-182.svg', 'page2-86.svg', 'page8-156.svg', 'page8-22.svg', 'page9-34.svg', 'page2-20.svg', 'page2-34.svg']",21.0,a beard,2.0,27.0,"(40,)",page5-153.svg,True
P2G051,exp2_train_and_test_5.json,P2R00162,3,0,page6-228.svg,False,1.0,high,single-utterance-unidirectional,P2-016,P2-051,"['page7-40.svg', 'page3-52.svg', 'page5-40.svg', 'page5-107.svg', 'page3-33.svg', 'page3-21.svg', 'page7-20.svg', 'page6-228.svg', 'page7-166.svg', 'page7-155.svg']",4.0,a rhombus,2.0,29.0,"(42,)",page6-228.svg,True
P2G003,exp2_train_and_test_21.json,P2R01298,2,0,page7-191.svg,False,1.0,high,single-utterance-unidirectional,P2-105,P2-041,"['page7-115.svg', 'page1-132.svg', 'page6-155.svg', 'page5-120.svg', 'page5-188.svg', 'page7-191.svg', 'page7-4.svg', 'page8-159.svg', 'page5-101.svg', 'page4-98.svg']",20.0,big triangle with a smaller triangle pointing right,8.0,28.0,"(40,)",page7-191.svg,True
P2G006,exp2_train_and_test_51.json,P2R01433,2,0,page4-155.svg,True,0.3777777777777779,low,single-utterance-unidirectional,P2-050,P2-071,"['page7-157.svg', 'page7-127.svg', 'page5-190.svg', 'page8-246.svg', 'page6-167.svg', 'page8-58.svg', 'page4-155.svg', 'page7-125.svg', 'page2-20.svg', 'page7-15.svg']",12.0,Looks like a snake,4.0,34.0,"(37,)",page4-155.svg,True
P2G040,exp2_train_and_test_25.json,P2R00462,5,0,page7-4.svg,False,0.6555555555555556,low,single-utterance-unidirectional,P2-021,P2-010,"['page5-154.svg', 'page6-21.svg', 'page8-246.svg', 'page6-175.svg', 'page4-98.svg', 'page5-128.svg', 'page8-38.svg', 'page4-244.svg', 'page7-4.svg', 'page2-114.svg']",18.0,diamond pointing to the left,5.0,27.0,"(43,)",page6-21.svg,False
P2G011,exp2_train_and_test_36.json,P2R01909,33,5,page4-180.svg,False,0.6944444444444445,low,single-utterance-unidirectional,P2-073,P2-014,"['page8-159.svg', 'page1-133.svg', 'page9-39.svg', 'page2-165.svg', 'page8-215.svg', 'page1-117.svg', 'page8-246.svg', 'page4-180.svg', 'page6-226.svg', 'page9-34.svg']",8.0,letter v,2.0,9.0,"(15,)",page4-180.svg,True
P2G003,exp2_train_and_test_21.json,P2R01233,27,4,page5-188.svg,False,1.0,high,single-utterance-unidirectional,P2-105,P2-041,"['page7-115.svg', 'page1-132.svg', 'page6-155.svg', 'page5-120.svg', 'page5-188.svg', 'page7-191.svg', 'page7-4.svg', 'page8-159.svg', 'page5-101.svg', 'page4-98.svg']",3.0,The swimmer shape,3.0,6.0,"(13,)",page5-188.svg,True
P2G050,exp2_train_and_test_47.json,P2R01617,23,3,page5-84.svg,False,0.5111111111111112,low,single-utterance-unidirectional,P2-039,P2-053,"['page8-182.svg', 'page5-139.svg', 'page6-1.svg', 'page7-127.svg', 'page5-56.svg', 'page3-201.svg', 'page7-125.svg', 'page5-84.svg', 'page6-162.svg', 'page8-206.svg']",9.0,Unfortunate horse,2.0,12.0,"(24,)",page5-84.svg,True
P2G023,exp2_train_and_test_40.json,P2R00201,29,4,page2-165.svg,True,0.7499999999999999,low,single-utterance-unidirectional,P2-081,P2-056,"['page2-100.svg', 'page3-201.svg', 'page9-23.svg', 'page7-144.svg', 'page7-29.svg', 'page3-200.svg', 'page4-232.svg', 'page2-165.svg', 'page7-44.svg', 'page5-153.svg']",4.0,looks like a small boat or a hat,8.0,18.0,"(29,)",page2-165.svg,True
P2G031,exp2_train_and_test_1.json,P2R00905,24,4,page2-165.svg,False,0.7499999999999999,low,single-utterance-unidirectional,P2-032,P2-017,"['page3-70.svg', 'page8-156.svg', 'page7-40.svg', 'page2-165.svg', 'page8-21.svg', 'page6-171.svg', 'page1-95.svg', 'page3-61.svg', 'page7-29.svg', 'page5-101.svg']",3.0,shallow boat with very small triangle sail,7.0,9.0,"(11,)",page2-165.svg,True
P2G019,exp2_train_and_test_26.json,P2R01914,13,2,page2-165.svg,True,0.7499999999999999,low,single-utterance-unidirectional,P2-034,P2-069,"['page3-59.svg', 'page1-77.svg', 'page2-165.svg', 'page1-34.svg', 'page2-86.svg', 'page2-133.svg', 'page6-123.svg', 'page5-128.svg', 'page2-34.svg', 'page1-149.svg']",7.0,Like a squashed crown with one spike,7.0,15.0,"(22,)",page2-165.svg,True
P2G052,exp2_train_and_test_30.json,P2R00078,8,1,page6-245.svg,False,1.0,high,single-utterance-unidirectional,P2-030,P2-061,"['page5-101.svg', 'page6-166.svg', 'page8-156.svg', 'page1-172.svg', 'page6-21.svg', 'page3-201.svg', 'page2-34.svg', 'page2-136.svg', 'page4-155.svg', 'page6-245.svg']",14.0,Letter P with triangle at top right and square bottom left,11.0,24.0,,,
P2G017,exp2_train_and_test_13.json,P2R01734,25,4,page4-155.svg,False,0.3777777777777779,low,single-utterance-unidirectional,P2-059,P2-104,"['page6-21.svg', 'page1-128.svg', 'page3-207.svg', 'page7-125.svg', 'page4-155.svg', 'page9-40.svg', 'page8-22.svg', 'page6-204.svg', 'page8-192.svg', 'page6-31.svg']",8.0,A snake,2.0,11.0,"(23,)",page4-155.svg,True
P2G012,exp2_train_and_test_29.json,P2R01242,2,0,page2-34.svg,False,0.7611111111111111,low,single-utterance-unidirectional,P2-025,P2-066,"['page7-115.svg', 'page2-34.svg', 'page5-75.svg', 'page5-128.svg', 'page6-186.svg', 'page1-132.svg', 'page9-25.svg', 'page7-117.svg', 'page6-228.svg', 'page4-241.svg']",7.0,An F that's rotated 90 degrees clockwise,7.0,20.0,"(40,)",page2-34.svg,True
P2G041,exp2_train_and_test_52.json,P2R01702,11,1,page6-107.svg,True,0.7000000000000001,low,single-utterance-unidirectional,P2-072,P2-005,"['page8-215.svg', 'page2-16.svg', 'page7-10.svg', 'page1-150.svg', 'page9-32.svg', 'page8-156.svg', 'page6-107.svg', 'page8-159.svg', 'page1-172.svg', 'page8-246.svg']",5.0,This looks like a rocket,5.0,8.0,"(16,)",page6-107.svg,True
P2G023,exp2_train_and_test_40.json,P2R02233,30,5,page8-234.svg,False,0.0,low,single-utterance-unidirectional,P2-056,P2-081,"['page3-59.svg', 'page7-203.svg', 'page7-217.svg', 'page5-155.svg', 'page5-85.svg', 'page8-169.svg', 'page7-157.svg', 'page1-175.svg', 'page6-107.svg', 'page8-234.svg']",4.0,looks like a dog,4.0,10.0,"(25,)",page8-234.svg,True
P2G034,exp2_train_and_test_7.json,P2R00612,30,5,page7-144.svg,False,1.0,high,single-utterance-unidirectional,P2-031,P2-035,"['page9-34.svg', 'page7-115.svg', 'page4-98.svg', 'page7-177.svg', 'page7-35.svg', 'page6-245.svg', 'page7-144.svg', 'page2-131.svg', 'page5-75.svg', 'page6-204.svg']",26.0,"big mass of black, triangle on right, on a base",10.0,41.0,,,
P2G003,exp2_train_and_test_21.json,P2R01948,33,5,page6-166.svg,False,1.0,high,single-utterance-unidirectional,P2-041,P2-105,"['page7-125.svg', 'page8-183.svg', 'page7-157.svg', 'page3-66.svg', 'page5-84.svg', 'page6-31.svg', 'page6-166.svg', 'page5-153.svg', 'page3-70.svg', 'page5-174.svg']",5.0,"shape like a worm climbing stairs to the top right, small column on the left as the tail, large blob top right as the head.",25.0,28.0,"(51,)",page6-31.svg,False
P2G033,exp2_train_and_test_8.json,P2R00585,19,3,page8-166.svg,True,1.0,high,single-utterance-unidirectional,P2-095,P2-112,"['page7-4.svg', 'page5-45.svg', 'page3-61.svg', 'page5-96.svg', 'page8-234.svg', 'page4-190.svg', 'page6-219.svg', 'page5-26.svg', 'page8-166.svg', 'page7-15.svg']",13.0,looks like the letter E but  with the bottom cut off,12.0,32.0,"(44,)",page8-166.svg,True
P2G001,exp2_train_and_test_28.json,P2R02317,7,1,page7-115.svg,False,0.6,low,single-utterance-unidirectional,P2-027,P2-080,"['page6-155.svg', 'page7-113.svg', 'page2-34.svg', 'page7-115.svg', 'page7-44.svg', 'page3-33.svg', 'page6-52.svg', 'page5-121.svg', 'page6-175.svg', 'page5-63.svg']",,,,,,,
P2G020,exp2_train_and_test_31.json,P2R00657,37,5,page2-165.svg,False,0.7499999999999999,low,single-utterance-unidirectional,P2-023,P2-046,"['page8-159.svg', 'page1-133.svg', 'page9-39.svg', 'page2-165.svg', 'page8-215.svg', 'page1-117.svg', 'page8-246.svg', 'page4-180.svg', 'page6-226.svg', 'page9-34.svg']",3.0,Paper boat,2.0,5.0,"(13,)",page2-165.svg,True
P2G026,exp2_train_and_test_24.json,P2R00445,1,0,page4-195.svg,False,1.0,high,single-utterance-unidirectional,P2-057,P2-048,"['page7-44.svg', 'page7-55.svg', 'page6-206.svg', 'page1-48.svg', 'page8-38.svg', 'page5-45.svg', 'page9-40.svg', 'page1-133.svg', 'page-F.svg', 'page4-195.svg']",,,,,,,
P2G049,exp2_train_and_test_41.json,P2R00991,17,2,page8-246.svg,False,1.0,high,single-utterance-unidirectional,P2-070,P2-013,"['page8-38.svg', 'page6-192.svg', 'page7-35.svg', 'page7-36.svg', 'page4-98.svg', 'page3-70.svg', 'page5-154.svg', 'page7-79.svg', 'page8-246.svg', 'page4-108.svg']",8.0,"The one that looks like a bear, angled down to the left.",12.0,21.0,"(47,)",page8-38.svg,False
P2G042,exp2_train_and_test_50.json,P2R01575,21,3,page8-169.svg,False,1.0,high,single-utterance-unidirectional,P2-042,P2-049,"['page1-175.svg', 'page1-95.svg', 'page5-56.svg', 'page8-58.svg', 'page3-21.svg', 'page8-169.svg', 'page6-204.svg', 'page6-31.svg', 'page2-165.svg', 'page2-136.svg']",7.0,moon,1.0,8.0,,,
P2G036,exp2_train_and_test_45.json,P2R02072,5,0,page7-144.svg,False,1.0,high,single-utterance-unidirectional,P2-091,P2-052,"['page8-22.svg', 'page7-144.svg', 'page9-34.svg', 'page2-36.svg', 'page7-216.svg', 'page7-115.svg', 'page7-22.svg', 'page7-107.svg', 'page1-185.svg', 'page6-31.svg']",34.0,opposite to diamond shape,4.0,43.0,,,
P2G038,exp2_train_and_test_18.json,P2R01502,22,3,page6-219.svg,False,1.0,high,single-utterance-unidirectional,P2-107,P2-020,"['page1-172.svg', 'page6-219.svg', 'page9-32.svg', 'page7-126.svg', 'page9-23.svg', 'page4-142.svg', 'page6-123.svg', 'page1-34.svg', 'page4-98.svg', 'page8-234.svg']",12.0,meat cleaver with bent handle,5.0,19.0,"(23,)",page6-219.svg,True
P2G031,exp2_train_and_test_1.json,P2R01301,28,4,page3-70.svg,False,1.0,high,single-utterance-unidirectional,P2-032,P2-017,"['page3-70.svg', 'page8-156.svg', 'page7-40.svg', 'page2-165.svg', 'page8-21.svg', 'page6-171.svg', 'page1-95.svg', 'page3-61.svg', 'page7-29.svg', 'page5-101.svg']",4.0,square melting into rectangle,4.0,8.0,"(11,)",page3-70.svg,True
P2G045,exp2_train_and_test_34.json,P2R01633,5,0,page9-32.svg,False,1.0,high,single-utterance-unidirectional,P2-087,P2-054,"['page7-127.svg', 'page5-66.svg', 'page4-155.svg', 'page7-117.svg', 'page2-16.svg', 'page6-219.svg', 'page1-172.svg', 'page7-202.svg', 'page9-32.svg', 'page8-38.svg']",13.0,the long sausage dog,4.0,20.0,"(26,)",page9-32.svg,True
P2G033,exp2_train_and_test_8.json,P2R01132,10,1,page7-4.svg,False,0.6555555555555556,low,single-utterance-unidirectional,P2-095,P2-112,"['page7-4.svg', 'page5-45.svg', 'page3-61.svg', 'page5-96.svg', 'page8-234.svg', 'page4-190.svg', 'page6-219.svg', 'page5-26.svg', 'page8-166.svg', 'page7-15.svg']",12.0,Looks like a bat on the side,7.0,30.0,"(40,)",page7-4.svg,True
P2G001,exp2_train_and_test_28.json,P2R02355,31,5,page5-84.svg,False,0.5111111111111112,low,single-utterance-unidirectional,P2-027,P2-080,"['page7-125.svg', 'page8-183.svg', 'page7-157.svg', 'page3-66.svg', 'page5-84.svg', 'page6-31.svg', 'page6-166.svg', 'page5-153.svg', 'page3-70.svg', 'page5-174.svg']",,,,,,,
P2G029,exp2_train_and_test_14.json,P2R01785,20,3,page5-75.svg,False,0.6944444444444444,low,single-utterance-unidirectional,P2-019,P2-099,"['page9-34.svg', 'page5-36.svg', 'page7-41.svg', 'page5-75.svg', 'page3-21.svg', 'page2-20.svg', 'page7-226.svg', 'page8-176.svg', 'page2-86.svg', 'page7-144.svg']",8.0,flamingo,1.0,11.0,"(25,)",page5-75.svg,True
P2G007,exp2_train_and_test_20.json,P2R00729,11,1,page4-98.svg,True,0.7222222222222223,low,single-utterance-unidirectional,P2-074,P2-108,"['page7-15.svg', 'page7-29.svg', 'page3-201.svg', 'page2-64.svg', 'page4-155.svg', 'page7-226.svg', 'page5-154.svg', 'page4-98.svg', 'page5-45.svg', 'page7-225.svg']",14.0,sword pointing up with no handle,6.0,32.0,"(44,)",page4-98.svg,True
P2G017,exp2_train_and_test_13.json,P2R00563,32,5,page1-149.svg,False,1.0,high,single-utterance-unidirectional,P2-059,P2-104,"['page4-96.svg', 'page1-149.svg', 'page3-201.svg', 'page6-167.svg', 'page1-77.svg', 'page1-133.svg', 'page7-20.svg', 'page4-5.svg', 'page1-175.svg', 'page7-4.svg']",4.0,A candlestick holder,3.0,7.0,"(18,)",page1-149.svg,True
P2G027,exp2_train_and_test_49.json,P2R01100,8,1,page7-44.svg,False,1.0,high,single-utterance-unidirectional,P2-063,P2-113,"['page8-192.svg', 'page5-80.svg', 'page7-115.svg', 'page2-140.svg', 'page8-18.svg', 'page7-44.svg', 'page7-186.svg', 'page5-153.svg', 'page2-85.svg', 'page2-114.svg']",7.0,A square with two triangle feet,6.0,13.0,"(24,)",page7-44.svg,True
P2G034,exp2_train_and_test_7.json,P2R00616,27,4,page5-102.svg,False,0.7444444444444442,low,single-utterance-unidirectional,P2-031,P2-035,"['page2-86.svg', 'page5-165.svg', 'page3-70.svg', 'page6-122.svg', 'page5-102.svg', 'page7-117.svg', 'page2-140.svg', 'page1-34.svg', 'page2-136.svg', 'page5-155.svg']",6.0,seahorse or 3,3.0,14.0,"(23,)",page5-102.svg,True
P2G021,exp2_train_and_test_58.json,P2R02180,18,3,page4-241.svg,False,0.995,high,single-utterance-unidirectional,P2-036,P2-064,"['page8-38.svg', 'page4-195.svg', 'page3-205.svg', 'page7-41.svg', 'page4-241.svg', 'page5-84.svg', 'page7-226.svg', 'page6-31.svg', 'page5-233.svg', 'page9-40.svg']",3.0,giant x,2.0,5.0,"(16,)",page4-241.svg,True
P2G027,exp2_train_and_test_49.json,P2R01881,18,3,page7-115.svg,False,0.6,low,single-utterance-unidirectional,P2-063,P2-113,"['page8-192.svg', 'page5-80.svg', 'page7-115.svg', 'page2-140.svg', 'page8-18.svg', 'page7-44.svg', 'page7-186.svg', 'page5-153.svg', 'page2-85.svg', 'page2-114.svg']",5.0,'H',1.0,10.0,"(22,)",page7-115.svg,True
P2G044,exp2_train_and_test_39.json,P2R00917,33,5,page4-180.svg,False,0.6944444444444445,low,single-utterance-unidirectional,P2-076,P2-101,"['page8-159.svg', 'page1-133.svg', 'page9-39.svg', 'page2-165.svg', 'page8-215.svg', 'page1-117.svg', 'page8-246.svg', 'page4-180.svg', 'page6-226.svg', 'page9-34.svg']",12.0,butterfly,1.0,16.0,"(19,)",page4-180.svg,True
P2G030,exp2_train_and_test_35.json,P2R02007,7,1,page8-192.svg,False,0.6444444444444446,low,single-utterance-unidirectional,P2-002,P2-044,"['page6-109.svg', 'page7-127.svg', 'page6-107.svg', 'page7-166.svg', 'page7-20.svg', 'page4-98.svg', 'page8-192.svg', 'page2-20.svg', 'page6-175.svg', 'page5-190.svg']",11.0,a Dog,2.0,13.0,"(22,)",page8-192.svg,True
P2G057,exp2_train_and_test_10.json,P2R00046,3,0,page9-25.svg,True,1.0,high,single-utterance-unidirectional,P2-084,P2-090,"['page7-79.svg', 'page3-12.svg', 'page7-116.svg', 'page2-100.svg', 'page1-150.svg', 'page9-25.svg', 'page7-35.svg', 'page5-56.svg', 'page8-206.svg', 'page6-185.svg']",6.0,Looks like a Y with long straight side on the right,11.0,21.0,"(41,)",page9-25.svg,True
P2G039,exp2_train_and_test_4.json,P2R00139,21,3,page9-39.svg,False,0.7407407407407408,low,single-utterance-unidirectional,P2-022,P2-093,"['page5-233.svg', 'page2-34.svg', 'page9-39.svg', 'page6-21.svg', 'page3-201.svg', 'page6-135.svg', 'page6-124.svg', 'page2-64.svg', 'page5-165.svg', 'page6-1.svg']",7.0,sherlocks pipe,2.0,13.0,"(24,)",page9-39.svg,True
P2G038,exp2_train_and_test_18.json,P2R01667,1,0,page8-234.svg,False,0.0,low,single-utterance-unidirectional,P2-020,P2-107,"['page1-172.svg', 'page4-142.svg', 'page6-123.svg', 'page4-98.svg', 'page8-234.svg', 'page9-23.svg', 'page6-219.svg', 'page7-126.svg', 'page9-32.svg', 'page1-34.svg']",9.0,it looks like a chair or the letter h,9.0,15.0,"(27,)",page1-172.svg,False
P2G002,exp2_train_and_test_15.json,P2R00712,3,0,page2-114.svg,False,1.0,high,single-utterance-unidirectional,P2-114,P2-062,"['page7-53.svg', 'page6-53.svg', 'page3-70.svg', 'page2-20.svg', 'page1-172.svg', 'page7-125.svg', 'page5-96.svg', 'page8-159.svg', 'page2-114.svg', 'page4-180.svg']",5.0,It is a batman costume headpiece,6.0,19.0,"(40,)",page7-125.svg,False
P2G023,exp2_train_and_test_40.json,P2R01718,31,5,page7-217.svg,False,1.0,high,single-utterance-unidirectional,P2-081,P2-056,"['page7-217.svg', 'page3-59.svg', 'page8-234.svg', 'page5-85.svg', 'page7-157.svg', 'page1-175.svg', 'page7-203.svg', 'page5-155.svg', 'page8-169.svg', 'page6-107.svg']",8.0,looks like an iron,4.0,20.0,"(31,)",page7-217.svg,True
P2G040,exp2_train_and_test_25.json,P2R00214,7,1,page4-244.svg,True,0.3777777777777778,low,single-utterance-unidirectional,P2-010,P2-021,"['page6-21.svg', 'page2-114.svg', 'page5-128.svg', 'page6-175.svg', 'page7-4.svg', 'page8-246.svg', 'page4-244.svg', 'page5-154.svg', 'page4-98.svg', 'page8-38.svg']",19.0,,,,,,
P2G001,exp2_train_and_test_28.json,P2R00986,35,5,page6-31.svg,False,0.5333333333333334,low,single-utterance-unidirectional,P2-027,P2-080,"['page7-125.svg', 'page8-183.svg', 'page7-157.svg', 'page3-66.svg', 'page5-84.svg', 'page6-31.svg', 'page6-166.svg', 'page5-153.svg', 'page3-70.svg', 'page5-174.svg']",,,,,,,
P2G009,exp2_train_and_test_3.json,P2R01804,26,4,page6-166.svg,False,1.0,high,single-utterance-unidirectional,P2-117,P2-024,"['page5-165.svg', 'page5-101.svg', 'page2-86.svg', 'page6-166.svg', 'page7-126.svg', 'page8-169.svg', 'page4-180.svg', 'page6-167.svg', 'page3-139.svg', 'page1-117.svg']",11.0,elf boot,2.0,14.0,"(23,)",page6-166.svg,True
P2G059,exp2_train_and_test_59.json,P2R00161,38,5,page4-128.svg,False,1.0,high,single-utterance-unidirectional,P2-004,P2-098,"['page4-128.svg', 'page7-107.svg', 'page7-113.svg', 'page3-33.svg', 'page2-100.svg', 'page7-166.svg', 'page6-206.svg', 'page1-149.svg', 'page6-160.svg', 'page2-140.svg']",,,,,,,
P2G004,exp2_train_and_test_32.json,P2R01447,15,2,page2-131.svg,False,0.5333333333333334,low,single-utterance-unidirectional,P2-018,P2-078,"['page4-232.svg', 'page2-131.svg', 'page7-155.svg', 'page5-233.svg', 'page1-34.svg', 'page5-45.svg', 'page8-217.svg', 'page7-157.svg', 'page7-115.svg', 'page5-155.svg']",5.0,letter T with the knob,5.0,14.0,"(20,)",page2-131.svg,True
P2G056,exp2_train_and_test_33.json,P2R00937,8,1,page8-234.svg,False,0.0,low,single-utterance-unidirectional,P2-028,P2-086,"['page6-185.svg', 'page6-228.svg', 'page8-234.svg', 'page1-132.svg', 'page7-203.svg', 'page6-52.svg', 'page5-85.svg', 'page7-113.svg', 'page5-63.svg', 'page6-21.svg']",24.0,dog looking to the left,5.0,32.0,"(43,)",page8-234.svg,True
P2G053,exp2_train_and_test_23.json,P2R00773,33,5,page6-166.svg,False,1.0,high,single-utterance-unidirectional,P2-037,P2-045,"['page7-125.svg', 'page8-183.svg', 'page7-157.svg', 'page3-66.svg', 'page5-84.svg', 'page6-31.svg', 'page6-166.svg', 'page5-153.svg', 'page3-70.svg', 'page5-174.svg']",8.0,snake going up to the right,6.0,15.0,"(29,)",page6-166.svg,True
P2G055,exp2_train_and_test_37.json,P2R01973,31,5,page9-34.svg,False,1.0,high,single-utterance-unidirectional,P2-011,P2-110,"['page8-159.svg', 'page1-133.svg', 'page9-39.svg', 'page2-165.svg', 'page8-215.svg', 'page1-117.svg', 'page8-246.svg', 'page4-180.svg', 'page6-226.svg', 'page9-34.svg']",5.0,looks like an animal head with ears that are pointed to the right,13.0,15.0,"(27,)",page9-34.svg,True
P2G045,exp2_train_and_test_34.json,P2R01547,10,1,page2-16.svg,False,0.6722222222222223,low,single-utterance-unidirectional,P2-054,P2-087,"['page6-219.svg', 'page9-32.svg', 'page1-172.svg', 'page7-202.svg', 'page4-155.svg', 'page5-66.svg', 'page7-127.svg', 'page8-38.svg', 'page2-16.svg', 'page7-117.svg']",9.0,two small triangles on side. one big one at the bottom. big square in middle and small square on top,20.0,30.0,"(37,)",page2-16.svg,True
P2G020,exp2_train_and_test_31.json,P2R00777,14,2,page1-48.svg,False,1.0,high,single-utterance-unidirectional,P2-046,P2-023,"['page5-84.svg', 'page3-201.svg', 'page1-48.svg', 'page9-23.svg', 'page5-75.svg', 'page6-162.svg', 'page4-96.svg', 'page6-52.svg', 'page6-192.svg', 'page5-80.svg']",9.0,Looks like a triangle,4.0,28.0,"(33,)",page1-48.svg,True
P2G020,exp2_train_and_test_31.json,P2R00192,19,3,page5-75.svg,False,0.6944444444444444,low,single-utterance-unidirectional,P2-023,P2-046,"['page3-201.svg', 'page1-48.svg', 'page5-75.svg', 'page6-162.svg', 'page4-96.svg', 'page5-80.svg', 'page9-23.svg', 'page6-192.svg', 'page6-52.svg', 'page5-84.svg']",6.0,Looks like a flamingo standing up,6.0,24.0,,,
P2G032,exp2_train_and_test_44.json,P2R00638,35,5,page5-155.svg,False,0.5777777777777778,low,single-utterance-unidirectional,P2-096,P2-102,"['page7-217.svg', 'page3-59.svg', 'page8-234.svg', 'page5-85.svg', 'page7-157.svg', 'page1-175.svg', 'page7-203.svg', 'page5-155.svg', 'page8-169.svg', 'page6-107.svg']",4.0,tree,1.0,6.0,"(10,)",page5-155.svg,True
P2G013,exp2_train_and_test_55.json,P2R00421,10,1,page3-59.svg,True,1.0,high,single-utterance-unidirectional,P2-109,P2-097,"['page4-244.svg', 'page7-155.svg', 'page1-77.svg', 'page3-59.svg', 'page5-128.svg', 'page5-139.svg', 'page3-61.svg', 'page4-241.svg', 'page4-98.svg', 'page6-107.svg']",11.0,a cliff with triangle pointing left,6.0,20.0,"(30,)",page3-59.svg,True
P2G006,exp2_train_and_test_51.json,P2R01189,3,0,page7-15.svg,False,0.5935185185185186,low,single-utterance-unidirectional,P2-071,P2-050,"['page7-127.svg', 'page2-20.svg', 'page7-157.svg', 'page8-246.svg', 'page8-58.svg', 'page7-15.svg', 'page6-167.svg', 'page4-155.svg', 'page5-190.svg', 'page7-125.svg']",5.0,"This looks like small mountains, looking far from the horizon",10.0,15.0,"(24,)",page7-15.svg,True
P2G038,exp2_train_and_test_18.json,P2R00267,36,5,page7-4.svg,False,0.6555555555555556,low,single-utterance-unidirectional,P2-020,P2-107,"['page4-96.svg', 'page1-149.svg', 'page3-201.svg', 'page6-167.svg', 'page1-77.svg', 'page1-133.svg', 'page7-20.svg', 'page4-5.svg', 'page1-175.svg', 'page7-4.svg']",11.0,"it looks like nothing, 2 shapes attached, top left shape bent long rectangle attached to another",16.0,35.0,"(52,)",page7-4.svg,True
P2G039,exp2_train_and_test_4.json,P2R01366,34,5,page7-35.svg,False,0.7333333333333334,low,single-utterance-unidirectional,P2-093,P2-022,"['page9-34.svg', 'page7-115.svg', 'page4-98.svg', 'page7-177.svg', 'page7-35.svg', 'page6-245.svg', 'page7-144.svg', 'page2-131.svg', 'page5-75.svg', 'page6-204.svg']",6.0,boat going left with a triangle on top,8.0,20.0,"(34,)",page7-35.svg,True
P2G041,exp2_train_and_test_52.json,P2R01336,2,0,page8-246.svg,False,1.0,high,single-utterance-unidirectional,P2-005,P2-072,"['page9-32.svg', 'page7-10.svg', 'page8-159.svg', 'page8-215.svg', 'page6-107.svg', 'page1-150.svg', 'page8-156.svg', 'page8-246.svg', 'page1-172.svg', 'page2-16.svg']",8.0,It's got two lines coming out of it on the right hand side,13.0,32.0,"(54,)",page8-156.svg,False
P2G024,exp2_train_and_test_48.json,P2R01987,30,5,page8-234.svg,False,0.0,low,single-utterance-unidirectional,P2-001,P2-116,"['page3-59.svg', 'page7-203.svg', 'page7-217.svg', 'page5-155.svg', 'page5-85.svg', 'page8-169.svg', 'page7-157.svg', 'page1-175.svg', 'page6-107.svg', 'page8-234.svg']",9.0,skinny dog facing left,4.0,17.0,"(25,)",page8-234.svg,True
P2G056,exp2_train_and_test_33.json,P2R00529,38,5,page1-117.svg,False,1.0,high,single-utterance-unidirectional,P2-086,P2-028,"['page2-165.svg', 'page9-39.svg', 'page1-117.svg', 'page4-180.svg', 'page8-246.svg', 'page8-215.svg', 'page1-133.svg', 'page6-226.svg', 'page8-159.svg', 'page9-34.svg']",13.0,Water tower,2.0,26.0,"(35,)",page1-117.svg,True
P2G032,exp2_train_and_test_44.json,P2R00354,29,4,page6-226.svg,False,1.0,high,single-utterance-unidirectional,P2-102,P2-096,"['page8-22.svg', 'page5-101.svg', 'page6-226.svg', 'page5-190.svg', 'page2-34.svg', 'page4-197.svg', 'page7-20.svg', 'page6-53.svg', 'page8-21.svg', 'page4-96.svg']",4.0,2 squares 1 tube,4.0,11.0,"(15,)",page6-226.svg,True
P2G024,exp2_train_and_test_48.json,P2R00865,16,2,page1-95.svg,True,1.0,high,single-utterance-unidirectional,P2-116,P2-001,"['page8-221.svg', 'page1-97.svg', 'page6-124.svg', 'page4-244.svg', 'page6-23.svg', 'page1-95.svg', 'page4-98.svg', 'page4-142.svg', 'page7-53.svg', 'page5-56.svg']",9.0,boat with pointy rudder,4.0,23.0,"(37,)",page1-95.svg,True
P2G050,exp2_train_and_test_47.json,P2R01875,2,0,page6-162.svg,False,1.0,high,single-utterance-unidirectional,P2-053,P2-039,"['page7-127.svg', 'page5-84.svg', 'page3-201.svg', 'page5-56.svg', 'page6-1.svg', 'page6-162.svg', 'page8-182.svg', 'page7-125.svg', 'page5-139.svg', 'page8-206.svg']",6.0,like an arrow pointing down at something,7.0,11.0,"(23,)",page6-162.svg,True
P2G022,exp2_train_and_test_53.json,P2R00396,24,4,page8-234.svg,False,0.0,low,single-utterance-unidirectional,P2-009,P2-103,"['page8-159.svg', 'page8-58.svg', 'page5-165.svg', 'page7-127.svg', 'page7-157.svg', 'page9-40.svg', 'page3-70.svg', 'page4-232.svg', 'page8-234.svg', 'page5-45.svg']",4.0,dog,1.0,5.0,"(12,)",page8-234.svg,True
P2G053,exp2_train_and_test_23.json,P2R00655,31,5,page5-84.svg,False,0.5111111111111112,low,single-utterance-unidirectional,P2-037,P2-045,"['page7-125.svg', 'page8-183.svg', 'page7-157.svg', 'page3-66.svg', 'page5-84.svg', 'page6-31.svg', 'page6-166.svg', 'page5-153.svg', 'page3-70.svg', 'page5-174.svg']",5.0,looks like horse,3.0,8.0,"(16,)",page5-84.svg,True
P2G037,exp2_train_and_test_42.json,P2R00681,31,5,page7-217.svg,False,1.0,high,single-utterance-unidirectional,P2-026,P2-075,"['page7-217.svg', 'page3-59.svg', 'page8-234.svg', 'page5-85.svg', 'page7-157.svg', 'page1-175.svg', 'page7-203.svg', 'page5-155.svg', 'page8-169.svg', 'page6-107.svg']",6.0,dog laying down head up,5.0,12.0,"(20,)",page5-85.svg,False
P2G050,exp2_train_and_test_47.json,P2R01958,25,4,page5-56.svg,False,0.6222222222222223,low,single-utterance-unidirectional,P2-053,P2-039,"['page7-127.svg', 'page5-84.svg', 'page3-201.svg', 'page5-56.svg', 'page6-1.svg', 'page6-162.svg', 'page8-182.svg', 'page7-125.svg', 'page5-139.svg', 'page8-206.svg']",6.0,mountains againnn,2.0,10.0,"(13,)",page5-56.svg,True
P2G046,exp2_train_and_test_46.json,P2R01310,6,1,page8-22.svg,False,0.3444444444444444,low,single-utterance-unidirectional,P2-008,P2-079,"['page6-166.svg', 'page5-153.svg', 'page4-197.svg', 'page8-182.svg', 'page2-86.svg', 'page8-156.svg', 'page8-22.svg', 'page9-34.svg', 'page2-20.svg', 'page2-34.svg']",8.0,A bird flying,3.0,14.0,"(27,)",page8-22.svg,True
P2G013,exp2_train_and_test_55.json,P2R02130,11,1,page4-98.svg,False,0.7222222222222223,low,single-utterance-unidirectional,P2-109,P2-097,"['page4-244.svg', 'page7-155.svg', 'page1-77.svg', 'page3-59.svg', 'page5-128.svg', 'page5-139.svg', 'page3-61.svg', 'page4-241.svg', 'page4-98.svg', 'page6-107.svg']",5.0,rocket taking off,3.0,8.0,"(14,)",page6-107.svg,False
P2G053,exp2_train_and_test_23.json,P2R00840,29,4,page7-10.svg,False,0.7611111111111111,low,single-utterance-unidirectional,P2-045,P2-037,"['page1-128.svg', 'page7-10.svg', 'page5-56.svg', 'page6-226.svg', 'page6-160.svg', 'page1-133.svg', 'page6-204.svg', 'page5-188.svg', 'page7-116.svg', 'page8-248.svg']",8.0,trophy,1.0,9.0,"(12,)",page7-10.svg,True
P2G009,exp2_train_and_test_3.json,P2R02316,34,5,page7-35.svg,False,0.7333333333333334,low,single-utterance-unidirectional,P2-117,P2-024,"['page9-34.svg', 'page7-115.svg', 'page4-98.svg', 'page7-177.svg', 'page7-35.svg', 'page6-245.svg', 'page7-144.svg', 'page2-131.svg', 'page5-75.svg', 'page6-204.svg']",6.0,A boat with a chimney pointing left,7.0,22.0,"(32,)",page7-35.svg,True
P2G010,exp2_train_and_test_17.json,P2R00369,29,4,page8-221.svg,False,1.0,high,single-utterance-unidirectional,P2-092,P2-068,"['page7-155.svg', 'page7-144.svg', 'page8-221.svg', 'page8-22.svg', 'page6-208.svg', 'page1-107.svg', 'page6-1.svg', 'page5-121.svg', 'page7-41.svg', 'page7-15.svg']",11.0,2 spikes with a square,5.0,15.0,"(23,)",page8-221.svg,True
P2G045,exp2_train_and_test_34.json,P2R01873,17,2,page1-172.svg,False,0.6444444444444445,low,single-utterance-unidirectional,P2-087,P2-054,"['page7-127.svg', 'page5-66.svg', 'page4-155.svg', 'page7-117.svg', 'page2-16.svg', 'page6-219.svg', 'page1-172.svg', 'page7-202.svg', 'page9-32.svg', 'page8-38.svg']",4.0,long neck dinosaur/ llama,4.0,12.0,"(19,)",page1-172.svg,True
P2G031,exp2_train_and_test_1.json,P2R01442,2,0,page7-40.svg,True,0.7611111111111111,low,single-utterance-unidirectional,P2-017,P2-032,"['page3-70.svg', 'page8-21.svg', 'page5-101.svg', 'page2-165.svg', 'page1-95.svg', 'page8-156.svg', 'page7-40.svg', 'page6-171.svg', 'page3-61.svg', 'page7-29.svg']",9.0,square with a neck curving downards. kind of like a brontosaurus,11.0,21.0,"(37,)",page8-156.svg,False
P2G017,exp2_train_and_test_13.json,P2R00925,22,3,page7-125.svg,False,0.9935185185185184,high,single-utterance-unidirectional,P2-104,P2-059,"['page6-204.svg', 'page6-21.svg', 'page9-40.svg', 'page8-22.svg', 'page6-31.svg', 'page3-207.svg', 'page4-155.svg', 'page7-125.svg', 'page1-128.svg', 'page8-192.svg']",9.0,a rock with a point to the left,8.0,19.0,"(23,)",page7-125.svg,True
P2G020,exp2_train_and_test_31.json,P2R00770,18,3,page5-80.svg,False,0.5555555555555556,low,single-utterance-unidirectional,P2-023,P2-046,"['page3-201.svg', 'page1-48.svg', 'page5-75.svg', 'page6-162.svg', 'page4-96.svg', 'page5-80.svg', 'page9-23.svg', 'page6-192.svg', 'page6-52.svg', 'page5-84.svg']",9.0,Looks like a fox laying down,6.0,14.0,"(22,)",page5-80.svg,True
P2G055,exp2_train_and_test_37.json,P2R01425,23,3,page8-22.svg,False,0.3444444444444444,low,single-utterance-unidirectional,P2-011,P2-110,"['page8-22.svg', 'page7-20.svg', 'page1-185.svg', 'page6-121.svg', 'page4-96.svg', 'page1-95.svg', 'page7-113.svg', 'page6-107.svg', 'page8-18.svg', 'page7-191.svg']",9.0,flying bird,2.0,15.0,"(22,)",page8-22.svg,True
P2G052,exp2_train_and_test_30.json,P2R00603,3,0,page4-155.svg,False,0.3777777777777779,low,single-utterance-unidirectional,P2-061,P2-030,"['page1-172.svg', 'page6-166.svg', 'page6-245.svg', 'page4-155.svg', 'page5-101.svg', 'page3-201.svg', 'page8-156.svg', 'page6-21.svg', 'page2-34.svg', 'page2-136.svg']",13.0,It looks like the letter m but flattened,8.0,27.0,"(35,)",page4-155.svg,True
P2G057,exp2_train_and_test_10.json,P2R00960,23,3,page8-206.svg,False,1.0,high,single-utterance-unidirectional,P2-084,P2-090,"['page7-79.svg', 'page3-12.svg', 'page7-116.svg', 'page2-100.svg', 'page1-150.svg', 'page9-25.svg', 'page7-35.svg', 'page5-56.svg', 'page8-206.svg', 'page6-185.svg']",6.0,triangle holding up shape that includes arrow on right side,10.0,31.0,"(49,)",page8-206.svg,True
P2G026,exp2_train_and_test_24.json,P2R01569,19,3,page1-48.svg,False,1.0,high,single-utterance-unidirectional,P2-048,P2-057,"['page1-48.svg', 'page1-133.svg', 'page9-40.svg', 'page8-38.svg', 'page7-44.svg', 'page-F.svg', 'page5-45.svg', 'page4-195.svg', 'page6-206.svg', 'page7-55.svg']",,,,,,,
P2G005,exp2_train_and_test_43.json,P2R00075,17,2,page7-125.svg,False,0.9935185185185184,high,single-utterance-unidirectional,P2-006,P2-111,"['page6-122.svg', 'page9-40.svg', 'page7-226.svg', 'page7-125.svg', 'page8-246.svg', 'page6-160.svg', 'page7-145.svg', 'page5-101.svg', 'page8-183.svg', 'page8-21.svg']",11.0,cliff,1.0,12.0,"(22,)",page7-125.svg,True
P2G034,exp2_train_and_test_7.json,P2R00414,17,2,page5-165.svg,False,0.7777777777777777,low,single-utterance-unidirectional,P2-031,P2-035,"['page2-86.svg', 'page5-165.svg', 'page3-70.svg', 'page6-122.svg', 'page5-102.svg', 'page7-117.svg', 'page2-140.svg', 'page1-34.svg', 'page2-136.svg', 'page5-155.svg']",4.0,crystal you'd find in a cave,6.0,18.0,"(24,)",page5-165.svg,True
P2G031,exp2_train_and_test_1.json,P2R02221,25,4,page7-29.svg,False,1.0,high,single-utterance-unidirectional,P2-032,P2-017,"['page3-70.svg', 'page8-156.svg', 'page7-40.svg', 'page2-165.svg', 'page8-21.svg', 'page6-171.svg', 'page1-95.svg', 'page3-61.svg', 'page7-29.svg', 'page5-101.svg']",3.0,jagged saw shaped V,4.0,7.0,"(12,)",page7-29.svg,True
P2G050,exp2_train_and_test_47.json,P2R00597,28,4,page3-201.svg,False,0.5548148148148148,low,single-utterance-unidirectional,P2-053,P2-039,"['page7-127.svg', 'page5-84.svg', 'page3-201.svg', 'page5-56.svg', 'page6-1.svg', 'page6-162.svg', 'page8-182.svg', 'page7-125.svg', 'page5-139.svg', 'page8-206.svg']",10.0,bunny,1.0,11.0,"(22,)",page3-201.svg,True
P2G007,exp2_train_and_test_20.json,P2R01086,4,0,page5-45.svg,False,1.0,high,single-utterance-unidirectional,P2-108,P2-074,"['page7-29.svg', 'page7-225.svg', 'page2-64.svg', 'page4-155.svg', 'page5-45.svg', 'page5-154.svg', 'page4-98.svg', 'page7-226.svg', 'page3-201.svg', 'page7-15.svg']",15.0,house with shape inside,4.0,24.0,"(36,)",page5-45.svg,True
P2G029,exp2_train_and_test_14.json,P2R00126,8,1,page7-144.svg,False,1.0,high,single-utterance-unidirectional,P2-019,P2-099,"['page9-34.svg', 'page5-36.svg', 'page7-41.svg', 'page5-75.svg', 'page3-21.svg', 'page2-20.svg', 'page7-226.svg', 'page8-176.svg', 'page2-86.svg', 'page7-144.svg']",11.0,crystal ball on a platform,5.0,15.0,"(22,)",page7-144.svg,True
P2G048,exp2_train_and_test_19.json,P2R01147,19,3,page5-71.svg,True,0.3833333333333333,low,single-utterance-unidirectional,P2-085,P2-106,"['page8-18.svg', 'page7-115.svg', 'page6-135.svg', 'page1-128.svg', 'page2-86.svg', 'page8-38.svg', 'page4-197.svg', 'page7-44.svg', 'page1-30.svg', 'page5-71.svg']",12.0,It looks like a flying bird sideways,7.0,26.0,"(34,)",page5-71.svg,True
P2G038,exp2_train_and_test_18.json,P2R01494,27,4,page1-172.svg,False,0.6444444444444445,low,single-utterance-unidirectional,P2-020,P2-107,"['page1-172.svg', 'page4-142.svg', 'page6-123.svg', 'page4-98.svg', 'page8-234.svg', 'page9-23.svg', 'page6-219.svg', 'page7-126.svg', 'page9-32.svg', 'page1-34.svg']",4.0,the h shape with only the top left bent,9.0,11.0,"(24,)",page1-172.svg,True
P2G009,exp2_train_and_test_3.json,P2R01657,2,0,page2-86.svg,False,0.7777777777777777,low,single-utterance-unidirectional,P2-117,P2-024,"['page5-165.svg', 'page5-101.svg', 'page2-86.svg', 'page6-166.svg', 'page7-126.svg', 'page8-169.svg', 'page4-180.svg', 'page6-167.svg', 'page3-139.svg', 'page1-117.svg']",9.0,a chaise longue - quite like a couch or bed,10.0,22.0,"(52,)",page2-86.svg,True
P2G035,exp2_train_and_test_12.json,P2R01445,31,5,page3-201.svg,False,0.5548148148148148,low,single-utterance-unidirectional,P2-029,P2-040,"['page6-167.svg', 'page1-77.svg', 'page4-96.svg', 'page1-175.svg', 'page7-20.svg', 'page1-149.svg', 'page1-133.svg', 'page4-5.svg', 'page3-201.svg', 'page7-4.svg']",,,,,,,
P2G040,exp2_train_and_test_25.json,P2R00736,9,1,page2-114.svg,False,1.0,high,single-utterance-unidirectional,P2-010,P2-021,"['page6-21.svg', 'page2-114.svg', 'page5-128.svg', 'page6-175.svg', 'page7-4.svg', 'page8-246.svg', 'page4-244.svg', 'page5-154.svg', 'page4-98.svg', 'page8-38.svg']",11.0,a big sitting looking like plate,6.0,34.0,"(40,)",page6-175.svg,False
P2G045,exp2_train_and_test_34.json,P2R00806,16,2,page6-219.svg,True,1.0,high,single-utterance-unidirectional,P2-054,P2-087,"['page6-219.svg', 'page9-32.svg', 'page1-172.svg', 'page7-202.svg', 'page4-155.svg', 'page5-66.svg', 'page7-127.svg', 'page8-38.svg', 'page2-16.svg', 'page7-117.svg']",5.0,the one on the left hand side of the sausage dog. has a rectangle with a tail going to the right,21.0,22.0,"(41,)",page8-38.svg,False
P2G005,exp2_train_and_test_43.json,P2R02232,30,5,page8-234.svg,False,0.0,low,single-utterance-unidirectional,P2-006,P2-111,"['page3-59.svg', 'page7-203.svg', 'page7-217.svg', 'page5-155.svg', 'page5-85.svg', 'page8-169.svg', 'page7-157.svg', 'page1-175.svg', 'page6-107.svg', 'page8-234.svg']",18.0,"dog with no tail, facing to the left",8.0,32.0,,,
P2G042,exp2_train_and_test_50.json,P2R00969,8,1,page3-21.svg,False,0.736111111111111,low,single-utterance-unidirectional,P2-042,P2-049,"['page1-175.svg', 'page1-95.svg', 'page5-56.svg', 'page8-58.svg', 'page3-21.svg', 'page8-169.svg', 'page6-204.svg', 'page6-31.svg', 'page2-165.svg', 'page2-136.svg']",7.0,letter 3,2.0,9.0,,,
P2G043,exp2_train_and_test_54.json,P2R01560,10,1,page2-131.svg,False,0.5333333333333334,low,single-utterance-unidirectional,P2-115,P2-088,"['page4-142.svg', 'page5-80.svg', 'page2-131.svg', 'page5-155.svg', 'page6-245.svg', 'page8-18.svg', 'page7-217.svg', 'page6-107.svg', 'page7-177.svg', 'page6-109.svg']",,,,,,,
P2G045,exp2_train_and_test_34.json,P2R00818,25,4,page7-117.svg,False,1.0,high,single-utterance-unidirectional,P2-087,P2-054,"['page7-127.svg', 'page5-66.svg', 'page4-155.svg', 'page7-117.svg', 'page2-16.svg', 'page6-219.svg', 'page1-172.svg', 'page7-202.svg', 'page9-32.svg', 'page8-38.svg']",7.0,traiangles with the cross in the middle,7.0,13.0,"(24,)",page7-117.svg,True
P2G057,exp2_train_and_test_10.json,P2R00834,7,1,page8-206.svg,False,1.0,high,single-utterance-unidirectional,P2-084,P2-090,"['page7-79.svg', 'page3-12.svg', 'page7-116.svg', 'page2-100.svg', 'page1-150.svg', 'page9-25.svg', 'page7-35.svg', 'page5-56.svg', 'page8-206.svg', 'page6-185.svg']",8.0,"The triangle holding up the shape, the same one you sent earlier",12.0,24.0,"(38,)",page8-206.svg,True
P2G001,exp2_train_and_test_28.json,P2R00156,24,4,page5-121.svg,False,0.9925925925925926,high,single-utterance-unidirectional,P2-080,P2-027,"['page5-121.svg', 'page3-33.svg', 'page6-52.svg', 'page7-44.svg', 'page5-63.svg', 'page2-34.svg', 'page6-155.svg', 'page7-115.svg', 'page6-175.svg', 'page7-113.svg']",,,,,,,
P2G027,exp2_train_and_test_49.json,P2R01636,26,4,page7-186.svg,False,1.0,high,single-utterance-unidirectional,P2-113,P2-063,"['page7-186.svg', 'page2-140.svg', 'page8-192.svg', 'page2-114.svg', 'page5-153.svg', 'page5-80.svg', 'page7-44.svg', 'page8-18.svg', 'page7-115.svg', 'page2-85.svg']",9.0,P,1.0,9.0,"(13,)",page7-186.svg,True
P2G021,exp2_train_and_test_58.json,P2R01228,5,0,page5-84.svg,False,0.5111111111111112,low,single-utterance-unidirectional,P2-064,P2-036,"['page4-195.svg', 'page6-31.svg', 'page4-241.svg', 'page7-41.svg', 'page8-38.svg', 'page5-233.svg', 'page3-205.svg', 'page7-226.svg', 'page9-40.svg', 'page5-84.svg']",9.0,It looks like a horse or an animal walking,9.0,28.0,"(34,)",page5-84.svg,True
P2G006,exp2_train_and_test_51.json,P2R01663,23,3,page7-127.svg,False,0.6222222222222222,low,single-utterance-unidirectional,P2-050,P2-071,"['page7-157.svg', 'page7-127.svg', 'page5-190.svg', 'page8-246.svg', 'page6-167.svg', 'page8-58.svg', 'page4-155.svg', 'page7-125.svg', 'page2-20.svg', 'page7-15.svg']",4.0,bird flying left,3.0,7.0,"(12,)",page7-127.svg,True
P2G010,exp2_train_and_test_17.json,P2R01600,34,5,page6-167.svg,False,1.0,high,single-utterance-unidirectional,P2-092,P2-068,"['page4-96.svg', 'page1-149.svg', 'page3-201.svg', 'page6-167.svg', 'page1-77.svg', 'page1-133.svg', 'page7-20.svg', 'page4-5.svg', 'page1-175.svg', 'page7-4.svg']",6.0,"spike poinyinh down , almosy looks like a bolt",9.0,17.0,"(32,)",page6-167.svg,True
P2G052,exp2_train_and_test_30.json,P2R00916,13,2,page4-155.svg,False,0.3777777777777779,low,single-utterance-unidirectional,P2-061,P2-030,"['page1-172.svg', 'page6-166.svg', 'page6-245.svg', 'page4-155.svg', 'page5-101.svg', 'page3-201.svg', 'page8-156.svg', 'page6-21.svg', 'page2-34.svg', 'page2-136.svg']",9.0,It looks like a flattened m,6.0,16.0,"(22,)",page4-155.svg,True
P2G033,exp2_train_and_test_8.json,P2R01151,4,0,page7-15.svg,True,0.5935185185185186,low,single-utterance-unidirectional,P2-095,P2-112,"['page7-4.svg', 'page5-45.svg', 'page3-61.svg', 'page5-96.svg', 'page8-234.svg', 'page4-190.svg', 'page6-219.svg', 'page5-26.svg', 'page8-166.svg', 'page7-15.svg']",9.0,Looks like the bottom of a triangle with two more triangle shapes in the middle. So 4 pointy up bits,20.0,30.0,"(43,)",page7-15.svg,True
P2G018,exp2_train_and_test_57.json,P2R00835,13,2,page7-217.svg,False,1.0,high,single-utterance-unidirectional,P2-067,P2-083,"['page4-195.svg', 'page3-139.svg', 'page7-40.svg', 'page5-102.svg', 'page5-26.svg', 'page7-217.svg', 'page7-20.svg', 'page9-40.svg', 'page5-232.svg', 'page8-22.svg']",14.0,"large 4 sided shape, with 5 sided small shape sticking up on left side",14.0,36.0,,,
P2G024,exp2_train_and_test_48.json,P2R00587,11,1,page5-56.svg,False,0.6222222222222223,low,single-utterance-unidirectional,P2-116,P2-001,"['page8-221.svg', 'page1-97.svg', 'page6-124.svg', 'page4-244.svg', 'page6-23.svg', 'page1-95.svg', 'page4-98.svg', 'page4-142.svg', 'page7-53.svg', 'page5-56.svg']",5.0,silhouette of a mountain,4.0,15.0,"(21,)",page5-56.svg,True
P2G010,exp2_train_and_test_17.json,P2R00054,8,1,page6-208.svg,False,1.0,high,single-utterance-unidirectional,P2-068,P2-092,"['page1-107.svg', 'page7-144.svg', 'page7-41.svg', 'page6-1.svg', 'page7-15.svg', 'page8-221.svg', 'page5-121.svg', 'page6-208.svg', 'page8-22.svg', 'page7-155.svg']",21.0,Spikes going to the left and up and bottom right corner. A flat surface,14.0,38.0,"(58,)",,
P2G003,exp2_train_and_test_21.json,P2R01820,13,2,page7-191.svg,False,1.0,high,single-utterance-unidirectional,P2-105,P2-041,"['page7-115.svg', 'page1-132.svg', 'page6-155.svg', 'page5-120.svg', 'page5-188.svg', 'page7-191.svg', 'page7-4.svg', 'page8-159.svg', 'page5-101.svg', 'page4-98.svg']",4.0,big shape on top - big triangle with a smaller triangle pointing left,13.0,21.0,"(56,)",page7-191.svg,True
P2G023,exp2_train_and_test_40.json,P2R01742,24,4,page3-201.svg,False,0.5548148148148148,low,single-utterance-unidirectional,P2-056,P2-081,"['page7-29.svg', 'page2-100.svg', 'page7-144.svg', 'page3-201.svg', 'page9-23.svg', 'page3-200.svg', 'page2-165.svg', 'page4-232.svg', 'page5-153.svg', 'page7-44.svg']",5.0,"Tree base, rabbit ears",4.0,14.0,"(25,)",page3-201.svg,True
P2G045,exp2_train_and_test_34.json,P2R01049,35,5,page6-226.svg,False,1.0,high,single-utterance-unidirectional,P2-054,P2-087,"['page8-159.svg', 'page1-133.svg', 'page9-39.svg', 'page2-165.svg', 'page8-215.svg', 'page1-117.svg', 'page8-246.svg', 'page4-180.svg', 'page6-226.svg', 'page9-34.svg']",6.0,looks like 2 gasoline cans (diamonds). left one has a chimney,11.0,29.0,"(42,)",page6-226.svg,True
P2G005,exp2_train_and_test_43.json,P2R00590,31,5,page7-217.svg,False,1.0,high,single-utterance-unidirectional,P2-111,P2-006,"['page7-217.svg', 'page3-59.svg', 'page8-234.svg', 'page5-85.svg', 'page7-157.svg', 'page1-175.svg', 'page7-203.svg', 'page5-155.svg', 'page8-169.svg', 'page6-107.svg']",8.0,a turtle type creature,4.0,22.0,"(47,)",page7-217.svg,True
P2G003,exp2_train_and_test_21.json,P2R00217,29,4,page4-98.svg,False,0.7222222222222223,low,single-utterance-unidirectional,P2-105,P2-041,"['page7-115.svg', 'page1-132.svg', 'page6-155.svg', 'page5-120.svg', 'page5-188.svg', 'page7-191.svg', 'page7-4.svg', 'page8-159.svg', 'page5-101.svg', 'page4-98.svg']",9.0,Sword/tower shape sat in the bowl,6.0,17.0,"(23,)",page4-98.svg,True
P2G037,exp2_train_and_test_42.json,P2R02267,29,4,page8-58.svg,False,0.7259259259259259,low,single-utterance-unidirectional,P2-075,P2-026,"['page8-58.svg', 'page5-96.svg', 'page8-159.svg', 'page7-53.svg', 'page1-150.svg', 'page6-226.svg', 'page7-73.svg', 'page6-206.svg', 'page5-128.svg', 'page6-71.svg']",11.0,person walking,2.0,15.0,"(23,)",page8-58.svg,True
P2G033,exp2_train_and_test_8.json,P2R00918,14,2,page5-45.svg,True,1.0,high,single-utterance-unidirectional,P2-095,P2-112,"['page7-4.svg', 'page5-45.svg', 'page3-61.svg', 'page5-96.svg', 'page8-234.svg', 'page4-190.svg', 'page6-219.svg', 'page5-26.svg', 'page8-166.svg', 'page7-15.svg']",6.0,Lookslike the roof of a house with the middle cut out,11.0,17.0,"(23,)",page5-45.svg,True
P2G002,exp2_train_and_test_15.json,P2R02177,35,5,page4-96.svg,False,1.0,high,single-utterance-unidirectional,P2-062,P2-114,"['page6-167.svg', 'page1-77.svg', 'page4-96.svg', 'page1-175.svg', 'page7-20.svg', 'page1-149.svg', 'page1-133.svg', 'page4-5.svg', 'page3-201.svg', 'page7-4.svg']",4.0,sperm cell,2.0,5.0,"(18,)",page7-4.svg,False
P2G011,exp2_train_and_test_36.json,P2R00711,28,4,page8-183.svg,False,1.0,high,single-utterance-unidirectional,P2-014,P2-073,"['page7-116.svg', 'page3-66.svg', 'page5-75.svg', 'page3-61.svg', 'page3-163.svg', 'page3-201.svg', 'page5-26.svg', 'page8-183.svg', 'page9-32.svg', 'page2-100.svg']",11.0,P,1.0,11.0,"(22,)",page8-183.svg,True
P2G027,exp2_train_and_test_49.json,P2R00433,29,4,page2-85.svg,False,1.0,high,single-utterance-unidirectional,P2-113,P2-063,"['page7-186.svg', 'page2-140.svg', 'page8-192.svg', 'page2-114.svg', 'page5-153.svg', 'page5-80.svg', 'page7-44.svg', 'page8-18.svg', 'page7-115.svg', 'page2-85.svg']",4.0,circle on top of a triangle,6.0,12.0,"(24,)",page2-85.svg,True
P2G014,exp2_train_and_test_27.json,P2R02008,39,5,page8-183.svg,False,1.0,high,single-utterance-unidirectional,P2-060,P2-118,"['page7-125.svg', 'page8-183.svg', 'page7-157.svg', 'page3-66.svg', 'page5-84.svg', 'page6-31.svg', 'page6-166.svg', 'page5-153.svg', 'page3-70.svg', 'page5-174.svg']",4.0,the letter P,3.0,6.0,"(12,)",page8-183.svg,True
P2G004,exp2_train_and_test_32.json,P2R00910,3,0,page5-45.svg,False,1.0,high,single-utterance-unidirectional,P2-018,P2-078,"['page4-232.svg', 'page2-131.svg', 'page7-155.svg', 'page5-233.svg', 'page1-34.svg', 'page5-45.svg', 'page8-217.svg', 'page7-157.svg', 'page7-115.svg', 'page5-155.svg']",13.0,house shaped,2.0,22.0,"(35,)",page5-45.svg,True
P2G018,exp2_train_and_test_57.json,P2R01024,30,5,page1-149.svg,False,1.0,high,single-utterance-unidirectional,P2-067,P2-083,"['page4-128.svg', 'page7-107.svg', 'page7-113.svg', 'page3-33.svg', 'page2-100.svg', 'page7-166.svg', 'page6-206.svg', 'page1-149.svg', 'page6-160.svg', 'page2-140.svg']",9.0,"mirror image, 3 triangles pointing out each side",8.0,27.0,"(36,)",page1-149.svg,True
P2G031,exp2_train_and_test_1.json,P2R00052,21,3,page6-171.svg,False,0.4148148148148148,low,single-utterance-unidirectional,P2-017,P2-032,"['page3-70.svg', 'page8-21.svg', 'page5-101.svg', 'page2-165.svg', 'page1-95.svg', 'page8-156.svg', 'page7-40.svg', 'page6-171.svg', 'page3-61.svg', 'page7-29.svg']",3.0,man strolling to the right,5.0,8.0,"(10,)",page6-171.svg,True
P2G035,exp2_train_and_test_12.json,P2R01388,18,3,page6-162.svg,False,1.0,high,single-utterance-unidirectional,P2-029,P2-040,"['page7-35.svg', 'page4-195.svg', 'page5-128.svg', 'page9-34.svg', 'page2-190.svg', 'page6-226.svg', 'page7-40.svg', 'page7-113.svg', 'page2-34.svg', 'page6-162.svg']",,,,,,,
P2G018,exp2_train_and_test_57.json,P2R02063,7,1,page4-195.svg,False,1.0,high,single-utterance-unidirectional,P2-083,P2-067,"['page7-20.svg', 'page3-139.svg', 'page8-22.svg', 'page5-102.svg', 'page4-195.svg', 'page7-217.svg', 'page5-26.svg', 'page7-40.svg', 'page9-40.svg', 'page5-232.svg']",13.0,"It's long. The right half looks like a crab claw, and the left part looks uneven",16.0,44.0,,,
P2G004,exp2_train_and_test_32.json,P2R01810,14,2,page7-155.svg,True,0.6944444444444445,low,single-utterance-unidirectional,P2-078,P2-018,"['page4-232.svg', 'page5-45.svg', 'page7-115.svg', 'page5-155.svg', 'page2-131.svg', 'page7-155.svg', 'page7-157.svg', 'page8-217.svg', 'page5-233.svg', 'page1-34.svg']",7.0,A Zigzag (like the Greek letter Sigma),7.0,32.0,"(46,)",page7-155.svg,True
P2G034,exp2_train_and_test_7.json,P2R00837,13,2,page5-102.svg,False,0.7444444444444442,low,single-utterance-unidirectional,P2-031,P2-035,"['page2-86.svg', 'page5-165.svg', 'page3-70.svg', 'page6-122.svg', 'page5-102.svg', 'page7-117.svg', 'page2-140.svg', 'page1-34.svg', 'page2-136.svg', 'page5-155.svg']",10.0,seahorse/3 with triangle on the back,6.0,22.0,"(34,)",page5-102.svg,True
P2G059,exp2_train_and_test_59.json,P2R01558,4,0,page7-157.svg,False,0.6037037037037036,low,single-utterance-unidirectional,P2-004,P2-098,"['page8-159.svg', 'page3-61.svg', 'page7-144.svg', 'page5-102.svg', 'page7-116.svg', 'page6-167.svg', 'page7-157.svg', 'page5-96.svg', 'page7-126.svg', 'page8-56.svg']",9.0,Hourglass,1.0,12.0,,,
P2G046,exp2_train_and_test_46.json,P2R01199,18,3,page9-34.svg,False,1.0,high,single-utterance-unidirectional,P2-008,P2-079,"['page6-166.svg', 'page5-153.svg', 'page4-197.svg', 'page8-182.svg', 'page2-86.svg', 'page8-156.svg', 'page8-22.svg', 'page9-34.svg', 'page2-20.svg', 'page2-34.svg']",5.0,A chicken's head.,3.0,11.0,"(18,)",page9-34.svg,True
P2G018,exp2_train_and_test_57.json,P2R01209,8,1,page5-102.svg,False,0.7444444444444442,low,single-utterance-unidirectional,P2-083,P2-067,"['page7-20.svg', 'page3-139.svg', 'page8-22.svg', 'page5-102.svg', 'page4-195.svg', 'page7-217.svg', 'page5-26.svg', 'page7-40.svg', 'page9-40.svg', 'page5-232.svg']",12.0,"Very pointy, with 3 parts sticking out on the left and 1 part sticking out on the right",18.0,33.0,"(47,)",page5-102.svg,True
P2G058,exp2_train_and_test_2.json,P2R00138,16,2,page7-15.svg,False,0.5935185185185186,low,single-utterance-unidirectional,P2-082,P2-077,"['page7-15.svg', 'page7-41.svg', 'page1-132.svg', 'page7-117.svg', 'page7-81.svg', 'page8-58.svg', 'page3-66.svg', 'page6-121.svg', 'page4-190.svg', 'page5-102.svg']",3.0,mountains,1.0,4.0,"(6,)",page7-15.svg,True
P2G047,exp2_train_and_test_11.json,P2R00470,26,4,page7-145.svg,False,0.7666666666666666,low,single-utterance-unidirectional,P2-089,P2-065,"['page8-156.svg', 'page8-192.svg', 'page6-162.svg', 'page7-53.svg', 'page7-145.svg', 'page7-177.svg', 'page7-226.svg', 'page-F.svg', 'page7-41.svg', 'page7-36.svg']",11.0,Dog blob looking to the right,6.0,21.0,"(35,)",page7-145.svg,True
P2G044,exp2_train_and_test_39.json,P2R00005,18,3,page4-190.svg,False,1.0,high,single-utterance-unidirectional,P2-076,P2-101,"['page7-157.svg', 'page5-71.svg', 'page6-167.svg', 'page8-18.svg', 'page5-63.svg', 'page5-101.svg', 'page7-15.svg', 'page4-197.svg', 'page4-190.svg', 'page5-128.svg']",9.0,hedgehog,1.0,12.0,"(17,)",page4-190.svg,True
P2G006,exp2_train_and_test_51.json,P2R00525,4,0,page6-167.svg,False,1.0,high,single-utterance-unidirectional,P2-071,P2-050,"['page7-127.svg', 'page2-20.svg', 'page7-157.svg', 'page8-246.svg', 'page8-58.svg', 'page7-15.svg', 'page6-167.svg', 'page4-155.svg', 'page5-190.svg', 'page7-125.svg']",21.0,"There's a triangle pointing left, rhombus pointing down",8.0,43.0,,,
P2G008,exp2_train_and_test_22.json,P2R01737,28,4,page1-30.svg,False,1.0,high,single-utterance-unidirectional,P2-038,P2-033,"['page4-195.svg', 'page1-30.svg', 'page7-115.svg', 'page6-155.svg', 'page7-226.svg', 'page4-11.svg', 'page5-155.svg', 'page8-217.svg', 'page3-201.svg', 'page7-145.svg']",4.0,symmetrical tree,2.0,13.0,"(19,)",page1-30.svg,True
P2G042,exp2_train_and_test_50.json,P2R01940,39,5,page2-140.svg,False,1.0,high,single-utterance-unidirectional,P2-042,P2-049,"['page6-206.svg', 'page7-113.svg', 'page7-166.svg', 'page2-100.svg', 'page3-33.svg', 'page2-140.svg', 'page6-160.svg', 'page4-128.svg', 'page1-149.svg', 'page7-107.svg']",4.0,a sloped line,3.0,6.0,,,
P2G007,exp2_train_and_test_20.json,P2R00955,31,5,page5-84.svg,False,0.5111111111111112,low,single-utterance-unidirectional,P2-074,P2-108,"['page7-125.svg', 'page8-183.svg', 'page7-157.svg', 'page3-66.svg', 'page5-84.svg', 'page6-31.svg', 'page6-166.svg', 'page5-153.svg', 'page3-70.svg', 'page5-174.svg']",6.0,horse running,2.0,10.0,"(18,)",page5-84.svg,True
P2G036,exp2_train_and_test_45.json,P2R02186,21,3,page8-22.svg,False,0.3444444444444444,low,single-utterance-unidirectional,P2-052,P2-091,"['page7-144.svg', 'page7-22.svg', 'page7-115.svg', 'page9-34.svg', 'page6-31.svg', 'page8-22.svg', 'page2-36.svg', 'page7-216.svg', 'page1-185.svg', 'page7-107.svg']",,,,,,,
P2G041,exp2_train_and_test_52.json,P2R00339,27,4,page8-215.svg,False,0.6666666666666667,low,single-utterance-unidirectional,P2-005,P2-072,"['page9-32.svg', 'page7-10.svg', 'page8-159.svg', 'page8-215.svg', 'page6-107.svg', 'page1-150.svg', 'page8-156.svg', 'page8-246.svg', 'page1-172.svg', 'page2-16.svg']",12.0,This looks like the letter J but the top looks weird...,11.0,36.0,"(45,)",page8-215.svg,True
P2G011,exp2_train_and_test_36.json,P2R01691,24,4,page2-100.svg,False,0.7685185185185184,low,single-utterance-unidirectional,P2-014,P2-073,"['page7-116.svg', 'page3-66.svg', 'page5-75.svg', 'page3-61.svg', 'page3-163.svg', 'page3-201.svg', 'page5-26.svg', 'page8-183.svg', 'page9-32.svg', 'page2-100.svg']",4.0,flower,1.0,6.0,"(16,)",page2-100.svg,True
P2G035,exp2_train_and_test_12.json,P2R00523,30,5,page1-175.svg,False,1.0,high,single-utterance-unidirectional,P2-040,P2-029,"['page4-96.svg', 'page1-149.svg', 'page3-201.svg', 'page6-167.svg', 'page1-77.svg', 'page1-133.svg', 'page7-20.svg', 'page4-5.svg', 'page1-175.svg', 'page7-4.svg']",,,,,,,
P2G019,exp2_train_and_test_26.json,P2R02197,11,1,page1-77.svg,False,0.6833333333333333,low,single-utterance-unidirectional,P2-034,P2-069,"['page3-59.svg', 'page1-77.svg', 'page2-165.svg', 'page1-34.svg', 'page2-86.svg', 'page2-133.svg', 'page6-123.svg', 'page5-128.svg', 'page2-34.svg', 'page1-149.svg']",3.0,Knife in a sheath,4.0,6.0,"(9,)",page1-77.svg,True
P2G026,exp2_train_and_test_24.json,P2R00131,30,5,page7-157.svg,False,0.6037037037037036,low,single-utterance-unidirectional,P2-057,P2-048,"['page6-166.svg', 'page7-157.svg', 'page6-31.svg', 'page5-174.svg', 'page3-70.svg', 'page8-183.svg', 'page5-153.svg', 'page7-125.svg', 'page5-84.svg', 'page3-66.svg']",,,,,,,
P2G018,exp2_train_and_test_57.json,P2R02174,39,5,page2-140.svg,False,1.0,high,single-utterance-unidirectional,P2-083,P2-067,"['page6-206.svg', 'page7-113.svg', 'page7-166.svg', 'page2-100.svg', 'page3-33.svg', 'page2-140.svg', 'page6-160.svg', 'page4-128.svg', 'page1-149.svg', 'page7-107.svg']",6.0,Large flat mirrored surface on the bottom with something sticking out of the middle and veering right,17.0,32.0,"(53,)",page2-140.svg,True
P2G018,exp2_train_and_test_57.json,P2R01986,5,0,page7-20.svg,False,1.0,high,single-utterance-unidirectional,P2-067,P2-083,"['page4-195.svg', 'page3-139.svg', 'page7-40.svg', 'page5-102.svg', 'page5-26.svg', 'page7-217.svg', 'page7-20.svg', 'page9-40.svg', 'page5-232.svg', 'page8-22.svg']",16.0,,,,,,
P2G025,exp2_train_and_test_9.json,P2R00880,5,0,page5-120.svg,False,1.0,high,single-utterance-unidirectional,P2-094,P2-007,"['page4-5.svg', 'page2-100.svg', 'page5-36.svg', 'page5-120.svg', 'page5-190.svg', 'page1-97.svg', 'page8-21.svg', 'page7-15.svg', 'page8-192.svg', 'page6-226.svg']",14.0,looks like a sword pointing down,6.0,29.0,"(38,)",page5-36.svg,False
P2G054,exp2_train_and_test_38.json,P2R01740,23,3,page7-41.svg,False,0.7555555555555555,low,single-utterance-unidirectional,P2-055,P2-012,"['page6-71.svg', 'page6-135.svg', 'page4-197.svg', 'page2-131.svg', 'page7-41.svg', 'page6-186.svg', 'page6-109.svg', 'page4-98.svg', 'page7-15.svg', 'page6-208.svg']",7.0,short arrow on boat,4.0,9.0,"(13,)",page7-41.svg,True
P2G034,exp2_train_and_test_7.json,P2R01080,3,0,page1-34.svg,False,1.0,high,single-utterance-unidirectional,P2-031,P2-035,"['page2-86.svg', 'page5-165.svg', 'page3-70.svg', 'page6-122.svg', 'page5-102.svg', 'page7-117.svg', 'page2-140.svg', 'page1-34.svg', 'page2-136.svg', 'page5-155.svg']",6.0,looks like a heart standing on a base,8.0,19.0,"(41,)",page1-34.svg,True
P2G002,exp2_train_and_test_15.json,P2R01778,6,1,page7-53.svg,False,0.7333333333333332,low,single-utterance-unidirectional,P2-062,P2-114,"['page4-180.svg', 'page1-172.svg', 'page2-20.svg', 'page5-96.svg', 'page2-114.svg', 'page8-159.svg', 'page6-53.svg', 'page3-70.svg', 'page7-53.svg', 'page7-125.svg']",8.0,it looks like a bridge made of alternating triangles,9.0,30.0,"(36,)",page7-53.svg,True
P2G009,exp2_train_and_test_3.json,P2R02143,13,2,page8-169.svg,False,1.0,high,single-utterance-unidirectional,P2-117,P2-024,"['page5-165.svg', 'page5-101.svg', 'page2-86.svg', 'page6-166.svg', 'page7-126.svg', 'page8-169.svg', 'page4-180.svg', 'page6-167.svg', 'page3-139.svg', 'page1-117.svg']",8.0,a crescent shaped moon,4.0,13.0,"(24,)",page8-169.svg,True
P2G037,exp2_train_and_test_42.json,P2R02329,12,2,page6-71.svg,False,1.0,high,single-utterance-unidirectional,P2-075,P2-026,"['page8-58.svg', 'page5-96.svg', 'page8-159.svg', 'page7-53.svg', 'page1-150.svg', 'page6-226.svg', 'page7-73.svg', 'page6-206.svg', 'page5-128.svg', 'page6-71.svg']",6.0,bat signal,2.0,8.0,"(15,)",page6-71.svg,True
P2G018,exp2_train_and_test_57.json,P2R01955,10,1,page7-20.svg,False,1.0,high,single-utterance-unidirectional,P2-083,P2-067,"['page7-20.svg', 'page3-139.svg', 'page8-22.svg', 'page5-102.svg', 'page4-195.svg', 'page7-217.svg', 'page5-26.svg', 'page7-40.svg', 'page9-40.svg', 'page5-232.svg']",13.0,Kinda looks like when you zoom in on someone's knee with the upper half of the leg starting out on the top right of the image,26.0,43.0,"(51,)",page5-26.svg,False
P2G014,exp2_train_and_test_27.json,P2R00240,19,3,page3-33.svg,False,0.6111111111111112,low,single-utterance-unidirectional,P2-060,P2-118,"['page6-160.svg', 'page7-166.svg', 'page3-139.svg', 'page1-34.svg', 'page3-201.svg', 'page8-166.svg', 'page2-131.svg', 'page3-33.svg', 'page9-39.svg', 'page5-128.svg']",9.0,a mountain with a tab above it,7.0,15.0,"(24,)",page3-33.svg,True
P2G023,exp2_train_and_test_40.json,P2R01597,18,3,page3-201.svg,False,0.5548148148148148,low,single-utterance-unidirectional,P2-081,P2-056,"['page2-100.svg', 'page3-201.svg', 'page9-23.svg', 'page7-144.svg', 'page7-29.svg', 'page3-200.svg', 'page4-232.svg', 'page2-165.svg', 'page7-44.svg', 'page5-153.svg']",4.0,Rabbit ears,2.0,7.0,"(17,)",page3-201.svg,True
P2G036,exp2_train_and_test_45.json,P2R01674,39,5,page7-157.svg,False,0.6037037037037036,low,single-utterance-unidirectional,P2-052,P2-091,"['page7-217.svg', 'page3-59.svg', 'page8-234.svg', 'page5-85.svg', 'page7-157.svg', 'page1-175.svg', 'page7-203.svg', 'page5-155.svg', 'page8-169.svg', 'page6-107.svg']",,,,,,,
P2G056,exp2_train_and_test_33.json,P2R00374,20,3,page8-234.svg,False,0.0,low,single-utterance-unidirectional,P2-028,P2-086,"['page6-185.svg', 'page6-228.svg', 'page8-234.svg', 'page1-132.svg', 'page7-203.svg', 'page6-52.svg', 'page5-85.svg', 'page7-113.svg', 'page5-63.svg', 'page6-21.svg']",13.0,dog facing left,3.0,18.0,"(23,)",page8-234.svg,True
P2G036,exp2_train_and_test_45.json,P2R00661,24,4,page1-185.svg,False,0.6611111111111112,low,single-utterance-unidirectional,P2-091,P2-052,"['page8-22.svg', 'page7-144.svg', 'page9-34.svg', 'page2-36.svg', 'page7-216.svg', 'page7-115.svg', 'page7-22.svg', 'page7-107.svg', 'page1-185.svg', 'page6-31.svg']",,,,,,,
P2G059,exp2_train_and_test_59.json,P2R01476,34,5,page3-33.svg,False,0.6111111111111112,low,single-utterance-unidirectional,P2-004,P2-098,"['page4-128.svg', 'page7-107.svg', 'page7-113.svg', 'page3-33.svg', 'page2-100.svg', 'page7-166.svg', 'page6-206.svg', 'page1-149.svg', 'page6-160.svg', 'page2-140.svg']",,,,,,,
P2G016,exp2_train_and_test_56.json,P2R01096,28,4,page4-96.svg,False,1.0,high,single-utterance-unidirectional,P2-003,P2-043,"['page7-29.svg', 'page5-121.svg', 'page1-107.svg', 'page7-125.svg', 'page5-155.svg', 'page4-96.svg', 'page7-35.svg', 'page6-192.svg', 'page8-206.svg', 'page5-40.svg']",4.0,tap facing to the right,5.0,10.0,"(19,)",page4-96.svg,True
P2G003,exp2_train_and_test_21.json,P2R01834,15,2,page1-132.svg,False,0.6666666666666667,low,single-utterance-unidirectional,P2-105,P2-041,"['page7-115.svg', 'page1-132.svg', 'page6-155.svg', 'page5-120.svg', 'page5-188.svg', 'page7-191.svg', 'page7-4.svg', 'page8-159.svg', 'page5-101.svg', 'page4-98.svg']",14.0,long rectangle with two oposite triangles at the top,9.0,29.0,"(35,)",page1-132.svg,True
P2G057,exp2_train_and_test_10.json,P2R00471,8,1,page7-79.svg,False,0.7777777777777777,low,single-utterance-unidirectional,P2-084,P2-090,"['page7-79.svg', 'page3-12.svg', 'page7-116.svg', 'page2-100.svg', 'page1-150.svg', 'page9-25.svg', 'page7-35.svg', 'page5-56.svg', 'page8-206.svg', 'page6-185.svg']",15.0,"triangle at bottom right corner, shape looking like a mountain range above",12.0,33.0,"(50,)",page7-79.svg,True
P2G043,exp2_train_and_test_54.json,P2R01399,20,3,page7-177.svg,False,1.0,high,single-utterance-unidirectional,P2-115,P2-088,"['page4-142.svg', 'page5-80.svg', 'page2-131.svg', 'page5-155.svg', 'page6-245.svg', 'page8-18.svg', 'page7-217.svg', 'page6-107.svg', 'page7-177.svg', 'page6-109.svg']",,,,,,,
P2G006,exp2_train_and_test_51.json,P2R00218,15,2,page8-246.svg,False,1.0,high,single-utterance-unidirectional,P2-071,P2-050,"['page7-127.svg', 'page2-20.svg', 'page7-157.svg', 'page8-246.svg', 'page8-58.svg', 'page7-15.svg', 'page6-167.svg', 'page4-155.svg', 'page5-190.svg', 'page7-125.svg']",3.0,Looks close to a swatstika symbol,6.0,14.0,"(26,)",page8-246.svg,True
P2G004,exp2_train_and_test_32.json,P2R01525,13,2,page7-157.svg,False,0.6037037037037036,low,single-utterance-unidirectional,P2-018,P2-078,"['page4-232.svg', 'page2-131.svg', 'page7-155.svg', 'page5-233.svg', 'page1-34.svg', 'page5-45.svg', 'page8-217.svg', 'page7-157.svg', 'page7-115.svg', 'page5-155.svg']",11.0,small triangle with large 5 sided shape on top,9.0,26.0,"(34,)",page7-157.svg,True
P2G010,exp2_train_and_test_17.json,P2R02327,7,1,page7-15.svg,False,0.5935185185185186,low,single-utterance-unidirectional,P2-068,P2-092,"['page1-107.svg', 'page7-144.svg', 'page7-41.svg', 'page6-1.svg', 'page7-15.svg', 'page8-221.svg', 'page5-121.svg', 'page6-208.svg', 'page8-22.svg', 'page7-155.svg']",15.0,A valley of mountains,4.0,18.0,"(23,)",page7-15.svg,True
P2G005,exp2_train_and_test_43.json,P2R00903,28,4,page6-122.svg,False,0.5666666666666667,low,single-utterance-unidirectional,P2-006,P2-111,"['page6-122.svg', 'page9-40.svg', 'page7-226.svg', 'page7-125.svg', 'page8-246.svg', 'page6-160.svg', 'page7-145.svg', 'page5-101.svg', 'page8-183.svg', 'page8-21.svg']",5.0,house,1.0,5.0,"(10,)",page6-122.svg,True
P2G010,exp2_train_and_test_17.json,P2R00526,19,3,page8-221.svg,False,1.0,high,single-utterance-unidirectional,P2-068,P2-092,"['page1-107.svg', 'page7-144.svg', 'page7-41.svg', 'page6-1.svg', 'page7-15.svg', 'page8-221.svg', 'page5-121.svg', 'page6-208.svg', 'page8-22.svg', 'page7-155.svg']",15.0,square on the right. two spikes pointing down,8.0,24.0,"(34,)",page8-221.svg,True
P2G038,exp2_train_and_test_18.json,P2R01999,7,1,page1-34.svg,True,1.0,high,single-utterance-unidirectional,P2-107,P2-020,"['page1-172.svg', 'page6-219.svg', 'page9-32.svg', 'page7-126.svg', 'page9-23.svg', 'page4-142.svg', 'page6-123.svg', 'page1-34.svg', 'page4-98.svg', 'page8-234.svg']",7.0,looks like a heart with a flat base,8.0,20.0,"(34,)",page1-34.svg,True
P2G016,exp2_train_and_test_56.json,P2R01680,14,2,page1-107.svg,True,0.5796296296296297,low,single-utterance-unidirectional,P2-043,P2-003,"['page6-192.svg', 'page4-96.svg', 'page5-155.svg', 'page5-121.svg', 'page7-35.svg', 'page5-40.svg', 'page7-29.svg', 'page7-125.svg', 'page1-107.svg', 'page8-206.svg']",8.0,whales fin upside down,4.0,14.0,"(21,)",page1-107.svg,True
P2G018,exp2_train_and_test_57.json,P2R00725,0,0,page4-195.svg,False,1.0,high,single-utterance-unidirectional,P2-067,P2-083,"['page4-195.svg', 'page3-139.svg', 'page7-40.svg', 'page5-102.svg', 'page5-26.svg', 'page7-217.svg', 'page7-20.svg', 'page9-40.svg', 'page5-232.svg', 'page8-22.svg']",17.0,long,1.0,24.0,"(46,)",page9-40.svg,False
P2G035,exp2_train_and_test_12.json,P2R01906,38,5,page1-77.svg,False,0.6833333333333333,low,single-utterance-unidirectional,P2-040,P2-029,"['page4-96.svg', 'page1-149.svg', 'page3-201.svg', 'page6-167.svg', 'page1-77.svg', 'page1-133.svg', 'page7-20.svg', 'page4-5.svg', 'page1-175.svg', 'page7-4.svg']",,,,,,,
P2G040,exp2_train_and_test_25.json,P2R02205,14,2,page6-175.svg,False,0.6509259259259259,low,single-utterance-unidirectional,P2-021,P2-010,"['page5-154.svg', 'page6-21.svg', 'page8-246.svg', 'page6-175.svg', 'page4-98.svg', 'page5-128.svg', 'page8-38.svg', 'page4-244.svg', 'page7-4.svg', 'page2-114.svg']",9.0,person sitting,2.0,13.0,"(34,)",page6-175.svg,True
P2G011,exp2_train_and_test_36.json,P2R00932,8,1,page3-163.svg,True,0.6885185185185186,low,single-utterance-unidirectional,P2-073,P2-014,"['page3-61.svg', 'page7-116.svg', 'page5-75.svg', 'page9-32.svg', 'page3-201.svg', 'page2-100.svg', 'page8-183.svg', 'page5-26.svg', 'page3-66.svg', 'page3-163.svg']",8.0,a monk praying with something coming out of his bum,10.0,14.0,"(27,)",page3-163.svg,True
P2G029,exp2_train_and_test_14.json,P2R01042,21,3,page8-176.svg,False,0.6666666666666667,low,single-utterance-unidirectional,P2-019,P2-099,"['page9-34.svg', 'page5-36.svg', 'page7-41.svg', 'page5-75.svg', 'page3-21.svg', 'page2-20.svg', 'page7-226.svg', 'page8-176.svg', 'page2-86.svg', 'page7-144.svg']",11.0,Z,1.0,11.0,"(22,)",page8-176.svg,True
P2G002,exp2_train_and_test_15.json,P2R00629,36,5,page7-4.svg,False,0.6555555555555556,low,single-utterance-unidirectional,P2-114,P2-062,"['page4-96.svg', 'page1-149.svg', 'page3-201.svg', 'page6-167.svg', 'page1-77.svg', 'page1-133.svg', 'page7-20.svg', 'page4-5.svg', 'page1-175.svg', 'page7-4.svg']",6.0,the bat one you chose last time,7.0,11.0,"(20,)",page7-4.svg,True
P2G013,exp2_train_and_test_55.json,P2R00755,35,5,page7-113.svg,False,0.7636363636363637,low,single-utterance-unidirectional,P2-109,P2-097,"['page6-206.svg', 'page7-113.svg', 'page7-166.svg', 'page2-100.svg', 'page3-33.svg', 'page2-140.svg', 'page6-160.svg', 'page4-128.svg', 'page1-149.svg', 'page7-107.svg']",4.0,Sphynx facing right,3.0,10.0,"(23,)",page7-113.svg,True
P2G017,exp2_train_and_test_13.json,P2R00114,16,2,page1-128.svg,False,1.0,high,single-utterance-unidirectional,P2-059,P2-104,"['page6-21.svg', 'page1-128.svg', 'page3-207.svg', 'page7-125.svg', 'page4-155.svg', 'page9-40.svg', 'page8-22.svg', 'page6-204.svg', 'page8-192.svg', 'page6-31.svg']",5.0,The letter C,3.0,9.0,"(13,)",page1-128.svg,True
P2G058,exp2_train_and_test_2.json,P2R02095,13,2,page6-121.svg,False,1.0,high,single-utterance-unidirectional,P2-082,P2-077,"['page7-15.svg', 'page7-41.svg', 'page1-132.svg', 'page7-117.svg', 'page7-81.svg', 'page8-58.svg', 'page3-66.svg', 'page6-121.svg', 'page4-190.svg', 'page5-102.svg']",6.0,original gas nozzle,3.0,9.0,"(11,)",page6-121.svg,True
P2G059,exp2_train_and_test_59.json,P2R00149,31,5,page2-100.svg,False,0.7685185185185184,low,single-utterance-unidirectional,P2-098,P2-004,"['page6-206.svg', 'page7-113.svg', 'page7-166.svg', 'page2-100.svg', 'page3-33.svg', 'page2-140.svg', 'page6-160.svg', 'page4-128.svg', 'page1-149.svg', 'page7-107.svg']",,,,,,,
P2G059,exp2_train_and_test_59.json,P2R01193,18,3,page7-116.svg,False,1.0,high,single-utterance-unidirectional,P2-098,P2-004,"['page7-116.svg', 'page8-56.svg', 'page5-96.svg', 'page6-167.svg', 'page7-157.svg', 'page8-159.svg', 'page5-102.svg', 'page3-61.svg', 'page7-126.svg', 'page7-144.svg']",,,,,,,
P2G048,exp2_train_and_test_19.json,P2R01772,10,1,page1-128.svg,False,1.0,high,single-utterance-unidirectional,P2-085,P2-106,"['page8-18.svg', 'page7-115.svg', 'page6-135.svg', 'page1-128.svg', 'page2-86.svg', 'page8-38.svg', 'page4-197.svg', 'page7-44.svg', 'page1-30.svg', 'page5-71.svg']",13.0,It looks like a old phone,6.0,20.0,"(24,)",page1-128.svg,True
P2G045,exp2_train_and_test_34.json,P2R01059,6,1,page9-32.svg,False,1.0,high,single-utterance-unidirectional,P2-054,P2-087,"['page6-219.svg', 'page9-32.svg', 'page1-172.svg', 'page7-202.svg', 'page4-155.svg', 'page5-66.svg', 'page7-127.svg', 'page8-38.svg', 'page2-16.svg', 'page7-117.svg']",5.0,the same,2.0,9.0,"(23,)",page9-32.svg,True
P2G007,exp2_train_and_test_20.json,P2R01470,15,2,page2-64.svg,False,0.7185185185185186,low,single-utterance-unidirectional,P2-108,P2-074,"['page7-29.svg', 'page7-225.svg', 'page2-64.svg', 'page4-155.svg', 'page5-45.svg', 'page5-154.svg', 'page4-98.svg', 'page7-226.svg', 'page3-201.svg', 'page7-15.svg']",7.0,person in boat,3.0,8.0,"(13,)",page2-64.svg,True
P2G005,exp2_train_and_test_43.json,P2R02078,0,0,page6-160.svg,False,0.5592592592592593,low,single-utterance-unidirectional,P2-006,P2-111,"['page6-122.svg', 'page9-40.svg', 'page7-226.svg', 'page7-125.svg', 'page8-246.svg', 'page6-160.svg', 'page7-145.svg', 'page5-101.svg', 'page8-183.svg', 'page8-21.svg']",23.0,"it looks like a fish swimming to the left, blowing a bubble",12.0,34.0,"(44,)",page6-160.svg,True
P2G022,exp2_train_and_test_53.json,P2R01564,39,5,page2-140.svg,False,1.0,high,single-utterance-unidirectional,P2-103,P2-009,"['page6-206.svg', 'page7-113.svg', 'page7-166.svg', 'page2-100.svg', 'page3-33.svg', 'page2-140.svg', 'page6-160.svg', 'page4-128.svg', 'page1-149.svg', 'page7-107.svg']",27.0,Stairs and a doorway above a pit.  Have a nice day,12.0,38.0,"(52,)",page2-140.svg,True
P2G031,exp2_train_and_test_1.json,P2R00015,0,0,page2-165.svg,False,0.7499999999999999,low,single-utterance-unidirectional,P2-032,P2-017,"['page3-70.svg', 'page8-156.svg', 'page7-40.svg', 'page2-165.svg', 'page8-21.svg', 'page6-171.svg', 'page1-95.svg', 'page3-61.svg', 'page7-29.svg', 'page5-101.svg']",5.0,a very shallow boat with a small triangle sail,9.0,15.0,"(22,)",page2-165.svg,True
P2G055,exp2_train_and_test_37.json,P2R00939,21,3,page7-191.svg,False,1.0,high,single-utterance-unidirectional,P2-011,P2-110,"['page8-22.svg', 'page7-20.svg', 'page1-185.svg', 'page6-121.svg', 'page4-96.svg', 'page1-95.svg', 'page7-113.svg', 'page6-107.svg', 'page8-18.svg', 'page7-191.svg']",10.0,kite,1.0,11.0,"(23,)",page7-191.svg,True
P2G024,exp2_train_and_test_48.json,P2R01073,10,1,page1-97.svg,False,1.0,high,single-utterance-unidirectional,P2-116,P2-001,"['page8-221.svg', 'page1-97.svg', 'page6-124.svg', 'page4-244.svg', 'page6-23.svg', 'page1-95.svg', 'page4-98.svg', 'page4-142.svg', 'page7-53.svg', 'page5-56.svg']",5.0,crown,1.0,7.0,"(11,)",page1-97.svg,True
P2G024,exp2_train_and_test_48.json,P2R01110,18,3,page5-56.svg,False,0.6222222222222223,low,single-utterance-unidirectional,P2-116,P2-001,"['page8-221.svg', 'page1-97.svg', 'page6-124.svg', 'page4-244.svg', 'page6-23.svg', 'page1-95.svg', 'page4-98.svg', 'page4-142.svg', 'page7-53.svg', 'page5-56.svg']",4.0,silhouette  of mountains,4.0,29.0,"(34,)",page5-56.svg,True
P2G013,exp2_train_and_test_55.json,P2R00397,7,1,page5-128.svg,False,0.9925925925925926,high,single-utterance-unidirectional,P2-109,P2-097,"['page4-244.svg', 'page7-155.svg', 'page1-77.svg', 'page3-59.svg', 'page5-128.svg', 'page5-139.svg', 'page3-61.svg', 'page4-241.svg', 'page4-98.svg', 'page6-107.svg']",12.0,wale diving into the sea,5.0,16.0,"(26,)",page5-128.svg,True
P2G020,exp2_train_and_test_31.json,P2R00228,34,5,page1-133.svg,False,0.5444444444444445,low,single-utterance-unidirectional,P2-046,P2-023,"['page2-165.svg', 'page9-39.svg', 'page1-117.svg', 'page4-180.svg', 'page8-246.svg', 'page8-215.svg', 'page1-133.svg', 'page6-226.svg', 'page8-159.svg', 'page9-34.svg']",4.0,its a house,3.0,6.0,"(16,)",page1-133.svg,True
P2G014,exp2_train_and_test_27.json,P2R02133,8,1,page2-131.svg,False,0.5333333333333334,low,single-utterance-unidirectional,P2-060,P2-118,"['page6-160.svg', 'page7-166.svg', 'page3-139.svg', 'page1-34.svg', 'page3-201.svg', 'page8-166.svg', 'page2-131.svg', 'page3-33.svg', 'page9-39.svg', 'page5-128.svg']",15.0,a pole,2.0,29.0,"(34,)",page2-131.svg,True
P2G015,exp2_train_and_test_16.json,P2R01956,36,5,page7-4.svg,False,0.6555555555555556,low,single-utterance-unidirectional,P2-058,P2-047,"['page4-96.svg', 'page1-149.svg', 'page3-201.svg', 'page6-167.svg', 'page1-77.svg', 'page1-133.svg', 'page7-20.svg', 'page4-5.svg', 'page1-175.svg', 'page7-4.svg']",5.0,a weird mumble of shapes that is diagonal from the top left to the bottom right,16.0,18.0,"(28,)",page7-4.svg,True
P2G013,exp2_train_and_test_55.json,P2R00992,32,5,page6-160.svg,False,0.5592592592592593,low,single-utterance-unidirectional,P2-097,P2-109,"['page4-128.svg', 'page7-107.svg', 'page7-113.svg', 'page3-33.svg', 'page2-100.svg', 'page7-166.svg', 'page6-206.svg', 'page1-149.svg', 'page6-160.svg', 'page2-140.svg']",6.0,fish chasing a cube,4.0,14.0,"(23,)",page6-160.svg,True
P2G054,exp2_train_and_test_38.json,P2R00533,13,2,page7-15.svg,False,0.5935185185185186,low,single-utterance-unidirectional,P2-012,P2-055,"['page6-71.svg', 'page7-41.svg', 'page4-197.svg', 'page4-98.svg', 'page6-109.svg', 'page6-208.svg', 'page6-135.svg', 'page7-15.svg', 'page2-131.svg', 'page6-186.svg']",9.0,Mountain range with plateau,4.0,18.0,"(26,)",page7-15.svg,True
P2G030,exp2_train_and_test_35.json,P2R02326,26,4,page6-107.svg,True,0.7000000000000001,low,single-utterance-unidirectional,P2-002,P2-044,"['page6-109.svg', 'page7-127.svg', 'page6-107.svg', 'page7-166.svg', 'page7-20.svg', 'page4-98.svg', 'page8-192.svg', 'page2-20.svg', 'page6-175.svg', 'page5-190.svg']",8.0,a wide sword with a small triangle hilt,8.0,19.0,"(23,)",page6-107.svg,True
P2G015,exp2_train_and_test_16.json,P2R02187,21,3,page4-180.svg,False,0.6944444444444445,low,single-utterance-unidirectional,P2-047,P2-058,"['page5-85.svg', 'page5-213.svg', 'page6-1.svg', 'page5-56.svg', 'page1-34.svg', 'page4-180.svg', 'page2-114.svg', 'page2-133.svg', 'page7-79.svg', 'page6-204.svg']",11.0,a V with pointy bottom,5.0,15.0,"(23,)",page4-180.svg,True
P2G040,exp2_train_and_test_25.json,P2R01964,15,2,page7-4.svg,False,0.6555555555555556,low,single-utterance-unidirectional,P2-021,P2-010,"['page5-154.svg', 'page6-21.svg', 'page8-246.svg', 'page6-175.svg', 'page4-98.svg', 'page5-128.svg', 'page8-38.svg', 'page4-244.svg', 'page7-4.svg', 'page2-114.svg']",16.0,diamond pointing to the left,5.0,26.0,"(38,)",page7-4.svg,True
P2G030,exp2_train_and_test_35.json,P2R00941,23,3,page6-109.svg,False,1.0,high,single-utterance-unidirectional,P2-002,P2-044,"['page6-109.svg', 'page7-127.svg', 'page6-107.svg', 'page7-166.svg', 'page7-20.svg', 'page4-98.svg', 'page8-192.svg', 'page2-20.svg', 'page6-175.svg', 'page5-190.svg']",11.0,an invisible hero with a cape,6.0,20.0,"(22,)",page6-109.svg,True
P2G059,exp2_train_and_test_59.json,P2R02064,6,1,page7-157.svg,False,0.6037037037037036,low,single-utterance-unidirectional,P2-098,P2-004,"['page7-116.svg', 'page8-56.svg', 'page5-96.svg', 'page6-167.svg', 'page7-157.svg', 'page8-159.svg', 'page5-102.svg', 'page3-61.svg', 'page7-126.svg', 'page7-144.svg']",,,,,,,
P2G044,exp2_train_and_test_39.json,P2R00143,14,2,page4-190.svg,False,1.0,high,single-utterance-unidirectional,P2-101,P2-076,"['page5-71.svg', 'page4-190.svg', 'page7-157.svg', 'page5-63.svg', 'page5-101.svg', 'page4-197.svg', 'page5-128.svg', 'page6-167.svg', 'page7-15.svg', 'page8-18.svg']",9.0,hedgehog,1.0,11.0,"(23,)",page4-190.svg,True
P2G052,exp2_train_and_test_30.json,P2R00060,15,2,page6-21.svg,True,1.0,high,single-utterance-unidirectional,P2-030,P2-061,"['page5-101.svg', 'page6-166.svg', 'page8-156.svg', 'page1-172.svg', 'page6-21.svg', 'page3-201.svg', 'page2-34.svg', 'page2-136.svg', 'page4-155.svg', 'page6-245.svg']",10.0,"Triangle pointed right, point finishes top right, left side is flat and bends to right at top",17.0,31.0,"(56,)",page6-245.svg,False
P2G005,exp2_train_and_test_43.json,P2R00465,32,5,page3-59.svg,False,1.0,high,single-utterance-unidirectional,P2-006,P2-111,"['page3-59.svg', 'page7-203.svg', 'page7-217.svg', 'page5-155.svg', 'page5-85.svg', 'page8-169.svg', 'page7-157.svg', 'page1-175.svg', 'page6-107.svg', 'page8-234.svg']",23.0,upside down boot,3.0,37.0,"(44,)",page3-59.svg,True
P2G015,exp2_train_and_test_16.json,P2R01777,8,1,page5-213.svg,False,0.7148148148148149,low,single-utterance-unidirectional,P2-047,P2-058,"['page5-85.svg', 'page5-213.svg', 'page6-1.svg', 'page5-56.svg', 'page1-34.svg', 'page4-180.svg', 'page2-114.svg', 'page2-133.svg', 'page7-79.svg', 'page6-204.svg']",8.0,a man walking to the right,6.0,12.0,"(24,)",page5-213.svg,True
P2G050,exp2_train_and_test_47.json,P2R01230,6,1,page6-162.svg,False,1.0,high,single-utterance-unidirectional,P2-039,P2-053,"['page8-182.svg', 'page5-139.svg', 'page6-1.svg', 'page7-127.svg', 'page5-56.svg', 'page3-201.svg', 'page7-125.svg', 'page5-84.svg', 'page6-162.svg', 'page8-206.svg']",4.0,A downward-facing arrow balancing on a small hill,8.0,26.0,"(36,)",page6-162.svg,True
P2G055,exp2_train_and_test_37.json,P2R00554,3,0,page7-191.svg,False,1.0,high,single-utterance-unidirectional,P2-110,P2-011,"['page1-185.svg', 'page1-95.svg', 'page7-113.svg', 'page6-121.svg', 'page7-20.svg', 'page7-191.svg', 'page6-107.svg', 'page8-22.svg', 'page8-18.svg', 'page4-96.svg']",21.0,It kind of looks like Nevada,6.0,27.0,,,
P2G043,exp2_train_and_test_54.json,P2R01267,32,5,page6-160.svg,False,0.5592592592592593,low,single-utterance-unidirectional,P2-088,P2-115,"['page4-128.svg', 'page7-107.svg', 'page7-113.svg', 'page3-33.svg', 'page2-100.svg', 'page7-166.svg', 'page6-206.svg', 'page1-149.svg', 'page6-160.svg', 'page2-140.svg']",,,,,,,
P2G010,exp2_train_and_test_17.json,P2R02231,22,3,page7-15.svg,False,0.5935185185185186,low,single-utterance-unidirectional,P2-068,P2-092,"['page1-107.svg', 'page7-144.svg', 'page7-41.svg', 'page6-1.svg', 'page7-15.svg', 'page8-221.svg', 'page5-121.svg', 'page6-208.svg', 'page8-22.svg', 'page7-155.svg']",13.0,mountains,1.0,14.0,"(23,)",page7-15.svg,True
P2G015,exp2_train_and_test_16.json,P2R00181,28,4,page2-133.svg,False,1.0,high,single-utterance-unidirectional,P2-058,P2-047,"['page5-56.svg', 'page5-213.svg', 'page1-34.svg', 'page7-79.svg', 'page2-114.svg', 'page6-1.svg', 'page4-180.svg', 'page5-85.svg', 'page2-133.svg', 'page6-204.svg']",5.0,upside down hatchet,3.0,13.0,"(24,)",page2-133.svg,True
P2G049,exp2_train_and_test_41.json,P2R00889,39,5,page7-157.svg,False,0.6037037037037036,low,single-utterance-unidirectional,P2-013,P2-070,"['page7-217.svg', 'page3-59.svg', 'page8-234.svg', 'page5-85.svg', 'page7-157.svg', 'page1-175.svg', 'page7-203.svg', 'page5-155.svg', 'page8-169.svg', 'page6-107.svg']",4.0,the diamond with a triangle.,5.0,21.0,"(30,)",page7-157.svg,True
P2G037,exp2_train_and_test_42.json,P2R00854,0,0,page6-71.svg,False,1.0,high,single-utterance-unidirectional,P2-075,P2-026,"['page8-58.svg', 'page5-96.svg', 'page8-159.svg', 'page7-53.svg', 'page1-150.svg', 'page6-226.svg', 'page7-73.svg', 'page6-206.svg', 'page5-128.svg', 'page6-71.svg']",17.0,similar to a batman symbol,5.0,27.0,"(35,)",page6-71.svg,True
P2G004,exp2_train_and_test_32.json,P2R00637,20,3,page5-233.svg,True,1.0,high,single-utterance-unidirectional,P2-078,P2-018,"['page4-232.svg', 'page5-45.svg', 'page7-115.svg', 'page5-155.svg', 'page2-131.svg', 'page7-155.svg', 'page7-157.svg', 'page8-217.svg', 'page5-233.svg', 'page1-34.svg']",14.0,A new one. A rectangle with two notches and a small triangle,12.0,38.0,"(52,)",page5-233.svg,True
P2G043,exp2_train_and_test_54.json,P2R00683,3,0,page2-131.svg,False,0.5333333333333334,low,single-utterance-unidirectional,P2-088,P2-115,"['page6-245.svg', 'page6-107.svg', 'page4-142.svg', 'page7-177.svg', 'page8-18.svg', 'page5-80.svg', 'page7-217.svg', 'page5-155.svg', 'page2-131.svg', 'page6-109.svg']",6.0,Axe or hammer,3.0,11.0,"(23,)",page2-131.svg,True
P2G009,exp2_train_and_test_3.json,P2R00101,9,1,page8-169.svg,False,1.0,high,single-utterance-unidirectional,P2-024,P2-117,"['page2-86.svg', 'page7-126.svg', 'page5-101.svg', 'page8-169.svg', 'page3-139.svg', 'page6-166.svg', 'page6-167.svg', 'page4-180.svg', 'page5-165.svg', 'page1-117.svg']",17.0,A BACKWARDS CRESENT MOON,4.0,29.0,,,
P2G022,exp2_train_and_test_53.json,P2R01939,28,4,page7-127.svg,False,0.6222222222222222,low,single-utterance-unidirectional,P2-009,P2-103,"['page8-159.svg', 'page8-58.svg', 'page5-165.svg', 'page7-127.svg', 'page7-157.svg', 'page9-40.svg', 'page3-70.svg', 'page4-232.svg', 'page8-234.svg', 'page5-45.svg']",8.0,bird,1.0,9.0,"(22,)",page7-127.svg,True
P2G038,exp2_train_and_test_18.json,P2R00745,9,1,page1-172.svg,False,0.6444444444444445,low,single-utterance-unidirectional,P2-107,P2-020,"['page1-172.svg', 'page6-219.svg', 'page9-32.svg', 'page7-126.svg', 'page9-23.svg', 'page4-142.svg', 'page6-123.svg', 'page1-34.svg', 'page4-98.svg', 'page8-234.svg']",11.0,the H shape with the top left being bent,9.0,22.0,"(34,)",page1-172.svg,True
P2G048,exp2_train_and_test_19.json,P2R00507,13,2,page4-197.svg,False,1.0,high,single-utterance-unidirectional,P2-106,P2-085,"['page7-115.svg', 'page2-86.svg', 'page5-71.svg', 'page4-197.svg', 'page7-44.svg', 'page8-18.svg', 'page1-30.svg', 'page1-128.svg', 'page6-135.svg', 'page8-38.svg']",,,,,,,
P2G041,exp2_train_and_test_52.json,P2R01455,19,3,page8-156.svg,False,1.0,high,single-utterance-unidirectional,P2-072,P2-005,"['page8-215.svg', 'page2-16.svg', 'page7-10.svg', 'page1-150.svg', 'page9-32.svg', 'page8-156.svg', 'page6-107.svg', 'page8-159.svg', 'page1-172.svg', 'page8-246.svg']",14.0,A big letter K,4.0,17.0,"(23,)",page8-156.svg,True
P2G056,exp2_train_and_test_33.json,P2R00513,9,1,page6-185.svg,False,0.6129629629629629,low,single-utterance-unidirectional,P2-028,P2-086,"['page6-185.svg', 'page6-228.svg', 'page8-234.svg', 'page1-132.svg', 'page7-203.svg', 'page6-52.svg', 'page5-85.svg', 'page7-113.svg', 'page5-63.svg', 'page6-21.svg']",8.0,hunched man sitting,3.0,16.0,"(23,)",page6-185.svg,True
P2G012,exp2_train_and_test_29.json,P2R00332,23,3,page2-34.svg,False,0.7611111111111111,low,single-utterance-unidirectional,P2-066,P2-025,"['page5-128.svg', 'page7-115.svg', 'page4-241.svg', 'page7-117.svg', 'page6-186.svg', 'page9-25.svg', 'page1-132.svg', 'page5-75.svg', 'page6-228.svg', 'page2-34.svg']",4.0,Rotated 'F',2.0,8.0,"(12,)",page2-34.svg,True
P2G056,exp2_train_and_test_33.json,P2R00819,6,1,page6-52.svg,True,1.0,high,single-utterance-unidirectional,P2-028,P2-086,"['page6-185.svg', 'page6-228.svg', 'page8-234.svg', 'page1-132.svg', 'page7-203.svg', 'page6-52.svg', 'page5-85.svg', 'page7-113.svg', 'page5-63.svg', 'page6-21.svg']",12.0,Flat rectangle with bottom right protuding,6.0,35.0,"(48,)",page6-52.svg,True
P2G053,exp2_train_and_test_23.json,P2R01385,11,1,page6-204.svg,False,1.0,high,single-utterance-unidirectional,P2-037,P2-045,"['page1-133.svg', 'page7-116.svg', 'page6-160.svg', 'page1-128.svg', 'page8-248.svg', 'page7-10.svg', 'page5-56.svg', 'page6-226.svg', 'page6-204.svg', 'page5-188.svg']",13.0,rectangle with a chimmney to the left top,8.0,28.0,"(38,)",page6-204.svg,True
P2G011,exp2_train_and_test_36.json,P2R00372,2,0,page9-32.svg,False,1.0,high,single-utterance-unidirectional,P2-014,P2-073,"['page7-116.svg', 'page3-66.svg', 'page5-75.svg', 'page3-61.svg', 'page3-163.svg', 'page3-201.svg', 'page5-26.svg', 'page8-183.svg', 'page9-32.svg', 'page2-100.svg']",9.0,a dog,2.0,11.0,"(15,)",page9-32.svg,True
P2G040,exp2_train_and_test_25.json,P2R01050,12,2,page8-38.svg,False,0.5777777777777778,low,single-utterance-unidirectional,P2-021,P2-010,"['page5-154.svg', 'page6-21.svg', 'page8-246.svg', 'page6-175.svg', 'page4-98.svg', 'page5-128.svg', 'page8-38.svg', 'page4-244.svg', 'page7-4.svg', 'page2-114.svg']",7.0,"pointing up, slightly to the right",6.0,19.0,"(31,)",page5-128.svg,False
P2G032,exp2_train_and_test_44.json,P2R00232,2,0,page4-197.svg,False,1.0,high,single-utterance-unidirectional,P2-102,P2-096,"['page8-22.svg', 'page5-101.svg', 'page6-226.svg', 'page5-190.svg', 'page2-34.svg', 'page4-197.svg', 'page7-20.svg', 'page6-53.svg', 'page8-21.svg', 'page4-96.svg']",14.0,rectangle on right next to an upside down house,9.0,29.0,"(49,)",page7-20.svg,False
P2G036,exp2_train_and_test_45.json,P2R01538,1,0,page1-185.svg,False,0.6611111111111112,low,single-utterance-unidirectional,P2-091,P2-052,"['page8-22.svg', 'page7-144.svg', 'page9-34.svg', 'page2-36.svg', 'page7-216.svg', 'page7-115.svg', 'page7-22.svg', 'page7-107.svg', 'page1-185.svg', 'page6-31.svg']",19.0,diamond,1.0,23.0,"(38,)",page1-185.svg,True
P2G050,exp2_train_and_test_47.json,P2R01767,20,3,page6-1.svg,False,0.9935185185185184,high,single-utterance-unidirectional,P2-039,P2-053,"['page8-182.svg', 'page5-139.svg', 'page6-1.svg', 'page7-127.svg', 'page5-56.svg', 'page3-201.svg', 'page7-125.svg', 'page5-84.svg', 'page6-162.svg', 'page8-206.svg']",12.0,7 Elvises,2.0,18.0,"(22,)",page6-1.svg,True
P2G006,exp2_train_and_test_51.json,P2R00245,39,5,page2-140.svg,False,1.0,high,single-utterance-unidirectional,P2-050,P2-071,"['page6-206.svg', 'page7-113.svg', 'page7-166.svg', 'page2-100.svg', 'page3-33.svg', 'page2-140.svg', 'page6-160.svg', 'page4-128.svg', 'page1-149.svg', 'page7-107.svg']",4.0,"Long rectangle, small triangle on either side, long slanty rectangle sticking out of the top with a square on top of that.",22.0,32.0,"(52,)",page2-140.svg,True
P2G050,exp2_train_and_test_47.json,P2R01001,14,2,page6-1.svg,False,0.9935185185185184,high,single-utterance-unidirectional,P2-053,P2-039,"['page7-127.svg', 'page5-84.svg', 'page3-201.svg', 'page5-56.svg', 'page6-1.svg', 'page6-162.svg', 'page8-182.svg', 'page7-125.svg', 'page5-139.svg', 'page8-206.svg']",10.0,elvis / 7,3.0,27.0,"(32,)",page6-1.svg,True
P2G052,exp2_train_and_test_30.json,P2R01790,22,3,page6-245.svg,False,1.0,high,single-utterance-unidirectional,P2-030,P2-061,"['page5-101.svg', 'page6-166.svg', 'page8-156.svg', 'page1-172.svg', 'page6-21.svg', 'page3-201.svg', 'page2-34.svg', 'page2-136.svg', 'page4-155.svg', 'page6-245.svg']",32.0,letter P,2.0,35.0,,,
P2G025,exp2_train_and_test_9.json,P2R00813,29,4,page8-21.svg,False,0.5000000000000001,low,single-utterance-unidirectional,P2-094,P2-007,"['page4-5.svg', 'page2-100.svg', 'page5-36.svg', 'page5-120.svg', 'page5-190.svg', 'page1-97.svg', 'page8-21.svg', 'page7-15.svg', 'page8-192.svg', 'page6-226.svg']",10.0,chicken/rooster,1.0,15.0,"(22,)",page8-21.svg,True
P2G004,exp2_train_and_test_32.json,P2R01911,11,1,page4-232.svg,False,1.0,high,single-utterance-unidirectional,P2-078,P2-018,"['page4-232.svg', 'page5-45.svg', 'page7-115.svg', 'page5-155.svg', 'page2-131.svg', 'page7-155.svg', 'page7-157.svg', 'page8-217.svg', 'page5-233.svg', 'page1-34.svg']",6.0,Christmas tree on crossed legs,5.0,14.0,"(23,)",page4-232.svg,True
P2G037,exp2_train_and_test_42.json,P2R00213,38,5,page6-107.svg,False,0.7000000000000001,low,single-utterance-unidirectional,P2-075,P2-026,"['page3-59.svg', 'page7-203.svg', 'page7-217.svg', 'page5-155.svg', 'page5-85.svg', 'page8-169.svg', 'page7-157.svg', 'page1-175.svg', 'page6-107.svg', 'page8-234.svg']",4.0,rocket on a triangle,4.0,9.0,"(22,)",page6-107.svg,True
P2G015,exp2_train_and_test_16.json,P2R01675,3,0,page6-1.svg,True,0.9935185185185184,high,single-utterance-unidirectional,P2-047,P2-058,"['page5-85.svg', 'page5-213.svg', 'page6-1.svg', 'page5-56.svg', 'page1-34.svg', 'page4-180.svg', 'page2-114.svg', 'page2-133.svg', 'page7-79.svg', 'page6-204.svg']",22.0,a hatchet pointing to the right,6.0,35.0,"(50,)",page6-1.svg,True
P2G043,exp2_train_and_test_54.json,P2R00159,13,2,page7-177.svg,False,1.0,high,single-utterance-unidirectional,P2-088,P2-115,"['page6-245.svg', 'page6-107.svg', 'page4-142.svg', 'page7-177.svg', 'page8-18.svg', 'page5-80.svg', 'page7-217.svg', 'page5-155.svg', 'page2-131.svg', 'page6-109.svg']",,,,,,,
P2G047,exp2_train_and_test_11.json,P2R00787,19,3,page-F.svg,False,0.6685185185185186,low,single-utterance-unidirectional,P2-065,P2-089,"['page6-162.svg', 'page7-226.svg', 'page7-177.svg', 'page8-156.svg', 'page7-53.svg', 'page7-41.svg', 'page7-36.svg', 'page-F.svg', 'page7-145.svg', 'page8-192.svg']",10.0,person sitting,2.0,14.0,"(22,)",page-F.svg,True
P2G017,exp2_train_and_test_13.json,P2R00279,18,3,page9-40.svg,True,1.0,high,single-utterance-unidirectional,P2-104,P2-059,"['page6-204.svg', 'page6-21.svg', 'page9-40.svg', 'page8-22.svg', 'page6-31.svg', 'page3-207.svg', 'page4-155.svg', 'page7-125.svg', 'page1-128.svg', 'page8-192.svg']",9.0,like a candlestick or fountain,5.0,18.0,"(22,)",page9-40.svg,True
P2G035,exp2_train_and_test_12.json,P2R00242,26,4,page9-34.svg,False,1.0,high,single-utterance-unidirectional,P2-040,P2-029,"['page2-34.svg', 'page7-113.svg', 'page7-40.svg', 'page2-190.svg', 'page4-195.svg', 'page7-35.svg', 'page6-226.svg', 'page6-162.svg', 'page9-34.svg', 'page5-128.svg']",,,,,,,
P2G012,exp2_train_and_test_29.json,P2R01756,32,5,page5-153.svg,False,0.6425925925925926,low,single-utterance-unidirectional,P2-025,P2-066,"['page6-166.svg', 'page7-157.svg', 'page6-31.svg', 'page5-174.svg', 'page3-70.svg', 'page8-183.svg', 'page5-153.svg', 'page7-125.svg', 'page5-84.svg', 'page3-66.svg']",4.0,Image is kinda cut off for me. It looks a bit like the recycling symbol I think,17.0,19.0,"(41,)",page6-166.svg,False
P2G046,exp2_train_and_test_46.json,P2R01079,9,1,page9-34.svg,False,1.0,high,single-utterance-unidirectional,P2-008,P2-079,"['page6-166.svg', 'page5-153.svg', 'page4-197.svg', 'page8-182.svg', 'page2-86.svg', 'page8-156.svg', 'page8-22.svg', 'page9-34.svg', 'page2-20.svg', 'page2-34.svg']",12.0,Like a turkey's or chicken's head.,6.0,21.0,"(50,)",page9-34.svg,True
P2G021,exp2_train_and_test_58.json,P2R00367,38,5,page4-128.svg,False,1.0,high,single-utterance-unidirectional,P2-064,P2-036,"['page4-128.svg', 'page7-107.svg', 'page7-113.svg', 'page3-33.svg', 'page2-100.svg', 'page7-166.svg', 'page6-206.svg', 'page1-149.svg', 'page6-160.svg', 'page2-140.svg']",4.0,A lighter,2.0,6.0,"(17,)",page4-128.svg,True
P2G007,exp2_train_and_test_20.json,P2R01155,26,4,page5-154.svg,False,1.0,high,single-utterance-unidirectional,P2-108,P2-074,"['page7-29.svg', 'page7-225.svg', 'page2-64.svg', 'page4-155.svg', 'page5-45.svg', 'page5-154.svg', 'page4-98.svg', 'page7-226.svg', 'page3-201.svg', 'page7-15.svg']",4.0,arrow with octogon bottom,4.0,11.0,"(26,)",page5-154.svg,True
P2G056,exp2_train_and_test_33.json,P2R01947,39,5,page8-159.svg,False,1.0,high,single-utterance-unidirectional,P2-028,P2-086,"['page8-159.svg', 'page1-133.svg', 'page9-39.svg', 'page2-165.svg', 'page8-215.svg', 'page1-117.svg', 'page8-246.svg', 'page4-180.svg', 'page6-226.svg', 'page9-34.svg']",6.0,letter J with a screw like top,7.0,24.0,"(38,)",page8-159.svg,True
P2G012,exp2_train_and_test_29.json,P2R01376,4,0,page6-228.svg,False,1.0,high,single-utterance-unidirectional,P2-025,P2-066,"['page7-115.svg', 'page2-34.svg', 'page5-75.svg', 'page5-128.svg', 'page6-186.svg', 'page1-132.svg', 'page9-25.svg', 'page7-117.svg', 'page6-228.svg', 'page4-241.svg']",3.0,A rhombus,2.0,9.0,"(14,)",page6-228.svg,True
P2G048,exp2_train_and_test_19.json,P2R00583,31,5,page3-201.svg,False,0.5548148148148148,low,single-utterance-unidirectional,P2-085,P2-106,"['page6-167.svg', 'page1-77.svg', 'page4-96.svg', 'page1-175.svg', 'page7-20.svg', 'page1-149.svg', 'page1-133.svg', 'page4-5.svg', 'page3-201.svg', 'page7-4.svg']",4.0,Two triangles at top,4.0,12.0,"(21,)",page3-201.svg,True
P2G024,exp2_train_and_test_48.json,P2R02004,36,5,page5-85.svg,False,0.5166666666666668,low,single-utterance-unidirectional,P2-001,P2-116,"['page3-59.svg', 'page7-203.svg', 'page7-217.svg', 'page5-155.svg', 'page5-85.svg', 'page8-169.svg', 'page7-157.svg', 'page1-175.svg', 'page6-107.svg', 'page8-234.svg']",6.0,cat laying to the right,5.0,22.0,"(26,)",page5-85.svg,True
P2G002,exp2_train_and_test_15.json,P2R00771,39,5,page4-5.svg,False,0.6916666666666667,low,single-utterance-unidirectional,P2-062,P2-114,"['page6-167.svg', 'page1-77.svg', 'page4-96.svg', 'page1-175.svg', 'page7-20.svg', 'page1-149.svg', 'page1-133.svg', 'page4-5.svg', 'page3-201.svg', 'page7-4.svg']",4.0,"a man kicking something, he is looking to the left",10.0,25.0,"(27,)",page4-5.svg,True
P2G007,exp2_train_and_test_20.json,P2R02003,22,3,page5-154.svg,False,1.0,high,single-utterance-unidirectional,P2-074,P2-108,"['page7-15.svg', 'page7-29.svg', 'page3-201.svg', 'page2-64.svg', 'page4-155.svg', 'page7-226.svg', 'page5-154.svg', 'page4-98.svg', 'page5-45.svg', 'page7-225.svg']",11.0,arrow with octagon bottom,4.0,20.0,"(25,)",page5-154.svg,True
P2G055,exp2_train_and_test_37.json,P2R00266,32,5,page9-39.svg,False,0.7407407407407408,low,single-utterance-unidirectional,P2-110,P2-011,"['page2-165.svg', 'page9-39.svg', 'page1-117.svg', 'page4-180.svg', 'page8-246.svg', 'page8-215.svg', 'page1-133.svg', 'page6-226.svg', 'page8-159.svg', 'page9-34.svg']",4.0,Looks like a saxaphone,4.0,16.0,"(29,)",page9-39.svg,True
P2G021,exp2_train_and_test_58.json,P2R01607,24,4,page5-84.svg,False,0.5111111111111112,low,single-utterance-unidirectional,P2-064,P2-036,"['page4-195.svg', 'page6-31.svg', 'page4-241.svg', 'page7-41.svg', 'page8-38.svg', 'page5-233.svg', 'page3-205.svg', 'page7-226.svg', 'page9-40.svg', 'page5-84.svg']",4.0,horse or animal walking,4.0,10.0,"(13,)",page5-84.svg,True
P2G010,exp2_train_and_test_17.json,P2R00826,1,0,page6-208.svg,False,1.0,high,single-utterance-unidirectional,P2-092,P2-068,"['page7-155.svg', 'page7-144.svg', 'page8-221.svg', 'page8-22.svg', 'page6-208.svg', 'page1-107.svg', 'page6-1.svg', 'page5-121.svg', 'page7-41.svg', 'page7-15.svg']",16.0,,,,,,
P2G005,exp2_train_and_test_43.json,P2R00251,14,2,page8-183.svg,True,1.0,high,single-utterance-unidirectional,P2-111,P2-006,"['page8-246.svg', 'page7-125.svg', 'page6-122.svg', 'page7-226.svg', 'page7-145.svg', 'page8-21.svg', 'page5-101.svg', 'page6-160.svg', 'page9-40.svg', 'page8-183.svg']",4.0,P letter but with a tail,6.0,16.0,"(22,)",page8-183.svg,True
P2G056,exp2_train_and_test_33.json,P2R01143,31,5,page9-34.svg,False,1.0,high,single-utterance-unidirectional,P2-028,P2-086,"['page8-159.svg', 'page1-133.svg', 'page9-39.svg', 'page2-165.svg', 'page8-215.svg', 'page1-117.svg', 'page8-246.svg', 'page4-180.svg', 'page6-226.svg', 'page9-34.svg']",12.0,tall rectangle with 2 hooks on top left & right,10.0,31.0,"(56,)",page9-34.svg,True
P2G055,exp2_train_and_test_37.json,P2R01927,37,5,page2-165.svg,False,0.7499999999999999,low,single-utterance-unidirectional,P2-011,P2-110,"['page8-159.svg', 'page1-133.svg', 'page9-39.svg', 'page2-165.svg', 'page8-215.svg', 'page1-117.svg', 'page8-246.svg', 'page4-180.svg', 'page6-226.svg', 'page9-34.svg']",4.0,looks like a boat,4.0,9.0,"(22,)",page2-165.svg,True
P2G029,exp2_train_and_test_14.json,P2R00211,37,5,page7-20.svg,False,1.0,high,single-utterance-unidirectional,P2-019,P2-099,"['page6-167.svg', 'page1-77.svg', 'page4-96.svg', 'page1-175.svg', 'page7-20.svg', 'page1-149.svg', 'page1-133.svg', 'page4-5.svg', 'page3-201.svg', 'page7-4.svg']",6.0,diagonal block from lower left to upper right,8.0,15.0,"(23,)",page7-20.svg,True
P2G013,exp2_train_and_test_55.json,P2R01515,13,2,page1-77.svg,False,0.6833333333333333,low,single-utterance-unidirectional,P2-097,P2-109,"['page1-77.svg', 'page3-61.svg', 'page3-59.svg', 'page4-241.svg', 'page5-139.svg', 'page6-107.svg', 'page4-244.svg', 'page7-155.svg', 'page5-128.svg', 'page4-98.svg']",8.0,sword with an arrow pointing up,6.0,16.0,"(23,)",page1-77.svg,True
P2G004,exp2_train_and_test_32.json,P2R00351,30,5,page8-246.svg,False,1.0,high,single-utterance-unidirectional,P2-018,P2-078,"['page2-165.svg', 'page9-39.svg', 'page1-117.svg', 'page4-180.svg', 'page8-246.svg', 'page8-215.svg', 'page1-133.svg', 'page6-226.svg', 'page8-159.svg', 'page9-34.svg']",13.0,4 legged throwing star,4.0,24.0,"(41,)",page8-246.svg,True
P2G005,exp2_train_and_test_43.json,P2R02272,36,5,page5-85.svg,False,0.5166666666666668,low,single-utterance-unidirectional,P2-006,P2-111,"['page3-59.svg', 'page7-203.svg', 'page7-217.svg', 'page5-155.svg', 'page5-85.svg', 'page8-169.svg', 'page7-157.svg', 'page1-175.svg', 'page6-107.svg', 'page8-234.svg']",8.0,cat running right,3.0,13.0,"(17,)",page5-85.svg,True
P2G053,exp2_train_and_test_23.json,P2R02140,36,5,page3-70.svg,False,1.0,high,single-utterance-unidirectional,P2-045,P2-037,"['page6-166.svg', 'page7-157.svg', 'page6-31.svg', 'page5-174.svg', 'page3-70.svg', 'page8-183.svg', 'page5-153.svg', 'page7-125.svg', 'page5-84.svg', 'page3-66.svg']",8.0,rectangle pointing up towards left,5.0,15.0,"(23,)",page3-70.svg,True
P2G041,exp2_train_and_test_52.json,P2R00177,4,0,page8-159.svg,False,1.0,high,single-utterance-unidirectional,P2-005,P2-072,"['page9-32.svg', 'page7-10.svg', 'page8-159.svg', 'page8-215.svg', 'page6-107.svg', 'page1-150.svg', 'page8-156.svg', 'page8-246.svg', 'page1-172.svg', 'page2-16.svg']",6.0,This one looks like a big letter J,8.0,13.0,"(24,)",page8-159.svg,True
P2G025,exp2_train_and_test_9.json,P2R01346,32,5,page4-98.svg,False,0.7222222222222223,low,single-utterance-unidirectional,P2-094,P2-007,"['page9-34.svg', 'page7-115.svg', 'page4-98.svg', 'page7-177.svg', 'page7-35.svg', 'page6-245.svg', 'page7-144.svg', 'page2-131.svg', 'page5-75.svg', 'page6-204.svg']",9.0,looks like a dildo,4.0,12.0,"(21,)",page4-98.svg,True
P2G042,exp2_train_and_test_50.json,P2R01532,29,4,page1-95.svg,False,1.0,high,single-utterance-unidirectional,P2-049,P2-042,"['page3-21.svg', 'page2-136.svg', 'page5-56.svg', 'page8-169.svg', 'page6-204.svg', 'page1-95.svg', 'page6-31.svg', 'page8-58.svg', 'page2-165.svg', 'page1-175.svg']",,,,,,,
P2G057,exp2_train_and_test_10.json,P2R01390,6,1,page1-150.svg,False,1.0,high,single-utterance-unidirectional,P2-084,P2-090,"['page7-79.svg', 'page3-12.svg', 'page7-116.svg', 'page2-100.svg', 'page1-150.svg', 'page9-25.svg', 'page7-35.svg', 'page5-56.svg', 'page8-206.svg', 'page6-185.svg']",4.0,"a bit like a candlestick, with a thick shape holding up a Y",13.0,27.0,"(53,)",page1-150.svg,True
P2G057,exp2_train_and_test_10.json,P2R00519,21,3,page6-185.svg,False,0.6129629629629629,low,single-utterance-unidirectional,P2-084,P2-090,"['page7-79.svg', 'page3-12.svg', 'page7-116.svg', 'page2-100.svg', 'page1-150.svg', 'page9-25.svg', 'page7-35.svg', 'page5-56.svg', 'page8-206.svg', 'page6-185.svg']",8.0,man crouching,2.0,10.0,"(24,)",page6-185.svg,True
P2G059,exp2_train_and_test_59.json,P2R00123,24,4,page7-144.svg,False,1.0,high,single-utterance-unidirectional,P2-004,P2-098,"['page8-159.svg', 'page3-61.svg', 'page7-144.svg', 'page5-102.svg', 'page7-116.svg', 'page6-167.svg', 'page7-157.svg', 'page5-96.svg', 'page7-126.svg', 'page8-56.svg']",,,,,,,
P2G016,exp2_train_and_test_56.json,P2R00993,12,2,page7-125.svg,False,0.9935185185185184,high,single-utterance-unidirectional,P2-003,P2-043,"['page7-29.svg', 'page5-121.svg', 'page1-107.svg', 'page7-125.svg', 'page5-155.svg', 'page4-96.svg', 'page7-35.svg', 'page6-192.svg', 'page8-206.svg', 'page5-40.svg']",3.0,Pillar,1.0,14.0,"(16,)",page7-125.svg,True
P2G013,exp2_train_and_test_55.json,P2R00744,30,5,page1-149.svg,False,1.0,high,single-utterance-unidirectional,P2-097,P2-109,"['page4-128.svg', 'page7-107.svg', 'page7-113.svg', 'page3-33.svg', 'page2-100.svg', 'page7-166.svg', 'page6-206.svg', 'page1-149.svg', 'page6-160.svg', 'page2-140.svg']",20.0,"chess piece, looks like a tower",6.0,37.0,"(51,)",page2-100.svg,False
P2G055,exp2_train_and_test_37.json,P2R01130,11,1,page8-22.svg,False,0.3444444444444444,low,single-utterance-unidirectional,P2-011,P2-110,"['page8-22.svg', 'page7-20.svg', 'page1-185.svg', 'page6-121.svg', 'page4-96.svg', 'page1-95.svg', 'page7-113.svg', 'page6-107.svg', 'page8-18.svg', 'page7-191.svg']",6.0,flying bird,2.0,11.0,"(25,)",page8-22.svg,True
P2G035,exp2_train_and_test_12.json,P2R01540,19,3,page2-34.svg,True,0.7611111111111111,low,single-utterance-unidirectional,P2-029,P2-040,"['page7-35.svg', 'page4-195.svg', 'page5-128.svg', 'page9-34.svg', 'page2-190.svg', 'page6-226.svg', 'page7-40.svg', 'page7-113.svg', 'page2-34.svg', 'page6-162.svg']",,,,,,,
P2G030,exp2_train_and_test_35.json,P2R02261,6,1,page7-20.svg,False,1.0,high,single-utterance-unidirectional,P2-002,P2-044,"['page6-109.svg', 'page7-127.svg', 'page6-107.svg', 'page7-166.svg', 'page7-20.svg', 'page4-98.svg', 'page8-192.svg', 'page2-20.svg', 'page6-175.svg', 'page5-190.svg']",13.0,a tower leaning to the right,6.0,21.0,"(28,)",page7-20.svg,True
P2G028,exp2_train_and_test_0.json,P2R01725,25,4,page3-33.svg,False,0.6111111111111112,low,single-utterance-unidirectional,P2-100,P2-015,"['page8-247.svg', 'page6-206.svg', 'page1-117.svg', 'page2-140.svg', 'page1-30.svg', 'page9-39.svg', 'page1-185.svg', 'page3-33.svg', 'page6-228.svg', 'page7-81.svg']",5.0,rocky mountains one,3.0,9.0,"(25,)",page3-33.svg,True
P2G050,exp2_train_and_test_47.json,P2R01666,8,1,page5-84.svg,False,0.5111111111111112,low,single-utterance-unidirectional,P2-039,P2-053,"['page8-182.svg', 'page5-139.svg', 'page6-1.svg', 'page7-127.svg', 'page5-56.svg', 'page3-201.svg', 'page7-125.svg', 'page5-84.svg', 'page6-162.svg', 'page8-206.svg']",13.0,Weird horse thing with quite a thick tail,8.0,24.0,"(39,)",page5-84.svg,True
P2G057,exp2_train_and_test_10.json,P2R01359,24,4,page7-79.svg,False,0.7777777777777777,low,single-utterance-unidirectional,P2-090,P2-084,"['page2-100.svg', 'page6-185.svg', 'page5-56.svg', 'page9-25.svg', 'page7-35.svg', 'page8-206.svg', 'page3-12.svg', 'page1-150.svg', 'page7-79.svg', 'page7-116.svg']",12.0,triangle on right side holding up shapes on the corner,10.0,40.0,"(45,)",page8-206.svg,False
P2G029,exp2_train_and_test_14.json,P2R00080,22,3,page3-21.svg,False,0.736111111111111,low,single-utterance-unidirectional,P2-019,P2-099,"['page9-34.svg', 'page5-36.svg', 'page7-41.svg', 'page5-75.svg', 'page3-21.svg', 'page2-20.svg', 'page7-226.svg', 'page8-176.svg', 'page2-86.svg', 'page7-144.svg']",5.0,"snake, not Z",3.0,9.0,"(14,)",page3-21.svg,True
P2G035,exp2_train_and_test_12.json,P2R00512,8,1,page2-190.svg,False,0.5666666666666667,low,single-utterance-unidirectional,P2-029,P2-040,"['page7-35.svg', 'page4-195.svg', 'page5-128.svg', 'page9-34.svg', 'page2-190.svg', 'page6-226.svg', 'page7-40.svg', 'page7-113.svg', 'page2-34.svg', 'page6-162.svg']",,,,,,,
P2G041,exp2_train_and_test_52.json,P2R00719,20,3,page8-159.svg,False,1.0,high,single-utterance-unidirectional,P2-072,P2-005,"['page8-215.svg', 'page2-16.svg', 'page7-10.svg', 'page1-150.svg', 'page9-32.svg', 'page8-156.svg', 'page6-107.svg', 'page8-159.svg', 'page1-172.svg', 'page8-246.svg']",6.0,A big J,3.0,10.0,"(13,)",page8-159.svg,True
P2G025,exp2_train_and_test_9.json,P2R01492,8,1,page7-15.svg,False,0.5935185185185186,low,single-utterance-unidirectional,P2-007,P2-094,"['page4-5.svg', 'page5-36.svg', 'page2-100.svg', 'page5-120.svg', 'page1-97.svg', 'page5-190.svg', 'page6-226.svg', 'page8-21.svg', 'page8-192.svg', 'page7-15.svg']",11.0,"smaller, flatter crown",3.0,16.0,"(23,)",page7-15.svg,True
P2G001,exp2_train_and_test_28.json,P2R01615,39,5,page8-183.svg,False,1.0,high,single-utterance-unidirectional,P2-027,P2-080,"['page7-125.svg', 'page8-183.svg', 'page7-157.svg', 'page3-66.svg', 'page5-84.svg', 'page6-31.svg', 'page6-166.svg', 'page5-153.svg', 'page3-70.svg', 'page5-174.svg']",,,,,,,
P2G040,exp2_train_and_test_25.json,P2R01838,8,1,page6-21.svg,False,1.0,high,single-utterance-unidirectional,P2-010,P2-021,"['page6-21.svg', 'page2-114.svg', 'page5-128.svg', 'page6-175.svg', 'page7-4.svg', 'page8-246.svg', 'page4-244.svg', 'page5-154.svg', 'page4-98.svg', 'page8-38.svg']",,,,,,,
P2G042,exp2_train_and_test_50.json,P2R01824,26,4,page2-136.svg,True,1.0,high,single-utterance-unidirectional,P2-042,P2-049,"['page1-175.svg', 'page1-95.svg', 'page5-56.svg', 'page8-58.svg', 'page3-21.svg', 'page8-169.svg', 'page6-204.svg', 'page6-31.svg', 'page2-165.svg', 'page2-136.svg']",7.0,wine bottle,2.0,10.0,,,
P2G023,exp2_train_and_test_40.json,P2R01351,6,1,page2-100.svg,False,0.7685185185185184,low,single-utterance-unidirectional,P2-081,P2-056,"['page2-100.svg', 'page3-201.svg', 'page9-23.svg', 'page7-144.svg', 'page7-29.svg', 'page3-200.svg', 'page4-232.svg', 'page2-165.svg', 'page7-44.svg', 'page5-153.svg']",6.0,"its bottom is a triangle, the top a pointed square",10.0,24.0,"(34,)",page2-100.svg,True
P2G035,exp2_train_and_test_12.json,P2R02087,28,4,page6-162.svg,False,1.0,high,single-utterance-unidirectional,P2-040,P2-029,"['page2-34.svg', 'page7-113.svg', 'page7-40.svg', 'page2-190.svg', 'page4-195.svg', 'page7-35.svg', 'page6-226.svg', 'page6-162.svg', 'page9-34.svg', 'page5-128.svg']",,,,,,,
P2G043,exp2_train_and_test_54.json,P2R01825,11,1,page5-155.svg,False,0.5777777777777778,low,single-utterance-unidirectional,P2-115,P2-088,"['page4-142.svg', 'page5-80.svg', 'page2-131.svg', 'page5-155.svg', 'page6-245.svg', 'page8-18.svg', 'page7-217.svg', 'page6-107.svg', 'page7-177.svg', 'page6-109.svg']",,,,,,,
P2G025,exp2_train_and_test_9.json,P2R00220,7,1,page8-192.svg,False,0.6444444444444446,low,single-utterance-unidirectional,P2-007,P2-094,"['page4-5.svg', 'page5-36.svg', 'page2-100.svg', 'page5-120.svg', 'page1-97.svg', 'page5-190.svg', 'page6-226.svg', 'page8-21.svg', 'page8-192.svg', 'page7-15.svg']",11.0,"pony, head left, tail right",5.0,18.0,"(24,)",page8-192.svg,True
P2G013,exp2_train_and_test_55.json,P2R01334,16,2,page7-155.svg,False,0.6944444444444445,low,single-utterance-unidirectional,P2-097,P2-109,"['page1-77.svg', 'page3-61.svg', 'page3-59.svg', 'page4-241.svg', 'page5-139.svg', 'page6-107.svg', 'page4-244.svg', 'page7-155.svg', 'page5-128.svg', 'page4-98.svg']",4.0,lightning bolt,2.0,8.0,"(12,)",page7-155.svg,True
P2G032,exp2_train_and_test_44.json,P2R02183,5,0,page8-22.svg,False,0.3444444444444444,low,single-utterance-unidirectional,P2-102,P2-096,"['page8-22.svg', 'page5-101.svg', 'page6-226.svg', 'page5-190.svg', 'page2-34.svg', 'page4-197.svg', 'page7-20.svg', 'page6-53.svg', 'page8-21.svg', 'page4-96.svg']",5.0,like a bird in flight,5.0,12.0,"(16,)",page8-22.svg,True
P2G029,exp2_train_and_test_14.json,P2R01638,36,5,page7-4.svg,False,0.6555555555555556,low,single-utterance-unidirectional,P2-099,P2-019,"['page4-96.svg', 'page1-149.svg', 'page3-201.svg', 'page6-167.svg', 'page1-77.svg', 'page1-133.svg', 'page7-20.svg', 'page4-5.svg', 'page1-175.svg', 'page7-4.svg']",7.0,humminbird or wasp in flight,5.0,14.0,"(21,)",page7-4.svg,True
P2G011,exp2_train_and_test_36.json,P2R01967,25,4,page3-66.svg,True,1.0,high,single-utterance-unidirectional,P2-073,P2-014,"['page3-61.svg', 'page7-116.svg', 'page5-75.svg', 'page9-32.svg', 'page3-201.svg', 'page2-100.svg', 'page8-183.svg', 'page5-26.svg', 'page3-66.svg', 'page3-163.svg']",4.0,flat line,2.0,5.0,"(10,)",page3-66.svg,True
P2G002,exp2_train_and_test_15.json,P2R01556,34,5,page6-167.svg,False,1.0,high,single-utterance-unidirectional,P2-114,P2-062,"['page4-96.svg', 'page1-149.svg', 'page3-201.svg', 'page6-167.svg', 'page1-77.svg', 'page1-133.svg', 'page7-20.svg', 'page4-5.svg', 'page1-175.svg', 'page7-4.svg']",12.0,very flat bat flying to top left hand corner,9.0,25.0,"(37,)",page7-4.svg,False
P2G031,exp2_train_and_test_1.json,P2R00040,3,0,page3-70.svg,False,1.0,high,single-utterance-unidirectional,P2-032,P2-017,"['page3-70.svg', 'page8-156.svg', 'page7-40.svg', 'page2-165.svg', 'page8-21.svg', 'page6-171.svg', 'page1-95.svg', 'page3-61.svg', 'page7-29.svg', 'page5-101.svg']",6.0,"very simple shape, like a square melting into a rectangle from left to right",14.0,24.0,"(31,)",page3-70.svg,True
P2G005,exp2_train_and_test_43.json,P2R00995,6,1,page6-160.svg,False,0.5592592592592593,low,single-utterance-unidirectional,P2-111,P2-006,"['page8-246.svg', 'page7-125.svg', 'page6-122.svg', 'page7-226.svg', 'page7-145.svg', 'page8-21.svg', 'page5-101.svg', 'page6-160.svg', 'page9-40.svg', 'page8-183.svg']",4.0,fish facing left with a bubble,6.0,17.0,"(30,)",page6-160.svg,True
P2G012,exp2_train_and_test_29.json,P2R00576,26,4,page4-241.svg,False,0.995,high,single-utterance-unidirectional,P2-025,P2-066,"['page7-115.svg', 'page2-34.svg', 'page5-75.svg', 'page5-128.svg', 'page6-186.svg', 'page1-132.svg', 'page9-25.svg', 'page7-117.svg', 'page6-228.svg', 'page4-241.svg']",3.0,hourglass with two triangles,4.0,7.0,"(10,)",page4-241.svg,True
P2G034,exp2_train_and_test_7.json,P2R00140,0,0,page2-136.svg,False,1.0,high,single-utterance-unidirectional,P2-031,P2-035,"['page2-86.svg', 'page5-165.svg', 'page3-70.svg', 'page6-122.svg', 'page5-102.svg', 'page7-117.svg', 'page2-140.svg', 'page1-34.svg', 'page2-136.svg', 'page5-155.svg']",13.0,"looks like a canon kind of, pointing to the right",10.0,30.0,"(52,)",page3-70.svg,False
P2G025,exp2_train_and_test_9.json,P2R01429,38,5,page7-177.svg,False,1.0,high,single-utterance-unidirectional,P2-094,P2-007,"['page9-34.svg', 'page7-115.svg', 'page4-98.svg', 'page7-177.svg', 'page7-35.svg', 'page6-245.svg', 'page7-144.svg', 'page2-131.svg', 'page5-75.svg', 'page6-204.svg']",6.0,"half a square, right side is finished and has a smaller square on it",14.0,30.0,"(43,)",page7-177.svg,True
P2G004,exp2_train_and_test_32.json,P2R02164,37,5,page2-165.svg,False,0.7499999999999999,low,single-utterance-unidirectional,P2-078,P2-018,"['page8-159.svg', 'page1-133.svg', 'page9-39.svg', 'page2-165.svg', 'page8-215.svg', 'page1-117.svg', 'page8-246.svg', 'page4-180.svg', 'page6-226.svg', 'page9-34.svg']",7.0,A boat (like one made out of paper),8.0,20.0,"(29,)",page2-165.svg,True
P2G001,exp2_train_and_test_28.json,P2R00356,23,3,page7-115.svg,False,0.6,low,single-utterance-unidirectional,P2-027,P2-080,"['page6-155.svg', 'page7-113.svg', 'page2-34.svg', 'page7-115.svg', 'page7-44.svg', 'page3-33.svg', 'page6-52.svg', 'page5-121.svg', 'page6-175.svg', 'page5-63.svg']",,,,,,,
P2G027,exp2_train_and_test_49.json,P2R01345,5,0,page2-85.svg,False,1.0,high,single-utterance-unidirectional,P2-113,P2-063,"['page7-186.svg', 'page2-140.svg', 'page8-192.svg', 'page2-114.svg', 'page5-153.svg', 'page5-80.svg', 'page7-44.svg', 'page8-18.svg', 'page7-115.svg', 'page2-85.svg']",13.0,circle on top of a triangle,6.0,25.0,"(37,)",page2-85.svg,True
P2G056,exp2_train_and_test_33.json,P2R00552,1,0,page6-185.svg,False,0.6129629629629629,low,single-utterance-unidirectional,P2-086,P2-028,"['page8-234.svg', 'page1-132.svg', 'page5-85.svg', 'page6-21.svg', 'page6-185.svg', 'page6-52.svg', 'page5-63.svg', 'page7-113.svg', 'page6-228.svg', 'page7-203.svg']",7.0,A man sat down and slumped forward,7.0,28.0,"(41,)",page6-185.svg,True
P2G036,exp2_train_and_test_45.json,P2R00334,13,2,page9-34.svg,True,1.0,high,single-utterance-unidirectional,P2-052,P2-091,"['page7-144.svg', 'page7-22.svg', 'page7-115.svg', 'page9-34.svg', 'page6-31.svg', 'page8-22.svg', 'page2-36.svg', 'page7-216.svg', 'page1-185.svg', 'page7-107.svg']",,,,,,,
P2G038,exp2_train_and_test_18.json,P2R01285,14,2,page9-23.svg,False,1.0,high,single-utterance-unidirectional,P2-020,P2-107,"['page1-172.svg', 'page4-142.svg', 'page6-123.svg', 'page4-98.svg', 'page8-234.svg', 'page9-23.svg', 'page6-219.svg', 'page7-126.svg', 'page9-32.svg', 'page1-34.svg']",9.0,the large triangle base with top point touching another object,10.0,18.0,"(28,)",page9-23.svg,True
P2G017,exp2_train_and_test_13.json,P2R00112,39,5,page4-5.svg,False,0.6916666666666667,low,single-utterance-unidirectional,P2-104,P2-059,"['page6-167.svg', 'page1-77.svg', 'page4-96.svg', 'page1-175.svg', 'page7-20.svg', 'page1-149.svg', 'page1-133.svg', 'page4-5.svg', 'page3-201.svg', 'page7-4.svg']",6.0,a man kicking to the left,6.0,14.0,"(26,)",page4-5.svg,True
P2G026,exp2_train_and_test_24.json,P2R01440,39,5,page8-183.svg,False,1.0,high,single-utterance-unidirectional,P2-048,P2-057,"['page7-125.svg', 'page8-183.svg', 'page7-157.svg', 'page3-66.svg', 'page5-84.svg', 'page6-31.svg', 'page6-166.svg', 'page5-153.svg', 'page3-70.svg', 'page5-174.svg']",,,,,,,
P2G046,exp2_train_and_test_46.json,P2R01582,13,2,page2-86.svg,False,0.7777777777777777,low,single-utterance-unidirectional,P2-079,P2-008,"['page8-182.svg', 'page5-153.svg', 'page4-197.svg', 'page2-34.svg', 'page6-166.svg', 'page2-20.svg', 'page8-22.svg', 'page2-86.svg', 'page9-34.svg', 'page8-156.svg']",7.0,two buns on a head,5.0,12.0,"(18,)",page2-86.svg,True
P2G020,exp2_train_and_test_31.json,P2R00942,23,3,page6-192.svg,False,0.6444444444444445,low,single-utterance-unidirectional,P2-023,P2-046,"['page3-201.svg', 'page1-48.svg', 'page5-75.svg', 'page6-162.svg', 'page4-96.svg', 'page5-80.svg', 'page9-23.svg', 'page6-192.svg', 'page6-52.svg', 'page5-84.svg']",25.0,Man kneeling with a square head,6.0,30.0,,,
P2G051,exp2_train_and_test_5.json,P2R00775,25,4,page3-33.svg,False,0.6111111111111112,low,single-utterance-unidirectional,P2-016,P2-051,"['page7-40.svg', 'page3-52.svg', 'page5-40.svg', 'page5-107.svg', 'page3-33.svg', 'page3-21.svg', 'page7-20.svg', 'page6-228.svg', 'page7-166.svg', 'page7-155.svg']",4.0,symbol on top of mountains,5.0,13.0,"(15,)",page3-33.svg,True
P2G039,exp2_train_and_test_4.json,P2R01984,22,3,page5-165.svg,False,0.7777777777777777,low,single-utterance-unidirectional,P2-022,P2-093,"['page5-233.svg', 'page2-34.svg', 'page9-39.svg', 'page6-21.svg', 'page3-201.svg', 'page6-135.svg', 'page6-124.svg', 'page2-64.svg', 'page5-165.svg', 'page6-1.svg']",9.0,space rocket/candle with fins pointing up,6.0,25.0,"(35,)",page5-165.svg,True
P2G021,exp2_train_and_test_58.json,P2R01807,1,0,page7-226.svg,True,1.0,high,single-utterance-unidirectional,P2-036,P2-064,"['page8-38.svg', 'page4-195.svg', 'page3-205.svg', 'page7-41.svg', 'page4-241.svg', 'page5-84.svg', 'page7-226.svg', 'page6-31.svg', 'page5-233.svg', 'page9-40.svg']",20.0,,,,,,
P2G025,exp2_train_and_test_9.json,P2R00273,11,1,page5-120.svg,False,1.0,high,single-utterance-unidirectional,P2-007,P2-094,"['page4-5.svg', 'page5-36.svg', 'page2-100.svg', 'page5-120.svg', 'page1-97.svg', 'page5-190.svg', 'page6-226.svg', 'page8-21.svg', 'page8-192.svg', 'page7-15.svg']",12.0,"what you said was a sword last time, diagonal",9.0,25.0,"(34,)",page5-120.svg,True
P2G048,exp2_train_and_test_19.json,P2R00706,6,1,page8-18.svg,True,0.3777777777777778,low,single-utterance-unidirectional,P2-085,P2-106,"['page8-18.svg', 'page7-115.svg', 'page6-135.svg', 'page1-128.svg', 'page2-86.svg', 'page8-38.svg', 'page4-197.svg', 'page7-44.svg', 'page1-30.svg', 'page5-71.svg']",7.0,It looks like a bird,5.0,11.0,"(24,)",page8-18.svg,True
P2G034,exp2_train_and_test_7.json,P2R01850,9,1,page6-122.svg,True,0.5666666666666667,low,single-utterance-unidirectional,P2-035,P2-031,"['page5-102.svg', 'page2-140.svg', 'page7-117.svg', 'page6-122.svg', 'page5-155.svg', 'page5-165.svg', 'page2-136.svg', 'page2-86.svg', 'page1-34.svg', 'page3-70.svg']",14.0,Looks like a house,4.0,19.0,"(24,)",page6-122.svg,True
P2G019,exp2_train_and_test_26.json,P2R01372,3,0,page6-123.svg,False,0.4166666666666667,low,single-utterance-unidirectional,P2-069,P2-034,"['page1-34.svg', 'page1-77.svg', 'page6-123.svg', 'page1-149.svg', 'page3-59.svg', 'page5-128.svg', 'page2-86.svg', 'page2-165.svg', 'page2-133.svg', 'page2-34.svg']",9.0,Looks like a fish pointing left,6.0,16.0,"(20,)",page6-123.svg,True
P2G015,exp2_train_and_test_16.json,P2R01297,17,2,page2-114.svg,True,1.0,high,single-utterance-unidirectional,P2-047,P2-058,"['page5-85.svg', 'page5-213.svg', 'page6-1.svg', 'page5-56.svg', 'page1-34.svg', 'page4-180.svg', 'page2-114.svg', 'page2-133.svg', 'page7-79.svg', 'page6-204.svg']",13.0,silhouette of a cat face with two pointy ears,9.0,23.0,"(29,)",page2-114.svg,True
P2G023,exp2_train_and_test_40.json,P2R00514,21,3,page7-144.svg,False,1.0,high,single-utterance-unidirectional,P2-081,P2-056,"['page2-100.svg', 'page3-201.svg', 'page9-23.svg', 'page7-144.svg', 'page7-29.svg', 'page3-200.svg', 'page4-232.svg', 'page2-165.svg', 'page7-44.svg', 'page5-153.svg']",7.0,large shape point to the right,6.0,16.0,"(23,)",page7-144.svg,True
P2G027,exp2_train_and_test_49.json,P2R00426,17,2,page7-115.svg,False,0.6,low,single-utterance-unidirectional,P2-113,P2-063,"['page7-186.svg', 'page2-140.svg', 'page8-192.svg', 'page2-114.svg', 'page5-153.svg', 'page5-80.svg', 'page7-44.svg', 'page8-18.svg', 'page7-115.svg', 'page2-85.svg']",6.0,Squished'H',1.0,16.0,"(20,)",page7-115.svg,True
P2G056,exp2_train_and_test_33.json,P2R01738,14,2,page7-203.svg,False,0.9925925925925926,high,single-utterance-unidirectional,P2-086,P2-028,"['page8-234.svg', 'page1-132.svg', 'page5-85.svg', 'page6-21.svg', 'page6-185.svg', 'page6-52.svg', 'page5-63.svg', 'page7-113.svg', 'page6-228.svg', 'page7-203.svg']",8.0,vertical Stack with arrow pointing down,6.0,20.0,"(24,)",page7-203.svg,True
P2G041,exp2_train_and_test_52.json,P2R00122,22,3,page7-10.svg,True,0.7611111111111111,low,single-utterance-unidirectional,P2-072,P2-005,"['page8-215.svg', 'page2-16.svg', 'page7-10.svg', 'page1-150.svg', 'page9-32.svg', 'page8-156.svg', 'page6-107.svg', 'page8-159.svg', 'page1-172.svg', 'page8-246.svg']",4.0,Looks like a fish there is a triangle at the bottom and two at the side,16.0,23.0,"(40,)",page2-16.svg,False
P2G049,exp2_train_and_test_41.json,P2R00303,33,5,page7-203.svg,False,0.9925925925925926,high,single-utterance-unidirectional,P2-013,P2-070,"['page7-217.svg', 'page3-59.svg', 'page8-234.svg', 'page5-85.svg', 'page7-157.svg', 'page1-175.svg', 'page7-203.svg', 'page5-155.svg', 'page8-169.svg', 'page6-107.svg']",3.0,the candle holder on the middle right,7.0,18.0,"(30,)",page7-157.svg,False
P2G021,exp2_train_and_test_58.json,P2R01497,11,1,page7-41.svg,False,0.7555555555555555,low,single-utterance-unidirectional,P2-036,P2-064,"['page8-38.svg', 'page4-195.svg', 'page3-205.svg', 'page7-41.svg', 'page4-241.svg', 'page5-84.svg', 'page7-226.svg', 'page6-31.svg', 'page5-233.svg', 'page9-40.svg']",12.0,boat with a house on it,6.0,17.0,"(23,)",page7-41.svg,True
P2G025,exp2_train_and_test_9.json,P2R02239,22,3,page8-21.svg,False,0.5000000000000001,low,single-utterance-unidirectional,P2-007,P2-094,"['page4-5.svg', 'page5-36.svg', 'page2-100.svg', 'page5-120.svg', 'page1-97.svg', 'page5-190.svg', 'page6-226.svg', 'page8-21.svg', 'page8-192.svg', 'page7-15.svg']",12.0,chicken/rooster,1.0,18.0,"(25,)",page8-21.svg,True
P2G016,exp2_train_and_test_56.json,P2R02242,29,4,page7-125.svg,False,0.9935185185185184,high,single-utterance-unidirectional,P2-003,P2-043,"['page7-29.svg', 'page5-121.svg', 'page1-107.svg', 'page7-125.svg', 'page5-155.svg', 'page4-96.svg', 'page7-35.svg', 'page6-192.svg', 'page8-206.svg', 'page5-40.svg']",5.0,pillar,1.0,6.0,"(13,)",page7-125.svg,True
P2G053,exp2_train_and_test_23.json,P2R02207,8,1,page5-56.svg,False,0.6222222222222223,low,single-utterance-unidirectional,P2-037,P2-045,"['page1-133.svg', 'page7-116.svg', 'page6-160.svg', 'page1-128.svg', 'page8-248.svg', 'page7-10.svg', 'page5-56.svg', 'page6-226.svg', 'page6-204.svg', 'page5-188.svg']",12.0,mountain range,2.0,16.0,"(22,)",page5-56.svg,True
P2G011,exp2_train_and_test_36.json,P2R02053,39,5,page8-159.svg,False,1.0,high,single-utterance-unidirectional,P2-073,P2-014,"['page8-159.svg', 'page1-133.svg', 'page9-39.svg', 'page2-165.svg', 'page8-215.svg', 'page1-117.svg', 'page8-246.svg', 'page4-180.svg', 'page6-226.svg', 'page9-34.svg']",3.0,capital J,2.0,5.0,"(15,)",page8-159.svg,True
P2G047,exp2_train_and_test_11.json,P2R00904,37,5,page7-20.svg,False,1.0,high,single-utterance-unidirectional,P2-065,P2-089,"['page6-167.svg', 'page1-77.svg', 'page4-96.svg', 'page1-175.svg', 'page7-20.svg', 'page1-149.svg', 'page1-133.svg', 'page4-5.svg', 'page3-201.svg', 'page7-4.svg']",8.0,It is a long rectangle and have5 sides,8.0,17.0,"(29,)",page7-20.svg,True
P2G011,exp2_train_and_test_36.json,P2R00520,12,2,page5-75.svg,False,0.6944444444444444,low,single-utterance-unidirectional,P2-014,P2-073,"['page7-116.svg', 'page3-66.svg', 'page5-75.svg', 'page3-61.svg', 'page3-163.svg', 'page3-201.svg', 'page5-26.svg', 'page8-183.svg', 'page9-32.svg', 'page2-100.svg']",14.0,duck,1.0,15.0,"(25,)",page5-75.svg,True
P2G019,exp2_train_and_test_26.json,P2R02351,4,0,page2-34.svg,False,0.7611111111111111,low,single-utterance-unidirectional,P2-069,P2-034,"['page1-34.svg', 'page1-77.svg', 'page6-123.svg', 'page1-149.svg', 'page3-59.svg', 'page5-128.svg', 'page2-86.svg', 'page2-165.svg', 'page2-133.svg', 'page2-34.svg']",7.0,A horse facing left,4.0,13.0,"(21,)",page2-34.svg,True
P2G022,exp2_train_and_test_53.json,P2R02176,6,1,page4-232.svg,False,1.0,high,single-utterance-unidirectional,P2-103,P2-009,"['page5-165.svg', 'page8-159.svg', 'page5-45.svg', 'page4-232.svg', 'page9-40.svg', 'page7-127.svg', 'page7-157.svg', 'page8-234.svg', 'page3-70.svg', 'page8-58.svg']",6.0,Pine tree,2.0,8.0,"(19,)",page4-232.svg,True
P2G049,exp2_train_and_test_41.json,P2R00662,12,2,page6-192.svg,False,0.6444444444444445,low,single-utterance-unidirectional,P2-070,P2-013,"['page8-38.svg', 'page6-192.svg', 'page7-35.svg', 'page7-36.svg', 'page4-98.svg', 'page3-70.svg', 'page5-154.svg', 'page7-79.svg', 'page8-246.svg', 'page4-108.svg']",6.0,The one that looks like a man.,7.0,14.0,"(19,)",page6-192.svg,True
P2G025,exp2_train_and_test_9.json,P2R01554,39,5,page7-115.svg,False,0.6,low,single-utterance-unidirectional,P2-007,P2-094,"['page7-177.svg', 'page5-75.svg', 'page6-204.svg', 'page7-35.svg', 'page7-144.svg', 'page4-98.svg', 'page2-131.svg', 'page6-245.svg', 'page9-34.svg', 'page7-115.svg']",3.0,looks like a bridge,4.0,14.0,"(25,)",page7-115.svg,True
P2G004,exp2_train_and_test_32.json,P2R00797,19,3,page5-45.svg,False,1.0,high,single-utterance-unidirectional,P2-078,P2-018,"['page4-232.svg', 'page5-45.svg', 'page7-115.svg', 'page5-155.svg', 'page2-131.svg', 'page7-155.svg', 'page7-157.svg', 'page8-217.svg', 'page5-233.svg', 'page1-34.svg']",8.0,The house with sides and a roof,7.0,16.0,"(23,)",page5-45.svg,True
P2G005,exp2_train_and_test_43.json,P2R02324,19,3,page7-125.svg,False,0.9935185185185184,high,single-utterance-unidirectional,P2-111,P2-006,"['page8-246.svg', 'page7-125.svg', 'page6-122.svg', 'page7-226.svg', 'page7-145.svg', 'page8-21.svg', 'page5-101.svg', 'page6-160.svg', 'page9-40.svg', 'page8-183.svg']",9.0,cliff,1.0,10.0,"(14,)",page7-125.svg,True
P2G057,exp2_train_and_test_10.json,P2R01890,15,2,page6-185.svg,False,0.6129629629629629,low,single-utterance-unidirectional,P2-090,P2-084,"['page2-100.svg', 'page6-185.svg', 'page5-56.svg', 'page9-25.svg', 'page7-35.svg', 'page8-206.svg', 'page3-12.svg', 'page1-150.svg', 'page7-79.svg', 'page7-116.svg']",7.0,the man crouching over,4.0,18.0,"(23,)",page6-185.svg,True
P2G013,exp2_train_and_test_55.json,P2R01512,6,1,page3-61.svg,False,1.0,high,single-utterance-unidirectional,P2-109,P2-097,"['page4-244.svg', 'page7-155.svg', 'page1-77.svg', 'page3-59.svg', 'page5-128.svg', 'page5-139.svg', 'page3-61.svg', 'page4-241.svg', 'page4-98.svg', 'page6-107.svg']",14.0,triangle on left connected to long line points down,9.0,34.0,"(54,)",page6-107.svg,False
P2G053,exp2_train_and_test_23.json,P2R01775,39,5,page8-183.svg,False,1.0,high,single-utterance-unidirectional,P2-037,P2-045,"['page7-125.svg', 'page8-183.svg', 'page7-157.svg', 'page3-66.svg', 'page5-84.svg', 'page6-31.svg', 'page6-166.svg', 'page5-153.svg', 'page3-70.svg', 'page5-174.svg']",6.0,looks like a P with a little tail bottom left,10.0,16.0,"(28,)",page8-183.svg,True
P2G044,exp2_train_and_test_39.json,P2R01015,21,3,page5-128.svg,False,0.9925925925925926,high,single-utterance-unidirectional,P2-076,P2-101,"['page7-157.svg', 'page5-71.svg', 'page6-167.svg', 'page8-18.svg', 'page5-63.svg', 'page5-101.svg', 'page7-15.svg', 'page4-197.svg', 'page4-190.svg', 'page5-128.svg']",11.0,hooked finger,2.0,15.0,"(22,)",page5-128.svg,True
P2G040,exp2_train_and_test_25.json,P2R00593,16,2,page2-114.svg,False,1.0,high,single-utterance-unidirectional,P2-021,P2-010,"['page5-154.svg', 'page6-21.svg', 'page8-246.svg', 'page6-175.svg', 'page4-98.svg', 'page5-128.svg', 'page8-38.svg', 'page4-244.svg', 'page7-4.svg', 'page2-114.svg']",9.0,plate,1.0,10.0,"(14,)",page2-114.svg,True
P2G017,exp2_train_and_test_13.json,P2R02257,7,1,page3-207.svg,False,0.7388888888888889,low,single-utterance-unidirectional,P2-104,P2-059,"['page6-204.svg', 'page6-21.svg', 'page9-40.svg', 'page8-22.svg', 'page6-31.svg', 'page3-207.svg', 'page4-155.svg', 'page7-125.svg', 'page1-128.svg', 'page8-192.svg']",12.0,a man walking to the left,6.0,23.0,"(33,)",page3-207.svg,True
P2G008,exp2_train_and_test_22.json,P2R01279,11,1,page5-155.svg,False,0.5777777777777778,low,single-utterance-unidirectional,P2-033,P2-038,"['page7-145.svg', 'page4-11.svg', 'page8-217.svg', 'page7-226.svg', 'page7-115.svg', 'page1-30.svg', 'page4-195.svg', 'page5-155.svg', 'page3-201.svg', 'page6-155.svg']",14.0,christmas tree with a lean,5.0,19.0,"(23,)",page5-155.svg,True
P2G013,exp2_train_and_test_55.json,P2R00489,1,0,page4-98.svg,False,0.7222222222222223,low,single-utterance-unidirectional,P2-097,P2-109,"['page1-77.svg', 'page3-61.svg', 'page3-59.svg', 'page4-241.svg', 'page5-139.svg', 'page6-107.svg', 'page4-244.svg', 'page7-155.svg', 'page5-128.svg', 'page4-98.svg']",11.0,Like a rocket taking off,5.0,18.0,"(24,)",page6-107.svg,False
P2G045,exp2_train_and_test_34.json,P2R00293,11,1,page7-127.svg,True,0.6222222222222222,low,single-utterance-unidirectional,P2-054,P2-087,"['page6-219.svg', 'page9-32.svg', 'page1-172.svg', 'page7-202.svg', 'page4-155.svg', 'page5-66.svg', 'page7-127.svg', 'page8-38.svg', 'page2-16.svg', 'page7-117.svg']",6.0,the bird,2.0,7.0,"(14,)",page7-127.svg,True
P2G048,exp2_train_and_test_19.json,P2R01571,8,1,page2-86.svg,False,0.7777777777777777,low,single-utterance-unidirectional,P2-085,P2-106,"['page8-18.svg', 'page7-115.svg', 'page6-135.svg', 'page1-128.svg', 'page2-86.svg', 'page8-38.svg', 'page4-197.svg', 'page7-44.svg', 'page1-30.svg', 'page5-71.svg']",9.0,It looks like a pig head,6.0,14.0,"(28,)",page2-86.svg,True
P2G031,exp2_train_and_test_1.json,P2R01318,35,5,page2-131.svg,False,0.5333333333333334,low,single-utterance-unidirectional,P2-017,P2-032,"['page7-177.svg', 'page5-75.svg', 'page6-204.svg', 'page7-35.svg', 'page7-144.svg', 'page4-98.svg', 'page2-131.svg', 'page6-245.svg', 'page9-34.svg', 'page7-115.svg']",4.0,looks like an axe with a small triangle onn the handle,11.0,17.0,"(21,)",page2-131.svg,True
P2G044,exp2_train_and_test_39.json,P2R01746,36,5,page8-215.svg,False,0.6666666666666667,low,single-utterance-unidirectional,P2-101,P2-076,"['page2-165.svg', 'page9-39.svg', 'page1-117.svg', 'page4-180.svg', 'page8-246.svg', 'page8-215.svg', 'page1-133.svg', 'page6-226.svg', 'page8-159.svg', 'page9-34.svg']",9.0,pirate hook hand,3.0,15.0,"(27,)",page8-215.svg,True
P2G029,exp2_train_and_test_14.json,P2R01968,11,1,page8-176.svg,False,0.6666666666666667,low,single-utterance-unidirectional,P2-019,P2-099,"['page9-34.svg', 'page5-36.svg', 'page7-41.svg', 'page5-75.svg', 'page3-21.svg', 'page2-20.svg', 'page7-226.svg', 'page8-176.svg', 'page2-86.svg', 'page7-144.svg']",5.0,"""Z""",1.0,6.0,"(15,)",page8-176.svg,True
P2G010,exp2_train_and_test_17.json,P2R01109,24,4,page1-107.svg,False,0.5796296296296297,low,single-utterance-unidirectional,P2-092,P2-068,"['page7-155.svg', 'page7-144.svg', 'page8-221.svg', 'page8-22.svg', 'page6-208.svg', 'page1-107.svg', 'page6-1.svg', 'page5-121.svg', 'page7-41.svg', 'page7-15.svg']",4.0,pacman mouth,2.0,6.0,"(16,)",page1-107.svg,True
P2G059,exp2_train_and_test_59.json,P2R01598,14,2,page7-116.svg,False,1.0,high,single-utterance-unidirectional,P2-004,P2-098,"['page8-159.svg', 'page3-61.svg', 'page7-144.svg', 'page5-102.svg', 'page7-116.svg', 'page6-167.svg', 'page7-157.svg', 'page5-96.svg', 'page7-126.svg', 'page8-56.svg']",,,,,,,
P2G027,exp2_train_and_test_49.json,P2R00344,10,1,page5-80.svg,False,0.5555555555555556,low,single-utterance-unidirectional,P2-063,P2-113,"['page8-192.svg', 'page5-80.svg', 'page7-115.svg', 'page2-140.svg', 'page8-18.svg', 'page7-44.svg', 'page7-186.svg', 'page5-153.svg', 'page2-85.svg', 'page2-114.svg']",20.0,A wrench head with a line going through it,9.0,37.0,"(55,)",page5-80.svg,True
P2G025,exp2_train_and_test_9.json,P2R00406,21,3,page5-120.svg,False,1.0,high,single-utterance-unidirectional,P2-007,P2-094,"['page4-5.svg', 'page5-36.svg', 'page2-100.svg', 'page5-120.svg', 'page1-97.svg', 'page5-190.svg', 'page6-226.svg', 'page8-21.svg', 'page8-192.svg', 'page7-15.svg']",9.0,diagonal sword,2.0,14.0,"(23,)",page5-120.svg,True
P2G041,exp2_train_and_test_52.json,P2R00779,30,5,page1-149.svg,False,1.0,high,single-utterance-unidirectional,P2-005,P2-072,"['page4-128.svg', 'page7-107.svg', 'page7-113.svg', 'page3-33.svg', 'page2-100.svg', 'page7-166.svg', 'page6-206.svg', 'page1-149.svg', 'page6-160.svg', 'page2-140.svg']",11.0,3 triangles either side,4.0,25.0,"(45,)",page1-149.svg,True
P2G003,exp2_train_and_test_21.json,P2R00336,30,5,page7-157.svg,False,0.6037037037037036,low,single-utterance-unidirectional,P2-105,P2-041,"['page6-166.svg', 'page7-157.svg', 'page6-31.svg', 'page5-174.svg', 'page3-70.svg', 'page8-183.svg', 'page5-153.svg', 'page7-125.svg', 'page5-84.svg', 'page3-66.svg']",10.0,Big diamond shape at the top and small triangle on the bottom,12.0,26.0,"(34,)",page7-157.svg,True
P2G001,exp2_train_and_test_28.json,P2R00195,12,2,page7-113.svg,True,0.7636363636363637,low,single-utterance-unidirectional,P2-027,P2-080,"['page6-155.svg', 'page7-113.svg', 'page2-34.svg', 'page7-115.svg', 'page7-44.svg', 'page3-33.svg', 'page6-52.svg', 'page5-121.svg', 'page6-175.svg', 'page5-63.svg']",,,,,,,
P2G006,exp2_train_and_test_51.json,P2R02274,6,1,page7-15.svg,False,0.5935185185185186,low,single-utterance-unidirectional,P2-050,P2-071,"['page7-157.svg', 'page7-127.svg', 'page5-190.svg', 'page8-246.svg', 'page6-167.svg', 'page8-58.svg', 'page4-155.svg', 'page7-125.svg', 'page2-20.svg', 'page7-15.svg']",5.0,Four mountains in the distance,5.0,14.0,"(22,)",page7-15.svg,True
P2G041,exp2_train_and_test_52.json,P2R00789,7,1,page8-156.svg,False,1.0,high,single-utterance-unidirectional,P2-072,P2-005,"['page8-215.svg', 'page2-16.svg', 'page7-10.svg', 'page1-150.svg', 'page9-32.svg', 'page8-156.svg', 'page6-107.svg', 'page8-159.svg', 'page1-172.svg', 'page8-246.svg']",13.0,this looks like the letter K,6.0,18.0,"(24,)",page8-156.svg,True
P2G022,exp2_train_and_test_53.json,P2R00427,15,2,page5-45.svg,True,1.0,high,single-utterance-unidirectional,P2-103,P2-009,"['page5-165.svg', 'page8-159.svg', 'page5-45.svg', 'page4-232.svg', 'page9-40.svg', 'page7-127.svg', 'page7-157.svg', 'page8-234.svg', 'page3-70.svg', 'page8-58.svg']",10.0,House,1.0,10.0,"(18,)",page5-45.svg,True
P2G024,exp2_train_and_test_48.json,P2R01879,13,2,page6-23.svg,False,0.7776190476190477,low,single-utterance-unidirectional,P2-001,P2-116,"['page4-142.svg', 'page5-56.svg', 'page1-97.svg', 'page4-98.svg', 'page6-23.svg', 'page4-244.svg', 'page8-221.svg', 'page1-95.svg', 'page7-53.svg', 'page6-124.svg']",5.0,square head man,3.0,12.0,"(15,)",page6-23.svg,True
P2G051,exp2_train_and_test_5.json,P2R01747,26,4,page6-228.svg,False,1.0,high,single-utterance-unidirectional,P2-016,P2-051,"['page7-40.svg', 'page3-52.svg', 'page5-40.svg', 'page5-107.svg', 'page3-33.svg', 'page3-21.svg', 'page7-20.svg', 'page6-228.svg', 'page7-166.svg', 'page7-155.svg']",4.0,rhombus,1.0,7.0,"(9,)",page6-228.svg,True
P2G024,exp2_train_and_test_48.json,P2R01403,31,5,page7-217.svg,False,1.0,high,single-utterance-unidirectional,P2-116,P2-001,"['page7-217.svg', 'page3-59.svg', 'page8-234.svg', 'page5-85.svg', 'page7-157.svg', 'page1-175.svg', 'page7-203.svg', 'page5-155.svg', 'page8-169.svg', 'page6-107.svg']",4.0,small dog with little head facing left,7.0,14.0,"(21,)",page7-217.svg,True
P2G028,exp2_train_and_test_0.json,P2R01044,32,5,page4-98.svg,False,0.7222222222222223,low,single-utterance-unidirectional,P2-100,P2-015,"['page9-34.svg', 'page7-115.svg', 'page4-98.svg', 'page7-177.svg', 'page7-35.svg', 'page6-245.svg', 'page7-144.svg', 'page2-131.svg', 'page5-75.svg', 'page6-204.svg']",3.0,Looks like a new candle sitting on a small dish,10.0,11.0,"(23,)",page4-98.svg,True
P2G046,exp2_train_and_test_46.json,P2R02346,17,2,page9-34.svg,False,1.0,high,single-utterance-unidirectional,P2-079,P2-008,"['page8-182.svg', 'page5-153.svg', 'page4-197.svg', 'page2-34.svg', 'page6-166.svg', 'page2-20.svg', 'page8-22.svg', 'page2-86.svg', 'page9-34.svg', 'page8-156.svg']",6.0,A chickens head,3.0,12.0,"(25,)",page9-34.svg,True
P2G027,exp2_train_and_test_49.json,P2R00063,0,0,page2-114.svg,True,1.0,high,single-utterance-unidirectional,P2-063,P2-113,"['page8-192.svg', 'page5-80.svg', 'page7-115.svg', 'page2-140.svg', 'page8-18.svg', 'page7-44.svg', 'page7-186.svg', 'page5-153.svg', 'page2-85.svg', 'page2-114.svg']",15.0,A scale with pointed triangles at each edn,8.0,25.0,"(41,)",page2-85.svg,False
P2G052,exp2_train_and_test_30.json,P2R00033,11,1,page3-201.svg,False,0.5548148148148148,low,single-utterance-unidirectional,P2-030,P2-061,"['page5-101.svg', 'page6-166.svg', 'page8-156.svg', 'page1-172.svg', 'page6-21.svg', 'page3-201.svg', 'page2-34.svg', 'page2-136.svg', 'page4-155.svg', 'page6-245.svg']",14.0,"diamond, bunny ears, on 2 triangles",6.0,21.0,,,
P2G009,exp2_train_and_test_3.json,P2R00373,6,1,page3-139.svg,False,0.9935185185185184,high,single-utterance-unidirectional,P2-024,P2-117,"['page2-86.svg', 'page7-126.svg', 'page5-101.svg', 'page8-169.svg', 'page3-139.svg', 'page6-166.svg', 'page6-167.svg', 'page4-180.svg', 'page5-165.svg', 'page1-117.svg']",9.0,someone lifting thier skirt up above waste,7.0,25.0,,,
P2G057,exp2_train_and_test_10.json,P2R01942,19,3,page7-116.svg,False,1.0,high,single-utterance-unidirectional,P2-084,P2-090,"['page7-79.svg', 'page3-12.svg', 'page7-116.svg', 'page2-100.svg', 'page1-150.svg', 'page9-25.svg', 'page7-35.svg', 'page5-56.svg', 'page8-206.svg', 'page6-185.svg']",7.0,diamond sandwiched by triangles,4.0,14.0,"(25,)",page7-116.svg,True
P2G010,exp2_train_and_test_17.json,P2R00498,11,1,page8-221.svg,False,1.0,high,single-utterance-unidirectional,P2-068,P2-092,"['page1-107.svg', 'page7-144.svg', 'page7-41.svg', 'page6-1.svg', 'page7-15.svg', 'page8-221.svg', 'page5-121.svg', 'page6-208.svg', 'page8-22.svg', 'page7-155.svg']",15.0,Two spikes pointing to the ground and a square on the right,12.0,23.0,"(36,)",page8-221.svg,True
P2G016,exp2_train_and_test_56.json,P2R01218,17,2,page5-40.svg,False,0.7527777777777778,low,single-utterance-unidirectional,P2-003,P2-043,"['page7-29.svg', 'page5-121.svg', 'page1-107.svg', 'page7-125.svg', 'page5-155.svg', 'page4-96.svg', 'page7-35.svg', 'page6-192.svg', 'page8-206.svg', 'page5-40.svg']",11.0,"ship with square, recatngle and then pointy bits on either side",11.0,35.0,"(50,)",page5-40.svg,True
P2G051,exp2_train_and_test_5.json,P2R01269,13,2,page6-228.svg,False,1.0,high,single-utterance-unidirectional,P2-016,P2-051,"['page7-40.svg', 'page3-52.svg', 'page5-40.svg', 'page5-107.svg', 'page3-33.svg', 'page3-21.svg', 'page7-20.svg', 'page6-228.svg', 'page7-166.svg', 'page7-155.svg']",4.0,rhombus,1.0,7.0,"(8,)",page6-228.svg,True
P2G012,exp2_train_and_test_29.json,P2R01523,15,2,page1-132.svg,True,0.6666666666666667,low,single-utterance-unidirectional,P2-066,P2-025,"['page5-128.svg', 'page7-115.svg', 'page4-241.svg', 'page7-117.svg', 'page6-186.svg', 'page9-25.svg', 'page1-132.svg', 'page5-75.svg', 'page6-228.svg', 'page2-34.svg']",6.0,A flagpole with two triangle flags,6.0,20.0,"(24,)",page1-132.svg,True
P2G008,exp2_train_and_test_22.json,P2R01585,24,4,page3-201.svg,False,0.5548148148148148,low,single-utterance-unidirectional,P2-038,P2-033,"['page4-195.svg', 'page1-30.svg', 'page7-115.svg', 'page6-155.svg', 'page7-226.svg', 'page4-11.svg', 'page5-155.svg', 'page8-217.svg', 'page3-201.svg', 'page7-145.svg']",3.0,front facing rabbit,3.0,8.0,"(18,)",page3-201.svg,True
P2G038,exp2_train_and_test_18.json,P2R01847,16,2,page7-126.svg,False,0.6666666666666667,low,single-utterance-unidirectional,P2-020,P2-107,"['page1-172.svg', 'page4-142.svg', 'page6-123.svg', 'page4-98.svg', 'page8-234.svg', 'page9-23.svg', 'page6-219.svg', 'page7-126.svg', 'page9-32.svg', 'page1-34.svg']",11.0,the bird facing left,4.0,15.0,"(23,)",page7-126.svg,True
P2G005,exp2_train_and_test_43.json,P2R00452,8,1,page8-21.svg,False,0.5000000000000001,low,single-utterance-unidirectional,P2-111,P2-006,"['page8-246.svg', 'page7-125.svg', 'page6-122.svg', 'page7-226.svg', 'page7-145.svg', 'page8-21.svg', 'page5-101.svg', 'page6-160.svg', 'page9-40.svg', 'page8-183.svg']",8.0,It looks like a chicken,5.0,15.0,"(26,)",page8-21.svg,True
P2G033,exp2_train_and_test_8.json,P2R00856,28,4,page4-190.svg,False,1.0,high,single-utterance-unidirectional,P2-112,P2-095,"['page5-45.svg', 'page5-26.svg', 'page5-96.svg', 'page3-61.svg', 'page4-190.svg', 'page8-166.svg', 'page8-234.svg', 'page6-219.svg', 'page7-4.svg', 'page7-15.svg']",7.0,the rectangle with the 3 slanted triangles on the top,10.0,19.0,"(23,)",page4-190.svg,True
P2G009,exp2_train_and_test_3.json,P2R02171,27,4,page1-117.svg,True,1.0,high,single-utterance-unidirectional,P2-024,P2-117,"['page2-86.svg', 'page7-126.svg', 'page5-101.svg', 'page8-169.svg', 'page3-139.svg', 'page6-166.svg', 'page6-167.svg', 'page4-180.svg', 'page5-165.svg', 'page1-117.svg']",6.0,FAT POST WITH BIGGER TOP THAN BOTTOM,7.0,33.0,,,
P2G037,exp2_train_and_test_42.json,P2R01706,24,4,page5-128.svg,True,0.9925925925925926,high,single-utterance-unidirectional,P2-026,P2-075,"['page6-226.svg', 'page5-96.svg', 'page6-206.svg', 'page7-53.svg', 'page6-71.svg', 'page7-73.svg', 'page8-159.svg', 'page5-128.svg', 'page8-58.svg', 'page1-150.svg']",9.0,gas pump facing down,4.0,18.0,"(24,)",page5-128.svg,True
P2G052,exp2_train_and_test_30.json,P2R01035,33,5,page4-180.svg,False,0.6944444444444445,low,single-utterance-unidirectional,P2-030,P2-061,"['page8-159.svg', 'page1-133.svg', 'page9-39.svg', 'page2-165.svg', 'page8-215.svg', 'page1-117.svg', 'page8-246.svg', 'page4-180.svg', 'page6-226.svg', 'page9-34.svg']",3.0,Symmetrical like a butterfly,4.0,13.0,"(25,)",page4-180.svg,True
P2G010,exp2_train_and_test_17.json,P2R00948,38,5,page1-77.svg,False,0.6833333333333333,low,single-utterance-unidirectional,P2-092,P2-068,"['page4-96.svg', 'page1-149.svg', 'page3-201.svg', 'page6-167.svg', 'page1-77.svg', 'page1-133.svg', 'page7-20.svg', 'page4-5.svg', 'page1-175.svg', 'page7-4.svg']",4.0,a sword with a pointed top,6.0,16.0,"(21,)",page1-77.svg,True
P2G028,exp2_train_and_test_0.json,P2R02123,29,4,page6-228.svg,True,1.0,high,single-utterance-unidirectional,P2-015,P2-100,"['page1-117.svg', 'page6-206.svg', 'page1-30.svg', 'page7-81.svg', 'page9-39.svg', 'page8-247.svg', 'page2-140.svg', 'page6-228.svg', 'page1-185.svg', 'page3-33.svg']",8.0,parallelogram with a smaller parallelogram cut out of it,9.0,22.0,"(31,)",page6-228.svg,True
P2G001,exp2_train_and_test_28.json,P2R00557,32,5,page5-153.svg,False,0.6425925925925926,low,single-utterance-unidirectional,P2-080,P2-027,"['page6-166.svg', 'page7-157.svg', 'page6-31.svg', 'page5-174.svg', 'page3-70.svg', 'page8-183.svg', 'page5-153.svg', 'page7-125.svg', 'page5-84.svg', 'page3-66.svg']",,,,,,,
P2G015,exp2_train_and_test_16.json,P2R00954,4,0,page2-133.svg,False,1.0,high,single-utterance-unidirectional,P2-058,P2-047,"['page5-56.svg', 'page5-213.svg', 'page1-34.svg', 'page7-79.svg', 'page2-114.svg', 'page6-1.svg', 'page4-180.svg', 'page5-85.svg', 'page2-133.svg', 'page6-204.svg']",13.0,looks like a golf  club,6.0,30.0,"(46,)",page2-133.svg,True
P2G011,exp2_train_and_test_36.json,P2R01854,15,2,page2-100.svg,False,0.7685185185185184,low,single-utterance-unidirectional,P2-014,P2-073,"['page7-116.svg', 'page3-66.svg', 'page5-75.svg', 'page3-61.svg', 'page3-163.svg', 'page3-201.svg', 'page5-26.svg', 'page8-183.svg', 'page9-32.svg', 'page2-100.svg']",33.0,flower,1.0,35.0,"(42,)",page2-100.svg,True
P2G012,exp2_train_and_test_29.json,P2R00599,39,5,page8-183.svg,False,1.0,high,single-utterance-unidirectional,P2-066,P2-025,"['page7-125.svg', 'page8-183.svg', 'page7-157.svg', 'page3-66.svg', 'page5-84.svg', 'page6-31.svg', 'page6-166.svg', 'page5-153.svg', 'page3-70.svg', 'page5-174.svg']",2.0,Sorry! But.. the one you picked last time :-),9.0,16.0,"(21,)",page8-183.svg,True
P2G016,exp2_train_and_test_56.json,P2R02138,13,2,page5-155.svg,False,0.5777777777777778,low,single-utterance-unidirectional,P2-003,P2-043,"['page7-29.svg', 'page5-121.svg', 'page1-107.svg', 'page7-125.svg', 'page5-155.svg', 'page4-96.svg', 'page7-35.svg', 'page6-192.svg', 'page8-206.svg', 'page5-40.svg']",5.0,Christmas tree,2.0,8.0,"(24,)",page5-155.svg,True
P2G057,exp2_train_and_test_10.json,P2R01561,22,3,page1-150.svg,False,1.0,high,single-utterance-unidirectional,P2-084,P2-090,"['page7-79.svg', 'page3-12.svg', 'page7-116.svg', 'page2-100.svg', 'page1-150.svg', 'page9-25.svg', 'page7-35.svg', 'page5-56.svg', 'page8-206.svg', 'page6-185.svg']",14.0,candlestick,1.0,16.0,"(24,)",page1-150.svg,True
P2G017,exp2_train_and_test_13.json,P2R00608,17,2,page4-155.svg,False,0.3777777777777779,low,single-utterance-unidirectional,P2-059,P2-104,"['page6-21.svg', 'page1-128.svg', 'page3-207.svg', 'page7-125.svg', 'page4-155.svg', 'page9-40.svg', 'page8-22.svg', 'page6-204.svg', 'page8-192.svg', 'page6-31.svg']",9.0,A snake,2.0,11.0,"(24,)",page4-155.svg,True
P2G054,exp2_train_and_test_38.json,P2R00150,0,0,page7-41.svg,False,0.7555555555555555,low,single-utterance-unidirectional,P2-012,P2-055,"['page6-71.svg', 'page7-41.svg', 'page4-197.svg', 'page4-98.svg', 'page6-109.svg', 'page6-208.svg', 'page6-135.svg', 'page7-15.svg', 'page2-131.svg', 'page6-186.svg']",10.0,A short arrow pointing upward,5.0,38.0,"(44,)",page7-41.svg,True
P2G057,exp2_train_and_test_10.json,P2R02263,18,3,page2-100.svg,True,0.7685185185185184,low,single-utterance-unidirectional,P2-084,P2-090,"['page7-79.svg', 'page3-12.svg', 'page7-116.svg', 'page2-100.svg', 'page1-150.svg', 'page9-25.svg', 'page7-35.svg', 'page5-56.svg', 'page8-206.svg', 'page6-185.svg']",4.0,"triangle at the bottom holding up a parrallelogram, holding up a square",12.0,21.0,"(50,)",page2-100.svg,True
P2G008,exp2_train_and_test_22.json,P2R02279,32,5,page5-153.svg,False,0.6425925925925926,low,single-utterance-unidirectional,P2-038,P2-033,"['page6-166.svg', 'page7-157.svg', 'page6-31.svg', 'page5-174.svg', 'page3-70.svg', 'page8-183.svg', 'page5-153.svg', 'page7-125.svg', 'page5-84.svg', 'page3-66.svg']",6.0,a face with horns slightly squashed down,7.0,40.0,"(55,)",page5-153.svg,True
P2G013,exp2_train_and_test_55.json,P2R00858,2,0,page5-128.svg,False,0.9925925925925926,high,single-utterance-unidirectional,P2-097,P2-109,"['page1-77.svg', 'page3-61.svg', 'page3-59.svg', 'page4-241.svg', 'page5-139.svg', 'page6-107.svg', 'page4-244.svg', 'page7-155.svg', 'page5-128.svg', 'page4-98.svg']",17.0,whale diving into the sea,5.0,23.0,"(43,)",page5-128.svg,True
P2G035,exp2_train_and_test_12.json,P2R00073,7,1,page6-162.svg,False,1.0,high,single-utterance-unidirectional,P2-029,P2-040,"['page7-35.svg', 'page4-195.svg', 'page5-128.svg', 'page9-34.svg', 'page2-190.svg', 'page6-226.svg', 'page7-40.svg', 'page7-113.svg', 'page2-34.svg', 'page6-162.svg']",,,,,,,
P2G014,exp2_train_and_test_27.json,P2R01020,29,4,page3-33.svg,False,0.6111111111111112,low,single-utterance-unidirectional,P2-118,P2-060,"['page9-39.svg', 'page3-33.svg', 'page5-128.svg', 'page3-139.svg', 'page7-166.svg', 'page3-201.svg', 'page6-160.svg', 'page1-34.svg', 'page2-131.svg', 'page8-166.svg']",9.0,banner on mountains,3.0,12.0,"(22,)",page3-33.svg,True
P2G030,exp2_train_and_test_35.json,P2R01065,15,2,page6-109.svg,False,1.0,high,single-utterance-unidirectional,P2-044,P2-002,"['page7-166.svg', 'page6-107.svg', 'page4-98.svg', 'page6-175.svg', 'page7-127.svg', 'page8-192.svg', 'page7-20.svg', 'page5-190.svg', 'page2-20.svg', 'page6-109.svg']",4.0,invisible superhero with cape,4.0,9.0,"(13,)",page6-109.svg,True
P2G024,exp2_train_and_test_48.json,P2R02051,28,4,page6-124.svg,True,1.0,high,single-utterance-unidirectional,P2-116,P2-001,"['page8-221.svg', 'page1-97.svg', 'page6-124.svg', 'page4-244.svg', 'page6-23.svg', 'page1-95.svg', 'page4-98.svg', 'page4-142.svg', 'page7-53.svg', 'page5-56.svg']",6.0,looks a bit like a batman sign with a white square in the middle,14.0,27.0,"(33,)",page6-124.svg,True
P2G004,exp2_train_and_test_32.json,P2R02135,22,3,page7-157.svg,False,0.6037037037037036,low,single-utterance-unidirectional,P2-078,P2-018,"['page4-232.svg', 'page5-45.svg', 'page7-115.svg', 'page5-155.svg', 'page2-131.svg', 'page7-155.svg', 'page7-157.svg', 'page8-217.svg', 'page5-233.svg', 'page1-34.svg']",13.0,The 5-sided shape balancing on the triangle,7.0,27.0,"(34,)",page7-157.svg,True
P2G010,exp2_train_and_test_17.json,P2R01500,27,4,page7-144.svg,True,1.0,high,single-utterance-unidirectional,P2-068,P2-092,"['page1-107.svg', 'page7-144.svg', 'page7-41.svg', 'page6-1.svg', 'page7-15.svg', 'page8-221.svg', 'page5-121.svg', 'page6-208.svg', 'page8-22.svg', 'page7-155.svg']",4.0,looks like a giant octagon with a flat surface and a nose to the right,15.0,22.0,"(33,)",page7-144.svg,True
P2G023,exp2_train_and_test_40.json,P2R01835,13,2,page3-201.svg,False,0.5548148148148148,low,single-utterance-unidirectional,P2-056,P2-081,"['page7-29.svg', 'page2-100.svg', 'page7-144.svg', 'page3-201.svg', 'page9-23.svg', 'page3-200.svg', 'page2-165.svg', 'page4-232.svg', 'page5-153.svg', 'page7-44.svg']",8.0,"Looks like the bottom of a tree, with rabbit ears",10.0,18.0,"(24,)",page3-201.svg,True
P2G023,exp2_train_and_test_40.json,P2R01300,38,5,page6-107.svg,False,0.7000000000000001,low,single-utterance-unidirectional,P2-056,P2-081,"['page3-59.svg', 'page7-203.svg', 'page7-217.svg', 'page5-155.svg', 'page5-85.svg', 'page8-169.svg', 'page7-157.svg', 'page1-175.svg', 'page6-107.svg', 'page8-234.svg']",4.0,Looks like a rocket,4.0,9.0,"(20,)",page6-107.svg,True
P2G022,exp2_train_and_test_53.json,P2R00276,3,0,page4-232.svg,False,1.0,high,single-utterance-unidirectional,P2-009,P2-103,"['page8-159.svg', 'page8-58.svg', 'page5-165.svg', 'page7-127.svg', 'page7-157.svg', 'page9-40.svg', 'page3-70.svg', 'page4-232.svg', 'page8-234.svg', 'page5-45.svg']",15.0,pine tree,2.0,17.0,"(26,)",page4-232.svg,True
P2G034,exp2_train_and_test_7.json,P2R00235,12,2,page1-34.svg,False,1.0,high,single-utterance-unidirectional,P2-031,P2-035,"['page2-86.svg', 'page5-165.svg', 'page3-70.svg', 'page6-122.svg', 'page5-102.svg', 'page7-117.svg', 'page2-140.svg', 'page1-34.svg', 'page2-136.svg', 'page5-155.svg']",5.0,it's the heart standing on a base,7.0,20.0,"(26,)",page1-34.svg,True
P2G015,exp2_train_and_test_16.json,P2R00089,27,4,page5-213.svg,False,0.7148148148148149,low,single-utterance-unidirectional,P2-058,P2-047,"['page5-56.svg', 'page5-213.svg', 'page1-34.svg', 'page7-79.svg', 'page2-114.svg', 'page6-1.svg', 'page4-180.svg', 'page5-85.svg', 'page2-133.svg', 'page6-204.svg']",9.0,a man walking right,4.0,12.0,"(24,)",page5-213.svg,True
P2G050,exp2_train_and_test_47.json,P2R01457,12,2,page3-201.svg,False,0.5548148148148148,low,single-utterance-unidirectional,P2-053,P2-039,"['page7-127.svg', 'page5-84.svg', 'page3-201.svg', 'page5-56.svg', 'page6-1.svg', 'page6-162.svg', 'page8-182.svg', 'page7-125.svg', 'page5-139.svg', 'page8-206.svg']",9.0,"sorry! anyway, bunny",3.0,19.0,"(33,)",page3-201.svg,True
P2G041,exp2_train_and_test_52.json,P2R00070,24,4,page9-32.svg,True,1.0,high,single-utterance-unidirectional,P2-072,P2-005,"['page8-215.svg', 'page2-16.svg', 'page7-10.svg', 'page1-150.svg', 'page9-32.svg', 'page8-156.svg', 'page6-107.svg', 'page8-159.svg', 'page1-172.svg', 'page8-246.svg']",13.0,Looks like a saussage dog,5.0,20.0,"(23,)",page9-32.svg,True
P2G025,exp2_train_and_test_9.json,P2R00841,36,5,page5-75.svg,False,0.6944444444444444,low,single-utterance-unidirectional,P2-094,P2-007,"['page9-34.svg', 'page7-115.svg', 'page4-98.svg', 'page7-177.svg', 'page7-35.svg', 'page6-245.svg', 'page7-144.svg', 'page2-131.svg', 'page5-75.svg', 'page6-204.svg']",3.0,flamingo/crane/bird,1.0,17.0,"(22,)",page5-75.svg,True
P2G046,exp2_train_and_test_46.json,P2R00435,33,5,page7-203.svg,False,0.9925925925925926,high,single-utterance-unidirectional,P2-008,P2-079,"['page7-217.svg', 'page3-59.svg', 'page8-234.svg', 'page5-85.svg', 'page7-157.svg', 'page1-175.svg', 'page7-203.svg', 'page5-155.svg', 'page8-169.svg', 'page6-107.svg']",4.0,Arrow pops the balloon!,4.0,12.0,"(48,)",page7-203.svg,True
P2G002,exp2_train_and_test_15.json,P2R01259,18,3,page7-125.svg,False,0.9935185185185184,high,single-utterance-unidirectional,P2-062,P2-114,"['page4-180.svg', 'page1-172.svg', 'page2-20.svg', 'page5-96.svg', 'page2-114.svg', 'page8-159.svg', 'page6-53.svg', 'page3-70.svg', 'page7-53.svg', 'page7-125.svg']",5.0,pillar,1.0,6.0,"(8,)",page7-125.svg,True
P2G019,exp2_train_and_test_26.json,P2R01507,36,5,page3-70.svg,False,1.0,high,single-utterance-unidirectional,P2-069,P2-034,"['page6-166.svg', 'page7-157.svg', 'page6-31.svg', 'page5-174.svg', 'page3-70.svg', 'page8-183.svg', 'page5-153.svg', 'page7-125.svg', 'page5-84.svg', 'page3-66.svg']",9.0,"flat bottom, with arrow on left hand side facing the q0 o'clock position",13.0,32.0,"(47,)",page3-70.svg,True
P2G036,exp2_train_and_test_45.json,P2R01876,12,2,page1-185.svg,False,0.6611111111111112,low,single-utterance-unidirectional,P2-091,P2-052,"['page8-22.svg', 'page7-144.svg', 'page9-34.svg', 'page2-36.svg', 'page7-216.svg', 'page7-115.svg', 'page7-22.svg', 'page7-107.svg', 'page1-185.svg', 'page6-31.svg']",,,,,,,
P2G018,exp2_train_and_test_57.json,P2R02199,25,4,page4-195.svg,False,1.0,high,single-utterance-unidirectional,P2-067,P2-083,"['page4-195.svg', 'page3-139.svg', 'page7-40.svg', 'page5-102.svg', 'page5-26.svg', 'page7-217.svg', 'page7-20.svg', 'page9-40.svg', 'page5-232.svg', 'page8-22.svg']",5.0,"crap claw,",2.0,10.0,"(16,)",page4-195.svg,True
P2G007,exp2_train_and_test_20.json,P2R02297,36,5,page3-70.svg,False,1.0,high,single-utterance-unidirectional,P2-108,P2-074,"['page6-166.svg', 'page7-157.svg', 'page6-31.svg', 'page5-174.svg', 'page3-70.svg', 'page8-183.svg', 'page5-153.svg', 'page7-125.svg', 'page5-84.svg', 'page3-66.svg']",6.0,bed with headboard on left,5.0,13.0,"(29,)",page3-70.svg,True
P2G006,exp2_train_and_test_51.json,P2R00271,28,4,page7-15.svg,False,0.5935185185185186,low,single-utterance-unidirectional,P2-071,P2-050,"['page7-127.svg', 'page2-20.svg', 'page7-157.svg', 'page8-246.svg', 'page8-58.svg', 'page7-15.svg', 'page6-167.svg', 'page4-155.svg', 'page5-190.svg', 'page7-125.svg']",11.0,four small mountains,3.0,14.0,"(23,)",page7-15.svg,True
P2G017,exp2_train_and_test_13.json,P2R00062,31,5,page3-201.svg,False,0.5548148148148148,low,single-utterance-unidirectional,P2-104,P2-059,"['page6-167.svg', 'page1-77.svg', 'page4-96.svg', 'page1-175.svg', 'page7-20.svg', 'page1-149.svg', 'page1-133.svg', 'page4-5.svg', 'page3-201.svg', 'page7-4.svg']",7.0,an upright bunny with ears,5.0,25.0,"(32,)",page3-201.svg,True
P2G042,exp2_train_and_test_50.json,P2R01105,5,0,page1-95.svg,False,1.0,high,single-utterance-unidirectional,P2-049,P2-042,"['page3-21.svg', 'page2-136.svg', 'page5-56.svg', 'page8-169.svg', 'page6-204.svg', 'page1-95.svg', 'page6-31.svg', 'page8-58.svg', 'page2-165.svg', 'page1-175.svg']",,,,,,,
P2G059,exp2_train_and_test_59.json,P2R00142,16,2,page6-167.svg,True,1.0,high,single-utterance-unidirectional,P2-098,P2-004,"['page7-116.svg', 'page8-56.svg', 'page5-96.svg', 'page6-167.svg', 'page7-157.svg', 'page8-159.svg', 'page5-102.svg', 'page3-61.svg', 'page7-126.svg', 'page7-144.svg']",,,,,,,
P2G027,exp2_train_and_test_49.json,P2R02159,28,4,page7-115.svg,False,0.6,low,single-utterance-unidirectional,P2-113,P2-063,"['page7-186.svg', 'page2-140.svg', 'page8-192.svg', 'page2-114.svg', 'page5-153.svg', 'page5-80.svg', 'page7-44.svg', 'page8-18.svg', 'page7-115.svg', 'page2-85.svg']",12.0,H,1.0,13.0,"(23,)",page7-115.svg,True
P2G051,exp2_train_and_test_5.json,P2R00568,28,4,page7-20.svg,False,1.0,high,single-utterance-unidirectional,P2-016,P2-051,"['page7-40.svg', 'page3-52.svg', 'page5-40.svg', 'page5-107.svg', 'page3-33.svg', 'page3-21.svg', 'page7-20.svg', 'page6-228.svg', 'page7-166.svg', 'page7-155.svg']",5.0,building slanted to the right,5.0,14.0,"(15,)",page7-20.svg,True
P2G032,exp2_train_and_test_44.json,P2R00034,10,1,page6-226.svg,False,1.0,high,single-utterance-unidirectional,P2-096,P2-102,"['page8-21.svg', 'page4-197.svg', 'page6-53.svg', 'page4-96.svg', 'page2-34.svg', 'page5-101.svg', 'page7-20.svg', 'page5-190.svg', 'page8-22.svg', 'page6-226.svg']",10.0,squares on points with tube behind,6.0,25.0,"(39,)",page4-96.svg,False
P2G018,exp2_train_and_test_57.json,P2R01862,29,4,page5-26.svg,False,0.7518518518518518,low,single-utterance-unidirectional,P2-067,P2-083,"['page4-195.svg', 'page3-139.svg', 'page7-40.svg', 'page5-102.svg', 'page5-26.svg', 'page7-217.svg', 'page7-20.svg', 'page9-40.svg', 'page5-232.svg', 'page8-22.svg']",6.0,the heart shape with triangle on top,7.0,17.0,"(24,)",page5-26.svg,True
P2G015,exp2_train_and_test_16.json,P2R01895,18,3,page6-204.svg,False,1.0,high,single-utterance-unidirectional,P2-047,P2-058,"['page5-85.svg', 'page5-213.svg', 'page6-1.svg', 'page5-56.svg', 'page1-34.svg', 'page4-180.svg', 'page2-114.svg', 'page2-133.svg', 'page7-79.svg', 'page6-204.svg']",6.0,a tall building with a chimney on the left,9.0,11.0,"(23,)",page6-204.svg,True
P2G003,exp2_train_and_test_21.json,P2R01123,38,5,page3-66.svg,False,1.0,high,single-utterance-unidirectional,P2-105,P2-041,"['page6-166.svg', 'page7-157.svg', 'page6-31.svg', 'page5-174.svg', 'page3-70.svg', 'page8-183.svg', 'page5-153.svg', 'page7-125.svg', 'page5-84.svg', 'page3-66.svg']",,,,,"(41,)",page3-66.svg,True
P2G027,exp2_train_and_test_49.json,P2R01800,12,2,page7-44.svg,False,1.0,high,single-utterance-unidirectional,P2-113,P2-063,"['page7-186.svg', 'page2-140.svg', 'page8-192.svg', 'page2-114.svg', 'page5-153.svg', 'page5-80.svg', 'page7-44.svg', 'page8-18.svg', 'page7-115.svg', 'page2-85.svg']",5.0,square with triangle feet,4.0,15.0,"(26,)",page7-44.svg,True
P2G007,exp2_train_and_test_20.json,P2R00982,33,5,page6-166.svg,False,1.0,high,single-utterance-unidirectional,P2-074,P2-108,"['page7-125.svg', 'page8-183.svg', 'page7-157.svg', 'page3-66.svg', 'page5-84.svg', 'page6-31.svg', 'page6-166.svg', 'page5-153.svg', 'page3-70.svg', 'page5-174.svg']",6.0,crooked arrow pointing down and to the left,8.0,19.0,"(29,)",page6-166.svg,True
P2G036,exp2_train_and_test_45.json,P2R02104,26,4,page6-31.svg,True,0.5333333333333334,low,single-utterance-unidirectional,P2-052,P2-091,"['page7-144.svg', 'page7-22.svg', 'page7-115.svg', 'page9-34.svg', 'page6-31.svg', 'page8-22.svg', 'page2-36.svg', 'page7-216.svg', 'page1-185.svg', 'page7-107.svg']",,,,,,,
P2G050,exp2_train_and_test_47.json,P2R01997,1,0,page6-1.svg,False,0.9935185185185184,high,single-utterance-unidirectional,P2-053,P2-039,"['page7-127.svg', 'page5-84.svg', 'page3-201.svg', 'page5-56.svg', 'page6-1.svg', 'page6-162.svg', 'page8-182.svg', 'page7-125.svg', 'page5-139.svg', 'page8-206.svg']",9.0,"long on the top, like an L on its side",10.0,32.0,"(46,)",page6-1.svg,True
P2G037,exp2_train_and_test_42.json,P2R02282,13,2,page7-53.svg,False,0.7333333333333332,low,single-utterance-unidirectional,P2-075,P2-026,"['page8-58.svg', 'page5-96.svg', 'page8-159.svg', 'page7-53.svg', 'page1-150.svg', 'page6-226.svg', 'page7-73.svg', 'page6-206.svg', 'page5-128.svg', 'page6-71.svg']",10.0,a worm,2.0,15.0,"(25,)",page7-53.svg,True
P2G006,exp2_train_and_test_51.json,P2R01397,14,2,page8-58.svg,True,0.7259259259259259,low,single-utterance-unidirectional,P2-050,P2-071,"['page7-157.svg', 'page7-127.svg', 'page5-190.svg', 'page8-246.svg', 'page6-167.svg', 'page8-58.svg', 'page4-155.svg', 'page7-125.svg', 'page2-20.svg', 'page7-15.svg']",3.0,man walking towards the right,5.0,7.0,"(11,)",page8-58.svg,True
P2G044,exp2_train_and_test_39.json,P2R02165,39,5,page8-159.svg,False,1.0,high,single-utterance-unidirectional,P2-076,P2-101,"['page8-159.svg', 'page1-133.svg', 'page9-39.svg', 'page2-165.svg', 'page8-215.svg', 'page1-117.svg', 'page8-246.svg', 'page4-180.svg', 'page6-226.svg', 'page9-34.svg']",14.0,like the leter J,4.0,20.0,"(26,)",page8-159.svg,True
P2G046,exp2_train_and_test_46.json,P2R01395,23,3,page8-182.svg,True,0.5333333333333334,low,single-utterance-unidirectional,P2-008,P2-079,"['page6-166.svg', 'page5-153.svg', 'page4-197.svg', 'page8-182.svg', 'page2-86.svg', 'page8-156.svg', 'page8-22.svg', 'page9-34.svg', 'page2-20.svg', 'page2-34.svg']",8.0,A snake standing on its tail.,6.0,14.0,"(25,)",page8-182.svg,True
P2G043,exp2_train_and_test_54.json,P2R01328,14,2,page4-142.svg,False,1.0,high,single-utterance-unidirectional,P2-088,P2-115,"['page6-245.svg', 'page6-107.svg', 'page4-142.svg', 'page7-177.svg', 'page8-18.svg', 'page5-80.svg', 'page7-217.svg', 'page5-155.svg', 'page2-131.svg', 'page6-109.svg']",,,,,,,
P2G058,exp2_train_and_test_2.json,P2R00050,32,5,page4-98.svg,False,0.7222222222222223,low,single-utterance-unidirectional,P2-082,P2-077,"['page9-34.svg', 'page7-115.svg', 'page4-98.svg', 'page7-177.svg', 'page7-35.svg', 'page6-245.svg', 'page7-144.svg', 'page2-131.svg', 'page5-75.svg', 'page6-204.svg']",3.0,sword,1.0,3.0,"(7,)",page4-98.svg,True
P2G037,exp2_train_and_test_42.json,P2R00285,10,1,page5-96.svg,True,0.5444444444444445,low,single-utterance-unidirectional,P2-026,P2-075,"['page6-226.svg', 'page5-96.svg', 'page6-206.svg', 'page7-53.svg', 'page6-71.svg', 'page7-73.svg', 'page8-159.svg', 'page5-128.svg', 'page8-58.svg', 'page1-150.svg']",13.0,a cat facing left,4.0,19.0,"(24,)",page5-96.svg,True
P2G047,exp2_train_and_test_11.json,P2R01715,16,2,page7-36.svg,False,1.0,high,single-utterance-unidirectional,P2-089,P2-065,"['page8-156.svg', 'page8-192.svg', 'page6-162.svg', 'page7-53.svg', 'page7-145.svg', 'page7-177.svg', 'page7-226.svg', 'page-F.svg', 'page7-41.svg', 'page7-36.svg']",4.0,The weird L shape,4.0,9.0,"(19,)",page7-36.svg,True
P2G054,exp2_train_and_test_38.json,P2R00206,33,5,page4-180.svg,False,0.6944444444444445,low,single-utterance-unidirectional,P2-055,P2-012,"['page8-159.svg', 'page1-133.svg', 'page9-39.svg', 'page2-165.svg', 'page8-215.svg', 'page1-117.svg', 'page8-246.svg', 'page4-180.svg', 'page6-226.svg', 'page9-34.svg']",3.0,a butterfly,2.0,6.0,"(16,)",page4-180.svg,True
P2G023,exp2_train_and_test_40.json,P2R00064,35,5,page5-155.svg,False,0.5777777777777778,low,single-utterance-unidirectional,P2-081,P2-056,"['page7-217.svg', 'page3-59.svg', 'page8-234.svg', 'page5-85.svg', 'page7-157.svg', 'page1-175.svg', 'page7-203.svg', 'page5-155.svg', 'page8-169.svg', 'page6-107.svg']",6.0,Wonky christmas tree,3.0,16.0,"(23,)",page5-155.svg,True
P2G043,exp2_train_and_test_54.json,P2R01175,18,3,page5-155.svg,False,0.5777777777777778,low,single-utterance-unidirectional,P2-115,P2-088,"['page4-142.svg', 'page5-80.svg', 'page2-131.svg', 'page5-155.svg', 'page6-245.svg', 'page8-18.svg', 'page7-217.svg', 'page6-107.svg', 'page7-177.svg', 'page6-109.svg']",,,,,,,
P2G025,exp2_train_and_test_9.json,P2R01362,3,0,page8-192.svg,False,0.6444444444444446,low,single-utterance-unidirectional,P2-094,P2-007,"['page4-5.svg', 'page2-100.svg', 'page5-36.svg', 'page5-120.svg', 'page5-190.svg', 'page1-97.svg', 'page8-21.svg', 'page7-15.svg', 'page8-192.svg', 'page6-226.svg']",17.0,"pony, head left, tail right",5.0,32.0,"(47,)",page8-192.svg,True
P2G027,exp2_train_and_test_49.json,P2R00935,2,0,page7-115.svg,False,0.6,low,single-utterance-unidirectional,P2-113,P2-063,"['page7-186.svg', 'page2-140.svg', 'page8-192.svg', 'page2-114.svg', 'page5-153.svg', 'page5-80.svg', 'page7-44.svg', 'page8-18.svg', 'page7-115.svg', 'page2-85.svg']",13.0,looks like a squished H,5.0,28.0,"(33,)",page7-115.svg,True
P2G026,exp2_train_and_test_24.json,P2R01466,16,2,page5-45.svg,True,1.0,high,single-utterance-unidirectional,P2-048,P2-057,"['page1-48.svg', 'page1-133.svg', 'page9-40.svg', 'page8-38.svg', 'page7-44.svg', 'page-F.svg', 'page5-45.svg', 'page4-195.svg', 'page6-206.svg', 'page7-55.svg']",,,,,,,
P2G016,exp2_train_and_test_56.json,P2R00618,39,5,page2-140.svg,False,1.0,high,single-utterance-unidirectional,P2-043,P2-003,"['page6-206.svg', 'page7-113.svg', 'page7-166.svg', 'page2-100.svg', 'page3-33.svg', 'page2-140.svg', 'page6-160.svg', 'page4-128.svg', 'page1-149.svg', 'page7-107.svg']",4.0,man drowning. holding a square out of the water,9.0,18.0,"(27,)",page2-140.svg,True
P2G004,exp2_train_and_test_32.json,P2R00136,0,0,page7-115.svg,False,0.6,low,single-utterance-unidirectional,P2-018,P2-078,"['page4-232.svg', 'page2-131.svg', 'page7-155.svg', 'page5-233.svg', 'page1-34.svg', 'page5-45.svg', 'page8-217.svg', 'page7-157.svg', 'page7-115.svg', 'page5-155.svg']",12.0,a bridge,2.0,16.0,"(39,)",page7-115.svg,True
P2G012,exp2_train_and_test_29.json,P2R02196,25,4,page9-25.svg,False,1.0,high,single-utterance-unidirectional,P2-025,P2-066,"['page7-115.svg', 'page2-34.svg', 'page5-75.svg', 'page5-128.svg', 'page6-186.svg', 'page1-132.svg', 'page9-25.svg', 'page7-117.svg', 'page6-228.svg', 'page4-241.svg']",3.0,"upside down ""h""",3.0,6.0,"(8,)",page9-25.svg,True
P2G020,exp2_train_and_test_31.json,P2R02157,29,4,page9-23.svg,False,1.0,high,single-utterance-unidirectional,P2-046,P2-023,"['page5-84.svg', 'page3-201.svg', 'page1-48.svg', 'page9-23.svg', 'page5-75.svg', 'page6-162.svg', 'page4-96.svg', 'page6-52.svg', 'page6-192.svg', 'page5-80.svg']",14.0,big half triangle balancing some shapes,6.0,21.0,"(27,)",page9-23.svg,True
P2G007,exp2_train_and_test_20.json,P2R01506,32,5,page5-153.svg,False,0.6425925925925926,low,single-utterance-unidirectional,P2-108,P2-074,"['page6-166.svg', 'page7-157.svg', 'page6-31.svg', 'page5-174.svg', 'page3-70.svg', 'page8-183.svg', 'page5-153.svg', 'page7-125.svg', 'page5-84.svg', 'page3-66.svg']",12.0,pan with open top,4.0,19.0,"(32,)",page3-66.svg,False
P2G010,exp2_train_and_test_17.json,P2R01603,6,1,page6-1.svg,True,0.9935185185185184,high,single-utterance-unidirectional,P2-068,P2-092,"['page1-107.svg', 'page7-144.svg', 'page7-41.svg', 'page6-1.svg', 'page7-15.svg', 'page8-221.svg', 'page5-121.svg', 'page6-208.svg', 'page8-22.svg', 'page7-155.svg']",4.0,It looks like a boomerang pointing to the right,9.0,18.0,"(33,)",page6-1.svg,True
P2G031,exp2_train_and_test_1.json,P2R00926,29,4,page5-101.svg,False,0.6666666666666667,low,single-utterance-unidirectional,P2-032,P2-017,"['page3-70.svg', 'page8-156.svg', 'page7-40.svg', 'page2-165.svg', 'page8-21.svg', 'page6-171.svg', 'page1-95.svg', 'page3-61.svg', 'page7-29.svg', 'page5-101.svg']",4.0,"diamond with 2 triangles, like a funny E",8.0,12.0,"(15,)",page5-101.svg,True
P2G023,exp2_train_and_test_40.json,P2R00699,8,1,page5-153.svg,False,0.6425925925925926,low,single-utterance-unidirectional,P2-081,P2-056,"['page2-100.svg', 'page3-201.svg', 'page9-23.svg', 'page7-144.svg', 'page7-29.svg', 'page3-200.svg', 'page4-232.svg', 'page2-165.svg', 'page7-44.svg', 'page5-153.svg']",10.0,looks like a bowl,4.0,17.0,"(22,)",page5-153.svg,True
P2G018,exp2_train_and_test_57.json,P2R02305,14,2,page5-102.svg,False,0.7444444444444442,low,single-utterance-unidirectional,P2-067,P2-083,"['page4-195.svg', 'page3-139.svg', 'page7-40.svg', 'page5-102.svg', 'page5-26.svg', 'page7-217.svg', 'page7-20.svg', 'page9-40.svg', 'page5-232.svg', 'page8-22.svg']",11.0,looks like a seahorse,4.0,18.0,"(39,)",page4-195.svg,False
P2G011,exp2_train_and_test_36.json,P2R01898,7,1,page9-32.svg,False,1.0,high,single-utterance-unidirectional,P2-073,P2-014,"['page3-61.svg', 'page7-116.svg', 'page5-75.svg', 'page9-32.svg', 'page3-201.svg', 'page2-100.svg', 'page8-183.svg', 'page5-26.svg', 'page3-66.svg', 'page3-163.svg']",6.0,dog,1.0,7.0,"(14,)",page9-32.svg,True
P2G002,exp2_train_and_test_15.json,P2R01355,28,4,page7-53.svg,False,0.7333333333333332,low,single-utterance-unidirectional,P2-114,P2-062,"['page7-53.svg', 'page6-53.svg', 'page3-70.svg', 'page2-20.svg', 'page1-172.svg', 'page7-125.svg', 'page5-96.svg', 'page8-159.svg', 'page2-114.svg', 'page4-180.svg']",4.0,long thin brodge,3.0,8.0,"(11,)",page7-53.svg,True
P2G028,exp2_train_and_test_0.json,P2R00041,3,0,page9-39.svg,False,0.7407407407407408,low,single-utterance-unidirectional,P2-100,P2-015,"['page8-247.svg', 'page6-206.svg', 'page1-117.svg', 'page2-140.svg', 'page1-30.svg', 'page9-39.svg', 'page1-185.svg', 'page3-33.svg', 'page6-228.svg', 'page7-81.svg']",9.0,It looks like a smoking pipe or maybe a pipe you would see under the sink. J shaped,18.0,30.0,"(41,)",page9-39.svg,True
P2G053,exp2_train_and_test_23.json,P2R00412,6,1,page6-226.svg,False,1.0,high,single-utterance-unidirectional,P2-037,P2-045,"['page1-133.svg', 'page7-116.svg', 'page6-160.svg', 'page1-128.svg', 'page8-248.svg', 'page7-10.svg', 'page5-56.svg', 'page6-226.svg', 'page6-204.svg', 'page5-188.svg']",5.0,two squares with a bit sticking up on the left top,11.0,18.0,"(33,)",page6-226.svg,True
P2G026,exp2_train_and_test_24.json,P2R00670,7,1,page7-44.svg,True,1.0,high,single-utterance-unidirectional,P2-048,P2-057,"['page1-48.svg', 'page1-133.svg', 'page9-40.svg', 'page8-38.svg', 'page7-44.svg', 'page-F.svg', 'page5-45.svg', 'page4-195.svg', 'page6-206.svg', 'page7-55.svg']",,,,,,,
P2G055,exp2_train_and_test_37.json,P2R01827,1,0,page7-20.svg,False,1.0,high,single-utterance-unidirectional,P2-110,P2-011,"['page1-185.svg', 'page1-95.svg', 'page7-113.svg', 'page6-121.svg', 'page7-20.svg', 'page7-191.svg', 'page6-107.svg', 'page8-22.svg', 'page8-18.svg', 'page4-96.svg']",18.0,A building leaning to the right.,6.0,32.0,"(44,)",page7-20.svg,True
P2G028,exp2_train_and_test_0.json,P2R01114,0,0,page1-117.svg,False,1.0,high,single-utterance-unidirectional,P2-100,P2-015,"['page8-247.svg', 'page6-206.svg', 'page1-117.svg', 'page2-140.svg', 'page1-30.svg', 'page9-39.svg', 'page1-185.svg', 'page3-33.svg', 'page6-228.svg', 'page7-81.svg']",9.0,The image looks like an old school cup or mug,10.0,29.0,"(52,)",page1-185.svg,False
P2G028,exp2_train_and_test_0.json,P2R01690,37,5,page6-245.svg,False,1.0,high,single-utterance-unidirectional,P2-015,P2-100,"['page7-177.svg', 'page5-75.svg', 'page6-204.svg', 'page7-35.svg', 'page7-144.svg', 'page4-98.svg', 'page2-131.svg', 'page6-245.svg', 'page9-34.svg', 'page7-115.svg']",20.0,it looks like a bird but with a thick tail,10.0,42.0,"(49,)",page5-75.svg,False
P2G020,exp2_train_and_test_31.json,P2R00524,15,2,page5-75.svg,False,0.6944444444444444,low,single-utterance-unidirectional,P2-046,P2-023,"['page5-84.svg', 'page3-201.svg', 'page1-48.svg', 'page9-23.svg', 'page5-75.svg', 'page6-162.svg', 'page4-96.svg', 'page6-52.svg', 'page6-192.svg', 'page5-80.svg']",11.0,its a white duck. with a black foot.,8.0,17.0,"(32,)",page5-75.svg,True
P2G024,exp2_train_and_test_48.json,P2R01097,1,0,page8-221.svg,True,1.0,high,single-utterance-unidirectional,P2-116,P2-001,"['page8-221.svg', 'page1-97.svg', 'page6-124.svg', 'page4-244.svg', 'page6-23.svg', 'page1-95.svg', 'page4-98.svg', 'page4-142.svg', 'page7-53.svg', 'page5-56.svg']",16.0,Boat heading right with pointy bottom,6.0,24.0,"(38,)",page1-95.svg,False
P2G028,exp2_train_and_test_0.json,P2R00259,38,5,page7-177.svg,False,1.0,high,single-utterance-unidirectional,P2-100,P2-015,"['page9-34.svg', 'page7-115.svg', 'page4-98.svg', 'page7-177.svg', 'page7-35.svg', 'page6-245.svg', 'page7-144.svg', 'page2-131.svg', 'page5-75.svg', 'page6-204.svg']",6.0,backwards letter C with a square to the right of it,11.0,13.0,"(28,)",page7-177.svg,True
P2G020,exp2_train_and_test_31.json,P2R00746,26,4,page5-75.svg,False,0.6944444444444444,low,single-utterance-unidirectional,P2-046,P2-023,"['page5-84.svg', 'page3-201.svg', 'page1-48.svg', 'page9-23.svg', 'page5-75.svg', 'page6-162.svg', 'page4-96.svg', 'page6-52.svg', 'page6-192.svg', 'page5-80.svg']",15.0,A duck with a white tail,6.0,22.0,"(34,)",page5-75.svg,True
P2G013,exp2_train_and_test_55.json,P2R01203,21,3,page3-61.svg,False,1.0,high,single-utterance-unidirectional,P2-109,P2-097,"['page4-244.svg', 'page7-155.svg', 'page1-77.svg', 'page3-59.svg', 'page5-128.svg', 'page5-139.svg', 'page3-61.svg', 'page4-241.svg', 'page4-98.svg', 'page6-107.svg']",6.0,weird shaped bench,3.0,13.0,"(24,)",page3-61.svg,True
P2G045,exp2_train_and_test_34.json,P2R01932,23,3,page9-32.svg,False,1.0,high,single-utterance-unidirectional,P2-054,P2-087,"['page6-219.svg', 'page9-32.svg', 'page1-172.svg', 'page7-202.svg', 'page4-155.svg', 'page5-66.svg', 'page7-127.svg', 'page8-38.svg', 'page2-16.svg', 'page7-117.svg']",12.0,sausage dog,2.0,14.0,"(25,)",page9-32.svg,True
P2G033,exp2_train_and_test_8.json,P2R00385,27,4,page5-26.svg,False,0.7518518518518518,low,single-utterance-unidirectional,P2-112,P2-095,"['page5-45.svg', 'page5-26.svg', 'page5-96.svg', 'page3-61.svg', 'page4-190.svg', 'page8-166.svg', 'page8-234.svg', 'page6-219.svg', 'page7-4.svg', 'page7-15.svg']",5.0,the heart with the top cut off,7.0,9.0,"(12,)",page5-26.svg,True
P2G052,exp2_train_and_test_30.json,P2R00057,7,1,page4-155.svg,False,0.3777777777777779,low,single-utterance-unidirectional,P2-030,P2-061,"['page5-101.svg', 'page6-166.svg', 'page8-156.svg', 'page1-172.svg', 'page6-21.svg', 'page3-201.svg', 'page2-34.svg', 'page2-136.svg', 'page4-155.svg', 'page6-245.svg']",37.0,flattened M,2.0,39.0,,,
P2G056,exp2_train_and_test_33.json,P2R01782,36,5,page8-215.svg,False,0.6666666666666667,low,single-utterance-unidirectional,P2-086,P2-028,"['page2-165.svg', 'page9-39.svg', 'page1-117.svg', 'page4-180.svg', 'page8-246.svg', 'page8-215.svg', 'page1-133.svg', 'page6-226.svg', 'page8-159.svg', 'page9-34.svg']",6.0,Snake facing right,3.0,17.0,"(24,)",page8-215.svg,True
P2G045,exp2_train_and_test_34.json,P2R00346,29,4,page9-32.svg,False,1.0,high,single-utterance-unidirectional,P2-087,P2-054,"['page7-127.svg', 'page5-66.svg', 'page4-155.svg', 'page7-117.svg', 'page2-16.svg', 'page6-219.svg', 'page1-172.svg', 'page7-202.svg', 'page9-32.svg', 'page8-38.svg']",8.0,sausage dog,2.0,11.0,"(23,)",page9-32.svg,True
P2G024,exp2_train_and_test_48.json,P2R01418,9,1,page4-98.svg,True,0.7222222222222223,low,single-utterance-unidirectional,P2-116,P2-001,"['page8-221.svg', 'page1-97.svg', 'page6-124.svg', 'page4-244.svg', 'page6-23.svg', 'page1-95.svg', 'page4-98.svg', 'page4-142.svg', 'page7-53.svg', 'page5-56.svg']",5.0,column with a pointy top,5.0,22.0,"(29,)",page4-98.svg,True
P2G007,exp2_train_and_test_20.json,P2R00393,35,5,page6-31.svg,False,0.5333333333333334,low,single-utterance-unidirectional,P2-074,P2-108,"['page7-125.svg', 'page8-183.svg', 'page7-157.svg', 'page3-66.svg', 'page5-84.svg', 'page6-31.svg', 'page6-166.svg', 'page5-153.svg', 'page3-70.svg', 'page5-174.svg']",12.0,three points on the top,5.0,22.0,"(30,)",page6-31.svg,True
P2G001,exp2_train_and_test_28.json,P2R01406,2,0,page5-121.svg,False,0.9925925925925926,high,single-utterance-unidirectional,P2-080,P2-027,"['page5-121.svg', 'page3-33.svg', 'page6-52.svg', 'page7-44.svg', 'page5-63.svg', 'page2-34.svg', 'page6-155.svg', 'page7-115.svg', 'page6-175.svg', 'page7-113.svg']",,,,,,,
P2G024,exp2_train_and_test_48.json,P2R01263,26,4,page4-142.svg,False,1.0,high,single-utterance-unidirectional,P2-001,P2-116,"['page4-142.svg', 'page5-56.svg', 'page1-97.svg', 'page4-98.svg', 'page6-23.svg', 'page4-244.svg', 'page8-221.svg', 'page1-95.svg', 'page7-53.svg', 'page6-124.svg']",10.0,finger,1.0,14.0,"(17,)",page4-142.svg,True
P2G021,exp2_train_and_test_58.json,P2R01249,32,5,page6-160.svg,False,0.5592592592592593,low,single-utterance-unidirectional,P2-064,P2-036,"['page4-128.svg', 'page7-107.svg', 'page7-113.svg', 'page3-33.svg', 'page2-100.svg', 'page7-166.svg', 'page6-206.svg', 'page1-149.svg', 'page6-160.svg', 'page2-140.svg']",4.0,A fish eating some fish food,6.0,10.0,"(16,)",page6-160.svg,True
P2G057,exp2_train_and_test_10.json,P2R01444,20,3,page7-79.svg,False,0.7777777777777777,low,single-utterance-unidirectional,P2-084,P2-090,"['page7-79.svg', 'page3-12.svg', 'page7-116.svg', 'page2-100.svg', 'page1-150.svg', 'page9-25.svg', 'page7-35.svg', 'page5-56.svg', 'page8-206.svg', 'page6-185.svg']",8.0,triangle bottom right holding up mountain range,7.0,22.0,"(37,)",page7-79.svg,True
P2G012,exp2_train_and_test_29.json,P2R00690,33,5,page6-166.svg,False,1.0,high,single-utterance-unidirectional,P2-066,P2-025,"['page7-125.svg', 'page8-183.svg', 'page7-157.svg', 'page3-66.svg', 'page5-84.svg', 'page6-31.svg', 'page6-166.svg', 'page5-153.svg', 'page3-70.svg', 'page5-174.svg']",4.0,The wrong one I chose last time!,7.0,18.0,"(23,)",page6-166.svg,True
P2G011,exp2_train_and_test_36.json,P2R00299,16,2,page5-26.svg,False,0.7518518518518518,low,single-utterance-unidirectional,P2-014,P2-073,"['page7-116.svg', 'page3-66.svg', 'page5-75.svg', 'page3-61.svg', 'page3-163.svg', 'page3-201.svg', 'page5-26.svg', 'page8-183.svg', 'page9-32.svg', 'page2-100.svg']",5.0,heart,1.0,7.0,"(12,)",page5-26.svg,True
P2G024,exp2_train_and_test_48.json,P2R01082,23,3,page4-244.svg,True,0.3777777777777778,low,single-utterance-unidirectional,P2-116,P2-001,"['page8-221.svg', 'page1-97.svg', 'page6-124.svg', 'page4-244.svg', 'page6-23.svg', 'page1-95.svg', 'page4-98.svg', 'page4-142.svg', 'page7-53.svg', 'page5-56.svg']",4.0,dinosaur looking left,3.0,11.0,"(18,)",page4-244.svg,True
P2G047,exp2_train_and_test_11.json,P2R02287,27,4,page7-41.svg,False,0.7555555555555555,low,single-utterance-unidirectional,P2-089,P2-065,"['page8-156.svg', 'page8-192.svg', 'page6-162.svg', 'page7-53.svg', 'page7-145.svg', 'page7-177.svg', 'page7-226.svg', 'page-F.svg', 'page7-41.svg', 'page7-36.svg']",12.0,House boat,2.0,17.0,"(24,)",page7-41.svg,True
P2G021,exp2_train_and_test_58.json,P2R02126,17,2,page7-41.svg,False,0.7555555555555555,low,single-utterance-unidirectional,P2-064,P2-036,"['page4-195.svg', 'page6-31.svg', 'page4-241.svg', 'page7-41.svg', 'page8-38.svg', 'page5-233.svg', 'page3-205.svg', 'page7-226.svg', 'page9-40.svg', 'page5-84.svg']",6.0,House boat,2.0,8.0,"(14,)",page7-41.svg,True
P2G026,exp2_train_and_test_24.json,P2R02243,22,3,page6-206.svg,False,0.7333333333333333,low,single-utterance-unidirectional,P2-048,P2-057,"['page1-48.svg', 'page1-133.svg', 'page9-40.svg', 'page8-38.svg', 'page7-44.svg', 'page-F.svg', 'page5-45.svg', 'page4-195.svg', 'page6-206.svg', 'page7-55.svg']",,,,,,,
P2G042,exp2_train_and_test_50.json,P2R01483,18,3,page1-95.svg,False,1.0,high,single-utterance-unidirectional,P2-042,P2-049,"['page1-175.svg', 'page1-95.svg', 'page5-56.svg', 'page8-58.svg', 'page3-21.svg', 'page8-169.svg', 'page6-204.svg', 'page6-31.svg', 'page2-165.svg', 'page2-136.svg']",8.0,heard and plate,3.0,12.0,,,
P2G057,exp2_train_and_test_10.json,P2R02332,29,4,page8-206.svg,False,1.0,high,single-utterance-unidirectional,P2-090,P2-084,"['page2-100.svg', 'page6-185.svg', 'page5-56.svg', 'page9-25.svg', 'page7-35.svg', 'page8-206.svg', 'page3-12.svg', 'page1-150.svg', 'page7-79.svg', 'page7-116.svg']",14.0,triangle holding the letter U made of shapes,8.0,40.0,"(47,)",page8-206.svg,True
P2G014,exp2_train_and_test_27.json,P2R00345,26,4,page3-201.svg,False,0.5548148148148148,low,single-utterance-unidirectional,P2-118,P2-060,"['page9-39.svg', 'page3-33.svg', 'page5-128.svg', 'page3-139.svg', 'page7-166.svg', 'page3-201.svg', 'page6-160.svg', 'page1-34.svg', 'page2-131.svg', 'page8-166.svg']",3.0,a rabbit,2.0,5.0,"(14,)",page3-201.svg,True
P2G039,exp2_train_and_test_4.json,P2R00765,9,1,page5-233.svg,False,1.0,high,single-utterance-unidirectional,P2-022,P2-093,"['page5-233.svg', 'page2-34.svg', 'page9-39.svg', 'page6-21.svg', 'page3-201.svg', 'page6-135.svg', 'page6-124.svg', 'page2-64.svg', 'page5-165.svg', 'page6-1.svg']",15.0,pair of pants,3.0,21.0,"(56,)",page2-34.svg,False
P2G007,exp2_train_and_test_20.json,P2R00508,9,1,page7-29.svg,False,1.0,high,single-utterance-unidirectional,P2-074,P2-108,"['page7-15.svg', 'page7-29.svg', 'page3-201.svg', 'page2-64.svg', 'page4-155.svg', 'page7-226.svg', 'page5-154.svg', 'page4-98.svg', 'page5-45.svg', 'page7-225.svg']",14.0,explosion going down,3.0,30.0,"(35,)",page7-29.svg,True
P2G049,exp2_train_and_test_41.json,P2R00398,20,3,page8-246.svg,False,1.0,high,single-utterance-unidirectional,P2-013,P2-070,"['page5-154.svg', 'page7-36.svg', 'page4-98.svg', 'page6-192.svg', 'page3-70.svg', 'page8-246.svg', 'page7-79.svg', 'page8-38.svg', 'page7-35.svg', 'page4-108.svg']",8.0,the jumping bear on one leg,6.0,21.0,"(33,)",page8-246.svg,True
P2G056,exp2_train_and_test_33.json,P2R02225,22,3,page5-63.svg,False,0.9935185185185184,high,single-utterance-unidirectional,P2-028,P2-086,"['page6-185.svg', 'page6-228.svg', 'page8-234.svg', 'page1-132.svg', 'page7-203.svg', 'page6-52.svg', 'page5-85.svg', 'page7-113.svg', 'page5-63.svg', 'page6-21.svg']",30.0,sqpyramid,1.0,38.0,"(46,)",page5-63.svg,True
P2G042,exp2_train_and_test_50.json,P2R01696,9,1,page1-175.svg,False,1.0,high,single-utterance-unidirectional,P2-042,P2-049,"['page1-175.svg', 'page1-95.svg', 'page5-56.svg', 'page8-58.svg', 'page3-21.svg', 'page8-169.svg', 'page6-204.svg', 'page6-31.svg', 'page2-165.svg', 'page2-136.svg']",26.0,square,1.0,27.0,,,
P2G045,exp2_train_and_test_34.json,P2R01387,1,0,page1-172.svg,False,0.6444444444444445,low,single-utterance-unidirectional,P2-087,P2-054,"['page7-127.svg', 'page5-66.svg', 'page4-155.svg', 'page7-117.svg', 'page2-16.svg', 'page6-219.svg', 'page1-172.svg', 'page7-202.svg', 'page9-32.svg', 'page8-38.svg']",8.0,A long necked dinosaur facing the left,7.0,18.0,"(24,)",page1-172.svg,True
P2G017,exp2_train_and_test_13.json,P2R02189,0,0,page7-125.svg,False,0.9935185185185184,high,single-utterance-unidirectional,P2-059,P2-104,"['page6-21.svg', 'page1-128.svg', 'page3-207.svg', 'page7-125.svg', 'page4-155.svg', 'page9-40.svg', 'page8-22.svg', 'page6-204.svg', 'page8-192.svg', 'page6-31.svg']",16.0,A statue of a head,5.0,23.0,"(48,)",page6-204.svg,False
P2G002,exp2_train_and_test_15.json,P2R00081,16,2,page3-70.svg,True,1.0,high,single-utterance-unidirectional,P2-062,P2-114,"['page4-180.svg', 'page1-172.svg', 'page2-20.svg', 'page5-96.svg', 'page2-114.svg', 'page8-159.svg', 'page6-53.svg', 'page3-70.svg', 'page7-53.svg', 'page7-125.svg']",10.0,"a sword tip pointing to the upper left, with 3 triangles connected to the right of it",17.0,35.0,"(52,)",page2-114.svg,False
P2G054,exp2_train_and_test_38.json,P2R01291,14,2,page2-131.svg,False,0.5333333333333334,low,single-utterance-unidirectional,P2-012,P2-055,"['page6-71.svg', 'page7-41.svg', 'page4-197.svg', 'page4-98.svg', 'page6-109.svg', 'page6-208.svg', 'page6-135.svg', 'page7-15.svg', 'page2-131.svg', 'page6-186.svg']",10.0,Hammer,1.0,15.0,"(25,)",page2-131.svg,True
P2G044,exp2_train_and_test_39.json,P2R00891,31,5,page9-34.svg,False,1.0,high,single-utterance-unidirectional,P2-076,P2-101,"['page8-159.svg', 'page1-133.svg', 'page9-39.svg', 'page2-165.svg', 'page8-215.svg', 'page1-117.svg', 'page8-246.svg', 'page4-180.svg', 'page6-226.svg', 'page9-34.svg']",17.0,"side profile of someone's face, their nose with something on it",11.0,31.0,"(42,)",page9-34.svg,True
P2G038,exp2_train_and_test_18.json,P2R02139,0,0,page6-219.svg,False,1.0,high,single-utterance-unidirectional,P2-020,P2-107,"['page1-172.svg', 'page4-142.svg', 'page6-123.svg', 'page4-98.svg', 'page8-234.svg', 'page9-23.svg', 'page6-219.svg', 'page7-126.svg', 'page9-32.svg', 'page1-34.svg']",6.0,It looks like a meat clover with a bent handle,10.0,24.0,"(40,)",page6-219.svg,True
P2G012,exp2_train_and_test_29.json,P2R01427,30,5,page7-157.svg,False,0.6037037037037036,low,single-utterance-unidirectional,P2-025,P2-066,"['page6-166.svg', 'page7-157.svg', 'page6-31.svg', 'page5-174.svg', 'page3-70.svg', 'page8-183.svg', 'page5-153.svg', 'page7-125.svg', 'page5-84.svg', 'page3-66.svg']",3.0,A giants gem above a triangle,6.0,11.0,"(21,)",page7-157.svg,True
P2G010,exp2_train_and_test_17.json,P2R00596,14,2,page8-22.svg,True,0.3444444444444444,low,single-utterance-unidirectional,P2-068,P2-092,"['page1-107.svg', 'page7-144.svg', 'page7-41.svg', 'page6-1.svg', 'page7-15.svg', 'page8-221.svg', 'page5-121.svg', 'page6-208.svg', 'page8-22.svg', 'page7-155.svg']",4.0,A crazy shape with spikes pointing out in every direction,10.0,10.0,"(30,)",page8-22.svg,True
P2G050,exp2_train_and_test_47.json,P2R01092,17,2,page5-56.svg,False,0.6222222222222223,low,single-utterance-unidirectional,P2-053,P2-039,"['page7-127.svg', 'page5-84.svg', 'page3-201.svg', 'page5-56.svg', 'page6-1.svg', 'page6-162.svg', 'page8-182.svg', 'page7-125.svg', 'page5-139.svg', 'page8-206.svg']",7.0,mountains,1.0,9.0,"(12,)",page5-56.svg,True
P2G043,exp2_train_and_test_54.json,P2R02201,4,0,page7-217.svg,True,1.0,high,single-utterance-unidirectional,P2-115,P2-088,"['page4-142.svg', 'page5-80.svg', 'page2-131.svg', 'page5-155.svg', 'page6-245.svg', 'page8-18.svg', 'page7-217.svg', 'page6-107.svg', 'page7-177.svg', 'page6-109.svg']",10.0,Turtle with head poking out of shell top.,8.0,20.0,"(34,)",page7-217.svg,True
P2G033,exp2_train_and_test_8.json,P2R01133,37,5,page6-245.svg,False,1.0,high,single-utterance-unidirectional,P2-095,P2-112,"['page7-177.svg', 'page5-75.svg', 'page6-204.svg', 'page7-35.svg', 'page7-144.svg', 'page4-98.svg', 'page2-131.svg', 'page6-245.svg', 'page9-34.svg', 'page7-115.svg']",9.0,"weird shape , a square on its side on the bottom left with a rectangle facing up and larger rectangle on the other side with a small square top right",30.0,44.0,,,
P2G019,exp2_train_and_test_26.json,P2R02215,0,0,page5-128.svg,False,0.9925925925925926,high,single-utterance-unidirectional,P2-069,P2-034,"['page1-34.svg', 'page1-77.svg', 'page6-123.svg', 'page1-149.svg', 'page3-59.svg', 'page5-128.svg', 'page2-86.svg', 'page2-165.svg', 'page2-133.svg', 'page2-34.svg']",14.0,Almost a semi circle with a few bits missing,9.0,36.0,"(54,)",page5-128.svg,True
P2G002,exp2_train_and_test_15.json,P2R01823,21,3,page7-53.svg,False,0.7333333333333332,low,single-utterance-unidirectional,P2-062,P2-114,"['page4-180.svg', 'page1-172.svg', 'page2-20.svg', 'page5-96.svg', 'page2-114.svg', 'page8-159.svg', 'page6-53.svg', 'page3-70.svg', 'page7-53.svg', 'page7-125.svg']",10.0,"it looks like a slim, long bridge",7.0,16.0,"(22,)",page7-53.svg,True
P2G044,exp2_train_and_test_39.json,P2R00800,23,3,page5-63.svg,False,0.9935185185185184,high,single-utterance-unidirectional,P2-076,P2-101,"['page7-157.svg', 'page5-71.svg', 'page6-167.svg', 'page8-18.svg', 'page5-63.svg', 'page5-101.svg', 'page7-15.svg', 'page4-197.svg', 'page4-190.svg', 'page5-128.svg']",10.0,mountain and patch of land,5.0,17.0,"(23,)",page5-63.svg,True
P2G050,exp2_train_and_test_47.json,P2R01605,32,5,page3-59.svg,False,1.0,high,single-utterance-unidirectional,P2-053,P2-039,"['page3-59.svg', 'page7-203.svg', 'page7-217.svg', 'page5-155.svg', 'page5-85.svg', 'page8-169.svg', 'page7-157.svg', 'page1-175.svg', 'page6-107.svg', 'page8-234.svg']",3.0,"oh god. It's a block with a diagonal bottom bit, with a little triangle pointing to the left",18.0,22.0,"(35,)",page3-59.svg,True
P2G043,exp2_train_and_test_54.json,P2R01088,9,1,page6-109.svg,False,1.0,high,single-utterance-unidirectional,P2-115,P2-088,"['page4-142.svg', 'page5-80.svg', 'page2-131.svg', 'page5-155.svg', 'page6-245.svg', 'page8-18.svg', 'page7-217.svg', 'page6-107.svg', 'page7-177.svg', 'page6-109.svg']",,,,,,,
P2G049,exp2_train_and_test_41.json,P2R00039,15,2,page4-108.svg,True,1.0,high,single-utterance-unidirectional,P2-013,P2-070,"['page5-154.svg', 'page7-36.svg', 'page4-98.svg', 'page6-192.svg', 'page3-70.svg', 'page8-246.svg', 'page7-79.svg', 'page8-38.svg', 'page7-35.svg', 'page4-108.svg']",4.0,the t shaped one,4.0,8.0,"(14,)",page4-108.svg,True
P2G016,exp2_train_and_test_56.json,P2R02036,27,4,page8-206.svg,True,1.0,high,single-utterance-unidirectional,P2-043,P2-003,"['page6-192.svg', 'page4-96.svg', 'page5-155.svg', 'page5-121.svg', 'page7-35.svg', 'page5-40.svg', 'page7-29.svg', 'page7-125.svg', 'page1-107.svg', 'page8-206.svg']",8.0,building balancing on a triangle,5.0,16.0,"(21,)",page8-206.svg,True
P2G038,exp2_train_and_test_18.json,P2R01265,37,5,page7-20.svg,False,1.0,high,single-utterance-unidirectional,P2-107,P2-020,"['page6-167.svg', 'page1-77.svg', 'page4-96.svg', 'page1-175.svg', 'page7-20.svg', 'page1-149.svg', 'page1-133.svg', 'page4-5.svg', 'page3-201.svg', 'page7-4.svg']",11.0,"A fairly basic shape, flat bottom with body that goes towards the right",13.0,38.0,"(45,)",page7-20.svg,True
P2G044,exp2_train_and_test_39.json,P2R01885,2,0,page5-63.svg,False,0.9935185185185184,high,single-utterance-unidirectional,P2-101,P2-076,"['page5-71.svg', 'page4-190.svg', 'page7-157.svg', 'page5-63.svg', 'page5-101.svg', 'page4-197.svg', 'page5-128.svg', 'page6-167.svg', 'page7-15.svg', 'page8-18.svg']",8.0,,,,,,
P2G037,exp2_train_and_test_42.json,P2R02092,30,5,page8-234.svg,False,0.0,low,single-utterance-unidirectional,P2-075,P2-026,"['page3-59.svg', 'page7-203.svg', 'page7-217.svg', 'page5-155.svg', 'page5-85.svg', 'page8-169.svg', 'page7-157.svg', 'page1-175.svg', 'page6-107.svg', 'page8-234.svg']",14.0,c rotated to the left with an arrow,8.0,26.0,"(45,)",page8-234.svg,True
P2G026,exp2_train_and_test_24.json,P2R01054,17,2,page6-206.svg,False,0.7333333333333333,low,single-utterance-unidirectional,P2-057,P2-048,"['page7-44.svg', 'page7-55.svg', 'page6-206.svg', 'page1-48.svg', 'page8-38.svg', 'page5-45.svg', 'page9-40.svg', 'page1-133.svg', 'page-F.svg', 'page4-195.svg']",,,,,,,
P2G009,exp2_train_and_test_3.json,P2R00495,11,1,page4-180.svg,True,0.6944444444444445,low,single-utterance-unidirectional,P2-024,P2-117,"['page2-86.svg', 'page7-126.svg', 'page5-101.svg', 'page8-169.svg', 'page3-139.svg', 'page6-166.svg', 'page6-167.svg', 'page4-180.svg', 'page5-165.svg', 'page1-117.svg']",41.0,BUTTERFLYE,1.0,44.0,,,
P2G037,exp2_train_and_test_42.json,P2R01308,4,0,page6-206.svg,True,0.7333333333333333,low,single-utterance-unidirectional,P2-026,P2-075,"['page6-226.svg', 'page5-96.svg', 'page6-206.svg', 'page7-53.svg', 'page6-71.svg', 'page7-73.svg', 'page8-159.svg', 'page5-128.svg', 'page8-58.svg', 'page1-150.svg']",13.0,two lumps to the right,5.0,19.0,"(40,)",page6-206.svg,True
P2G048,exp2_train_and_test_19.json,P2R01315,32,5,page1-149.svg,False,1.0,high,single-utterance-unidirectional,P2-106,P2-085,"['page4-96.svg', 'page1-149.svg', 'page3-201.svg', 'page6-167.svg', 'page1-77.svg', 'page1-133.svg', 'page7-20.svg', 'page4-5.svg', 'page1-175.svg', 'page7-4.svg']",5.0,candlestick,1.0,9.0,"(20,)",page1-149.svg,True
P2G052,exp2_train_and_test_30.json,P2R01013,2,0,page1-172.svg,False,0.6444444444444445,low,single-utterance-unidirectional,P2-061,P2-030,"['page1-172.svg', 'page6-166.svg', 'page6-245.svg', 'page4-155.svg', 'page5-101.svg', 'page3-201.svg', 'page8-156.svg', 'page6-21.svg', 'page2-34.svg', 'page2-136.svg']",8.0,It looks like the letter h with a triangle on top,11.0,23.0,"(38,)",page1-172.svg,True
P2G001,exp2_train_and_test_28.json,P2R00252,8,1,page6-52.svg,True,1.0,high,single-utterance-unidirectional,P2-027,P2-080,"['page6-155.svg', 'page7-113.svg', 'page2-34.svg', 'page7-115.svg', 'page7-44.svg', 'page3-33.svg', 'page6-52.svg', 'page5-121.svg', 'page6-175.svg', 'page5-63.svg']",,,,,,,
P2G014,exp2_train_and_test_27.json,P2R02154,7,1,page3-139.svg,False,0.9935185185185184,high,single-utterance-unidirectional,P2-060,P2-118,"['page6-160.svg', 'page7-166.svg', 'page3-139.svg', 'page1-34.svg', 'page3-201.svg', 'page8-166.svg', 'page2-131.svg', 'page3-33.svg', 'page9-39.svg', 'page5-128.svg']",14.0,a bowl on top of two traingles,7.0,25.0,"(42,)",page1-34.svg,False
P2G051,exp2_train_and_test_5.json,P2R00261,21,3,page7-166.svg,False,1.0,high,single-utterance-unidirectional,P2-051,P2-016,"['page7-155.svg', 'page3-21.svg', 'page3-33.svg', 'page5-107.svg', 'page7-166.svg', 'page3-52.svg', 'page7-20.svg', 'page7-40.svg', 'page6-228.svg', 'page5-40.svg']",6.0,Triangle with symbol over it.,5.0,11.0,"(15,)",page7-166.svg,True
P2G015,exp2_train_and_test_16.json,P2R01974,30,5,page1-175.svg,False,1.0,high,single-utterance-unidirectional,P2-058,P2-047,"['page4-96.svg', 'page1-149.svg', 'page3-201.svg', 'page6-167.svg', 'page1-77.svg', 'page1-133.svg', 'page7-20.svg', 'page4-5.svg', 'page1-175.svg', 'page7-4.svg']",11.0,"a parralelogram, (slanted rectange)",4.0,23.0,"(39,)",page1-175.svg,True
P2G028,exp2_train_and_test_0.json,P2R02360,20,3,page1-117.svg,False,1.0,high,single-utterance-unidirectional,P2-015,P2-100,"['page1-117.svg', 'page6-206.svg', 'page1-30.svg', 'page7-81.svg', 'page9-39.svg', 'page8-247.svg', 'page2-140.svg', 'page6-228.svg', 'page1-185.svg', 'page3-33.svg']",7.0,"looks like a podium, has a long vertical rectangle",9.0,16.0,"(26,)",page1-117.svg,True
P2G011,exp2_train_and_test_36.json,P2R01434,3,0,page5-26.svg,False,0.7518518518518518,low,single-utterance-unidirectional,P2-014,P2-073,"['page7-116.svg', 'page3-66.svg', 'page5-75.svg', 'page3-61.svg', 'page3-163.svg', 'page3-201.svg', 'page5-26.svg', 'page8-183.svg', 'page9-32.svg', 'page2-100.svg']",10.0,closest thing to a heart,5.0,21.0,"(33,)",page5-26.svg,True
P2G032,exp2_train_and_test_44.json,P2R00311,38,5,page6-107.svg,False,0.7000000000000001,low,single-utterance-unidirectional,P2-102,P2-096,"['page3-59.svg', 'page7-203.svg', 'page7-217.svg', 'page5-155.svg', 'page5-85.svg', 'page8-169.svg', 'page7-157.svg', 'page1-175.svg', 'page6-107.svg', 'page8-234.svg']",7.0,like a rocket launch,4.0,21.0,"(24,)",page6-107.svg,True
P2G025,exp2_train_and_test_9.json,P2R00202,28,4,page7-15.svg,False,0.5935185185185186,low,single-utterance-unidirectional,P2-094,P2-007,"['page4-5.svg', 'page2-100.svg', 'page5-36.svg', 'page5-120.svg', 'page5-190.svg', 'page1-97.svg', 'page8-21.svg', 'page7-15.svg', 'page8-192.svg', 'page6-226.svg']",9.0,flatter crown,2.0,14.0,"(23,)",page7-15.svg,True
P2G055,exp2_train_and_test_37.json,P2R01889,35,5,page6-226.svg,False,1.0,high,single-utterance-unidirectional,P2-011,P2-110,"['page8-159.svg', 'page1-133.svg', 'page9-39.svg', 'page2-165.svg', 'page8-215.svg', 'page1-117.svg', 'page8-246.svg', 'page4-180.svg', 'page6-226.svg', 'page9-34.svg']",3.0,two sideways squares that are connected. left one has a chimney at the top,14.0,18.0,"(23,)",page6-226.svg,True
P2G026,exp2_train_and_test_24.json,P2R01563,26,4,page-F.svg,False,0.6685185185185186,low,single-utterance-unidirectional,P2-057,P2-048,"['page7-44.svg', 'page7-55.svg', 'page6-206.svg', 'page1-48.svg', 'page8-38.svg', 'page5-45.svg', 'page9-40.svg', 'page1-133.svg', 'page-F.svg', 'page4-195.svg']",,,,,,,
P2G049,exp2_train_and_test_41.json,P2R01818,35,5,page5-155.svg,False,0.5777777777777778,low,single-utterance-unidirectional,P2-013,P2-070,"['page7-217.svg', 'page3-59.svg', 'page8-234.svg', 'page5-85.svg', 'page7-157.svg', 'page1-175.svg', 'page7-203.svg', 'page5-155.svg', 'page8-169.svg', 'page6-107.svg']",3.0,the Christmas tree,3.0,12.0,"(16,)",page5-155.svg,True
P2G055,exp2_train_and_test_37.json,P2R00949,20,3,page7-20.svg,False,1.0,high,single-utterance-unidirectional,P2-011,P2-110,"['page8-22.svg', 'page7-20.svg', 'page1-185.svg', 'page6-121.svg', 'page4-96.svg', 'page1-95.svg', 'page7-113.svg', 'page6-107.svg', 'page8-18.svg', 'page7-191.svg']",6.0,building leaning to the right,5.0,11.0,"(22,)",page7-20.svg,True
P2G030,exp2_train_and_test_35.json,P2R01519,36,5,page8-215.svg,False,0.6666666666666667,low,single-utterance-unidirectional,P2-044,P2-002,"['page2-165.svg', 'page9-39.svg', 'page1-117.svg', 'page4-180.svg', 'page8-246.svg', 'page8-215.svg', 'page1-133.svg', 'page6-226.svg', 'page8-159.svg', 'page9-34.svg']",8.0,a curved hoe tool,4.0,15.0,"(25,)",page8-159.svg,False
P2G024,exp2_train_and_test_48.json,P2R00724,22,3,page6-23.svg,False,0.7776190476190477,low,single-utterance-unidirectional,P2-116,P2-001,"['page8-221.svg', 'page1-97.svg', 'page6-124.svg', 'page4-244.svg', 'page6-23.svg', 'page1-95.svg', 'page4-98.svg', 'page4-142.svg', 'page7-53.svg', 'page5-56.svg']",4.0,man with square head,4.0,10.0,"(13,)",page6-23.svg,True
P2G058,exp2_train_and_test_2.json,P2R00402,21,3,page6-121.svg,False,1.0,high,single-utterance-unidirectional,P2-077,P2-082,"['page6-121.svg', 'page7-41.svg', 'page1-132.svg', 'page7-117.svg', 'page5-102.svg', 'page3-66.svg', 'page7-81.svg', 'page8-58.svg', 'page7-15.svg', 'page4-190.svg']",3.0,original gas nozzle,3.0,5.0,"(8,)",page6-121.svg,True
P2G036,exp2_train_and_test_45.json,P2R02280,37,5,page1-175.svg,False,1.0,high,single-utterance-unidirectional,P2-052,P2-091,"['page7-217.svg', 'page3-59.svg', 'page8-234.svg', 'page5-85.svg', 'page7-157.svg', 'page1-175.svg', 'page7-203.svg', 'page5-155.svg', 'page8-169.svg', 'page6-107.svg']",,,,,,,
P2G055,exp2_train_and_test_37.json,P2R01238,22,3,page8-18.svg,False,0.3777777777777778,low,single-utterance-unidirectional,P2-011,P2-110,"['page8-22.svg', 'page7-20.svg', 'page1-185.svg', 'page6-121.svg', 'page4-96.svg', 'page1-95.svg', 'page7-113.svg', 'page6-107.svg', 'page8-18.svg', 'page7-191.svg']",4.0,swan,1.0,5.0,"(12,)",page8-18.svg,True
P2G004,exp2_train_and_test_32.json,P2R01522,36,5,page8-215.svg,False,0.6666666666666667,low,single-utterance-unidirectional,P2-018,P2-078,"['page2-165.svg', 'page9-39.svg', 'page1-117.svg', 'page4-180.svg', 'page8-246.svg', 'page8-215.svg', 'page1-133.svg', 'page6-226.svg', 'page8-159.svg', 'page9-34.svg']",9.0,letter S thicker at bottom than top,7.0,24.0,"(45,)",page8-215.svg,True
P2G035,exp2_train_and_test_12.json,P2R00967,5,0,page7-40.svg,False,0.7611111111111111,low,single-utterance-unidirectional,P2-040,P2-029,"['page2-34.svg', 'page7-113.svg', 'page7-40.svg', 'page2-190.svg', 'page4-195.svg', 'page7-35.svg', 'page6-226.svg', 'page6-162.svg', 'page9-34.svg', 'page5-128.svg']",,,,,,,
P2G014,exp2_train_and_test_27.json,P2R01182,12,2,page3-139.svg,False,0.9935185185185184,high,single-utterance-unidirectional,P2-118,P2-060,"['page9-39.svg', 'page3-33.svg', 'page5-128.svg', 'page3-139.svg', 'page7-166.svg', 'page3-201.svg', 'page6-160.svg', 'page1-34.svg', 'page2-131.svg', 'page8-166.svg']",9.0,a bird with a pole going through its middle,9.0,16.0,"(22,)",page2-131.svg,False
P2G002,exp2_train_and_test_15.json,P2R01565,19,3,page5-96.svg,True,0.5444444444444445,low,single-utterance-unidirectional,P2-062,P2-114,"['page4-180.svg', 'page1-172.svg', 'page2-20.svg', 'page5-96.svg', 'page2-114.svg', 'page8-159.svg', 'page6-53.svg', 'page3-70.svg', 'page7-53.svg', 'page7-125.svg']",7.0,a cat with wings,4.0,10.0,"(18,)",page5-96.svg,True
P2G004,exp2_train_and_test_32.json,P2R02075,9,1,page7-115.svg,False,0.6,low,single-utterance-unidirectional,P2-078,P2-018,"['page4-232.svg', 'page5-45.svg', 'page7-115.svg', 'page5-155.svg', 'page2-131.svg', 'page7-155.svg', 'page7-157.svg', 'page8-217.svg', 'page5-233.svg', 'page1-34.svg']",7.0,Bridge (or bedstead),3.0,19.0,"(28,)",page7-115.svg,True
P2G056,exp2_train_and_test_33.json,P2R00559,15,2,page8-234.svg,False,0.0,low,single-utterance-unidirectional,P2-086,P2-028,"['page8-234.svg', 'page1-132.svg', 'page5-85.svg', 'page6-21.svg', 'page6-185.svg', 'page6-52.svg', 'page5-63.svg', 'page7-113.svg', 'page6-228.svg', 'page7-203.svg']",8.0,Dog looking to the left,5.0,12.0,"(24,)",page8-234.svg,True
P2G041,exp2_train_and_test_52.json,P2R01860,39,5,page2-140.svg,False,1.0,high,single-utterance-unidirectional,P2-072,P2-005,"['page6-206.svg', 'page7-113.svg', 'page7-166.svg', 'page2-100.svg', 'page3-33.svg', 'page2-140.svg', 'page6-160.svg', 'page4-128.svg', 'page1-149.svg', 'page7-107.svg']",9.0,block like fihure but lay down and a hand holding up like its taking a selfie,16.0,23.0,"(35,)",page2-140.svg,True
P2G004,exp2_train_and_test_32.json,P2R01697,16,2,page5-45.svg,False,1.0,high,single-utterance-unidirectional,P2-018,P2-078,"['page4-232.svg', 'page2-131.svg', 'page7-155.svg', 'page5-233.svg', 'page1-34.svg', 'page5-45.svg', 'page8-217.svg', 'page7-157.svg', 'page7-115.svg', 'page5-155.svg']",12.0,house roof and side walls,5.0,22.0,"(33,)",page5-45.svg,True
P2G014,exp2_train_and_test_27.json,P2R01089,17,2,page2-131.svg,False,0.5333333333333334,low,single-utterance-unidirectional,P2-118,P2-060,"['page9-39.svg', 'page3-33.svg', 'page5-128.svg', 'page3-139.svg', 'page7-166.svg', 'page3-201.svg', 'page6-160.svg', 'page1-34.svg', 'page2-131.svg', 'page8-166.svg']",9.0,a pole,2.0,10.0,"(13,)",page2-131.svg,True
P2G058,exp2_train_and_test_2.json,P2R01769,34,5,page7-35.svg,False,0.7333333333333334,low,single-utterance-unidirectional,P2-082,P2-077,"['page9-34.svg', 'page7-115.svg', 'page4-98.svg', 'page7-177.svg', 'page7-35.svg', 'page6-245.svg', 'page7-144.svg', 'page2-131.svg', 'page5-75.svg', 'page6-204.svg']",3.0,houseboat,1.0,4.0,"(6,)",page7-35.svg,True
P2G027,exp2_train_and_test_49.json,P2R01813,36,5,page5-85.svg,False,0.5166666666666668,low,single-utterance-unidirectional,P2-113,P2-063,"['page3-59.svg', 'page7-203.svg', 'page7-217.svg', 'page5-155.svg', 'page5-85.svg', 'page8-169.svg', 'page7-157.svg', 'page1-175.svg', 'page6-107.svg', 'page8-234.svg']",5.0,cat/ squirrel,2.0,12.0,"(26,)",page5-85.svg,True
P2G012,exp2_train_and_test_29.json,P2R00405,17,2,page9-25.svg,False,1.0,high,single-utterance-unidirectional,P2-025,P2-066,"['page7-115.svg', 'page2-34.svg', 'page5-75.svg', 'page5-128.svg', 'page6-186.svg', 'page1-132.svg', 'page9-25.svg', 'page7-117.svg', 'page6-228.svg', 'page4-241.svg']",3.0,"An ""h"" flipped upside down",5.0,9.0,"(12,)",page9-25.svg,True
P2G018,exp2_train_and_test_57.json,P2R00365,9,1,page9-40.svg,True,1.0,high,single-utterance-unidirectional,P2-083,P2-067,"['page7-20.svg', 'page3-139.svg', 'page8-22.svg', 'page5-102.svg', 'page4-195.svg', 'page7-217.svg', 'page5-26.svg', 'page7-40.svg', 'page9-40.svg', 'page5-232.svg']",10.0,It's mirrored and tall and has 3 points sticking out on either side,13.0,29.0,"(35,)",page9-40.svg,True
P2G004,exp2_train_and_test_32.json,P2R01817,12,2,page7-115.svg,False,0.6,low,single-utterance-unidirectional,P2-018,P2-078,"['page4-232.svg', 'page2-131.svg', 'page7-155.svg', 'page5-233.svg', 'page1-34.svg', 'page5-45.svg', 'page8-217.svg', 'page7-157.svg', 'page7-115.svg', 'page5-155.svg']",7.0,bridge or bedstread,3.0,28.0,"(38,)",page7-115.svg,True
P2G015,exp2_train_and_test_16.json,P2R01113,1,0,page5-56.svg,False,0.6222222222222223,low,single-utterance-unidirectional,P2-058,P2-047,"['page5-56.svg', 'page5-213.svg', 'page1-34.svg', 'page7-79.svg', 'page2-114.svg', 'page6-1.svg', 'page4-180.svg', 'page5-85.svg', 'page2-133.svg', 'page6-204.svg']",3.0,mountains,1.0,8.0,"(13,)",page5-56.svg,True
P2G049,exp2_train_and_test_41.json,P2R01562,28,4,page7-36.svg,False,1.0,high,single-utterance-unidirectional,P2-070,P2-013,"['page8-38.svg', 'page6-192.svg', 'page7-35.svg', 'page7-36.svg', 'page4-98.svg', 'page3-70.svg', 'page5-154.svg', 'page7-79.svg', 'page8-246.svg', 'page4-108.svg']",7.0,the two squares with the bit on the top left.,10.0,19.0,"(24,)",page7-36.svg,True
P2G033,exp2_train_and_test_8.json,P2R01625,24,4,page8-234.svg,True,0.0,low,single-utterance-unidirectional,P2-095,P2-112,"['page7-4.svg', 'page5-45.svg', 'page3-61.svg', 'page5-96.svg', 'page8-234.svg', 'page4-190.svg', 'page6-219.svg', 'page5-26.svg', 'page8-166.svg', 'page7-15.svg']",12.0,looks like a dog facing to the left,8.0,23.0,"(33,)",page8-234.svg,True
P2G022,exp2_train_and_test_53.json,P2R01463,17,2,page7-127.svg,False,0.6222222222222222,low,single-utterance-unidirectional,P2-009,P2-103,"['page8-159.svg', 'page8-58.svg', 'page5-165.svg', 'page7-127.svg', 'page7-157.svg', 'page9-40.svg', 'page3-70.svg', 'page4-232.svg', 'page8-234.svg', 'page5-45.svg']",7.0,bird,1.0,8.0,"(12,)",page7-127.svg,True
P2G033,exp2_train_and_test_8.json,P2R00601,36,5,page5-75.svg,False,0.6944444444444444,low,single-utterance-unidirectional,P2-112,P2-095,"['page9-34.svg', 'page7-115.svg', 'page4-98.svg', 'page7-177.svg', 'page7-35.svg', 'page6-245.svg', 'page7-144.svg', 'page2-131.svg', 'page5-75.svg', 'page6-204.svg']",4.0,this one looks like a bird or crane facing the left,11.0,17.0,"(30,)",page5-75.svg,True
P2G049,exp2_train_and_test_41.json,P2R00754,38,5,page6-107.svg,False,0.7000000000000001,low,single-utterance-unidirectional,P2-070,P2-013,"['page3-59.svg', 'page7-203.svg', 'page7-217.svg', 'page5-155.svg', 'page5-85.svg', 'page8-169.svg', 'page7-157.svg', 'page1-175.svg', 'page6-107.svg', 'page8-234.svg']",4.0,The rocket ship thing. Also our images are laid out differently so dont rely on that.,16.0,26.0,"(43,)",page6-107.svg,True
P2G008,exp2_train_and_test_22.json,P2R00225,23,3,page1-30.svg,False,1.0,high,single-utterance-unidirectional,P2-033,P2-038,"['page7-145.svg', 'page4-11.svg', 'page8-217.svg', 'page7-226.svg', 'page7-115.svg', 'page1-30.svg', 'page4-195.svg', 'page5-155.svg', 'page3-201.svg', 'page6-155.svg']",8.0,symmetrical christmas tree,3.0,13.0,"(25,)",page1-30.svg,True
P2G004,exp2_train_and_test_32.json,P2R00003,39,5,page8-159.svg,False,1.0,high,single-utterance-unidirectional,P2-078,P2-018,"['page8-159.svg', 'page1-133.svg', 'page9-39.svg', 'page2-165.svg', 'page8-215.svg', 'page1-117.svg', 'page8-246.svg', 'page4-180.svg', 'page6-226.svg', 'page9-34.svg']",10.0,The letter J (not like a pipe),7.0,20.0,"(29,)",page8-159.svg,True
P2G031,exp2_train_and_test_1.json,P2R00379,10,1,page7-29.svg,False,1.0,high,single-utterance-unidirectional,P2-017,P2-032,"['page3-70.svg', 'page8-21.svg', 'page5-101.svg', 'page2-165.svg', 'page1-95.svg', 'page8-156.svg', 'page7-40.svg', 'page6-171.svg', 'page3-61.svg', 'page7-29.svg']",6.0,series of edges that has some saw like ones at the bottom,12.0,29.0,"(34,)",page7-29.svg,True
P2G055,exp2_train_and_test_37.json,P2R01901,12,2,page6-107.svg,False,0.7000000000000001,low,single-utterance-unidirectional,P2-110,P2-011,"['page1-185.svg', 'page1-95.svg', 'page7-113.svg', 'page6-121.svg', 'page7-20.svg', 'page7-191.svg', 'page6-107.svg', 'page8-22.svg', 'page8-18.svg', 'page4-96.svg']",4.0,Rocket,1.0,7.0,"(15,)",page6-107.svg,True
P2G005,exp2_train_and_test_43.json,P2R01344,9,1,page9-40.svg,False,1.0,high,single-utterance-unidirectional,P2-111,P2-006,"['page8-246.svg', 'page7-125.svg', 'page6-122.svg', 'page7-226.svg', 'page7-145.svg', 'page8-21.svg', 'page5-101.svg', 'page6-160.svg', 'page9-40.svg', 'page8-183.svg']",10.0,It looks like a pillar,5.0,21.0,"(37,)",page9-40.svg,True
P2G054,exp2_train_and_test_38.json,P2R02182,20,3,page7-15.svg,False,0.5935185185185186,low,single-utterance-unidirectional,P2-055,P2-012,"['page6-71.svg', 'page6-135.svg', 'page4-197.svg', 'page2-131.svg', 'page7-41.svg', 'page6-186.svg', 'page6-109.svg', 'page4-98.svg', 'page7-15.svg', 'page6-208.svg']",3.0,mountains + plateau,3.0,6.0,"(12,)",page7-15.svg,True
P2G034,exp2_train_and_test_7.json,P2R00740,6,1,page1-34.svg,False,1.0,high,single-utterance-unidirectional,P2-035,P2-031,"['page5-102.svg', 'page2-140.svg', 'page7-117.svg', 'page6-122.svg', 'page5-155.svg', 'page5-165.svg', 'page2-136.svg', 'page2-86.svg', 'page1-34.svg', 'page3-70.svg']",7.0,Looks like a heart standing on a base as before,10.0,25.0,"(33,)",page1-34.svg,True
P2G048,exp2_train_and_test_19.json,P2R00253,9,1,page8-38.svg,False,0.5777777777777778,low,single-utterance-unidirectional,P2-085,P2-106,"['page8-18.svg', 'page7-115.svg', 'page6-135.svg', 'page1-128.svg', 'page2-86.svg', 'page8-38.svg', 'page4-197.svg', 'page7-44.svg', 'page1-30.svg', 'page5-71.svg']",12.0,It looks like a proud ca,6.0,17.0,"(24,)",page8-38.svg,True
P2G049,exp2_train_and_test_41.json,P2R00669,21,3,page5-154.svg,True,1.0,high,single-utterance-unidirectional,P2-013,P2-070,"['page5-154.svg', 'page7-36.svg', 'page4-98.svg', 'page6-192.svg', 'page3-70.svg', 'page8-246.svg', 'page7-79.svg', 'page8-38.svg', 'page7-35.svg', 'page4-108.svg']",11.0,the arrow that looks lke a boat left,8.0,42.0,,,
P2G045,exp2_train_and_test_34.json,P2R02241,37,5,page2-165.svg,False,0.7499999999999999,low,single-utterance-unidirectional,P2-054,P2-087,"['page8-159.svg', 'page1-133.svg', 'page9-39.svg', 'page2-165.svg', 'page8-215.svg', 'page1-117.svg', 'page8-246.svg', 'page4-180.svg', 'page6-226.svg', 'page9-34.svg']",4.0,looks like a little boat,5.0,8.0,"(16,)",page2-165.svg,True
P2G007,exp2_train_and_test_20.json,P2R00368,25,4,page5-45.svg,False,1.0,high,single-utterance-unidirectional,P2-108,P2-074,"['page7-29.svg', 'page7-225.svg', 'page2-64.svg', 'page4-155.svg', 'page5-45.svg', 'page5-154.svg', 'page4-98.svg', 'page7-226.svg', 'page3-201.svg', 'page7-15.svg']",9.0,house with shape in it,5.0,12.0,"(23,)",page5-45.svg,True
P2G011,exp2_train_and_test_36.json,P2R01989,38,5,page1-117.svg,False,1.0,high,single-utterance-unidirectional,P2-014,P2-073,"['page2-165.svg', 'page9-39.svg', 'page1-117.svg', 'page4-180.svg', 'page8-246.svg', 'page8-215.svg', 'page1-133.svg', 'page6-226.svg', 'page8-159.svg', 'page9-34.svg']",8.0,podium,1.0,16.0,"(19,)",page1-117.svg,True
P2G032,exp2_train_and_test_44.json,P2R01221,27,4,page4-197.svg,False,1.0,high,single-utterance-unidirectional,P2-102,P2-096,"['page8-22.svg', 'page5-101.svg', 'page6-226.svg', 'page5-190.svg', 'page2-34.svg', 'page4-197.svg', 'page7-20.svg', 'page6-53.svg', 'page8-21.svg', 'page4-96.svg']",4.0,house and rectangle,3.0,15.0,"(19,)",page4-197.svg,True
P2G014,exp2_train_and_test_27.json,P2R01146,33,5,page6-166.svg,False,1.0,high,single-utterance-unidirectional,P2-060,P2-118,"['page7-125.svg', 'page8-183.svg', 'page7-157.svg', 'page3-66.svg', 'page5-84.svg', 'page6-31.svg', 'page6-166.svg', 'page5-153.svg', 'page3-70.svg', 'page5-174.svg']",23.0,,,,,,
P2G003,exp2_train_and_test_21.json,P2R00032,3,0,page4-98.svg,False,0.7222222222222223,low,single-utterance-unidirectional,P2-105,P2-041,"['page7-115.svg', 'page1-132.svg', 'page6-155.svg', 'page5-120.svg', 'page5-188.svg', 'page7-191.svg', 'page7-4.svg', 'page8-159.svg', 'page5-101.svg', 'page4-98.svg']",13.0,shape that looks like a tower sitting on a bowl,10.0,22.0,"(37,)",page4-98.svg,True
P2G013,exp2_train_and_test_55.json,P2R01289,5,0,page4-241.svg,True,0.995,high,single-utterance-unidirectional,P2-109,P2-097,"['page4-244.svg', 'page7-155.svg', 'page1-77.svg', 'page3-59.svg', 'page5-128.svg', 'page5-139.svg', 'page3-61.svg', 'page4-241.svg', 'page4-98.svg', 'page6-107.svg']",7.0,two arrows crossed,3.0,22.0,"(33,)",page4-241.svg,True
P2G030,exp2_train_and_test_35.json,P2R02208,14,2,page4-98.svg,False,0.7222222222222223,low,single-utterance-unidirectional,P2-044,P2-002,"['page7-166.svg', 'page6-107.svg', 'page4-98.svg', 'page6-175.svg', 'page7-127.svg', 'page8-192.svg', 'page7-20.svg', 'page5-190.svg', 'page2-20.svg', 'page6-109.svg']",4.0,"long sword, no hilt",4.0,8.0,"(14,)",page4-98.svg,True
P2G027,exp2_train_and_test_49.json,P2R01180,30,5,page8-234.svg,False,0.0,low,single-utterance-unidirectional,P2-113,P2-063,"['page3-59.svg', 'page7-203.svg', 'page7-217.svg', 'page5-155.svg', 'page5-85.svg', 'page8-169.svg', 'page7-157.svg', 'page1-175.svg', 'page6-107.svg', 'page8-234.svg']",10.0,horse/ standing animal,3.0,30.0,"(34,)",page8-234.svg,True
P2G017,exp2_train_and_test_13.json,P2R01084,23,3,page1-128.svg,False,1.0,high,single-utterance-unidirectional,P2-104,P2-059,"['page6-204.svg', 'page6-21.svg', 'page9-40.svg', 'page8-22.svg', 'page6-31.svg', 'page3-207.svg', 'page4-155.svg', 'page7-125.svg', 'page1-128.svg', 'page8-192.svg']",3.0,a capital C,3.0,6.0,"(12,)",page1-128.svg,True
P2G016,exp2_train_and_test_56.json,P2R01763,33,5,page6-206.svg,False,0.7333333333333333,low,single-utterance-unidirectional,P2-043,P2-003,"['page6-206.svg', 'page7-113.svg', 'page7-166.svg', 'page2-100.svg', 'page3-33.svg', 'page2-140.svg', 'page6-160.svg', 'page4-128.svg', 'page1-149.svg', 'page7-107.svg']",7.0,rectangle pillar with triangle cut out of right side,9.0,21.0,"(27,)",page6-206.svg,True
P2G028,exp2_train_and_test_0.json,P2R00190,6,1,page2-140.svg,False,1.0,high,single-utterance-unidirectional,P2-015,P2-100,"['page1-117.svg', 'page6-206.svg', 'page1-30.svg', 'page7-81.svg', 'page9-39.svg', 'page8-247.svg', 'page2-140.svg', 'page6-228.svg', 'page1-185.svg', 'page3-33.svg']",8.0,it is a horizontal rectangle with points coming out the top right and top left with something coming out the middle,21.0,30.0,"(57,)",,
P2G047,exp2_train_and_test_11.json,P2R00743,34,5,page6-167.svg,False,1.0,high,single-utterance-unidirectional,P2-089,P2-065,"['page4-96.svg', 'page1-149.svg', 'page3-201.svg', 'page6-167.svg', 'page1-77.svg', 'page1-133.svg', 'page7-20.svg', 'page4-5.svg', 'page1-175.svg', 'page7-4.svg']",7.0,It is a weird shape to the left of the shape that looks like a sword,16.0,33.0,"(46,)",page6-167.svg,True
P2G014,exp2_train_and_test_27.json,P2R01108,16,2,page3-33.svg,False,0.6111111111111112,low,single-utterance-unidirectional,P2-118,P2-060,"['page9-39.svg', 'page3-33.svg', 'page5-128.svg', 'page3-139.svg', 'page7-166.svg', 'page3-201.svg', 'page6-160.svg', 'page1-34.svg', 'page2-131.svg', 'page8-166.svg']",6.0,banner on a mountain range,5.0,10.0,"(13,)",page3-33.svg,True
P2G059,exp2_train_and_test_59.json,P2R00646,2,0,page7-126.svg,True,0.6666666666666667,low,single-utterance-unidirectional,P2-098,P2-004,"['page7-116.svg', 'page8-56.svg', 'page5-96.svg', 'page6-167.svg', 'page7-157.svg', 'page8-159.svg', 'page5-102.svg', 'page3-61.svg', 'page7-126.svg', 'page7-144.svg']",,,,,,,
P2G005,exp2_train_and_test_43.json,P2R01246,15,2,page6-160.svg,False,0.5592592592592593,low,single-utterance-unidirectional,P2-006,P2-111,"['page6-122.svg', 'page9-40.svg', 'page7-226.svg', 'page7-125.svg', 'page8-246.svg', 'page6-160.svg', 'page7-145.svg', 'page5-101.svg', 'page8-183.svg', 'page8-21.svg']",5.0,fish with bubble,3.0,9.0,"(15,)",page6-160.svg,True
P2G059,exp2_train_and_test_59.json,P2R02002,35,5,page7-113.svg,False,0.7636363636363637,low,single-utterance-unidirectional,P2-098,P2-004,"['page6-206.svg', 'page7-113.svg', 'page7-166.svg', 'page2-100.svg', 'page3-33.svg', 'page2-140.svg', 'page6-160.svg', 'page4-128.svg', 'page1-149.svg', 'page7-107.svg']",,,,,,,
P2G037,exp2_train_and_test_42.json,P2R01972,25,4,page6-71.svg,False,1.0,high,single-utterance-unidirectional,P2-075,P2-026,"['page8-58.svg', 'page5-96.svg', 'page8-159.svg', 'page7-53.svg', 'page1-150.svg', 'page6-226.svg', 'page7-73.svg', 'page6-206.svg', 'page5-128.svg', 'page6-71.svg']",6.0,bat,1.0,7.0,"(18,)",page6-71.svg,True
P2G013,exp2_train_and_test_55.json,P2R01207,37,5,page7-107.svg,False,0.9935185185185184,high,single-utterance-unidirectional,P2-109,P2-097,"['page6-206.svg', 'page7-113.svg', 'page7-166.svg', 'page2-100.svg', 'page3-33.svg', 'page2-140.svg', 'page6-160.svg', 'page4-128.svg', 'page1-149.svg', 'page7-107.svg']",5.0,fireball with white cube inside,5.0,15.0,"(23,)",page7-107.svg,True
P2G055,exp2_train_and_test_37.json,P2R00043,27,4,page6-107.svg,False,0.7000000000000001,low,single-utterance-unidirectional,P2-110,P2-011,"['page1-185.svg', 'page1-95.svg', 'page7-113.svg', 'page6-121.svg', 'page7-20.svg', 'page7-191.svg', 'page6-107.svg', 'page8-22.svg', 'page8-18.svg', 'page4-96.svg']",7.0,rocket,1.0,10.0,"(12,)",page6-107.svg,True
P2G019,exp2_train_and_test_26.json,P2R01983,14,2,page5-128.svg,False,0.9925925925925926,high,single-utterance-unidirectional,P2-069,P2-034,"['page1-34.svg', 'page1-77.svg', 'page6-123.svg', 'page1-149.svg', 'page3-59.svg', 'page5-128.svg', 'page2-86.svg', 'page2-165.svg', 'page2-133.svg', 'page2-34.svg']",5.0,semi circular with bits missing,5.0,17.0,"(20,)",page5-128.svg,True
P2G057,exp2_train_and_test_10.json,P2R01222,33,5,page1-133.svg,False,0.5444444444444445,low,single-utterance-unidirectional,P2-084,P2-090,"['page6-167.svg', 'page1-77.svg', 'page4-96.svg', 'page1-175.svg', 'page7-20.svg', 'page1-149.svg', 'page1-133.svg', 'page4-5.svg', 'page3-201.svg', 'page7-4.svg']",2.0,a house,2.0,5.0,"(15,)",page1-133.svg,True
P2G029,exp2_train_and_test_14.json,P2R02119,28,4,page8-176.svg,False,0.6666666666666667,low,single-utterance-unidirectional,P2-099,P2-019,"['page5-36.svg', 'page8-176.svg', 'page7-144.svg', 'page2-86.svg', 'page5-75.svg', 'page7-41.svg', 'page9-34.svg', 'page3-21.svg', 'page7-226.svg', 'page2-20.svg']",8.0,Z,1.0,8.0,"(12,)",page8-176.svg,True
P2G043,exp2_train_and_test_54.json,P2R02148,35,5,page7-113.svg,False,0.7636363636363637,low,single-utterance-unidirectional,P2-115,P2-088,"['page6-206.svg', 'page7-113.svg', 'page7-166.svg', 'page2-100.svg', 'page3-33.svg', 'page2-140.svg', 'page6-160.svg', 'page4-128.svg', 'page1-149.svg', 'page7-107.svg']",,,,,,,
P2G056,exp2_train_and_test_33.json,P2R01498,28,4,page6-21.svg,False,1.0,high,single-utterance-unidirectional,P2-086,P2-028,"['page8-234.svg', 'page1-132.svg', 'page5-85.svg', 'page6-21.svg', 'page6-185.svg', 'page6-52.svg', 'page5-63.svg', 'page7-113.svg', 'page6-228.svg', 'page7-203.svg']",7.0,Large black object,3.0,15.0,"(25,)",page6-21.svg,True
P2G026,exp2_train_and_test_24.json,P2R00230,4,0,page9-40.svg,True,1.0,high,single-utterance-unidirectional,P2-048,P2-057,"['page1-48.svg', 'page1-133.svg', 'page9-40.svg', 'page8-38.svg', 'page7-44.svg', 'page-F.svg', 'page5-45.svg', 'page4-195.svg', 'page6-206.svg', 'page7-55.svg']",16.0,three triangles on top of each other resembling a candle stick,11.0,43.0,,,
P2G014,exp2_train_and_test_27.json,P2R00447,21,3,page2-131.svg,False,0.5333333333333334,low,single-utterance-unidirectional,P2-060,P2-118,"['page6-160.svg', 'page7-166.svg', 'page3-139.svg', 'page1-34.svg', 'page3-201.svg', 'page8-166.svg', 'page2-131.svg', 'page3-33.svg', 'page9-39.svg', 'page5-128.svg']",5.0,a pole,2.0,6.0,"(14,)",page2-131.svg,True
P2G049,exp2_train_and_test_41.json,P2R02105,19,3,page7-36.svg,False,1.0,high,single-utterance-unidirectional,P2-013,P2-070,"['page5-154.svg', 'page7-36.svg', 'page4-98.svg', 'page6-192.svg', 'page3-70.svg', 'page8-246.svg', 'page7-79.svg', 'page8-38.svg', 'page7-35.svg', 'page4-108.svg']",9.0,the two squares and the  triangle,7.0,30.0,"(58,)",page7-36.svg,True
P2G038,exp2_train_and_test_18.json,P2R00169,8,1,page9-23.svg,False,1.0,high,single-utterance-unidirectional,P2-107,P2-020,"['page1-172.svg', 'page6-219.svg', 'page9-32.svg', 'page7-126.svg', 'page9-23.svg', 'page4-142.svg', 'page6-123.svg', 'page1-34.svg', 'page4-98.svg', 'page8-234.svg']",9.0,"the bottom is a triangle, with another separate piece above it",11.0,25.0,"(35,)",page9-23.svg,True
P2G035,exp2_train_and_test_12.json,P2R00739,11,1,page9-34.svg,False,1.0,high,single-utterance-unidirectional,P2-029,P2-040,"['page7-35.svg', 'page4-195.svg', 'page5-128.svg', 'page9-34.svg', 'page2-190.svg', 'page6-226.svg', 'page7-40.svg', 'page7-113.svg', 'page2-34.svg', 'page6-162.svg']",,,,,,,
P2G051,exp2_train_and_test_5.json,P2R02192,9,1,page7-20.svg,False,1.0,high,single-utterance-unidirectional,P2-051,P2-016,"['page7-155.svg', 'page3-21.svg', 'page3-33.svg', 'page5-107.svg', 'page7-166.svg', 'page3-52.svg', 'page7-20.svg', 'page7-40.svg', 'page6-228.svg', 'page5-40.svg']",3.0,Slanted building going right,4.0,10.0,"(21,)",page7-20.svg,True
P2G002,exp2_train_and_test_15.json,P2R00467,29,4,page2-20.svg,True,1.0,high,single-utterance-unidirectional,P2-062,P2-114,"['page4-180.svg', 'page1-172.svg', 'page2-20.svg', 'page5-96.svg', 'page2-114.svg', 'page8-159.svg', 'page6-53.svg', 'page3-70.svg', 'page7-53.svg', 'page7-125.svg']",9.0,"small diamond in middle top, two larger triangles facing outward on each side, all of it is balanced on a pyramid",21.0,31.0,"(44,)",page2-20.svg,True
P2G032,exp2_train_and_test_44.json,P2R00896,9,1,page5-101.svg,False,0.6666666666666667,low,single-utterance-unidirectional,P2-096,P2-102,"['page8-21.svg', 'page4-197.svg', 'page6-53.svg', 'page4-96.svg', 'page2-34.svg', 'page5-101.svg', 'page7-20.svg', 'page5-190.svg', 'page8-22.svg', 'page6-226.svg']",8.0,square with trianlges on sides or batman tyoe sybol,9.0,21.0,"(25,)",page5-101.svg,True
P2G051,exp2_train_and_test_5.json,P2R01648,22,3,page3-33.svg,False,0.6111111111111112,low,single-utterance-unidirectional,P2-051,P2-016,"['page7-155.svg', 'page3-21.svg', 'page3-33.svg', 'page5-107.svg', 'page7-166.svg', 'page3-52.svg', 'page7-20.svg', 'page7-40.svg', 'page6-228.svg', 'page5-40.svg']",3.0,Mountains with symbol over it.,5.0,7.0,"(11,)",page3-33.svg,True
P2G045,exp2_train_and_test_34.json,P2R01960,21,3,page7-202.svg,True,1.0,high,single-utterance-unidirectional,P2-054,P2-087,"['page6-219.svg', 'page9-32.svg', 'page1-172.svg', 'page7-202.svg', 'page4-155.svg', 'page5-66.svg', 'page7-127.svg', 'page8-38.svg', 'page2-16.svg', 'page7-117.svg']",11.0,to the left of catapiller. made up of triangles,9.0,31.0,"(48,)",page5-66.svg,False
P2G036,exp2_train_and_test_45.json,P2R01762,2,0,page7-216.svg,False,1.0,high,single-utterance-unidirectional,P2-091,P2-052,"['page8-22.svg', 'page7-144.svg', 'page9-34.svg', 'page2-36.svg', 'page7-216.svg', 'page7-115.svg', 'page7-22.svg', 'page7-107.svg', 'page1-185.svg', 'page6-31.svg']",24.0,square bottom cross top,4.0,34.0,"(53,)",page7-216.svg,True
P2G046,exp2_train_and_test_46.json,P2R02113,8,1,page6-166.svg,True,1.0,high,single-utterance-unidirectional,P2-008,P2-079,"['page6-166.svg', 'page5-153.svg', 'page4-197.svg', 'page8-182.svg', 'page2-86.svg', 'page8-156.svg', 'page8-22.svg', 'page9-34.svg', 'page2-20.svg', 'page2-34.svg']",10.0,Two triangles at an angle with two rectangles at each end,11.0,25.0,"(52,)",page6-166.svg,True
P2G019,exp2_train_and_test_26.json,P2R00304,15,2,page6-123.svg,False,0.4166666666666667,low,single-utterance-unidirectional,P2-069,P2-034,"['page1-34.svg', 'page1-77.svg', 'page6-123.svg', 'page1-149.svg', 'page3-59.svg', 'page5-128.svg', 'page2-86.svg', 'page2-165.svg', 'page2-133.svg', 'page2-34.svg']",5.0,fish pointing left,3.0,13.0,"(16,)",page6-123.svg,True
P2G032,exp2_train_and_test_44.json,P2R00096,15,2,page8-22.svg,False,0.3444444444444444,low,single-utterance-unidirectional,P2-102,P2-096,"['page8-22.svg', 'page5-101.svg', 'page6-226.svg', 'page5-190.svg', 'page2-34.svg', 'page4-197.svg', 'page7-20.svg', 'page6-53.svg', 'page8-21.svg', 'page4-96.svg']",5.0,flying bird,2.0,10.0,"(13,)",page8-22.svg,True
P2G028,exp2_train_and_test_0.json,P2R01867,1,0,page1-30.svg,False,1.0,high,single-utterance-unidirectional,P2-100,P2-015,"['page8-247.svg', 'page6-206.svg', 'page1-117.svg', 'page2-140.svg', 'page1-30.svg', 'page9-39.svg', 'page1-185.svg', 'page3-33.svg', 'page6-228.svg', 'page7-81.svg']",9.0,The image looks like an arch with a triangle at the top and an opening underneath,16.0,32.0,"(46,)",page1-30.svg,True
P2G016,exp2_train_and_test_56.json,P2R00663,11,1,page5-155.svg,False,0.5777777777777778,low,single-utterance-unidirectional,P2-043,P2-003,"['page6-192.svg', 'page4-96.svg', 'page5-155.svg', 'page5-121.svg', 'page7-35.svg', 'page5-40.svg', 'page7-29.svg', 'page7-125.svg', 'page1-107.svg', 'page8-206.svg']",6.0,christmas tree,2.0,9.0,"(13,)",page5-155.svg,True
P2G039,exp2_train_and_test_4.json,P2R01622,6,1,page9-39.svg,False,0.7407407407407408,low,single-utterance-unidirectional,P2-022,P2-093,"['page5-233.svg', 'page2-34.svg', 'page9-39.svg', 'page6-21.svg', 'page3-201.svg', 'page6-135.svg', 'page6-124.svg', 'page2-64.svg', 'page5-165.svg', 'page6-1.svg']",12.0,like an old fashioned sherlock holmes pipe bowl to the left,11.0,32.0,"(46,)",page9-39.svg,True
P2G004,exp2_train_and_test_32.json,P2R00198,6,1,page2-131.svg,False,0.5333333333333334,low,single-utterance-unidirectional,P2-078,P2-018,"['page4-232.svg', 'page5-45.svg', 'page7-115.svg', 'page5-155.svg', 'page2-131.svg', 'page7-155.svg', 'page7-157.svg', 'page8-217.svg', 'page5-233.svg', 'page1-34.svg']",6.0,Letter t with knob on (again),6.0,18.0,"(30,)",page2-131.svg,True
P2G014,exp2_train_and_test_27.json,P2R00243,28,4,page7-166.svg,False,1.0,high,single-utterance-unidirectional,P2-118,P2-060,"['page9-39.svg', 'page3-33.svg', 'page5-128.svg', 'page3-139.svg', 'page7-166.svg', 'page3-201.svg', 'page6-160.svg', 'page1-34.svg', 'page2-131.svg', 'page8-166.svg']",7.0,bowl on top of triangle,5.0,12.0,"(22,)",page7-166.svg,True
P2G001,exp2_train_and_test_28.json,P2R00087,11,1,page2-34.svg,False,0.7611111111111111,low,single-utterance-unidirectional,P2-027,P2-080,"['page6-155.svg', 'page7-113.svg', 'page2-34.svg', 'page7-115.svg', 'page7-44.svg', 'page3-33.svg', 'page6-52.svg', 'page5-121.svg', 'page6-175.svg', 'page5-63.svg']",,,,,,,
P2G054,exp2_train_and_test_38.json,P2R01923,6,1,page6-135.svg,False,1.0,high,single-utterance-unidirectional,P2-055,P2-012,"['page6-71.svg', 'page6-135.svg', 'page4-197.svg', 'page2-131.svg', 'page7-41.svg', 'page6-186.svg', 'page6-109.svg', 'page4-98.svg', 'page7-15.svg', 'page6-208.svg']",4.0,the W shape,3.0,6.0,"(18,)",page6-135.svg,True
P2G012,exp2_train_and_test_29.json,P2R00658,21,3,page6-186.svg,True,0.7546296296296297,low,single-utterance-unidirectional,P2-066,P2-025,"['page5-128.svg', 'page7-115.svg', 'page4-241.svg', 'page7-117.svg', 'page6-186.svg', 'page9-25.svg', 'page1-132.svg', 'page5-75.svg', 'page6-228.svg', 'page2-34.svg']",7.0,"Looks like a person walking, facing left, square head",9.0,22.0,"(25,)",page6-186.svg,True
P2G002,exp2_train_and_test_15.json,P2R00376,13,2,page6-53.svg,False,0.7742592592592592,low,single-utterance-unidirectional,P2-114,P2-062,"['page7-53.svg', 'page6-53.svg', 'page3-70.svg', 'page2-20.svg', 'page1-172.svg', 'page7-125.svg', 'page5-96.svg', 'page8-159.svg', 'page2-114.svg', 'page4-180.svg']",3.0,a man on a throne facing left,7.0,12.0,"(14,)",page6-53.svg,True
P2G027,exp2_train_and_test_49.json,P2R01612,11,1,page8-18.svg,True,0.3777777777777778,low,single-utterance-unidirectional,P2-063,P2-113,"['page8-192.svg', 'page5-80.svg', 'page7-115.svg', 'page2-140.svg', 'page8-18.svg', 'page7-44.svg', 'page7-186.svg', 'page5-153.svg', 'page2-85.svg', 'page2-114.svg']",5.0,A swan,2.0,8.0,"(15,)",page8-18.svg,True
P2G001,exp2_train_and_test_28.json,P2R01961,9,1,page6-155.svg,False,1.0,high,single-utterance-unidirectional,P2-027,P2-080,"['page6-155.svg', 'page7-113.svg', 'page2-34.svg', 'page7-115.svg', 'page7-44.svg', 'page3-33.svg', 'page6-52.svg', 'page5-121.svg', 'page6-175.svg', 'page5-63.svg']",,,,,,,
P2G045,exp2_train_and_test_34.json,P2R01872,26,4,page2-16.svg,False,0.6722222222222223,low,single-utterance-unidirectional,P2-087,P2-054,"['page7-127.svg', 'page5-66.svg', 'page4-155.svg', 'page7-117.svg', 'page2-16.svg', 'page6-219.svg', 'page1-172.svg', 'page7-202.svg', 'page9-32.svg', 'page8-38.svg']",23.0,2 side triangles and big bottom triangle,7.0,31.0,"(49,)",page2-16.svg,True
P2G046,exp2_train_and_test_46.json,P2R00265,39,5,page7-157.svg,False,0.6037037037037036,low,single-utterance-unidirectional,P2-008,P2-079,"['page7-217.svg', 'page3-59.svg', 'page8-234.svg', 'page5-85.svg', 'page7-157.svg', 'page1-175.svg', 'page7-203.svg', 'page5-155.svg', 'page8-169.svg', 'page6-107.svg']",5.0,A balloon.,2.0,8.0,"(29,)",page7-157.svg,True
P2G037,exp2_train_and_test_42.json,P2R01436,19,3,page8-159.svg,False,1.0,high,single-utterance-unidirectional,P2-026,P2-075,"['page6-226.svg', 'page5-96.svg', 'page6-206.svg', 'page7-53.svg', 'page6-71.svg', 'page7-73.svg', 'page8-159.svg', 'page5-128.svg', 'page8-58.svg', 'page1-150.svg']",5.0,the letter j,3.0,9.0,"(14,)",page8-159.svg,True
P2G047,exp2_train_and_test_11.json,P2R02173,28,4,page8-156.svg,False,1.0,high,single-utterance-unidirectional,P2-089,P2-065,"['page8-156.svg', 'page8-192.svg', 'page6-162.svg', 'page7-53.svg', 'page7-145.svg', 'page7-177.svg', 'page7-226.svg', 'page-F.svg', 'page7-41.svg', 'page7-36.svg']",5.0,The letter K,3.0,10.0,"(12,)",page8-156.svg,True
P2G009,exp2_train_and_test_3.json,P2R00134,25,4,page2-86.svg,False,0.7777777777777777,low,single-utterance-unidirectional,P2-117,P2-024,"['page5-165.svg', 'page5-101.svg', 'page2-86.svg', 'page6-166.svg', 'page7-126.svg', 'page8-169.svg', 'page4-180.svg', 'page6-167.svg', 'page3-139.svg', 'page1-117.svg']",9.0,bed or couch,3.0,12.0,"(23,)",page2-86.svg,True
P2G018,exp2_train_and_test_57.json,P2R00448,4,0,page5-26.svg,False,0.7518518518518518,low,single-utterance-unidirectional,P2-067,P2-083,"['page4-195.svg', 'page3-139.svg', 'page7-40.svg', 'page5-102.svg', 'page5-26.svg', 'page7-217.svg', 'page7-20.svg', 'page9-40.svg', 'page5-232.svg', 'page8-22.svg']",10.0,"large triangle pointing down, smaller triangle in the middle pointing up",11.0,37.0,"(52,)",page5-26.svg,True
P2G027,exp2_train_and_test_49.json,P2R00382,32,5,page3-59.svg,False,1.0,high,single-utterance-unidirectional,P2-113,P2-063,"['page3-59.svg', 'page7-203.svg', 'page7-217.svg', 'page5-155.svg', 'page5-85.svg', 'page8-169.svg', 'page7-157.svg', 'page1-175.svg', 'page6-107.svg', 'page8-234.svg']",18.0,Trapazoid with one inverted  corner on the top left of it,12.0,40.0,"(57,)",page7-217.svg,False
P2G020,exp2_train_and_test_31.json,P2R00922,0,0,page6-52.svg,True,1.0,high,single-utterance-unidirectional,P2-023,P2-046,"['page3-201.svg', 'page1-48.svg', 'page5-75.svg', 'page6-162.svg', 'page4-96.svg', 'page5-80.svg', 'page9-23.svg', 'page6-192.svg', 'page6-52.svg', 'page5-84.svg']",8.0,"Looks like a badger, with a square on the left and a trapezium",13.0,44.0,,,
P2G024,exp2_train_and_test_48.json,P2R02141,27,4,page5-56.svg,False,0.6222222222222223,low,single-utterance-unidirectional,P2-001,P2-116,"['page4-142.svg', 'page5-56.svg', 'page1-97.svg', 'page4-98.svg', 'page6-23.svg', 'page4-244.svg', 'page8-221.svg', 'page1-95.svg', 'page7-53.svg', 'page6-124.svg']",5.0,silhouette,1.0,10.0,"(12,)",page5-56.svg,True
P2G031,exp2_train_and_test_1.json,P2R01570,27,4,page3-61.svg,True,1.0,high,single-utterance-unidirectional,P2-017,P2-032,"['page3-70.svg', 'page8-21.svg', 'page5-101.svg', 'page2-165.svg', 'page1-95.svg', 'page8-156.svg', 'page7-40.svg', 'page6-171.svg', 'page3-61.svg', 'page7-29.svg']",10.0,it's like a short 7 with a connected boat on the left,12.0,27.0,"(35,)",page3-61.svg,True
P2G031,exp2_train_and_test_1.json,P2R02343,31,5,page6-204.svg,False,1.0,high,single-utterance-unidirectional,P2-017,P2-032,"['page7-177.svg', 'page5-75.svg', 'page6-204.svg', 'page7-35.svg', 'page7-144.svg', 'page4-98.svg', 'page2-131.svg', 'page6-245.svg', 'page9-34.svg', 'page7-115.svg']",5.0,giant block with a head protruding from the left,9.0,14.0,"(21,)",page6-204.svg,True
P2G034,exp2_train_and_test_7.json,P2R01008,26,4,page7-117.svg,False,1.0,high,single-utterance-unidirectional,P2-031,P2-035,"['page2-86.svg', 'page5-165.svg', 'page3-70.svg', 'page6-122.svg', 'page5-102.svg', 'page7-117.svg', 'page2-140.svg', 'page1-34.svg', 'page2-136.svg', 'page5-155.svg']",3.0,cocktail glass,2.0,6.0,"(14,)",page7-117.svg,True
P2G014,exp2_train_and_test_27.json,P2R00133,15,2,page8-166.svg,True,1.0,high,single-utterance-unidirectional,P2-060,P2-118,"['page6-160.svg', 'page7-166.svg', 'page3-139.svg', 'page1-34.svg', 'page3-201.svg', 'page8-166.svg', 'page2-131.svg', 'page3-33.svg', 'page9-39.svg', 'page5-128.svg']",5.0,looks like the letter F,5.0,10.0,"(16,)",page8-166.svg,True
P2G017,exp2_train_and_test_13.json,P2R00338,36,5,page7-4.svg,False,0.6555555555555556,low,single-utterance-unidirectional,P2-059,P2-104,"['page4-96.svg', 'page1-149.svg', 'page3-201.svg', 'page6-167.svg', 'page1-77.svg', 'page1-133.svg', 'page7-20.svg', 'page4-5.svg', 'page1-175.svg', 'page7-4.svg']",10.0,"Tilted square top half, shape pointing down bottom half",9.0,23.0,"(37,)",page7-4.svg,True
P2G049,exp2_train_and_test_41.json,P2R02117,5,0,page7-79.svg,True,0.7777777777777777,low,single-utterance-unidirectional,P2-013,P2-070,"['page5-154.svg', 'page7-36.svg', 'page4-98.svg', 'page6-192.svg', 'page3-70.svg', 'page8-246.svg', 'page7-79.svg', 'page8-38.svg', 'page7-35.svg', 'page4-108.svg']",10.0,the one that looks like a crocodile,7.0,24.0,"(34,)",page7-79.svg,True
P2G040,exp2_train_and_test_25.json,P2R00564,37,5,page7-125.svg,False,0.9935185185185184,high,single-utterance-unidirectional,P2-010,P2-021,"['page7-125.svg', 'page8-183.svg', 'page7-157.svg', 'page3-66.svg', 'page5-84.svg', 'page6-31.svg', 'page6-166.svg', 'page5-153.svg', 'page3-70.svg', 'page5-174.svg']",15.0,wall looking left,3.0,25.0,"(46,)",page7-125.svg,True
P2G042,exp2_train_and_test_50.json,P2R02359,20,3,page3-21.svg,False,0.736111111111111,low,single-utterance-unidirectional,P2-042,P2-049,"['page1-175.svg', 'page1-95.svg', 'page5-56.svg', 'page8-58.svg', 'page3-21.svg', 'page8-169.svg', 'page6-204.svg', 'page6-31.svg', 'page2-165.svg', 'page2-136.svg']",4.0,zig zag,2.0,5.0,,,
P2G044,exp2_train_and_test_39.json,P2R01865,7,1,page5-63.svg,False,0.9935185185185184,high,single-utterance-unidirectional,P2-076,P2-101,"['page7-157.svg', 'page5-71.svg', 'page6-167.svg', 'page8-18.svg', 'page5-63.svg', 'page5-101.svg', 'page7-15.svg', 'page4-197.svg', 'page4-190.svg', 'page5-128.svg']",7.0,looks like one mountain with a patch of land next to it,12.0,30.0,"(41,)",page5-63.svg,True
P2G039,exp2_train_and_test_4.json,P2R02158,29,4,page9-39.svg,False,0.7407407407407408,low,single-utterance-unidirectional,P2-093,P2-022,"['page6-1.svg', 'page6-124.svg', 'page2-64.svg', 'page9-39.svg', 'page5-233.svg', 'page6-21.svg', 'page3-201.svg', 'page2-34.svg', 'page6-135.svg', 'page5-165.svg']",7.0,sherlocks pipe,2.0,11.0,"(20,)",page9-39.svg,True
P2G016,exp2_train_and_test_56.json,P2R00312,18,3,page7-125.svg,False,0.9935185185185184,high,single-utterance-unidirectional,P2-043,P2-003,"['page6-192.svg', 'page4-96.svg', 'page5-155.svg', 'page5-121.svg', 'page7-35.svg', 'page5-40.svg', 'page7-29.svg', 'page7-125.svg', 'page1-107.svg', 'page8-206.svg']",5.0,pillar,1.0,7.0,"(13,)",page7-125.svg,True
P2G056,exp2_train_and_test_33.json,P2R01187,24,4,page6-185.svg,False,0.6129629629629629,low,single-utterance-unidirectional,P2-086,P2-028,"['page8-234.svg', 'page1-132.svg', 'page5-85.svg', 'page6-21.svg', 'page6-185.svg', 'page6-52.svg', 'page5-63.svg', 'page7-113.svg', 'page6-228.svg', 'page7-203.svg']",9.0,Slumped man sitting,3.0,16.0,"(27,)",page6-185.svg,True
P2G054,exp2_train_and_test_38.json,P2R00556,18,3,page6-208.svg,True,1.0,high,single-utterance-unidirectional,P2-055,P2-012,"['page6-71.svg', 'page6-135.svg', 'page4-197.svg', 'page2-131.svg', 'page7-41.svg', 'page6-186.svg', 'page6-109.svg', 'page4-98.svg', 'page7-15.svg', 'page6-208.svg']",10.0,"we haven't had this one either, there's an upside down triangle pointing left, another triangle with the point pointing up, and a rhomboid with the corner to the right",29.0,34.0,"(49,)",page6-208.svg,True
P2G016,exp2_train_and_test_56.json,P2R01486,4,0,page5-40.svg,False,0.7527777777777778,low,single-utterance-unidirectional,P2-003,P2-043,"['page7-29.svg', 'page5-121.svg', 'page1-107.svg', 'page7-125.svg', 'page5-155.svg', 'page4-96.svg', 'page7-35.svg', 'page6-192.svg', 'page8-206.svg', 'page5-40.svg']",16.0,Looks like a turret pointing up like in Space Invaders,10.0,33.0,,,
P2G040,exp2_train_and_test_25.json,P2R01553,20,3,page7-4.svg,False,0.6555555555555556,low,single-utterance-unidirectional,P2-010,P2-021,"['page6-21.svg', 'page2-114.svg', 'page5-128.svg', 'page6-175.svg', 'page7-4.svg', 'page8-246.svg', 'page4-244.svg', 'page5-154.svg', 'page4-98.svg', 'page8-38.svg']",13.0,diamond,1.0,22.0,"(34,)",page8-246.svg,False
P2G002,exp2_train_and_test_15.json,P2R00974,26,4,page7-125.svg,False,0.9935185185185184,high,single-utterance-unidirectional,P2-114,P2-062,"['page7-53.svg', 'page6-53.svg', 'page3-70.svg', 'page2-20.svg', 'page1-172.svg', 'page7-125.svg', 'page5-96.svg', 'page8-159.svg', 'page2-114.svg', 'page4-180.svg']",4.0,pillar,1.0,5.0,"(7,)",page7-125.svg,True
P2G022,exp2_train_and_test_53.json,P2R00632,19,3,page7-157.svg,False,0.6037037037037036,low,single-utterance-unidirectional,P2-103,P2-009,"['page5-165.svg', 'page8-159.svg', 'page5-45.svg', 'page4-232.svg', 'page9-40.svg', 'page7-127.svg', 'page7-157.svg', 'page8-234.svg', 'page3-70.svg', 'page8-58.svg']",8.0,diamond,1.0,9.0,"(12,)",page7-157.svg,True
P2G013,exp2_train_and_test_55.json,P2R00074,33,5,page6-206.svg,False,0.7333333333333333,low,single-utterance-unidirectional,P2-109,P2-097,"['page6-206.svg', 'page7-113.svg', 'page7-166.svg', 'page2-100.svg', 'page3-33.svg', 'page2-140.svg', 'page6-160.svg', 'page4-128.svg', 'page1-149.svg', 'page7-107.svg']",6.0,a rectangle with a triangle cut out on the right with a tail pointing down,15.0,29.0,"(51,)",page6-206.svg,True
P2G006,exp2_train_and_test_51.json,P2R01000,27,4,page6-167.svg,False,1.0,high,single-utterance-unidirectional,P2-071,P2-050,"['page7-127.svg', 'page2-20.svg', 'page7-157.svg', 'page8-246.svg', 'page8-58.svg', 'page7-15.svg', 'page6-167.svg', 'page4-155.svg', 'page5-190.svg', 'page7-125.svg']",5.0,"upper triangle facing left, small triangle facing right, rhombus facing down",11.0,21.0,"(43,)",page6-167.svg,True
P2G006,exp2_train_and_test_51.json,P2R01485,10,1,page7-127.svg,False,0.6222222222222222,low,single-utterance-unidirectional,P2-050,P2-071,"['page7-157.svg', 'page7-127.svg', 'page5-190.svg', 'page8-246.svg', 'page6-167.svg', 'page8-58.svg', 'page4-155.svg', 'page7-125.svg', 'page2-20.svg', 'page7-15.svg']",6.0,bird flying to the left,5.0,9.0,"(12,)",page7-127.svg,True
P2G057,exp2_train_and_test_10.json,P2R00506,0,0,page7-116.svg,False,1.0,high,single-utterance-unidirectional,P2-090,P2-084,"['page2-100.svg', 'page6-185.svg', 'page5-56.svg', 'page9-25.svg', 'page7-35.svg', 'page8-206.svg', 'page3-12.svg', 'page1-150.svg', 'page7-79.svg', 'page7-116.svg']",31.0,two triangles and a lob sided square,7.0,42.0,,,
P2G046,exp2_train_and_test_46.json,P2R02111,22,3,page2-86.svg,False,0.7777777777777777,low,single-utterance-unidirectional,P2-008,P2-079,"['page6-166.svg', 'page5-153.svg', 'page4-197.svg', 'page8-182.svg', 'page2-86.svg', 'page8-156.svg', 'page8-22.svg', 'page9-34.svg', 'page2-20.svg', 'page2-34.svg']",5.0,Two buns on a head.,5.0,11.0,"(24,)",page2-86.svg,True
P2G054,exp2_train_and_test_38.json,P2R01882,29,4,page6-135.svg,False,1.0,high,single-utterance-unidirectional,P2-012,P2-055,"['page6-71.svg', 'page7-41.svg', 'page4-197.svg', 'page4-98.svg', 'page6-109.svg', 'page6-208.svg', 'page6-135.svg', 'page7-15.svg', 'page2-131.svg', 'page6-186.svg']",4.0,W shape,2.0,6.0,"(16,)",page6-135.svg,True
P2G034,exp2_train_and_test_7.json,P2R00384,10,1,page7-117.svg,False,1.0,high,single-utterance-unidirectional,P2-035,P2-031,"['page5-102.svg', 'page2-140.svg', 'page7-117.svg', 'page6-122.svg', 'page5-155.svg', 'page5-165.svg', 'page2-136.svg', 'page2-86.svg', 'page1-34.svg', 'page3-70.svg']",16.0,Looks like cocktail glass with bar across middle,8.0,24.0,"(33,)",page7-117.svg,True
P2G010,exp2_train_and_test_17.json,P2R02089,39,5,page4-5.svg,False,0.6916666666666667,low,single-utterance-unidirectional,P2-068,P2-092,"['page6-167.svg', 'page1-77.svg', 'page4-96.svg', 'page1-175.svg', 'page7-20.svg', 'page1-149.svg', 'page1-133.svg', 'page4-5.svg', 'page3-201.svg', 'page7-4.svg']",3.0,a man walking to the left,6.0,6.0,"(25,)",page4-5.svg,True
P2G046,exp2_train_and_test_46.json,P2R00756,36,5,page5-85.svg,False,0.5166666666666668,low,single-utterance-unidirectional,P2-079,P2-008,"['page3-59.svg', 'page7-203.svg', 'page7-217.svg', 'page5-155.svg', 'page5-85.svg', 'page8-169.svg', 'page7-157.svg', 'page1-175.svg', 'page6-107.svg', 'page8-234.svg']",7.0,a cat,2.0,9.0,"(20,)",page5-85.svg,True
P2G037,exp2_train_and_test_42.json,P2R01068,35,5,page5-155.svg,False,0.5777777777777778,low,single-utterance-unidirectional,P2-026,P2-075,"['page7-217.svg', 'page3-59.svg', 'page8-234.svg', 'page5-85.svg', 'page7-157.svg', 'page1-175.svg', 'page7-203.svg', 'page5-155.svg', 'page8-169.svg', 'page6-107.svg']",6.0,pine tree,2.0,9.0,"(22,)",page5-155.svg,True
P2G039,exp2_train_and_test_4.json,P2R01019,5,0,page6-135.svg,True,1.0,high,single-utterance-unidirectional,P2-022,P2-093,"['page5-233.svg', 'page2-34.svg', 'page9-39.svg', 'page6-21.svg', 'page3-201.svg', 'page6-135.svg', 'page6-124.svg', 'page2-64.svg', 'page5-165.svg', 'page6-1.svg']",16.0,person in dress with triangle ears,6.0,28.0,"(41,)",page3-201.svg,False
P2G021,exp2_train_and_test_58.json,P2R01200,28,4,page9-40.svg,True,1.0,high,single-utterance-unidirectional,P2-036,P2-064,"['page8-38.svg', 'page4-195.svg', 'page3-205.svg', 'page7-41.svg', 'page4-241.svg', 'page5-84.svg', 'page7-226.svg', 'page6-31.svg', 'page5-233.svg', 'page9-40.svg']",6.0,it kinda look like 2 candle sticks on top of each other ... we never chose this before,18.0,27.0,"(39,)",page9-40.svg,True
P2G015,exp2_train_and_test_16.json,P2R02028,20,3,page2-133.svg,False,1.0,high,single-utterance-unidirectional,P2-047,P2-058,"['page5-85.svg', 'page5-213.svg', 'page6-1.svg', 'page5-56.svg', 'page1-34.svg', 'page4-180.svg', 'page2-114.svg', 'page2-133.svg', 'page7-79.svg', 'page6-204.svg']",5.0,an upside down hatchet,4.0,9.0,"(13,)",page2-133.svg,True
P2G039,exp2_train_and_test_4.json,P2R01951,37,5,page6-245.svg,False,1.0,high,single-utterance-unidirectional,P2-022,P2-093,"['page7-177.svg', 'page5-75.svg', 'page6-204.svg', 'page7-35.svg', 'page7-144.svg', 'page4-98.svg', 'page2-131.svg', 'page6-245.svg', 'page9-34.svg', 'page7-115.svg']",10.0,letter p,2.0,30.0,"(39,)",page6-245.svg,True
P2G035,exp2_train_and_test_12.json,P2R02237,4,0,page2-190.svg,False,0.5666666666666667,low,single-utterance-unidirectional,P2-040,P2-029,"['page2-34.svg', 'page7-113.svg', 'page7-40.svg', 'page2-190.svg', 'page4-195.svg', 'page7-35.svg', 'page6-226.svg', 'page6-162.svg', 'page9-34.svg', 'page5-128.svg']",,,,,,,
P2G032,exp2_train_and_test_44.json,P2R01469,12,2,page4-197.svg,False,1.0,high,single-utterance-unidirectional,P2-102,P2-096,"['page8-22.svg', 'page5-101.svg', 'page6-226.svg', 'page5-190.svg', 'page2-34.svg', 'page4-197.svg', 'page7-20.svg', 'page6-53.svg', 'page8-21.svg', 'page4-96.svg']",5.0,house upside down and rectangle,5.0,16.0,"(21,)",page4-197.svg,True
P2G018,exp2_train_and_test_57.json,P2R00651,16,2,page3-139.svg,True,0.9935185185185184,high,single-utterance-unidirectional,P2-083,P2-067,"['page7-20.svg', 'page3-139.svg', 'page8-22.svg', 'page5-102.svg', 'page4-195.svg', 'page7-217.svg', 'page5-26.svg', 'page7-40.svg', 'page9-40.svg', 'page5-232.svg']",4.0,"Mirrored image, has 2 points sticking out at the bottom, 2 on the side, and a flat top",18.0,21.0,"(35,)",page3-139.svg,True
P2G019,exp2_train_and_test_26.json,P2R00417,29,4,page5-128.svg,False,0.9925925925925926,high,single-utterance-unidirectional,P2-069,P2-034,"['page1-34.svg', 'page1-77.svg', 'page6-123.svg', 'page1-149.svg', 'page3-59.svg', 'page5-128.svg', 'page2-86.svg', 'page2-165.svg', 'page2-133.svg', 'page2-34.svg']",4.0,semi circular with bits missing,5.0,15.0,"(17,)",page5-128.svg,True
P2G008,exp2_train_and_test_22.json,P2R01779,20,3,page5-155.svg,False,0.5777777777777778,low,single-utterance-unidirectional,P2-033,P2-038,"['page7-145.svg', 'page4-11.svg', 'page8-217.svg', 'page7-226.svg', 'page7-115.svg', 'page1-30.svg', 'page4-195.svg', 'page5-155.svg', 'page3-201.svg', 'page6-155.svg']",4.0,leaned christmas tree,3.0,7.0,"(13,)",page5-155.svg,True
P2G057,exp2_train_and_test_10.json,P2R01226,38,5,page1-77.svg,False,0.6833333333333333,low,single-utterance-unidirectional,P2-090,P2-084,"['page4-96.svg', 'page1-149.svg', 'page3-201.svg', 'page6-167.svg', 'page1-77.svg', 'page1-133.svg', 'page7-20.svg', 'page4-5.svg', 'page1-175.svg', 'page7-4.svg']",5.0,a sword pointing downwards,4.0,16.0,"(25,)",page1-77.svg,True
P2G021,exp2_train_and_test_58.json,P2R00401,36,5,page7-166.svg,False,1.0,high,single-utterance-unidirectional,P2-064,P2-036,"['page4-128.svg', 'page7-107.svg', 'page7-113.svg', 'page3-33.svg', 'page2-100.svg', 'page7-166.svg', 'page6-206.svg', 'page1-149.svg', 'page6-160.svg', 'page2-140.svg']",5.0,A small triangle at the bottom and then a chefs hat,11.0,16.0,"(22,)",page7-166.svg,True
P2G025,exp2_train_and_test_9.json,P2R01877,10,1,page5-190.svg,True,1.0,high,single-utterance-unidirectional,P2-007,P2-094,"['page4-5.svg', 'page5-36.svg', 'page2-100.svg', 'page5-120.svg', 'page1-97.svg', 'page5-190.svg', 'page6-226.svg', 'page8-21.svg', 'page8-192.svg', 'page7-15.svg']",11.0,"white arrow in middle, facing up, mainly black object",9.0,25.0,"(37,)",page5-190.svg,True
P2G050,exp2_train_and_test_47.json,P2R00652,7,1,page5-56.svg,False,0.6222222222222223,low,single-utterance-unidirectional,P2-039,P2-053,"['page8-182.svg', 'page5-139.svg', 'page6-1.svg', 'page7-127.svg', 'page5-56.svg', 'page3-201.svg', 'page7-125.svg', 'page5-84.svg', 'page6-162.svg', 'page8-206.svg']",9.0,A mountain range in the distance,6.0,14.0,"(22,)",page5-56.svg,True
P2G006,exp2_train_and_test_51.json,P2R01378,30,5,page1-149.svg,False,1.0,high,single-utterance-unidirectional,P2-071,P2-050,"['page4-128.svg', 'page7-107.svg', 'page7-113.svg', 'page3-33.svg', 'page2-100.svg', 'page7-166.svg', 'page6-206.svg', 'page1-149.svg', 'page6-160.svg', 'page2-140.svg']",18.0,It looks like a tall pillar or column,8.0,26.0,"(35,)",page1-149.svg,True
P2G047,exp2_train_and_test_11.json,P2R01488,4,0,page7-36.svg,False,1.0,high,single-utterance-unidirectional,P2-089,P2-065,"['page8-156.svg', 'page8-192.svg', 'page6-162.svg', 'page7-53.svg', 'page7-145.svg', 'page7-177.svg', 'page7-226.svg', 'page-F.svg', 'page7-41.svg', 'page7-36.svg']",13.0,It looks like a weird letter L shape.,8.0,26.0,"(45,)",page8-156.svg,False
P2G057,exp2_train_and_test_10.json,P2R01945,39,5,page4-5.svg,False,0.6916666666666667,low,single-utterance-unidirectional,P2-084,P2-090,"['page6-167.svg', 'page1-77.svg', 'page4-96.svg', 'page1-175.svg', 'page7-20.svg', 'page1-149.svg', 'page1-133.svg', 'page4-5.svg', 'page3-201.svg', 'page7-4.svg']",3.0,a man with his leg out to the left,9.0,11.0,"(24,)",page4-5.svg,True
P2G011,exp2_train_and_test_36.json,P2R01910,9,1,page5-26.svg,False,0.7518518518518518,low,single-utterance-unidirectional,P2-073,P2-014,"['page3-61.svg', 'page7-116.svg', 'page5-75.svg', 'page9-32.svg', 'page3-201.svg', 'page2-100.svg', 'page8-183.svg', 'page5-26.svg', 'page3-66.svg', 'page3-163.svg']",6.0,heart,1.0,9.0,"(12,)",page5-26.svg,True
P2G042,exp2_train_and_test_50.json,P2R00767,2,0,page8-169.svg,False,1.0,high,single-utterance-unidirectional,P2-049,P2-042,"['page3-21.svg', 'page2-136.svg', 'page5-56.svg', 'page8-169.svg', 'page6-204.svg', 'page1-95.svg', 'page6-31.svg', 'page8-58.svg', 'page2-165.svg', 'page1-175.svg']",,,,,,,
P2G033,exp2_train_and_test_8.json,P2R01729,21,3,page7-4.svg,False,0.6555555555555556,low,single-utterance-unidirectional,P2-095,P2-112,"['page7-4.svg', 'page5-45.svg', 'page3-61.svg', 'page5-96.svg', 'page8-234.svg', 'page4-190.svg', 'page6-219.svg', 'page5-26.svg', 'page8-166.svg', 'page7-15.svg']",12.0,the bat,2.0,14.0,"(22,)",page7-4.svg,True
P2G048,exp2_train_and_test_19.json,P2R00957,22,3,page1-128.svg,False,1.0,high,single-utterance-unidirectional,P2-085,P2-106,"['page8-18.svg', 'page7-115.svg', 'page6-135.svg', 'page1-128.svg', 'page2-86.svg', 'page8-38.svg', 'page4-197.svg', 'page7-44.svg', 'page1-30.svg', 'page5-71.svg']",11.0,It looks like a phone,5.0,20.0,"(33,)",page1-128.svg,True
P2G017,exp2_train_and_test_13.json,P2R01949,29,4,page6-21.svg,True,1.0,high,single-utterance-unidirectional,P2-104,P2-059,"['page6-204.svg', 'page6-21.svg', 'page9-40.svg', 'page8-22.svg', 'page6-31.svg', 'page3-207.svg', 'page4-155.svg', 'page7-125.svg', 'page1-128.svg', 'page8-192.svg']",7.0,a rock pointing to the right,6.0,17.0,"(24,)",page6-21.svg,True
P2G054,exp2_train_and_test_38.json,P2R00163,35,5,page6-226.svg,False,1.0,high,single-utterance-unidirectional,P2-055,P2-012,"['page8-159.svg', 'page1-133.svg', 'page9-39.svg', 'page2-165.svg', 'page8-215.svg', 'page1-117.svg', 'page8-246.svg', 'page4-180.svg', 'page6-226.svg', 'page9-34.svg']",4.0,"like two squares on the angle connected, with a little rectangle on top",13.0,14.0,"(28,)",page6-226.svg,True
P2G052,exp2_train_and_test_30.json,P2R00530,28,4,page8-156.svg,False,1.0,high,single-utterance-unidirectional,P2-061,P2-030,"['page1-172.svg', 'page6-166.svg', 'page6-245.svg', 'page4-155.svg', 'page5-101.svg', 'page3-201.svg', 'page8-156.svg', 'page6-21.svg', 'page2-34.svg', 'page2-136.svg']",9.0,letter k,2.0,12.0,"(24,)",page8-156.svg,True
P2G011,exp2_train_and_test_36.json,P2R01045,30,5,page8-246.svg,False,1.0,high,single-utterance-unidirectional,P2-014,P2-073,"['page2-165.svg', 'page9-39.svg', 'page1-117.svg', 'page4-180.svg', 'page8-246.svg', 'page8-215.svg', 'page1-133.svg', 'page6-226.svg', 'page8-159.svg', 'page9-34.svg']",20.0,bird flying down,3.0,29.0,"(38,)",page4-180.svg,False
P2G027,exp2_train_and_test_49.json,P2R01443,35,5,page5-155.svg,False,0.5777777777777778,low,single-utterance-unidirectional,P2-063,P2-113,"['page7-217.svg', 'page3-59.svg', 'page8-234.svg', 'page5-85.svg', 'page7-157.svg', 'page1-175.svg', 'page7-203.svg', 'page5-155.svg', 'page8-169.svg', 'page6-107.svg']",6.0,Christmas tree,2.0,11.0,"(21,)",page5-155.svg,True
P2G059,exp2_train_and_test_59.json,P2R01302,0,0,page7-116.svg,False,1.0,high,single-utterance-unidirectional,P2-004,P2-098,"['page8-159.svg', 'page3-61.svg', 'page7-144.svg', 'page5-102.svg', 'page7-116.svg', 'page6-167.svg', 'page7-157.svg', 'page5-96.svg', 'page7-126.svg', 'page8-56.svg']",17.0,Spiky worm,2.0,20.0,,,
P2G049,exp2_train_and_test_41.json,P2R00166,26,4,page3-70.svg,True,1.0,high,single-utterance-unidirectional,P2-013,P2-070,"['page5-154.svg', 'page7-36.svg', 'page4-98.svg', 'page6-192.svg', 'page3-70.svg', 'page8-246.svg', 'page7-79.svg', 'page8-38.svg', 'page7-35.svg', 'page4-108.svg']",4.0,the boat without the arrow,5.0,13.0,"(20,)",page3-70.svg,True
P2G033,exp2_train_and_test_8.json,P2R02024,11,1,page5-96.svg,False,0.5444444444444445,low,single-utterance-unidirectional,P2-095,P2-112,"['page7-4.svg', 'page5-45.svg', 'page3-61.svg', 'page5-96.svg', 'page8-234.svg', 'page4-190.svg', 'page6-219.svg', 'page5-26.svg', 'page8-166.svg', 'page7-15.svg']",19.0,"Looks like a cat, with its head on the left and tail pointing to the right",16.0,31.0,"(47,)",page5-96.svg,True
P2G038,exp2_train_and_test_18.json,P2R00994,13,2,page6-219.svg,False,1.0,high,single-utterance-unidirectional,P2-020,P2-107,"['page1-172.svg', 'page4-142.svg', 'page6-123.svg', 'page4-98.svg', 'page8-234.svg', 'page9-23.svg', 'page6-219.svg', 'page7-126.svg', 'page9-32.svg', 'page1-34.svg']",3.0,the meat cleaver with the bent handle,7.0,12.0,"(24,)",page6-219.svg,True
P2G009,exp2_train_and_test_3.json,P2R00940,10,1,page6-166.svg,False,1.0,high,single-utterance-unidirectional,P2-024,P2-117,"['page2-86.svg', 'page7-126.svg', 'page5-101.svg', 'page8-169.svg', 'page3-139.svg', 'page6-166.svg', 'page6-167.svg', 'page4-180.svg', 'page5-165.svg', 'page1-117.svg']",19.0,WEIRD SHAPE. MICROSCOPE ON STAND LEFT TO RI,8.0,38.0,,,
P2G055,exp2_train_and_test_37.json,P2R00416,15,2,page7-20.svg,False,1.0,high,single-utterance-unidirectional,P2-110,P2-011,"['page1-185.svg', 'page1-95.svg', 'page7-113.svg', 'page6-121.svg', 'page7-20.svg', 'page7-191.svg', 'page6-107.svg', 'page8-22.svg', 'page8-18.svg', 'page4-96.svg']",5.0,Building leaning to the right,5.0,11.0,"(33,)",page7-20.svg,True
P2G033,exp2_train_and_test_8.json,P2R01595,0,0,page4-190.svg,False,1.0,high,single-utterance-unidirectional,P2-112,P2-095,"['page5-45.svg', 'page5-26.svg', 'page5-96.svg', 'page3-61.svg', 'page4-190.svg', 'page8-166.svg', 'page8-234.svg', 'page6-219.svg', 'page7-4.svg', 'page7-15.svg']",10.0,dog head facing right with 3 spikes for hair,9.0,20.0,"(51,)",page7-4.svg,False
P2G047,exp2_train_and_test_11.json,P2R00205,15,2,page8-192.svg,True,0.6444444444444446,low,single-utterance-unidirectional,P2-065,P2-089,"['page6-162.svg', 'page7-226.svg', 'page7-177.svg', 'page8-156.svg', 'page7-53.svg', 'page7-41.svg', 'page7-36.svg', 'page-F.svg', 'page7-145.svg', 'page8-192.svg']",4.0,the dog looking to the left,6.0,9.0,"(15,)",page8-192.svg,True
P2G026,exp2_train_and_test_24.json,P2R01979,12,2,page1-48.svg,False,1.0,high,single-utterance-unidirectional,P2-057,P2-048,"['page7-44.svg', 'page7-55.svg', 'page6-206.svg', 'page1-48.svg', 'page8-38.svg', 'page5-45.svg', 'page9-40.svg', 'page1-133.svg', 'page-F.svg', 'page4-195.svg']",,,,,,,
P2G028,exp2_train_and_test_0.json,P2R00300,28,4,page1-117.svg,False,1.0,high,single-utterance-unidirectional,P2-100,P2-015,"['page8-247.svg', 'page6-206.svg', 'page1-117.svg', 'page2-140.svg', 'page1-30.svg', 'page9-39.svg', 'page1-185.svg', 'page3-33.svg', 'page6-228.svg', 'page7-81.svg']",6.0,podium one,2.0,9.0,"(22,)",page1-117.svg,True
P2G044,exp2_train_and_test_39.json,P2R00988,8,1,page5-128.svg,False,0.9925925925925926,high,single-utterance-unidirectional,P2-076,P2-101,"['page7-157.svg', 'page5-71.svg', 'page6-167.svg', 'page8-18.svg', 'page5-63.svg', 'page5-101.svg', 'page7-15.svg', 'page4-197.svg', 'page4-190.svg', 'page5-128.svg']",14.0,looks like a hooked finger,5.0,21.0,"(32,)",page5-128.svg,True
P2G032,exp2_train_and_test_44.json,P2R01528,11,1,page8-22.svg,False,0.3444444444444444,low,single-utterance-unidirectional,P2-096,P2-102,"['page8-21.svg', 'page4-197.svg', 'page6-53.svg', 'page4-96.svg', 'page2-34.svg', 'page5-101.svg', 'page7-20.svg', 'page5-190.svg', 'page8-22.svg', 'page6-226.svg']",4.0,flying bird,2.0,8.0,"(10,)",page8-22.svg,True
P2G043,exp2_train_and_test_54.json,P2R00119,17,2,page5-155.svg,False,0.5777777777777778,low,single-utterance-unidirectional,P2-088,P2-115,"['page6-245.svg', 'page6-107.svg', 'page4-142.svg', 'page7-177.svg', 'page8-18.svg', 'page5-80.svg', 'page7-217.svg', 'page5-155.svg', 'page2-131.svg', 'page6-109.svg']",,,,,,,
P2G025,exp2_train_and_test_9.json,P2R00727,2,0,page1-97.svg,False,1.0,high,single-utterance-unidirectional,P2-094,P2-007,"['page4-5.svg', 'page2-100.svg', 'page5-36.svg', 'page5-120.svg', 'page5-190.svg', 'page1-97.svg', 'page8-21.svg', 'page7-15.svg', 'page8-192.svg', 'page6-226.svg']",7.0,crown,1.0,13.0,"(25,)",page1-97.svg,True
P2G053,exp2_train_and_test_23.json,P2R00381,12,2,page6-226.svg,False,1.0,high,single-utterance-unidirectional,P2-045,P2-037,"['page1-128.svg', 'page7-10.svg', 'page5-56.svg', 'page6-226.svg', 'page6-160.svg', 'page1-133.svg', 'page6-204.svg', 'page5-188.svg', 'page7-116.svg', 'page8-248.svg']",13.0,two squares with chimney on left,6.0,20.0,"(27,)",page6-204.svg,False
P2G056,exp2_train_and_test_33.json,P2R00454,29,4,page5-63.svg,False,0.9935185185185184,high,single-utterance-unidirectional,P2-086,P2-028,"['page8-234.svg', 'page1-132.svg', 'page5-85.svg', 'page6-21.svg', 'page6-185.svg', 'page6-52.svg', 'page5-63.svg', 'page7-113.svg', 'page6-228.svg', 'page7-203.svg']",10.0,Pyramid,1.0,12.0,"(24,)",page5-63.svg,True
P2G005,exp2_train_and_test_43.json,P2R00484,5,0,page8-21.svg,False,0.5000000000000001,low,single-utterance-unidirectional,P2-006,P2-111,"['page6-122.svg', 'page9-40.svg', 'page7-226.svg', 'page7-125.svg', 'page8-246.svg', 'page6-160.svg', 'page7-145.svg', 'page5-101.svg', 'page8-183.svg', 'page8-21.svg']",13.0,"a rooster with a big tail, looking to the right",10.0,28.0,"(34,)",page8-21.svg,True
P2G055,exp2_train_and_test_37.json,P2R02262,8,1,page6-107.svg,False,0.7000000000000001,low,single-utterance-unidirectional,P2-011,P2-110,"['page8-22.svg', 'page7-20.svg', 'page1-185.svg', 'page6-121.svg', 'page4-96.svg', 'page1-95.svg', 'page7-113.svg', 'page6-107.svg', 'page8-18.svg', 'page7-191.svg']",13.0,rocket,1.0,15.0,"(23,)",page6-107.svg,True
P2G045,exp2_train_and_test_34.json,P2R01219,13,2,page7-117.svg,False,1.0,high,single-utterance-unidirectional,P2-087,P2-054,"['page7-127.svg', 'page5-66.svg', 'page4-155.svg', 'page7-117.svg', 'page2-16.svg', 'page6-219.svg', 'page1-172.svg', 'page7-202.svg', 'page9-32.svg', 'page8-38.svg']",9.0,2 triangles with the cross through middle,7.0,16.0,"(27,)",page7-117.svg,True
P2G028,exp2_train_and_test_0.json,P2R01229,36,5,page5-75.svg,False,0.6944444444444444,low,single-utterance-unidirectional,P2-100,P2-015,"['page9-34.svg', 'page7-115.svg', 'page4-98.svg', 'page7-177.svg', 'page7-35.svg', 'page6-245.svg', 'page7-144.svg', 'page2-131.svg', 'page5-75.svg', 'page6-204.svg']",3.0,looks like an origami bird. Maybe like a crane,9.0,14.0,"(20,)",page5-75.svg,True
P2G043,exp2_train_and_test_54.json,P2R01273,8,1,page6-107.svg,True,0.7000000000000001,low,single-utterance-unidirectional,P2-115,P2-088,"['page4-142.svg', 'page5-80.svg', 'page2-131.svg', 'page5-155.svg', 'page6-245.svg', 'page8-18.svg', 'page7-217.svg', 'page6-107.svg', 'page7-177.svg', 'page6-109.svg']",,,,,,,
P2G033,exp2_train_and_test_8.json,P2R01786,2,0,page5-26.svg,False,0.7518518518518518,low,single-utterance-unidirectional,P2-112,P2-095,"['page5-45.svg', 'page5-26.svg', 'page5-96.svg', 'page3-61.svg', 'page4-190.svg', 'page8-166.svg', 'page8-234.svg', 'page6-219.svg', 'page7-4.svg', 'page7-15.svg']",13.0,heart shape but with a triangle in the middle of the top part,13.0,29.0,"(38,)",page5-26.svg,True
P2G003,exp2_train_and_test_21.json,P2R00788,35,5,page6-31.svg,False,0.5333333333333334,low,single-utterance-unidirectional,P2-041,P2-105,"['page7-125.svg', 'page8-183.svg', 'page7-157.svg', 'page3-66.svg', 'page5-84.svg', 'page6-31.svg', 'page6-166.svg', 'page5-153.svg', 'page3-70.svg', 'page5-174.svg']",4.0,shape like an owl landed on a triangle. head rotated towards you. body slanted to the right diagonally,18.0,26.0,"(37,)",page6-31.svg,True
P2G050,exp2_train_and_test_47.json,P2R01514,35,5,page5-155.svg,False,0.5777777777777778,low,single-utterance-unidirectional,P2-039,P2-053,"['page7-217.svg', 'page3-59.svg', 'page8-234.svg', 'page5-85.svg', 'page7-157.svg', 'page1-175.svg', 'page7-203.svg', 'page5-155.svg', 'page8-169.svg', 'page6-107.svg']",2.0,Someone cut a lump out of my christmas tree,9.0,10.0,"(17,)",page5-155.svg,True
P2G039,exp2_train_and_test_4.json,P2R00320,16,2,page9-39.svg,False,0.7407407407407408,low,single-utterance-unidirectional,P2-093,P2-022,"['page6-1.svg', 'page6-124.svg', 'page2-64.svg', 'page9-39.svg', 'page5-233.svg', 'page6-21.svg', 'page3-201.svg', 'page2-34.svg', 'page6-135.svg', 'page5-165.svg']",15.0,old school sherlock holms pipe pointing toleft,7.0,35.0,"(43,)",page9-39.svg,True
P2G039,exp2_train_and_test_4.json,P2R01533,18,3,page3-201.svg,False,0.5548148148148148,low,single-utterance-unidirectional,P2-022,P2-093,"['page5-233.svg', 'page2-34.svg', 'page9-39.svg', 'page6-21.svg', 'page3-201.svg', 'page6-135.svg', 'page6-124.svg', 'page2-64.svg', 'page5-165.svg', 'page6-1.svg']",8.0,triangle ears a again,4.0,17.0,"(31,)",page3-201.svg,True
P2G030,exp2_train_and_test_35.json,P2R02021,37,5,page2-165.svg,False,0.7499999999999999,low,single-utterance-unidirectional,P2-002,P2-044,"['page8-159.svg', 'page1-133.svg', 'page9-39.svg', 'page2-165.svg', 'page8-215.svg', 'page1-117.svg', 'page8-246.svg', 'page4-180.svg', 'page6-226.svg', 'page9-34.svg']",4.0,a flat sail boat,4.0,9.0,"(17,)",page2-165.svg,True
P2G035,exp2_train_and_test_12.json,P2R00824,0,0,page7-113.svg,False,0.7636363636363637,low,single-utterance-unidirectional,P2-040,P2-029,"['page2-34.svg', 'page7-113.svg', 'page7-40.svg', 'page2-190.svg', 'page4-195.svg', 'page7-35.svg', 'page6-226.svg', 'page6-162.svg', 'page9-34.svg', 'page5-128.svg']",,,,,,,
P2G030,exp2_train_and_test_35.json,P2R01234,4,0,page6-175.svg,True,0.6509259259259259,low,single-utterance-unidirectional,P2-002,P2-044,"['page6-109.svg', 'page7-127.svg', 'page6-107.svg', 'page7-166.svg', 'page7-20.svg', 'page4-98.svg', 'page8-192.svg', 'page2-20.svg', 'page6-175.svg', 'page5-190.svg']",10.0,a man sitting down,4.0,14.0,"(20,)",page2-20.svg,False
P2G019,exp2_train_and_test_26.json,P2R01980,8,1,page5-128.svg,False,0.9925925925925926,high,single-utterance-unidirectional,P2-034,P2-069,"['page3-59.svg', 'page1-77.svg', 'page2-165.svg', 'page1-34.svg', 'page2-86.svg', 'page2-133.svg', 'page6-123.svg', 'page5-128.svg', 'page2-34.svg', 'page1-149.svg']",3.0,Semi circular with a few pieces missing,7.0,10.0,"(14,)",page5-128.svg,True
P2G056,exp2_train_and_test_33.json,P2R00305,13,2,page6-21.svg,False,1.0,high,single-utterance-unidirectional,P2-086,P2-028,"['page8-234.svg', 'page1-132.svg', 'page5-85.svg', 'page6-21.svg', 'page6-185.svg', 'page6-52.svg', 'page5-63.svg', 'page7-113.svg', 'page6-228.svg', 'page7-203.svg']",10.0,Large black object,3.0,38.0,"(47,)",page6-21.svg,True
P2G044,exp2_train_and_test_39.json,P2R00867,16,2,page4-197.svg,True,1.0,high,single-utterance-unidirectional,P2-076,P2-101,"['page7-157.svg', 'page5-71.svg', 'page6-167.svg', 'page8-18.svg', 'page5-63.svg', 'page5-101.svg', 'page7-15.svg', 'page4-197.svg', 'page4-190.svg', 'page5-128.svg']",18.0,looks like a falling house,5.0,29.0,"(37,)",page4-197.svg,True
P2G053,exp2_train_and_test_23.json,P2R00152,24,4,page6-226.svg,False,1.0,high,single-utterance-unidirectional,P2-045,P2-037,"['page1-128.svg', 'page7-10.svg', 'page5-56.svg', 'page6-226.svg', 'page6-160.svg', 'page1-133.svg', 'page6-204.svg', 'page5-188.svg', 'page7-116.svg', 'page8-248.svg']",3.0,two squares on side with chimney on left,8.0,11.0,"(16,)",page6-226.svg,True
P2G051,exp2_train_and_test_5.json,P2R01692,8,1,page7-40.svg,True,0.7611111111111111,low,single-utterance-unidirectional,P2-051,P2-016,"['page7-155.svg', 'page3-21.svg', 'page3-33.svg', 'page5-107.svg', 'page7-166.svg', 'page3-52.svg', 'page7-20.svg', 'page7-40.svg', 'page6-228.svg', 'page5-40.svg']",17.0,A building with smoke going to the right,8.0,32.0,"(53,)",page5-107.svg,False
P2G024,exp2_train_and_test_48.json,P2R00827,15,2,page1-97.svg,False,1.0,high,single-utterance-unidirectional,P2-001,P2-116,"['page4-142.svg', 'page5-56.svg', 'page1-97.svg', 'page4-98.svg', 'page6-23.svg', 'page4-244.svg', 'page8-221.svg', 'page1-95.svg', 'page7-53.svg', 'page6-124.svg']",6.0,crown,1.0,8.0,"(10,)",page1-97.svg,True
P2G031,exp2_train_and_test_1.json,P2R01685,32,5,page4-98.svg,False,0.7222222222222223,low,single-utterance-unidirectional,P2-032,P2-017,"['page9-34.svg', 'page7-115.svg', 'page4-98.svg', 'page7-177.svg', 'page7-35.svg', 'page6-245.svg', 'page7-144.svg', 'page2-131.svg', 'page5-75.svg', 'page6-204.svg']",3.0,looks like a candle,4.0,5.0,"(9,)",page4-98.svg,True
P2G045,exp2_train_and_test_34.json,P2R00566,20,3,page1-172.svg,False,0.6444444444444445,low,single-utterance-unidirectional,P2-054,P2-087,"['page6-219.svg', 'page9-32.svg', 'page1-172.svg', 'page7-202.svg', 'page4-155.svg', 'page5-66.svg', 'page7-127.svg', 'page8-38.svg', 'page2-16.svg', 'page7-117.svg']",5.0,the lama facing the left,5.0,13.0,"(24,)",page1-172.svg,True
P2G055,exp2_train_and_test_37.json,P2R02349,4,0,page7-113.svg,True,0.7636363636363637,low,single-utterance-unidirectional,P2-011,P2-110,"['page8-22.svg', 'page7-20.svg', 'page1-185.svg', 'page6-121.svg', 'page4-96.svg', 'page1-95.svg', 'page7-113.svg', 'page6-107.svg', 'page8-18.svg', 'page7-191.svg']",5.0,looks like an animal. The body is shaped like a desk,11.0,22.0,"(31,)",page7-113.svg,True
P2G046,exp2_train_and_test_46.json,P2R02156,34,5,page8-169.svg,False,1.0,high,single-utterance-unidirectional,P2-079,P2-008,"['page3-59.svg', 'page7-203.svg', 'page7-217.svg', 'page5-155.svg', 'page5-85.svg', 'page8-169.svg', 'page7-157.svg', 'page1-175.svg', 'page6-107.svg', 'page8-234.svg']",7.0,shape of letter C,4.0,11.0,"(22,)",page8-169.svg,True
P2G009,exp2_train_and_test_3.json,P2R02251,31,5,page6-204.svg,False,1.0,high,single-utterance-unidirectional,P2-024,P2-117,"['page7-177.svg', 'page5-75.svg', 'page6-204.svg', 'page7-35.svg', 'page7-144.svg', 'page4-98.svg', 'page2-131.svg', 'page6-245.svg', 'page9-34.svg', 'page7-115.svg']",6.0,A SQUARE HOUSE WITH A SHORT CHIMNEY,7.0,21.0,"(27,)",page6-204.svg,True
P2G038,exp2_train_and_test_18.json,P2R00832,2,0,page7-126.svg,False,0.6666666666666667,low,single-utterance-unidirectional,P2-020,P2-107,"['page1-172.svg', 'page4-142.svg', 'page6-123.svg', 'page4-98.svg', 'page8-234.svg', 'page9-23.svg', 'page6-219.svg', 'page7-126.svg', 'page9-32.svg', 'page1-34.svg']",9.0,it looks like a bird facing left,7.0,14.0,"(25,)",page7-126.svg,True
P2G009,exp2_train_and_test_3.json,P2R00264,16,2,page7-126.svg,False,0.6666666666666667,low,single-utterance-unidirectional,P2-117,P2-024,"['page5-165.svg', 'page5-101.svg', 'page2-86.svg', 'page6-166.svg', 'page7-126.svg', 'page8-169.svg', 'page4-180.svg', 'page6-167.svg', 'page3-139.svg', 'page1-117.svg']",5.0,a bird shape,3.0,8.0,"(15,)",page7-126.svg,True
P2G038,exp2_train_and_test_18.json,P2R00758,11,1,page7-126.svg,False,0.6666666666666667,low,single-utterance-unidirectional,P2-107,P2-020,"['page1-172.svg', 'page6-219.svg', 'page9-32.svg', 'page7-126.svg', 'page9-23.svg', 'page4-142.svg', 'page6-123.svg', 'page1-34.svg', 'page4-98.svg', 'page8-234.svg']",5.0,the bird facing left,4.0,9.0,"(13,)",page7-126.svg,True
P2G012,exp2_train_and_test_29.json,P2R01900,0,0,page9-25.svg,False,1.0,high,single-utterance-unidirectional,P2-025,P2-066,"['page7-115.svg', 'page2-34.svg', 'page5-75.svg', 'page5-128.svg', 'page6-186.svg', 'page1-132.svg', 'page9-25.svg', 'page7-117.svg', 'page6-228.svg', 'page4-241.svg']",7.0,an upside-down lowercase h,4.0,13.0,"(30,)",page9-25.svg,True
P2G021,exp2_train_and_test_58.json,P2R00378,21,3,page4-195.svg,False,1.0,high,single-utterance-unidirectional,P2-036,P2-064,"['page8-38.svg', 'page4-195.svg', 'page3-205.svg', 'page7-41.svg', 'page4-241.svg', 'page5-84.svg', 'page7-226.svg', 'page6-31.svg', 'page5-233.svg', 'page9-40.svg']",12.0,pen knife,2.0,14.0,"(23,)",page4-195.svg,True
P2G040,exp2_train_and_test_25.json,P2R00255,28,4,page7-4.svg,False,0.6555555555555556,low,single-utterance-unidirectional,P2-021,P2-010,"['page5-154.svg', 'page6-21.svg', 'page8-246.svg', 'page6-175.svg', 'page4-98.svg', 'page5-128.svg', 'page8-38.svg', 'page4-244.svg', 'page7-4.svg', 'page2-114.svg']",11.0,"sharp item, pointing left",4.0,23.0,"(42,)",page7-4.svg,True
P2G014,exp2_train_and_test_27.json,P2R01719,3,0,page2-131.svg,False,0.5333333333333334,low,single-utterance-unidirectional,P2-118,P2-060,"['page9-39.svg', 'page3-33.svg', 'page5-128.svg', 'page3-139.svg', 'page7-166.svg', 'page3-201.svg', 'page6-160.svg', 'page1-34.svg', 'page2-131.svg', 'page8-166.svg']",22.0,a tall pole with a weird shape on top,9.0,42.0,,,
P2G053,exp2_train_and_test_23.json,P2R00203,20,3,page1-133.svg,False,0.5444444444444445,low,single-utterance-unidirectional,P2-037,P2-045,"['page1-133.svg', 'page7-116.svg', 'page6-160.svg', 'page1-128.svg', 'page8-248.svg', 'page7-10.svg', 'page5-56.svg', 'page6-226.svg', 'page6-204.svg', 'page5-188.svg']",10.0,square with top corners cut off,6.0,18.0,"(23,)",page1-133.svg,True
P2G005,exp2_train_and_test_43.json,P2R00930,33,5,page7-203.svg,False,0.9925925925925926,high,single-utterance-unidirectional,P2-111,P2-006,"['page7-217.svg', 'page3-59.svg', 'page8-234.svg', 'page5-85.svg', 'page7-157.svg', 'page1-175.svg', 'page7-203.svg', 'page5-155.svg', 'page8-169.svg', 'page6-107.svg']",4.0,a stick figure or snow man with a top hat,10.0,14.0,"(28,)",page7-203.svg,True
P2G029,exp2_train_and_test_14.json,P2R00611,17,2,page5-75.svg,False,0.6944444444444444,low,single-utterance-unidirectional,P2-099,P2-019,"['page5-36.svg', 'page8-176.svg', 'page7-144.svg', 'page2-86.svg', 'page5-75.svg', 'page7-41.svg', 'page9-34.svg', 'page3-21.svg', 'page7-226.svg', 'page2-20.svg']",11.0,flamingo facing left,3.0,15.0,"(22,)",page5-75.svg,True
P2G005,exp2_train_and_test_43.json,P2R01899,12,2,page6-122.svg,False,0.5666666666666667,low,single-utterance-unidirectional,P2-006,P2-111,"['page6-122.svg', 'page9-40.svg', 'page7-226.svg', 'page7-125.svg', 'page8-246.svg', 'page6-160.svg', 'page7-145.svg', 'page5-101.svg', 'page8-183.svg', 'page8-21.svg']",5.0,house,1.0,7.0,"(11,)",page6-122.svg,True
P2G040,exp2_train_and_test_25.json,P2R00965,38,5,page3-66.svg,False,1.0,high,single-utterance-unidirectional,P2-021,P2-010,"['page6-166.svg', 'page7-157.svg', 'page6-31.svg', 'page5-174.svg', 'page3-70.svg', 'page8-183.svg', 'page5-153.svg', 'page7-125.svg', 'page5-84.svg', 'page3-66.svg']",5.0,flat rectangle with cut in the bottom right,8.0,21.0,"(35,)",page3-66.svg,True
P2G030,exp2_train_and_test_35.json,P2R00815,25,4,page7-166.svg,False,1.0,high,single-utterance-unidirectional,P2-044,P2-002,"['page7-166.svg', 'page6-107.svg', 'page4-98.svg', 'page6-175.svg', 'page7-127.svg', 'page8-192.svg', 'page7-20.svg', 'page5-190.svg', 'page2-20.svg', 'page6-109.svg']",10.0,anvil ontop of triangle,4.0,15.0,"(23,)",page7-166.svg,True
P2G051,exp2_train_and_test_5.json,P2R01154,37,5,page6-245.svg,False,1.0,high,single-utterance-unidirectional,P2-051,P2-016,"['page7-177.svg', 'page5-75.svg', 'page6-204.svg', 'page7-35.svg', 'page7-144.svg', 'page4-98.svg', 'page2-131.svg', 'page6-245.svg', 'page9-34.svg', 'page7-115.svg']",21.0,Bird,1.0,35.0,"(41,)",page5-75.svg,False
P2G002,exp2_train_and_test_15.json,P2R01828,4,0,page6-53.svg,False,0.7742592592592592,low,single-utterance-unidirectional,P2-114,P2-062,"['page7-53.svg', 'page6-53.svg', 'page3-70.svg', 'page2-20.svg', 'page1-172.svg', 'page7-125.svg', 'page5-96.svg', 'page8-159.svg', 'page2-114.svg', 'page4-180.svg']",5.0,It is a man with a diamond head sitting on a throne looking to the left,16.0,20.0,"(26,)",page6-53.svg,True
P2G047,exp2_train_and_test_11.json,P2R01305,25,4,page-F.svg,False,0.6685185185185186,low,single-utterance-unidirectional,P2-089,P2-065,"['page8-156.svg', 'page8-192.svg', 'page6-162.svg', 'page7-53.svg', 'page7-145.svg', 'page7-177.svg', 'page7-226.svg', 'page-F.svg', 'page7-41.svg', 'page7-36.svg']",5.0,Person sitting against wall,4.0,11.0,"(30,)",page-F.svg,True
P2G017,exp2_train_and_test_13.json,P2R01990,20,3,page3-207.svg,False,0.7388888888888889,low,single-utterance-unidirectional,P2-104,P2-059,"['page6-204.svg', 'page6-21.svg', 'page9-40.svg', 'page8-22.svg', 'page6-31.svg', 'page3-207.svg', 'page4-155.svg', 'page7-125.svg', 'page1-128.svg', 'page8-192.svg']",14.0,man walkign to the left,5.0,17.0,"(23,)",page3-207.svg,True
P2G052,exp2_train_and_test_30.json,P2R01417,10,1,page1-172.svg,False,0.6444444444444445,low,single-utterance-unidirectional,P2-030,P2-061,"['page5-101.svg', 'page6-166.svg', 'page8-156.svg', 'page1-172.svg', 'page6-21.svg', 'page3-201.svg', 'page2-34.svg', 'page2-136.svg', 'page4-155.svg', 'page6-245.svg']",30.0,Letter h,2.0,35.0,"(43,)",page1-172.svg,True
P2G031,exp2_train_and_test_1.json,P2R00644,13,2,page5-101.svg,False,0.6666666666666667,low,single-utterance-unidirectional,P2-032,P2-017,"['page3-70.svg', 'page8-156.svg', 'page7-40.svg', 'page2-165.svg', 'page8-21.svg', 'page6-171.svg', 'page1-95.svg', 'page3-61.svg', 'page7-29.svg', 'page5-101.svg']",5.0,"diamond with triangles, looks like a funny E",8.0,13.0,"(16,)",page5-101.svg,True
P2G052,exp2_train_and_test_30.json,P2R01938,24,4,page4-155.svg,False,0.3777777777777779,low,single-utterance-unidirectional,P2-061,P2-030,"['page1-172.svg', 'page6-166.svg', 'page6-245.svg', 'page4-155.svg', 'page5-101.svg', 'page3-201.svg', 'page8-156.svg', 'page6-21.svg', 'page2-34.svg', 'page2-136.svg']",4.0,flattened m,2.0,9.0,"(17,)",page4-155.svg,True
P2G040,exp2_train_and_test_25.json,P2R01943,31,5,page5-84.svg,False,0.5111111111111112,low,single-utterance-unidirectional,P2-010,P2-021,"['page7-125.svg', 'page8-183.svg', 'page7-157.svg', 'page3-66.svg', 'page5-84.svg', 'page6-31.svg', 'page6-166.svg', 'page5-153.svg', 'page3-70.svg', 'page5-174.svg']",8.0,horse,1.0,11.0,"(21,)",page5-84.svg,True
P2G051,exp2_train_and_test_5.json,P2R00852,35,5,page2-131.svg,False,0.5333333333333334,low,single-utterance-unidirectional,P2-051,P2-016,"['page7-177.svg', 'page5-75.svg', 'page6-204.svg', 'page7-35.svg', 'page7-144.svg', 'page4-98.svg', 'page2-131.svg', 'page6-245.svg', 'page9-34.svg', 'page7-115.svg']",5.0,A hammer with a bump on the handle,8.0,17.0,"(23,)",page2-131.svg,True
P2G043,exp2_train_and_test_54.json,P2R00550,0,0,page4-142.svg,False,1.0,high,single-utterance-unidirectional,P2-088,P2-115,"['page6-245.svg', 'page6-107.svg', 'page4-142.svg', 'page7-177.svg', 'page8-18.svg', 'page5-80.svg', 'page7-217.svg', 'page5-155.svg', 'page2-131.svg', 'page6-109.svg']",23.0,A claw,2.0,26.0,"(36,)",page4-142.svg,True
P2G020,exp2_train_and_test_31.json,P2R01374,25,4,page6-192.svg,False,0.6444444444444445,low,single-utterance-unidirectional,P2-046,P2-023,"['page5-84.svg', 'page3-201.svg', 'page1-48.svg', 'page9-23.svg', 'page5-75.svg', 'page6-162.svg', 'page4-96.svg', 'page6-52.svg', 'page6-192.svg', 'page5-80.svg']",4.0,a guy kneeling down,4.0,17.0,,,
P2G029,exp2_train_and_test_14.json,P2R00757,23,3,page7-144.svg,False,1.0,high,single-utterance-unidirectional,P2-019,P2-099,"['page9-34.svg', 'page5-36.svg', 'page7-41.svg', 'page5-75.svg', 'page3-21.svg', 'page2-20.svg', 'page7-226.svg', 'page8-176.svg', 'page2-86.svg', 'page7-144.svg']",7.0,crystal ball,2.0,10.0,"(13,)",page7-144.svg,True
P2G005,exp2_train_and_test_43.json,P2R00436,20,3,page8-21.svg,False,0.5000000000000001,low,single-utterance-unidirectional,P2-111,P2-006,"['page8-246.svg', 'page7-125.svg', 'page6-122.svg', 'page7-226.svg', 'page7-145.svg', 'page8-21.svg', 'page5-101.svg', 'page6-160.svg', 'page9-40.svg', 'page8-183.svg']",10.0,chicken,1.0,11.0,"(24,)",page8-21.svg,True
P2G048,exp2_train_and_test_19.json,P2R01520,15,2,page1-128.svg,False,1.0,high,single-utterance-unidirectional,P2-106,P2-085,"['page7-115.svg', 'page2-86.svg', 'page5-71.svg', 'page4-197.svg', 'page7-44.svg', 'page8-18.svg', 'page1-30.svg', 'page1-128.svg', 'page6-135.svg', 'page8-38.svg']",12.0,A phone,2.0,16.0,"(23,)",page1-128.svg,True
P2G043,exp2_train_and_test_54.json,P2R00621,36,5,page7-166.svg,False,1.0,high,single-utterance-unidirectional,P2-088,P2-115,"['page4-128.svg', 'page7-107.svg', 'page7-113.svg', 'page3-33.svg', 'page2-100.svg', 'page7-166.svg', 'page6-206.svg', 'page1-149.svg', 'page6-160.svg', 'page2-140.svg']",,,,,,,
P2G053,exp2_train_and_test_23.json,P2R01643,5,0,page6-204.svg,False,1.0,high,single-utterance-unidirectional,P2-045,P2-037,"['page1-128.svg', 'page7-10.svg', 'page5-56.svg', 'page6-226.svg', 'page6-160.svg', 'page1-133.svg', 'page6-204.svg', 'page5-188.svg', 'page7-116.svg', 'page8-248.svg']",12.0,"an irregular shape, there's a bit sticking out to the left",11.0,24.0,"(44,)",page7-116.svg,False
P2G012,exp2_train_and_test_29.json,P2R00511,29,4,page2-34.svg,False,0.7611111111111111,low,single-utterance-unidirectional,P2-025,P2-066,"['page7-115.svg', 'page2-34.svg', 'page5-75.svg', 'page5-128.svg', 'page6-186.svg', 'page1-132.svg', 'page9-25.svg', 'page7-117.svg', 'page6-228.svg', 'page4-241.svg']",2.0,"rotated ""F""",2.0,6.0,"(8,)",page2-34.svg,True
P2G038,exp2_train_and_test_18.json,P2R00481,4,0,page9-23.svg,False,1.0,high,single-utterance-unidirectional,P2-020,P2-107,"['page1-172.svg', 'page4-142.svg', 'page6-123.svg', 'page4-98.svg', 'page8-234.svg', 'page9-23.svg', 'page6-219.svg', 'page7-126.svg', 'page9-32.svg', 'page1-34.svg']",6.0,main shape is a triangle at the bottom and top point touching another object,14.0,38.0,"(55,)",page9-23.svg,True
P2G050,exp2_train_and_test_47.json,P2R02350,31,5,page7-217.svg,False,1.0,high,single-utterance-unidirectional,P2-039,P2-053,"['page7-217.svg', 'page3-59.svg', 'page8-234.svg', 'page5-85.svg', 'page7-157.svg', 'page1-175.svg', 'page7-203.svg', 'page5-155.svg', 'page8-169.svg', 'page6-107.svg']",5.0,The sphinx. Parralleogram with a lump sticking up to the left,11.0,23.0,"(35,)",page7-217.svg,True
P2G024,exp2_train_and_test_48.json,P2R01186,6,1,page4-142.svg,False,1.0,high,single-utterance-unidirectional,P2-116,P2-001,"['page8-221.svg', 'page1-97.svg', 'page6-124.svg', 'page4-244.svg', 'page6-23.svg', 'page1-95.svg', 'page4-98.svg', 'page4-142.svg', 'page7-53.svg', 'page5-56.svg']",5.0,finger curled up,3.0,9.0,"(14,)",page4-142.svg,True
P2G024,exp2_train_and_test_48.json,P2R01347,5,0,page4-142.svg,False,1.0,high,single-utterance-unidirectional,P2-001,P2-116,"['page4-142.svg', 'page5-56.svg', 'page1-97.svg', 'page4-98.svg', 'page6-23.svg', 'page4-244.svg', 'page8-221.svg', 'page1-95.svg', 'page7-53.svg', 'page6-124.svg']",8.0,finger curled up,3.0,15.0,"(17,)",page4-142.svg,True
P2G015,exp2_train_and_test_16.json,P2R01031,31,5,page3-201.svg,False,0.5548148148148148,low,single-utterance-unidirectional,P2-047,P2-058,"['page6-167.svg', 'page1-77.svg', 'page4-96.svg', 'page1-175.svg', 'page7-20.svg', 'page1-149.svg', 'page1-133.svg', 'page4-5.svg', 'page3-201.svg', 'page7-4.svg']",6.0,a woman in a dress with a headress,8.0,13.0,"(18,)",page3-201.svg,True
P2G001,exp2_train_and_test_28.json,P2R00390,17,2,page2-34.svg,False,0.7611111111111111,low,single-utterance-unidirectional,P2-080,P2-027,"['page5-121.svg', 'page3-33.svg', 'page6-52.svg', 'page7-44.svg', 'page5-63.svg', 'page2-34.svg', 'page6-155.svg', 'page7-115.svg', 'page6-175.svg', 'page7-113.svg']",,,,,,,
P2G031,exp2_train_and_test_1.json,P2R01988,12,2,page6-171.svg,False,0.4148148148148148,low,single-utterance-unidirectional,P2-032,P2-017,"['page3-70.svg', 'page8-156.svg', 'page7-40.svg', 'page2-165.svg', 'page8-21.svg', 'page6-171.svg', 'page1-95.svg', 'page3-61.svg', 'page7-29.svg', 'page5-101.svg']",4.0,old man strolling to the right,6.0,12.0,"(15,)",page6-171.svg,True
P2G055,exp2_train_and_test_37.json,P2R00207,17,2,page8-22.svg,False,0.3444444444444444,low,single-utterance-unidirectional,P2-110,P2-011,"['page1-185.svg', 'page1-95.svg', 'page7-113.svg', 'page6-121.svg', 'page7-20.svg', 'page7-191.svg', 'page6-107.svg', 'page8-22.svg', 'page8-18.svg', 'page4-96.svg']",13.0,Flying bird,2.0,17.0,"(23,)",page8-22.svg,True
P2G049,exp2_train_and_test_41.json,P2R00457,34,5,page8-169.svg,False,1.0,high,single-utterance-unidirectional,P2-070,P2-013,"['page3-59.svg', 'page7-203.svg', 'page7-217.svg', 'page5-155.svg', 'page5-85.svg', 'page8-169.svg', 'page7-157.svg', 'page1-175.svg', 'page6-107.svg', 'page8-234.svg']",4.0,"The large C, looks like a crescent moon.",8.0,13.0,"(26,)",page8-169.svg,True
P2G020,exp2_train_and_test_31.json,P2R01664,16,2,page5-80.svg,False,0.5555555555555556,low,single-utterance-unidirectional,P2-046,P2-023,"['page5-84.svg', 'page3-201.svg', 'page1-48.svg', 'page9-23.svg', 'page5-75.svg', 'page6-162.svg', 'page4-96.svg', 'page6-52.svg', 'page6-192.svg', 'page5-80.svg']",8.0,"a completely black fox, no white what so ever",9.0,16.0,"(25,)",page5-80.svg,True
P2G037,exp2_train_and_test_42.json,P2R01306,36,5,page5-85.svg,False,0.5166666666666668,low,single-utterance-unidirectional,P2-075,P2-026,"['page3-59.svg', 'page7-203.svg', 'page7-217.svg', 'page5-155.svg', 'page5-85.svg', 'page8-169.svg', 'page7-157.svg', 'page1-175.svg', 'page6-107.svg', 'page8-234.svg']",4.0,cat with head up,4.0,10.0,"(25,)",page5-85.svg,True
P2G052,exp2_train_and_test_30.json,P2R01634,23,3,page4-155.svg,False,0.3777777777777779,low,single-utterance-unidirectional,P2-030,P2-061,"['page5-101.svg', 'page6-166.svg', 'page8-156.svg', 'page1-172.svg', 'page6-21.svg', 'page3-201.svg', 'page2-34.svg', 'page2-136.svg', 'page4-155.svg', 'page6-245.svg']",8.0,flattened M,2.0,9.0,"(32,)",page4-155.svg,True
P2G052,exp2_train_and_test_30.json,P2R01270,21,3,page3-201.svg,False,0.5548148148148148,low,single-utterance-unidirectional,P2-030,P2-061,"['page5-101.svg', 'page6-166.svg', 'page8-156.svg', 'page1-172.svg', 'page6-21.svg', 'page3-201.svg', 'page2-34.svg', 'page2-136.svg', 'page4-155.svg', 'page6-245.svg']",,,,,,,
P2G011,exp2_train_and_test_36.json,P2R01095,18,3,page8-183.svg,False,1.0,high,single-utterance-unidirectional,P2-073,P2-014,"['page3-61.svg', 'page7-116.svg', 'page5-75.svg', 'page9-32.svg', 'page3-201.svg', 'page2-100.svg', 'page8-183.svg', 'page5-26.svg', 'page3-66.svg', 'page3-163.svg']",8.0,P,1.0,9.0,"(13,)",page8-183.svg,True
P2G013,exp2_train_and_test_55.json,P2R00774,29,4,page5-128.svg,False,0.9925925925925926,high,single-utterance-unidirectional,P2-097,P2-109,"['page1-77.svg', 'page3-61.svg', 'page3-59.svg', 'page4-241.svg', 'page5-139.svg', 'page6-107.svg', 'page4-244.svg', 'page7-155.svg', 'page5-128.svg', 'page4-98.svg']",4.0,whale diving into the sea,5.0,8.0,"(19,)",page5-128.svg,True
P2G001,exp2_train_and_test_28.json,P2R00329,6,1,page5-63.svg,False,0.9935185185185184,high,single-utterance-unidirectional,P2-027,P2-080,"['page6-155.svg', 'page7-113.svg', 'page2-34.svg', 'page7-115.svg', 'page7-44.svg', 'page3-33.svg', 'page6-52.svg', 'page5-121.svg', 'page6-175.svg', 'page5-63.svg']",,,,,,,
P2G007,exp2_train_and_test_20.json,P2R00256,16,2,page5-45.svg,False,1.0,high,single-utterance-unidirectional,P2-108,P2-074,"['page7-29.svg', 'page7-225.svg', 'page2-64.svg', 'page4-155.svg', 'page5-45.svg', 'page5-154.svg', 'page4-98.svg', 'page7-226.svg', 'page3-201.svg', 'page7-15.svg']",10.0,house,1.0,11.0,"(22,)",page5-45.svg,True
P2G017,exp2_train_and_test_13.json,P2R01448,37,5,page7-20.svg,False,1.0,high,single-utterance-unidirectional,P2-104,P2-059,"['page6-167.svg', 'page1-77.svg', 'page4-96.svg', 'page1-175.svg', 'page7-20.svg', 'page1-149.svg', 'page1-133.svg', 'page4-5.svg', 'page3-201.svg', 'page7-4.svg']",5.0,a diagnol block pointing upwards right,6.0,23.0,"(29,)",page1-175.svg,False
P2G030,exp2_train_and_test_35.json,P2R00762,1,0,page8-192.svg,False,0.6444444444444446,low,single-utterance-unidirectional,P2-044,P2-002,"['page7-166.svg', 'page6-107.svg', 'page4-98.svg', 'page6-175.svg', 'page7-127.svg', 'page8-192.svg', 'page7-20.svg', 'page5-190.svg', 'page2-20.svg', 'page6-109.svg']",10.0,a dog,2.0,12.0,"(24,)",page8-192.svg,True
P2G030,exp2_train_and_test_35.json,P2R00056,29,4,page6-109.svg,False,1.0,high,single-utterance-unidirectional,P2-044,P2-002,"['page7-166.svg', 'page6-107.svg', 'page4-98.svg', 'page6-175.svg', 'page7-127.svg', 'page8-192.svg', 'page7-20.svg', 'page5-190.svg', 'page2-20.svg', 'page6-109.svg']",4.0,invisible superhero with cape,4.0,7.0,"(13,)",page6-109.svg,True
P2G009,exp2_train_and_test_3.json,P2R01320,19,3,page2-86.svg,False,0.7777777777777777,low,single-utterance-unidirectional,P2-024,P2-117,"['page2-86.svg', 'page7-126.svg', 'page5-101.svg', 'page8-169.svg', 'page3-139.svg', 'page6-166.svg', 'page6-167.svg', 'page4-180.svg', 'page5-165.svg', 'page1-117.svg']",16.0,COUCH OR BED,3.0,21.0,"(33,)",page2-86.svg,True
P2G006,exp2_train_and_test_51.json,P2R02161,1,0,page8-246.svg,False,1.0,high,single-utterance-unidirectional,P2-071,P2-050,"['page7-127.svg', 'page2-20.svg', 'page7-157.svg', 'page8-246.svg', 'page8-58.svg', 'page7-15.svg', 'page6-167.svg', 'page4-155.svg', 'page5-190.svg', 'page7-125.svg']",12.0,This one looks really close to a swastika,8.0,40.0,"(47,)",page8-246.svg,True
P2G013,exp2_train_and_test_55.json,P2R01920,15,2,page3-61.svg,False,1.0,high,single-utterance-unidirectional,P2-097,P2-109,"['page1-77.svg', 'page3-61.svg', 'page3-59.svg', 'page4-241.svg', 'page5-139.svg', 'page6-107.svg', 'page4-244.svg', 'page7-155.svg', 'page5-128.svg', 'page4-98.svg']",3.0,weird shape bench,3.0,10.0,"(16,)",page5-139.svg,False
P2G042,exp2_train_and_test_50.json,P2R00666,25,4,page6-31.svg,False,0.5333333333333334,low,single-utterance-unidirectional,P2-049,P2-042,"['page3-21.svg', 'page2-136.svg', 'page5-56.svg', 'page8-169.svg', 'page6-204.svg', 'page1-95.svg', 'page6-31.svg', 'page8-58.svg', 'page2-165.svg', 'page1-175.svg']",,,,,,,
P2G007,exp2_train_and_test_20.json,P2R01324,30,5,page7-157.svg,False,0.6037037037037036,low,single-utterance-unidirectional,P2-108,P2-074,"['page6-166.svg', 'page7-157.svg', 'page6-31.svg', 'page5-174.svg', 'page3-70.svg', 'page8-183.svg', 'page5-153.svg', 'page7-125.svg', 'page5-84.svg', 'page3-66.svg']",6.0,hot air balloon with triangle bottom,6.0,17.0,"(24,)",page7-157.svg,True
P2G036,exp2_train_and_test_45.json,P2R01227,23,3,page7-115.svg,False,0.6,low,single-utterance-unidirectional,P2-052,P2-091,"['page7-144.svg', 'page7-22.svg', 'page7-115.svg', 'page9-34.svg', 'page6-31.svg', 'page8-22.svg', 'page2-36.svg', 'page7-216.svg', 'page1-185.svg', 'page7-107.svg']",,,,,,,
P2G004,exp2_train_and_test_32.json,P2R01913,7,1,page7-157.svg,False,0.6037037037037036,low,single-utterance-unidirectional,P2-078,P2-018,"['page4-232.svg', 'page5-45.svg', 'page7-115.svg', 'page5-155.svg', 'page2-131.svg', 'page7-155.svg', 'page7-157.svg', 'page8-217.svg', 'page5-233.svg', 'page1-34.svg']",11.0,Small triangle with a large 5-sided shape balanced on top,10.0,34.0,"(51,)",page7-157.svg,True
P2G019,exp2_train_and_test_26.json,P2R01231,16,2,page1-77.svg,False,0.6833333333333333,low,single-utterance-unidirectional,P2-069,P2-034,"['page1-34.svg', 'page1-77.svg', 'page6-123.svg', 'page1-149.svg', 'page3-59.svg', 'page5-128.svg', 'page2-86.svg', 'page2-165.svg', 'page2-133.svg', 'page2-34.svg']",4.0,knife in a sheath,4.0,11.0,"(13,)",page1-77.svg,True
P2G031,exp2_train_and_test_1.json,P2R00705,30,5,page7-144.svg,False,1.0,high,single-utterance-unidirectional,P2-032,P2-017,"['page9-34.svg', 'page7-115.svg', 'page4-98.svg', 'page7-177.svg', 'page7-35.svg', 'page6-245.svg', 'page7-144.svg', 'page2-131.svg', 'page5-75.svg', 'page6-204.svg']",5.0,looks like a man'd head silhouette with a gigantic nose,10.0,27.0,"(30,)",page7-144.svg,True
P2G051,exp2_train_and_test_5.json,P2R01848,18,3,page7-20.svg,False,1.0,high,single-utterance-unidirectional,P2-051,P2-016,"['page7-155.svg', 'page3-21.svg', 'page3-33.svg', 'page5-107.svg', 'page7-166.svg', 'page3-52.svg', 'page7-20.svg', 'page7-40.svg', 'page6-228.svg', 'page5-40.svg']",4.0,Building slanted to the right,5.0,9.0,"(13,)",page7-20.svg,True
P2G005,exp2_train_and_test_43.json,P2R02321,16,2,page9-40.svg,False,1.0,high,single-utterance-unidirectional,P2-006,P2-111,"['page6-122.svg', 'page9-40.svg', 'page7-226.svg', 'page7-125.svg', 'page8-246.svg', 'page6-160.svg', 'page7-145.svg', 'page5-101.svg', 'page8-183.svg', 'page8-21.svg']",5.0,pillar,1.0,9.0,"(12,)",page9-40.svg,True
P2G052,exp2_train_and_test_30.json,P2R00698,12,2,page6-245.svg,False,1.0,high,single-utterance-unidirectional,P2-061,P2-030,"['page1-172.svg', 'page6-166.svg', 'page6-245.svg', 'page4-155.svg', 'page5-101.svg', 'page3-201.svg', 'page8-156.svg', 'page6-21.svg', 'page2-34.svg', 'page2-136.svg']",7.0,It looks like a triangle with a point in the top left with cutouts,14.0,35.0,"(56,)",page5-101.svg,False
P2G054,exp2_train_and_test_38.json,P2R02022,21,3,page4-197.svg,False,1.0,high,single-utterance-unidirectional,P2-055,P2-012,"['page6-71.svg', 'page6-135.svg', 'page4-197.svg', 'page2-131.svg', 'page7-41.svg', 'page6-186.svg', 'page6-109.svg', 'page4-98.svg', 'page7-15.svg', 'page6-208.svg']",11.0,head on pillow,3.0,13.0,"(23,)",page4-197.svg,True
P2G041,exp2_train_and_test_52.json,P2R00996,34,5,page3-33.svg,False,0.6111111111111112,low,single-utterance-unidirectional,P2-005,P2-072,"['page4-128.svg', 'page7-107.svg', 'page7-113.svg', 'page3-33.svg', 'page2-100.svg', 'page7-166.svg', 'page6-206.svg', 'page1-149.svg', 'page6-160.svg', 'page2-140.svg']",28.0,three mountains and square pacman on top,7.0,35.0,"(48,)",page3-33.svg,True
P2G032,exp2_train_and_test_44.json,P2R01814,16,2,page6-226.svg,False,1.0,high,single-utterance-unidirectional,P2-102,P2-096,"['page8-22.svg', 'page5-101.svg', 'page6-226.svg', 'page5-190.svg', 'page2-34.svg', 'page4-197.svg', 'page7-20.svg', 'page6-53.svg', 'page8-21.svg', 'page4-96.svg']",4.0,2 squares on side with tube out of one,9.0,23.0,"(27,)",page6-226.svg,True
P2G028,exp2_train_and_test_0.json,P2R01460,11,1,page8-247.svg,True,0.6333333333333334,low,single-utterance-unidirectional,P2-015,P2-100,"['page1-117.svg', 'page6-206.svg', 'page1-30.svg', 'page7-81.svg', 'page9-39.svg', 'page8-247.svg', 'page2-140.svg', 'page6-228.svg', 'page1-185.svg', 'page3-33.svg']",16.0,It is a very weird shape that looks like a dog or some similar animal. It looks like it has a head at the top left of the image,29.0,42.0,,,
P2G010,exp2_train_and_test_17.json,P2R01083,25,4,page7-15.svg,False,0.5935185185185186,low,single-utterance-unidirectional,P2-092,P2-068,"['page7-155.svg', 'page7-144.svg', 'page8-221.svg', 'page8-22.svg', 'page6-208.svg', 'page1-107.svg', 'page6-1.svg', 'page5-121.svg', 'page7-41.svg', 'page7-15.svg']",12.0,mountains,1.0,15.0,"(22,)",page7-15.svg,True
P2G037,exp2_train_and_test_42.json,P2R02314,23,3,page8-58.svg,False,0.7259259259259259,low,single-utterance-unidirectional,P2-026,P2-075,"['page6-226.svg', 'page5-96.svg', 'page6-206.svg', 'page7-53.svg', 'page6-71.svg', 'page7-73.svg', 'page8-159.svg', 'page5-128.svg', 'page8-58.svg', 'page1-150.svg']",4.0,person walking right,3.0,10.0,"(14,)",page8-58.svg,True
P2G015,exp2_train_and_test_16.json,P2R00604,32,5,page1-149.svg,False,1.0,high,single-utterance-unidirectional,P2-058,P2-047,"['page4-96.svg', 'page1-149.svg', 'page3-201.svg', 'page6-167.svg', 'page1-77.svg', 'page1-133.svg', 'page7-20.svg', 'page4-5.svg', 'page1-175.svg', 'page7-4.svg']",7.0,a pillar with a triangle base and an upside down triangles in the middle and top,16.0,36.0,"(52,)",page1-149.svg,True
P2G053,exp2_train_and_test_23.json,P2R01787,0,0,page7-10.svg,False,0.7611111111111111,low,single-utterance-unidirectional,P2-045,P2-037,"['page1-128.svg', 'page7-10.svg', 'page5-56.svg', 'page6-226.svg', 'page6-160.svg', 'page1-133.svg', 'page6-204.svg', 'page5-188.svg', 'page7-116.svg', 'page8-248.svg']",13.0,a trophy,2.0,17.0,"(25,)",page7-10.svg,True
P2G047,exp2_train_and_test_11.json,P2R00370,33,5,page1-133.svg,False,0.5444444444444445,low,single-utterance-unidirectional,P2-065,P2-089,"['page6-167.svg', 'page1-77.svg', 'page4-96.svg', 'page1-175.svg', 'page7-20.svg', 'page1-149.svg', 'page1-133.svg', 'page4-5.svg', 'page3-201.svg', 'page7-4.svg']",5.0,It looks like a bullet and is next to the castle thing,12.0,25.0,"(44,)",page1-77.svg,False
P2G004,exp2_train_and_test_32.json,P2R00546,2,0,page8-217.svg,True,0.9925925925925926,high,single-utterance-unidirectional,P2-078,P2-018,"['page4-232.svg', 'page5-45.svg', 'page7-115.svg', 'page5-155.svg', 'page2-131.svg', 'page7-155.svg', 'page7-157.svg', 'page8-217.svg', 'page5-233.svg', 'page1-34.svg']",39.0,,,,,,
P2G021,exp2_train_and_test_58.json,P2R02224,3,0,page4-195.svg,False,1.0,high,single-utterance-unidirectional,P2-064,P2-036,"['page4-195.svg', 'page6-31.svg', 'page4-241.svg', 'page7-41.svg', 'page8-38.svg', 'page5-233.svg', 'page3-205.svg', 'page7-226.svg', 'page9-40.svg', 'page5-84.svg']",11.0,It looks like a penknife,5.0,23.0,"(39,)",page4-195.svg,True
P2G034,exp2_train_and_test_7.json,P2R00066,37,5,page6-245.svg,False,1.0,high,single-utterance-unidirectional,P2-035,P2-031,"['page7-177.svg', 'page5-75.svg', 'page6-204.svg', 'page7-35.svg', 'page7-144.svg', 'page4-98.svg', 'page2-131.svg', 'page6-245.svg', 'page9-34.svg', 'page7-115.svg']",,,,,,,
P2G055,exp2_train_and_test_37.json,P2R01829,33,5,page4-180.svg,False,0.6944444444444445,low,single-utterance-unidirectional,P2-011,P2-110,"['page8-159.svg', 'page1-133.svg', 'page9-39.svg', 'page2-165.svg', 'page8-215.svg', 'page1-117.svg', 'page8-246.svg', 'page4-180.svg', 'page6-226.svg', 'page9-34.svg']",3.0,butterfly,1.0,5.0,"(10,)",page4-180.svg,True
P2G050,exp2_train_and_test_47.json,P2R00570,5,0,page5-84.svg,False,0.5111111111111112,low,single-utterance-unidirectional,P2-053,P2-039,"['page7-127.svg', 'page5-84.svg', 'page3-201.svg', 'page5-56.svg', 'page6-1.svg', 'page6-162.svg', 'page8-182.svg', 'page7-125.svg', 'page5-139.svg', 'page8-206.svg']",5.0,an animal walking on 4 legs,6.0,17.0,"(28,)",page5-84.svg,True
P2G021,exp2_train_and_test_58.json,P2R00672,37,5,page7-107.svg,False,0.9935185185185184,high,single-utterance-unidirectional,P2-036,P2-064,"['page6-206.svg', 'page7-113.svg', 'page7-166.svg', 'page2-100.svg', 'page3-33.svg', 'page2-140.svg', 'page6-160.svg', 'page4-128.svg', 'page1-149.svg', 'page7-107.svg']",6.0,a white diamond in the center,6.0,12.0,"(27,)",page7-107.svg,True
P2G017,exp2_train_and_test_13.json,P2R02046,28,4,page3-207.svg,False,0.7388888888888889,low,single-utterance-unidirectional,P2-059,P2-104,"['page6-21.svg', 'page1-128.svg', 'page3-207.svg', 'page7-125.svg', 'page4-155.svg', 'page9-40.svg', 'page8-22.svg', 'page6-204.svg', 'page8-192.svg', 'page6-31.svg']",10.0,Man walking,2.0,11.0,"(22,)",page3-207.svg,True
P2G043,exp2_train_and_test_54.json,P2R00887,6,1,page4-142.svg,False,1.0,high,single-utterance-unidirectional,P2-115,P2-088,"['page4-142.svg', 'page5-80.svg', 'page2-131.svg', 'page5-155.svg', 'page6-245.svg', 'page8-18.svg', 'page7-217.svg', 'page6-107.svg', 'page7-177.svg', 'page6-109.svg']",8.0,The horn from a Viking helmet.,6.0,17.0,"(30,)",page4-142.svg,True
P2G012,exp2_train_and_test_29.json,P2R00592,27,4,page5-128.svg,True,0.9925925925925926,high,single-utterance-unidirectional,P2-066,P2-025,"['page5-128.svg', 'page7-115.svg', 'page4-241.svg', 'page7-117.svg', 'page6-186.svg', 'page9-25.svg', 'page1-132.svg', 'page5-75.svg', 'page6-228.svg', 'page2-34.svg']",3.0,"Looks like an animal lowering head fora drink, long neck like a giraffe",13.0,22.0,"(27,)",page5-128.svg,True
P2G009,exp2_train_and_test_3.json,P2R01171,24,4,page7-126.svg,False,0.6666666666666667,low,single-utterance-unidirectional,P2-117,P2-024,"['page5-165.svg', 'page5-101.svg', 'page2-86.svg', 'page6-166.svg', 'page7-126.svg', 'page8-169.svg', 'page4-180.svg', 'page6-167.svg', 'page3-139.svg', 'page1-117.svg']",5.0,bird standing on a triangle,5.0,12.0,"(14,)",page7-126.svg,True
P2G020,exp2_train_and_test_31.json,P2R01003,39,5,page8-159.svg,False,1.0,high,single-utterance-unidirectional,P2-023,P2-046,"['page8-159.svg', 'page1-133.svg', 'page9-39.svg', 'page2-165.svg', 'page8-215.svg', 'page1-117.svg', 'page8-246.svg', 'page4-180.svg', 'page6-226.svg', 'page9-34.svg']",3.0,Looks like a J with the line on top (not the saxophone one),13.0,29.0,,,
P2G039,exp2_train_and_test_4.json,P2R02000,39,5,page7-115.svg,False,0.6,low,single-utterance-unidirectional,P2-022,P2-093,"['page7-177.svg', 'page5-75.svg', 'page6-204.svg', 'page7-35.svg', 'page7-144.svg', 'page4-98.svg', 'page2-131.svg', 'page6-245.svg', 'page9-34.svg', 'page7-115.svg']",6.0,a bed or bridge,4.0,16.0,"(28,)",page7-115.svg,True
P2G012,exp2_train_and_test_29.json,P2R02125,36,5,page3-70.svg,False,1.0,high,single-utterance-unidirectional,P2-025,P2-066,"['page6-166.svg', 'page7-157.svg', 'page6-31.svg', 'page5-174.svg', 'page3-70.svg', 'page8-183.svg', 'page5-153.svg', 'page7-125.svg', 'page5-84.svg', 'page3-66.svg']",7.0,"Looks like an ""r"" rotated 90 degrees clockwise, and the curve is filled in",14.0,23.0,"(40,)",page3-66.svg,False
P2G001,exp2_train_and_test_28.json,P2R01843,29,4,page5-63.svg,False,0.9935185185185184,high,single-utterance-unidirectional,P2-080,P2-027,"['page5-121.svg', 'page3-33.svg', 'page6-52.svg', 'page7-44.svg', 'page5-63.svg', 'page2-34.svg', 'page6-155.svg', 'page7-115.svg', 'page6-175.svg', 'page7-113.svg']",,,,,,,
P2G015,exp2_train_and_test_16.json,P2R00807,5,0,page6-204.svg,False,1.0,high,single-utterance-unidirectional,P2-058,P2-047,"['page5-56.svg', 'page5-213.svg', 'page1-34.svg', 'page7-79.svg', 'page2-114.svg', 'page6-1.svg', 'page4-180.svg', 'page5-85.svg', 'page2-133.svg', 'page6-204.svg']",11.0,a tall rectangle with a little bit sticking out on the top left,13.0,25.0,"(41,)",page7-79.svg,False
P2G055,exp2_train_and_test_37.json,P2R01724,0,0,page8-22.svg,False,0.3444444444444444,low,single-utterance-unidirectional,P2-110,P2-011,"['page1-185.svg', 'page1-95.svg', 'page7-113.svg', 'page6-121.svg', 'page7-20.svg', 'page7-191.svg', 'page6-107.svg', 'page8-22.svg', 'page8-18.svg', 'page4-96.svg']",24.0,It is a bird in flight.,6.0,39.0,"(46,)",page8-22.svg,True
P2G049,exp2_train_and_test_41.json,P2R00547,3,0,page4-98.svg,False,0.7222222222222223,low,single-utterance-unidirectional,P2-070,P2-013,"['page8-38.svg', 'page6-192.svg', 'page7-35.svg', 'page7-36.svg', 'page4-98.svg', 'page3-70.svg', 'page5-154.svg', 'page7-79.svg', 'page8-246.svg', 'page4-108.svg']",16.0,,,,,,
P2G052,exp2_train_and_test_30.json,P2R02333,9,1,page8-156.svg,False,1.0,high,single-utterance-unidirectional,P2-030,P2-061,"['page5-101.svg', 'page6-166.svg', 'page8-156.svg', 'page1-172.svg', 'page6-21.svg', 'page3-201.svg', 'page2-34.svg', 'page2-136.svg', 'page4-155.svg', 'page6-245.svg']",39.0,Resebles K,2.0,43.0,,,
P2G031,exp2_train_and_test_1.json,P2R00975,1,0,page5-101.svg,False,0.6666666666666667,low,single-utterance-unidirectional,P2-032,P2-017,"['page3-70.svg', 'page8-156.svg', 'page7-40.svg', 'page2-165.svg', 'page8-21.svg', 'page6-171.svg', 'page1-95.svg', 'page3-61.svg', 'page7-29.svg', 'page5-101.svg']",8.0,"sort of like a stylized E, like a diamond with two triangles sticking into it",15.0,25.0,"(34,)",page5-101.svg,True
P2G026,exp2_train_and_test_24.json,P2R00340,11,1,page6-206.svg,False,0.7333333333333333,low,single-utterance-unidirectional,P2-048,P2-057,"['page1-48.svg', 'page1-133.svg', 'page9-40.svg', 'page8-38.svg', 'page7-44.svg', 'page-F.svg', 'page5-45.svg', 'page4-195.svg', 'page6-206.svg', 'page7-55.svg']",,,,,,,
P2G031,exp2_train_and_test_1.json,P2R02230,34,5,page7-35.svg,False,0.7333333333333334,low,single-utterance-unidirectional,P2-032,P2-017,"['page9-34.svg', 'page7-115.svg', 'page4-98.svg', 'page7-177.svg', 'page7-35.svg', 'page6-245.svg', 'page7-144.svg', 'page2-131.svg', 'page5-75.svg', 'page6-204.svg']",4.0,looks like a pointy house or a mushroom in a little boat,12.0,13.0,"(18,)",page7-35.svg,True
P2G046,exp2_train_and_test_46.json,P2R01886,26,4,page4-197.svg,False,1.0,high,single-utterance-unidirectional,P2-079,P2-008,"['page8-182.svg', 'page5-153.svg', 'page4-197.svg', 'page2-34.svg', 'page6-166.svg', 'page2-20.svg', 'page8-22.svg', 'page2-86.svg', 'page9-34.svg', 'page8-156.svg']",10.0,Arrow pointing down off the wall,6.0,19.0,"(24,)",page4-197.svg,True
P2G052,exp2_train_and_test_30.json,P2R00980,31,5,page9-34.svg,False,1.0,high,single-utterance-unidirectional,P2-030,P2-061,"['page8-159.svg', 'page1-133.svg', 'page9-39.svg', 'page2-165.svg', 'page8-215.svg', 'page1-117.svg', 'page8-246.svg', 'page4-180.svg', 'page6-226.svg', 'page9-34.svg']",11.0,Letter r,2.0,20.0,"(34,)",page9-34.svg,True
P2G037,exp2_train_and_test_42.json,P2R00776,33,5,page7-203.svg,False,0.9925925925925926,high,single-utterance-unidirectional,P2-026,P2-075,"['page7-217.svg', 'page3-59.svg', 'page8-234.svg', 'page5-85.svg', 'page7-157.svg', 'page1-175.svg', 'page7-203.svg', 'page5-155.svg', 'page8-169.svg', 'page6-107.svg']",5.0,man head in top hat,5.0,11.0,"(33,)",page5-85.svg,False
P2G034,exp2_train_and_test_7.json,P2R01251,39,5,page7-115.svg,False,0.6,low,single-utterance-unidirectional,P2-035,P2-031,"['page7-177.svg', 'page5-75.svg', 'page6-204.svg', 'page7-35.svg', 'page7-144.svg', 'page4-98.svg', 'page2-131.svg', 'page6-245.svg', 'page9-34.svg', 'page7-115.svg']",,,,,,,
P2G026,exp2_train_and_test_24.json,P2R00573,35,5,page6-31.svg,False,0.5333333333333334,low,single-utterance-unidirectional,P2-048,P2-057,"['page7-125.svg', 'page8-183.svg', 'page7-157.svg', 'page3-66.svg', 'page5-84.svg', 'page6-31.svg', 'page6-166.svg', 'page5-153.svg', 'page3-70.svg', 'page5-174.svg']",,,,,,,
P2G024,exp2_train_and_test_48.json,P2R00431,7,1,page7-53.svg,False,0.7333333333333332,low,single-utterance-unidirectional,P2-116,P2-001,"['page8-221.svg', 'page1-97.svg', 'page6-124.svg', 'page4-244.svg', 'page6-23.svg', 'page1-95.svg', 'page4-98.svg', 'page4-142.svg', 'page7-53.svg', 'page5-56.svg']",7.0,mountains with a flat top,5.0,13.0,"(23,)",page7-53.svg,True
P2G003,exp2_train_and_test_21.json,P2R00716,23,3,page6-155.svg,False,1.0,high,single-utterance-unidirectional,P2-041,P2-105,"['page1-132.svg', 'page5-101.svg', 'page6-155.svg', 'page4-98.svg', 'page5-120.svg', 'page5-188.svg', 'page7-115.svg', 'page7-191.svg', 'page7-4.svg', 'page8-159.svg']",7.0,a giraffe walking/facing to the left,6.0,15.0,"(26,)",page6-155.svg,True
P2G044,exp2_train_and_test_39.json,P2R01304,5,0,page5-128.svg,False,0.9925925925925926,high,single-utterance-unidirectional,P2-101,P2-076,"['page5-71.svg', 'page4-190.svg', 'page7-157.svg', 'page5-63.svg', 'page5-101.svg', 'page4-197.svg', 'page5-128.svg', 'page6-167.svg', 'page7-15.svg', 'page8-18.svg']",18.0,looks like a hooked finger,5.0,24.0,"(33,)",page5-128.svg,True
P2G053,exp2_train_and_test_23.json,P2R01768,19,3,page7-116.svg,True,1.0,high,single-utterance-unidirectional,P2-037,P2-045,"['page1-133.svg', 'page7-116.svg', 'page6-160.svg', 'page1-128.svg', 'page8-248.svg', 'page7-10.svg', 'page5-56.svg', 'page6-226.svg', 'page6-204.svg', 'page5-188.svg']",12.0,diamond centre and two triangles each end that look different,10.0,30.0,"(36,)",page7-116.svg,True
P2G004,exp2_train_and_test_32.json,P2R01926,34,5,page1-133.svg,False,0.5444444444444445,low,single-utterance-unidirectional,P2-018,P2-078,"['page2-165.svg', 'page9-39.svg', 'page1-117.svg', 'page4-180.svg', 'page8-246.svg', 'page8-215.svg', 'page1-133.svg', 'page6-226.svg', 'page8-159.svg', 'page9-34.svg']",8.0,house shaped 6 sides,4.0,18.0,"(30,)",page1-133.svg,True
P2G012,exp2_train_and_test_29.json,P2R00174,6,1,page5-75.svg,True,0.6944444444444444,low,single-utterance-unidirectional,P2-066,P2-025,"['page5-128.svg', 'page7-115.svg', 'page4-241.svg', 'page7-117.svg', 'page6-186.svg', 'page9-25.svg', 'page1-132.svg', 'page5-75.svg', 'page6-228.svg', 'page2-34.svg']",3.0,"Looks like a bird standing on one leg, a flamingo or crane",12.0,14.0,"(19,)",page5-75.svg,True
P2G055,exp2_train_and_test_37.json,P2R00494,16,2,page8-18.svg,False,0.3777777777777778,low,single-utterance-unidirectional,P2-110,P2-011,"['page1-185.svg', 'page1-95.svg', 'page7-113.svg', 'page6-121.svg', 'page7-20.svg', 'page7-191.svg', 'page6-107.svg', 'page8-22.svg', 'page8-18.svg', 'page4-96.svg']",10.0,Swan,1.0,12.0,"(23,)",page8-18.svg,True
P2G042,exp2_train_and_test_50.json,P2R01254,23,3,page6-31.svg,False,0.5333333333333334,low,single-utterance-unidirectional,P2-042,P2-049,"['page1-175.svg', 'page1-95.svg', 'page5-56.svg', 'page8-58.svg', 'page3-21.svg', 'page8-169.svg', 'page6-204.svg', 'page6-31.svg', 'page2-165.svg', 'page2-136.svg']",6.0,face,1.0,7.0,,,
P2G021,exp2_train_and_test_58.json,P2R01707,23,3,page7-41.svg,False,0.7555555555555555,low,single-utterance-unidirectional,P2-036,P2-064,"['page8-38.svg', 'page4-195.svg', 'page3-205.svg', 'page7-41.svg', 'page4-241.svg', 'page5-84.svg', 'page7-226.svg', 'page6-31.svg', 'page5-233.svg', 'page9-40.svg']",9.0,boat house,2.0,11.0,"(22,)",page7-41.svg,True
P2G049,exp2_train_and_test_41.json,P2R01509,0,0,page8-246.svg,False,1.0,high,single-utterance-unidirectional,P2-070,P2-013,"['page8-38.svg', 'page6-192.svg', 'page7-35.svg', 'page7-36.svg', 'page4-98.svg', 'page3-70.svg', 'page5-154.svg', 'page7-79.svg', 'page8-246.svg', 'page4-108.svg']",7.0,A person walking down a steep hill with their arm out and leg back.t,14.0,31.0,"(50,)",page6-192.svg,False
P2G032,exp2_train_and_test_44.json,P2R01535,37,5,page1-175.svg,False,1.0,high,single-utterance-unidirectional,P2-096,P2-102,"['page7-217.svg', 'page3-59.svg', 'page8-234.svg', 'page5-85.svg', 'page7-157.svg', 'page1-175.svg', 'page7-203.svg', 'page5-155.svg', 'page8-169.svg', 'page6-107.svg']",7.0,diamond on side,3.0,12.0,"(25,)",page7-157.svg,False
P2G010,exp2_train_and_test_17.json,P2R00516,4,0,page7-15.svg,False,0.5935185185185186,low,single-utterance-unidirectional,P2-092,P2-068,"['page7-155.svg', 'page7-144.svg', 'page8-221.svg', 'page8-22.svg', 'page6-208.svg', 'page1-107.svg', 'page6-1.svg', 'page5-121.svg', 'page7-41.svg', 'page7-15.svg']",12.0,looks like a valley of mountains,6.0,17.0,"(26,)",page7-15.svg,True
P2G033,exp2_train_and_test_8.json,P2R00598,20,3,page5-96.svg,False,0.5444444444444445,low,single-utterance-unidirectional,P2-095,P2-112,"['page7-4.svg', 'page5-45.svg', 'page3-61.svg', 'page5-96.svg', 'page8-234.svg', 'page4-190.svg', 'page6-219.svg', 'page5-26.svg', 'page8-166.svg', 'page7-15.svg']",6.0,The cat with the head on the left,8.0,10.0,"(23,)",page5-96.svg,True
P2G020,exp2_train_and_test_31.json,P2R01026,8,1,page6-192.svg,False,0.6444444444444445,low,single-utterance-unidirectional,P2-023,P2-046,"['page3-201.svg', 'page1-48.svg', 'page5-75.svg', 'page6-162.svg', 'page4-96.svg', 'page5-80.svg', 'page9-23.svg', 'page6-192.svg', 'page6-52.svg', 'page5-84.svg']",9.0,Looks like a person kneeling with a square for the head,11.0,20.0,,,
P2G002,exp2_train_and_test_15.json,P2R01316,14,2,page7-53.svg,False,0.7333333333333332,low,single-utterance-unidirectional,P2-114,P2-062,"['page7-53.svg', 'page6-53.svg', 'page3-70.svg', 'page2-20.svg', 'page1-172.svg', 'page7-125.svg', 'page5-96.svg', 'page8-159.svg', 'page2-114.svg', 'page4-180.svg']",5.0,a bridge made up of triangle on the left and downward tria ngle in middle,15.0,34.0,"(43,)",page7-53.svg,True
P2G023,exp2_train_and_test_40.json,P2R01546,0,0,page9-23.svg,False,1.0,high,single-utterance-unidirectional,P2-056,P2-081,"['page7-29.svg', 'page2-100.svg', 'page7-144.svg', 'page3-201.svg', 'page9-23.svg', 'page3-200.svg', 'page2-165.svg', 'page4-232.svg', 'page5-153.svg', 'page7-44.svg']",11.0,it has a triangle as a base,7.0,24.0,"(34,)",page9-23.svg,True
P2G049,exp2_train_and_test_41.json,P2R02145,1,0,page7-36.svg,False,1.0,high,single-utterance-unidirectional,P2-070,P2-013,"['page8-38.svg', 'page6-192.svg', 'page7-35.svg', 'page7-36.svg', 'page4-98.svg', 'page3-70.svg', 'page5-154.svg', 'page7-79.svg', 'page8-246.svg', 'page4-108.svg']",9.0,"Two overlapping squares, one square to the upper left of the other, with a small appendage.",16.0,42.0,,,
P2G004,exp2_train_and_test_32.json,P2R00135,4,0,page4-232.svg,False,1.0,high,single-utterance-unidirectional,P2-018,P2-078,"['page4-232.svg', 'page2-131.svg', 'page7-155.svg', 'page5-233.svg', 'page1-34.svg', 'page5-45.svg', 'page8-217.svg', 'page7-157.svg', 'page7-115.svg', 'page5-155.svg']",16.0,triangle on top of square with 2 smaller squares,9.0,36.0,"(60,)",,
P2G040,exp2_train_and_test_25.json,P2R02318,6,1,page8-38.svg,False,0.5777777777777778,low,single-utterance-unidirectional,P2-010,P2-021,"['page6-21.svg', 'page2-114.svg', 'page5-128.svg', 'page6-175.svg', 'page7-4.svg', 'page8-246.svg', 'page4-244.svg', 'page5-154.svg', 'page4-98.svg', 'page8-38.svg']",18.0,one leg,2.0,23.0,"(48,)",page6-175.svg,False
P2G029,exp2_train_and_test_14.json,P2R00958,3,0,page5-36.svg,False,1.0,high,single-utterance-unidirectional,P2-099,P2-019,"['page5-36.svg', 'page8-176.svg', 'page7-144.svg', 'page2-86.svg', 'page5-75.svg', 'page7-41.svg', 'page9-34.svg', 'page3-21.svg', 'page7-226.svg', 'page2-20.svg']",10.0,cross on a diamond,4.0,15.0,"(23,)",page5-36.svg,True
P2G015,exp2_train_and_test_16.json,P2R01410,0,0,page4-180.svg,False,0.6944444444444445,low,single-utterance-unidirectional,P2-058,P2-047,"['page5-56.svg', 'page5-213.svg', 'page1-34.svg', 'page7-79.svg', 'page2-114.svg', 'page6-1.svg', 'page4-180.svg', 'page5-85.svg', 'page2-133.svg', 'page6-204.svg']",10.0,V Shape with pointy bottom,5.0,17.0,"(25,)",page4-180.svg,True
P2G028,exp2_train_and_test_0.json,P2R00870,13,2,page1-30.svg,False,1.0,high,single-utterance-unidirectional,P2-100,P2-015,"['page8-247.svg', 'page6-206.svg', 'page1-117.svg', 'page2-140.svg', 'page1-30.svg', 'page9-39.svg', 'page1-185.svg', 'page3-33.svg', 'page6-228.svg', 'page7-81.svg']",12.0,christmas tree one,3.0,17.0,"(26,)",page1-30.svg,True
P2G032,exp2_train_and_test_44.json,P2R02017,21,3,page4-197.svg,False,1.0,high,single-utterance-unidirectional,P2-096,P2-102,"['page8-21.svg', 'page4-197.svg', 'page6-53.svg', 'page4-96.svg', 'page2-34.svg', 'page5-101.svg', 'page7-20.svg', 'page5-190.svg', 'page8-22.svg', 'page6-226.svg']",18.0,house on side,3.0,22.0,"(25,)",page4-197.svg,True
P2G006,exp2_train_and_test_51.json,P2R00950,7,1,page6-167.svg,False,1.0,high,single-utterance-unidirectional,P2-050,P2-071,"['page7-157.svg', 'page7-127.svg', 'page5-190.svg', 'page8-246.svg', 'page6-167.svg', 'page8-58.svg', 'page4-155.svg', 'page7-125.svg', 'page2-20.svg', 'page7-15.svg']",6.0,"One triangle facing left, one facing right and a half square on top of the right facing triangle",18.0,26.0,"(53,)",page6-167.svg,True
P2G049,exp2_train_and_test_41.json,P2R01158,31,5,page7-217.svg,False,1.0,high,single-utterance-unidirectional,P2-013,P2-070,"['page7-217.svg', 'page3-59.svg', 'page8-234.svg', 'page5-85.svg', 'page7-157.svg', 'page1-175.svg', 'page7-203.svg', 'page5-155.svg', 'page8-169.svg', 'page6-107.svg']",4.0,the iron on the top left,6.0,16.0,"(27,)",page3-59.svg,False
P2G018,exp2_train_and_test_57.json,P2R00888,37,5,page7-107.svg,False,0.9935185185185184,high,single-utterance-unidirectional,P2-083,P2-067,"['page6-206.svg', 'page7-113.svg', 'page7-166.svg', 'page2-100.svg', 'page3-33.svg', 'page2-140.svg', 'page6-160.svg', 'page4-128.svg', 'page1-149.svg', 'page7-107.svg']",5.0,Looks like a fireball going right with 3 parts pointing out on the left and a flat surface on the right,21.0,28.0,"(35,)",page7-107.svg,True
P2G026,exp2_train_and_test_24.json,P2R01567,6,1,page4-195.svg,False,1.0,high,single-utterance-unidirectional,P2-048,P2-057,"['page1-48.svg', 'page1-133.svg', 'page9-40.svg', 'page8-38.svg', 'page7-44.svg', 'page-F.svg', 'page5-45.svg', 'page4-195.svg', 'page6-206.svg', 'page7-55.svg']",10.0,an oblong,2.0,17.0,,,
P2G048,exp2_train_and_test_19.json,P2R01052,20,3,page8-38.svg,False,0.5777777777777778,low,single-utterance-unidirectional,P2-085,P2-106,"['page8-18.svg', 'page7-115.svg', 'page6-135.svg', 'page1-128.svg', 'page2-86.svg', 'page8-38.svg', 'page4-197.svg', 'page7-44.svg', 'page1-30.svg', 'page5-71.svg']",5.0,It looks like a proud cat,6.0,10.0,"(14,)",page8-38.svg,True
P2G014,exp2_train_and_test_27.json,P2R01375,5,0,page6-160.svg,True,0.5592592592592593,low,single-utterance-unidirectional,P2-060,P2-118,"['page6-160.svg', 'page7-166.svg', 'page3-139.svg', 'page1-34.svg', 'page3-201.svg', 'page8-166.svg', 'page2-131.svg', 'page3-33.svg', 'page9-39.svg', 'page5-128.svg']",10.0,a fish with a sqaure in front of it,9.0,17.0,"(29,)",page1-34.svg,False
P2G039,exp2_train_and_test_4.json,P2R01437,38,5,page7-177.svg,False,1.0,high,single-utterance-unidirectional,P2-093,P2-022,"['page9-34.svg', 'page7-115.svg', 'page4-98.svg', 'page7-177.svg', 'page7-35.svg', 'page6-245.svg', 'page7-144.svg', 'page2-131.svg', 'page5-75.svg', 'page6-204.svg']",7.0,"2 prong fork, pointing left",5.0,22.0,"(24,)",page7-177.svg,True
P2G016,exp2_train_and_test_56.json,P2R01474,22,3,page5-40.svg,False,0.7527777777777778,low,single-utterance-unidirectional,P2-043,P2-003,"['page6-192.svg', 'page4-96.svg', 'page5-155.svg', 'page5-121.svg', 'page7-35.svg', 'page5-40.svg', 'page7-29.svg', 'page7-125.svg', 'page1-107.svg', 'page8-206.svg']",7.0,"ship, square rectangle base with pointy sides",7.0,20.0,"(24,)",page5-40.svg,True
P2G036,exp2_train_and_test_45.json,P2R00848,7,1,page7-115.svg,False,0.6,low,single-utterance-unidirectional,P2-052,P2-091,"['page7-144.svg', 'page7-22.svg', 'page7-115.svg', 'page9-34.svg', 'page6-31.svg', 'page8-22.svg', 'page2-36.svg', 'page7-216.svg', 'page1-185.svg', 'page7-107.svg']",,,,,,,
P2G044,exp2_train_and_test_39.json,P2R02167,6,1,page6-167.svg,True,1.0,high,single-utterance-unidirectional,P2-076,P2-101,"['page7-157.svg', 'page5-71.svg', 'page6-167.svg', 'page8-18.svg', 'page5-63.svg', 'page5-101.svg', 'page7-15.svg', 'page4-197.svg', 'page4-190.svg', 'page5-128.svg']",,,,,,,
P2G006,exp2_train_and_test_51.json,P2R01140,12,2,page7-15.svg,False,0.5935185185185186,low,single-utterance-unidirectional,P2-071,P2-050,"['page7-127.svg', 'page2-20.svg', 'page7-157.svg', 'page8-246.svg', 'page8-58.svg', 'page7-15.svg', 'page6-167.svg', 'page4-155.svg', 'page5-190.svg', 'page7-125.svg']",5.0,Four small mountains,3.0,8.0,"(27,)",page7-15.svg,True
P2G042,exp2_train_and_test_50.json,P2R00704,6,1,page1-95.svg,False,1.0,high,single-utterance-unidirectional,P2-042,P2-049,"['page1-175.svg', 'page1-95.svg', 'page5-56.svg', 'page8-58.svg', 'page3-21.svg', 'page8-169.svg', 'page6-204.svg', 'page6-31.svg', 'page2-165.svg', 'page2-136.svg']",4.0,a moustache,2.0,10.0,,,
P2G059,exp2_train_and_test_59.json,P2R02076,13,2,page7-157.svg,False,0.6037037037037036,low,single-utterance-unidirectional,P2-004,P2-098,"['page8-159.svg', 'page3-61.svg', 'page7-144.svg', 'page5-102.svg', 'page7-116.svg', 'page6-167.svg', 'page7-157.svg', 'page5-96.svg', 'page7-126.svg', 'page8-56.svg']",,,,,,,
P2G043,exp2_train_and_test_54.json,P2R00769,33,5,page6-206.svg,False,0.7333333333333333,low,single-utterance-unidirectional,P2-115,P2-088,"['page6-206.svg', 'page7-113.svg', 'page7-166.svg', 'page2-100.svg', 'page3-33.svg', 'page2-140.svg', 'page6-160.svg', 'page4-128.svg', 'page1-149.svg', 'page7-107.svg']",,,,,,,
P2G023,exp2_train_and_test_40.json,P2R00920,15,2,page3-200.svg,True,0.7777777777777777,low,single-utterance-unidirectional,P2-081,P2-056,"['page2-100.svg', 'page3-201.svg', 'page9-23.svg', 'page7-144.svg', 'page7-29.svg', 'page3-200.svg', 'page4-232.svg', 'page2-165.svg', 'page7-44.svg', 'page5-153.svg']",5.0,looks like someone sitting on the ground,7.0,17.0,"(24,)",page3-200.svg,True
P2G021,exp2_train_and_test_58.json,P2R01332,27,4,page5-233.svg,False,1.0,high,single-utterance-unidirectional,P2-064,P2-036,"['page4-195.svg', 'page6-31.svg', 'page4-241.svg', 'page7-41.svg', 'page8-38.svg', 'page5-233.svg', 'page3-205.svg', 'page7-226.svg', 'page9-40.svg', 'page5-84.svg']",6.0,rectangle with triangles cut out,5.0,12.0,"(23,)",page5-233.svg,True
P2G058,exp2_train_and_test_2.json,P2R01592,35,5,page2-131.svg,False,0.5333333333333334,low,single-utterance-unidirectional,P2-077,P2-082,"['page7-177.svg', 'page5-75.svg', 'page6-204.svg', 'page7-35.svg', 'page7-144.svg', 'page4-98.svg', 'page2-131.svg', 'page6-245.svg', 'page9-34.svg', 'page7-115.svg']",3.0,it looks like a hatchet,5.0,8.0,"(10,)",page2-131.svg,True
P2G007,exp2_train_and_test_20.json,P2R00678,23,3,page5-45.svg,False,1.0,high,single-utterance-unidirectional,P2-074,P2-108,"['page7-15.svg', 'page7-29.svg', 'page3-201.svg', 'page2-64.svg', 'page4-155.svg', 'page7-226.svg', 'page5-154.svg', 'page4-98.svg', 'page5-45.svg', 'page7-225.svg']",7.0,house with shape inside,4.0,12.0,"(24,)",page5-45.svg,True
P2G023,exp2_train_and_test_40.json,P2R00270,9,1,page9-23.svg,False,1.0,high,single-utterance-unidirectional,P2-081,P2-056,"['page2-100.svg', 'page3-201.svg', 'page9-23.svg', 'page7-144.svg', 'page7-29.svg', 'page3-200.svg', 'page4-232.svg', 'page2-165.svg', 'page7-44.svg', 'page5-153.svg']",6.0,"base is a large triangle, top looks like a fat golf tee",12.0,35.0,"(46,)",page9-23.svg,True
P2G059,exp2_train_and_test_59.json,P2R02023,36,5,page7-166.svg,False,1.0,high,single-utterance-unidirectional,P2-004,P2-098,"['page4-128.svg', 'page7-107.svg', 'page7-113.svg', 'page3-33.svg', 'page2-100.svg', 'page7-166.svg', 'page6-206.svg', 'page1-149.svg', 'page6-160.svg', 'page2-140.svg']",,,,,,,
P2G022,exp2_train_and_test_53.json,P2R00548,20,3,page4-232.svg,False,1.0,high,single-utterance-unidirectional,P2-103,P2-009,"['page5-165.svg', 'page8-159.svg', 'page5-45.svg', 'page4-232.svg', 'page9-40.svg', 'page7-127.svg', 'page7-157.svg', 'page8-234.svg', 'page3-70.svg', 'page8-58.svg']",9.0,pine tree,2.0,10.0,"(13,)",page4-232.svg,True
P2G029,exp2_train_and_test_14.json,P2R02300,30,5,page1-175.svg,False,1.0,high,single-utterance-unidirectional,P2-099,P2-019,"['page4-96.svg', 'page1-149.svg', 'page3-201.svg', 'page6-167.svg', 'page1-77.svg', 'page1-133.svg', 'page7-20.svg', 'page4-5.svg', 'page1-175.svg', 'page7-4.svg']",11.0,parallelogram,1.0,16.0,"(22,)",page1-175.svg,True
P2G006,exp2_train_and_test_51.json,P2R00349,16,2,page2-20.svg,False,1.0,high,single-utterance-unidirectional,P2-071,P2-050,"['page7-127.svg', 'page2-20.svg', 'page7-157.svg', 'page8-246.svg', 'page8-58.svg', 'page7-15.svg', 'page6-167.svg', 'page4-155.svg', 'page5-190.svg', 'page7-125.svg']",9.0,"Two triangles facing opposite sides, arrow poiting up, trapezius on the bototm",12.0,33.0,"(44,)",page2-20.svg,True
P2G012,exp2_train_and_test_29.json,P2R01491,37,5,page7-125.svg,False,0.9935185185185184,high,single-utterance-unidirectional,P2-066,P2-025,"['page7-125.svg', 'page8-183.svg', 'page7-157.svg', 'page3-66.svg', 'page5-84.svg', 'page6-31.svg', 'page6-166.svg', 'page5-153.svg', 'page3-70.svg', 'page5-174.svg']",7.0,"Loads of triangles with a rectangle block in middle, very big bulky",12.0,21.0,"(38,)",page8-183.svg,False
P2G001,exp2_train_and_test_28.json,P2R01166,37,5,page7-125.svg,False,0.9935185185185184,high,single-utterance-unidirectional,P2-027,P2-080,"['page7-125.svg', 'page8-183.svg', 'page7-157.svg', 'page3-66.svg', 'page5-84.svg', 'page6-31.svg', 'page6-166.svg', 'page5-153.svg', 'page3-70.svg', 'page5-174.svg']",,,,,,,
P2G056,exp2_train_and_test_33.json,P2R00337,25,4,page7-203.svg,False,0.9925925925925926,high,single-utterance-unidirectional,P2-086,P2-028,"['page8-234.svg', 'page1-132.svg', 'page5-85.svg', 'page6-21.svg', 'page6-185.svg', 'page6-52.svg', 'page5-63.svg', 'page7-113.svg', 'page6-228.svg', 'page7-203.svg']",11.0,Stack of objects with arrow pointing down,7.0,26.0,"(34,)",page7-203.svg,True
P2G009,exp2_train_and_test_3.json,P2R00223,8,1,page7-126.svg,False,0.6666666666666667,low,single-utterance-unidirectional,P2-024,P2-117,"['page2-86.svg', 'page7-126.svg', 'page5-101.svg', 'page8-169.svg', 'page3-139.svg', 'page6-166.svg', 'page6-167.svg', 'page4-180.svg', 'page5-165.svg', 'page1-117.svg']",17.0,A BIRD STANDING UP ON TRIANGLE,6.0,29.0,,,
P2G046,exp2_train_and_test_46.json,P2R01037,2,0,page9-34.svg,False,1.0,high,single-utterance-unidirectional,P2-079,P2-008,"['page8-182.svg', 'page5-153.svg', 'page4-197.svg', 'page2-34.svg', 'page6-166.svg', 'page2-20.svg', 'page8-22.svg', 'page2-86.svg', 'page9-34.svg', 'page8-156.svg']",39.0,head with arms out,4.0,42.0,,,
P2G024,exp2_train_and_test_48.json,P2R02229,12,2,page4-142.svg,False,1.0,high,single-utterance-unidirectional,P2-001,P2-116,"['page4-142.svg', 'page5-56.svg', 'page1-97.svg', 'page4-98.svg', 'page6-23.svg', 'page4-244.svg', 'page8-221.svg', 'page1-95.svg', 'page7-53.svg', 'page6-124.svg']",7.0,curled up finger,3.0,11.0,"(13,)",page4-142.svg,True
P2G021,exp2_train_and_test_58.json,P2R01727,14,2,page5-84.svg,False,0.5111111111111112,low,single-utterance-unidirectional,P2-064,P2-036,"['page4-195.svg', 'page6-31.svg', 'page4-241.svg', 'page7-41.svg', 'page8-38.svg', 'page5-233.svg', 'page3-205.svg', 'page7-226.svg', 'page9-40.svg', 'page5-84.svg']",5.0,Horse or animal walking on all fours,7.0,15.0,"(23,)",page5-84.svg,True
P2G011,exp2_train_and_test_36.json,P2R01369,14,2,page9-32.svg,False,1.0,high,single-utterance-unidirectional,P2-014,P2-073,"['page7-116.svg', 'page3-66.svg', 'page5-75.svg', 'page3-61.svg', 'page3-163.svg', 'page3-201.svg', 'page5-26.svg', 'page8-183.svg', 'page9-32.svg', 'page2-100.svg']",5.0,dog,1.0,9.0,"(12,)",page9-32.svg,True
P2G042,exp2_train_and_test_50.json,P2R00324,28,4,page1-175.svg,False,1.0,high,single-utterance-unidirectional,P2-049,P2-042,"['page3-21.svg', 'page2-136.svg', 'page5-56.svg', 'page8-169.svg', 'page6-204.svg', 'page1-95.svg', 'page6-31.svg', 'page8-58.svg', 'page2-165.svg', 'page1-175.svg']",,,,,,,
P2G055,exp2_train_and_test_37.json,P2R00972,9,1,page7-191.svg,False,1.0,high,single-utterance-unidirectional,P2-011,P2-110,"['page8-22.svg', 'page7-20.svg', 'page1-185.svg', 'page6-121.svg', 'page4-96.svg', 'page1-95.svg', 'page7-113.svg', 'page6-107.svg', 'page8-18.svg', 'page7-191.svg']",13.0,think kite. it has a triangle attached to its right side,11.0,26.0,"(42,)",page7-191.svg,True
P2G045,exp2_train_and_test_34.json,P2R00665,30,5,page8-246.svg,False,1.0,high,single-utterance-unidirectional,P2-087,P2-054,"['page2-165.svg', 'page9-39.svg', 'page1-117.svg', 'page4-180.svg', 'page8-246.svg', 'page8-215.svg', 'page1-133.svg', 'page6-226.svg', 'page8-159.svg', 'page9-34.svg']",24.0,4 pointed wheel cross,4.0,30.0,"(40,)",page8-246.svg,True
P2G051,exp2_train_and_test_5.json,P2R00668,14,2,page3-21.svg,False,0.736111111111111,low,single-utterance-unidirectional,P2-016,P2-051,"['page7-40.svg', 'page3-52.svg', 'page5-40.svg', 'page5-107.svg', 'page3-33.svg', 'page3-21.svg', 'page7-20.svg', 'page6-228.svg', 'page7-166.svg', 'page7-155.svg']",4.0,a squiggly line with lots of bends,7.0,13.0,"(18,)",page3-21.svg,True
P2G020,exp2_train_and_test_31.json,P2R00049,4,0,page9-23.svg,False,1.0,high,single-utterance-unidirectional,P2-046,P2-023,"['page5-84.svg', 'page3-201.svg', 'page1-48.svg', 'page9-23.svg', 'page5-75.svg', 'page6-162.svg', 'page4-96.svg', 'page6-52.svg', 'page6-192.svg', 'page5-80.svg']",6.0,"It's a big half triangle on the bottom, and some shapes on top",13.0,28.0,"(43,)",page9-23.svg,True
P2G024,exp2_train_and_test_48.json,P2R00025,39,5,page7-157.svg,False,0.6037037037037036,low,single-utterance-unidirectional,P2-116,P2-001,"['page7-217.svg', 'page3-59.svg', 'page8-234.svg', 'page5-85.svg', 'page7-157.svg', 'page1-175.svg', 'page7-203.svg', 'page5-155.svg', 'page8-169.svg', 'page6-107.svg']",4.0,diamond,1.0,5.0,"(8,)",page7-157.svg,True
P2G043,exp2_train_and_test_54.json,P2R02067,19,3,page8-18.svg,True,0.3777777777777778,low,single-utterance-unidirectional,P2-115,P2-088,"['page4-142.svg', 'page5-80.svg', 'page2-131.svg', 'page5-155.svg', 'page6-245.svg', 'page8-18.svg', 'page7-217.svg', 'page6-107.svg', 'page7-177.svg', 'page6-109.svg']",,,,,,,
P2G021,exp2_train_and_test_58.json,P2R01618,31,5,page2-100.svg,False,0.7685185185185184,low,single-utterance-unidirectional,P2-036,P2-064,"['page6-206.svg', 'page7-113.svg', 'page7-166.svg', 'page2-100.svg', 'page3-33.svg', 'page2-140.svg', 'page6-160.svg', 'page4-128.svg', 'page1-149.svg', 'page7-107.svg']",7.0,its like a diamond on top of a stand,9.0,23.0,"(46,)",page2-100.svg,True
P2G047,exp2_train_and_test_11.json,P2R00836,6,1,page8-156.svg,False,1.0,high,single-utterance-unidirectional,P2-065,P2-089,"['page6-162.svg', 'page7-226.svg', 'page7-177.svg', 'page8-156.svg', 'page7-53.svg', 'page7-41.svg', 'page7-36.svg', 'page-F.svg', 'page7-145.svg', 'page8-192.svg']",13.0,letter K,2.0,15.0,"(26,)",page8-156.svg,True
P2G030,exp2_train_and_test_35.json,P2R01774,39,5,page8-159.svg,False,1.0,high,single-utterance-unidirectional,P2-002,P2-044,"['page8-159.svg', 'page1-133.svg', 'page9-39.svg', 'page2-165.svg', 'page8-215.svg', 'page1-117.svg', 'page8-246.svg', 'page4-180.svg', 'page6-226.svg', 'page9-34.svg']",7.0,the letter J,3.0,9.0,"(14,)",page8-159.svg,True
P2G056,exp2_train_and_test_33.json,P2R01409,32,5,page9-39.svg,False,0.7407407407407408,low,single-utterance-unidirectional,P2-086,P2-028,"['page2-165.svg', 'page9-39.svg', 'page1-117.svg', 'page4-180.svg', 'page8-246.svg', 'page8-215.svg', 'page1-133.svg', 'page6-226.svg', 'page8-159.svg', 'page9-34.svg']",9.0,Sherlock holmes pipe,3.0,23.0,"(32,)",page9-39.svg,True
P2G010,exp2_train_and_test_17.json,P2R00058,0,0,page5-121.svg,True,0.9925925925925926,high,single-utterance-unidirectional,P2-068,P2-092,"['page1-107.svg', 'page7-144.svg', 'page7-41.svg', 'page6-1.svg', 'page7-15.svg', 'page8-221.svg', 'page5-121.svg', 'page6-208.svg', 'page8-22.svg', 'page7-155.svg']",5.0,This looks like an octagon with spikes coming out the top and bottom,13.0,20.0,"(47,)",page5-121.svg,True
P2G039,exp2_train_and_test_4.json,P2R00268,31,5,page6-204.svg,False,1.0,high,single-utterance-unidirectional,P2-022,P2-093,"['page7-177.svg', 'page5-75.svg', 'page6-204.svg', 'page7-35.svg', 'page7-144.svg', 'page4-98.svg', 'page2-131.svg', 'page6-245.svg', 'page9-34.svg', 'page7-115.svg']",6.0,castle tower with a top turret left,7.0,20.0,"(39,)",page6-204.svg,True
P2G007,exp2_train_and_test_20.json,P2R00463,20,3,page3-201.svg,False,0.5548148148148148,low,single-utterance-unidirectional,P2-074,P2-108,"['page7-15.svg', 'page7-29.svg', 'page3-201.svg', 'page2-64.svg', 'page4-155.svg', 'page7-226.svg', 'page5-154.svg', 'page4-98.svg', 'page5-45.svg', 'page7-225.svg']",8.0,rabbit on xmas tree,4.0,14.0,"(22,)",page3-201.svg,True
P2G051,exp2_train_and_test_5.json,P2R01573,39,5,page7-115.svg,False,0.6,low,single-utterance-unidirectional,P2-051,P2-016,"['page7-177.svg', 'page5-75.svg', 'page6-204.svg', 'page7-35.svg', 'page7-144.svg', 'page4-98.svg', 'page2-131.svg', 'page6-245.svg', 'page9-34.svg', 'page7-115.svg']",8.0,Looks like a bed or table,6.0,18.0,"(22,)",page7-115.svg,True
P2G040,exp2_train_and_test_25.json,P2R00241,0,0,page6-21.svg,False,1.0,high,single-utterance-unidirectional,P2-021,P2-010,"['page5-154.svg', 'page6-21.svg', 'page8-246.svg', 'page6-175.svg', 'page4-98.svg', 'page5-128.svg', 'page8-38.svg', 'page4-244.svg', 'page7-4.svg', 'page2-114.svg']",19.0,triangle pointing to the left,5.0,29.0,"(37,)",page5-128.svg,False
P2G056,exp2_train_and_test_33.json,P2R02054,37,5,page2-165.svg,False,0.7499999999999999,low,single-utterance-unidirectional,P2-028,P2-086,"['page8-159.svg', 'page1-133.svg', 'page9-39.svg', 'page2-165.svg', 'page8-215.svg', 'page1-117.svg', 'page8-246.svg', 'page4-180.svg', 'page6-226.svg', 'page9-34.svg']",4.0,saucer with pyramid in centre,5.0,15.0,"(31,)",page2-165.svg,True
P2G034,exp2_train_and_test_7.json,P2R02204,7,1,page2-136.svg,False,1.0,high,single-utterance-unidirectional,P2-035,P2-031,"['page5-102.svg', 'page2-140.svg', 'page7-117.svg', 'page6-122.svg', 'page5-155.svg', 'page5-165.svg', 'page2-136.svg', 'page2-86.svg', 'page1-34.svg', 'page3-70.svg']",12.0,Looks like a hand held vacuum cleaner pointing NE,9.0,31.0,"(54,)",page2-136.svg,True
P2G017,exp2_train_and_test_13.json,P2R02246,35,5,page4-96.svg,False,1.0,high,single-utterance-unidirectional,P2-104,P2-059,"['page6-167.svg', 'page1-77.svg', 'page4-96.svg', 'page1-175.svg', 'page7-20.svg', 'page1-149.svg', 'page1-133.svg', 'page4-5.svg', 'page3-201.svg', 'page7-4.svg']",8.0,like a smoking pipe,4.0,21.0,"(32,)",page4-96.svg,True
P2G029,exp2_train_and_test_14.json,P2R00097,0,0,page3-21.svg,False,0.736111111111111,low,single-utterance-unidirectional,P2-099,P2-019,"['page5-36.svg', 'page8-176.svg', 'page7-144.svg', 'page2-86.svg', 'page5-75.svg', 'page7-41.svg', 'page9-34.svg', 'page3-21.svg', 'page7-226.svg', 'page2-20.svg']",29.0,zig zag snake,3.0,34.0,"(43,)",page8-176.svg,False
P2G031,exp2_train_and_test_1.json,P2R00045,17,2,page7-29.svg,False,1.0,high,single-utterance-unidirectional,P2-032,P2-017,"['page3-70.svg', 'page8-156.svg', 'page7-40.svg', 'page2-165.svg', 'page8-21.svg', 'page6-171.svg', 'page1-95.svg', 'page3-61.svg', 'page7-29.svg', 'page5-101.svg']",4.0,"the ones that looks like a jagged saw, sort of a jaggy V shape",14.0,13.0,"(18,)",page7-29.svg,True
P2G047,exp2_train_and_test_11.json,P2R00812,9,1,page7-36.svg,False,1.0,high,single-utterance-unidirectional,P2-065,P2-089,"['page6-162.svg', 'page7-226.svg', 'page7-177.svg', 'page8-156.svg', 'page7-53.svg', 'page7-41.svg', 'page7-36.svg', 'page-F.svg', 'page7-145.svg', 'page8-192.svg']",12.0,the weird L shape,4.0,15.0,"(22,)",page7-36.svg,True
P2G049,exp2_train_and_test_41.json,P2R01121,18,3,page6-192.svg,False,0.6444444444444445,low,single-utterance-unidirectional,P2-013,P2-070,"['page5-154.svg', 'page7-36.svg', 'page4-98.svg', 'page6-192.svg', 'page3-70.svg', 'page8-246.svg', 'page7-79.svg', 'page8-38.svg', 'page7-35.svg', 'page4-108.svg']",5.0,the man,2.0,9.0,"(17,)",page6-192.svg,True
P2G006,exp2_train_and_test_51.json,P2R00981,17,2,page6-167.svg,False,1.0,high,single-utterance-unidirectional,P2-071,P2-050,"['page7-127.svg', 'page2-20.svg', 'page7-157.svg', 'page8-246.svg', 'page8-58.svg', 'page7-15.svg', 'page6-167.svg', 'page4-155.svg', 'page5-190.svg', 'page7-125.svg']",19.0,"Upper triangle pointing left, rhombus pointing downwards, small triangle pointing right",11.0,40.0,"(54,)",page6-167.svg,True
P2G003,exp2_train_and_test_21.json,P2R00437,21,3,page4-98.svg,False,0.7222222222222223,low,single-utterance-unidirectional,P2-041,P2-105,"['page1-132.svg', 'page5-101.svg', 'page6-155.svg', 'page4-98.svg', 'page5-120.svg', 'page5-188.svg', 'page7-115.svg', 'page7-191.svg', 'page7-4.svg', 'page8-159.svg']",9.0,a tower in a bowl or a sword without a handle,11.0,15.0,"(23,)",page4-98.svg,True
P2G020,exp2_train_and_test_31.json,P2R02295,13,2,page6-192.svg,False,0.6444444444444445,low,single-utterance-unidirectional,P2-046,P2-023,"['page5-84.svg', 'page3-201.svg', 'page1-48.svg', 'page9-23.svg', 'page5-75.svg', 'page6-162.svg', 'page4-96.svg', 'page6-52.svg', 'page6-192.svg', 'page5-80.svg']",9.0,"Looks like a guy kneeling, with a square head thats white",11.0,21.0,"(33,)",page6-192.svg,True
P2G039,exp2_train_and_test_4.json,P2R01340,19,3,page6-21.svg,False,1.0,high,single-utterance-unidirectional,P2-022,P2-093,"['page5-233.svg', 'page2-34.svg', 'page9-39.svg', 'page6-21.svg', 'page3-201.svg', 'page6-135.svg', 'page6-124.svg', 'page2-64.svg', 'page5-165.svg', 'page6-1.svg']",8.0,rat gun pointing right short triangle handle,7.0,31.0,"(48,)",page6-21.svg,True
P2G048,exp2_train_and_test_19.json,P2R02273,1,0,page7-115.svg,False,0.6,low,single-utterance-unidirectional,P2-106,P2-085,"['page7-115.svg', 'page2-86.svg', 'page5-71.svg', 'page4-197.svg', 'page7-44.svg', 'page8-18.svg', 'page1-30.svg', 'page1-128.svg', 'page6-135.svg', 'page8-38.svg']",13.0,"no, on it's side",4.0,19.0,"(38,)",page4-197.svg,False
P2G056,exp2_train_and_test_33.json,P2R00326,2,0,page6-228.svg,True,1.0,high,single-utterance-unidirectional,P2-028,P2-086,"['page6-185.svg', 'page6-228.svg', 'page8-234.svg', 'page1-132.svg', 'page7-203.svg', 'page6-52.svg', 'page5-85.svg', 'page7-113.svg', 'page5-63.svg', 'page6-21.svg']",13.0,a slanted square with a hole in the middle,9.0,26.0,"(40,)",page6-228.svg,True
P2G036,exp2_train_and_test_45.json,P2R01698,8,1,page7-144.svg,False,1.0,high,single-utterance-unidirectional,P2-052,P2-091,"['page7-144.svg', 'page7-22.svg', 'page7-115.svg', 'page9-34.svg', 'page6-31.svg', 'page8-22.svg', 'page2-36.svg', 'page7-216.svg', 'page1-185.svg', 'page7-107.svg']",,,,,,,
P2G010,exp2_train_and_test_17.json,P2R00728,35,5,page4-96.svg,False,1.0,high,single-utterance-unidirectional,P2-068,P2-092,"['page6-167.svg', 'page1-77.svg', 'page4-96.svg', 'page1-175.svg', 'page7-20.svg', 'page1-149.svg', 'page1-133.svg', 'page4-5.svg', 'page3-201.svg', 'page7-4.svg']",3.0,looks like a pot with a giant crank handle on the right,12.0,12.0,"(22,)",page4-96.svg,True
P2G049,exp2_train_and_test_41.json,P2R00861,23,3,page4-98.svg,False,0.7222222222222223,low,single-utterance-unidirectional,P2-013,P2-070,"['page5-154.svg', 'page7-36.svg', 'page4-98.svg', 'page6-192.svg', 'page3-70.svg', 'page8-246.svg', 'page7-79.svg', 'page8-38.svg', 'page7-35.svg', 'page4-108.svg']",13.0,the sword,2.0,16.0,"(22,)",page4-98.svg,True
P2G042,exp2_train_and_test_50.json,P2R01299,12,2,page8-58.svg,True,0.7259259259259259,low,single-utterance-unidirectional,P2-042,P2-049,"['page1-175.svg', 'page1-95.svg', 'page5-56.svg', 'page8-58.svg', 'page3-21.svg', 'page8-169.svg', 'page6-204.svg', 'page6-31.svg', 'page2-165.svg', 'page2-136.svg']",12.0,walking man,2.0,14.0,,,
P2G007,exp2_train_and_test_20.json,P2R00171,38,5,page3-66.svg,False,1.0,high,single-utterance-unidirectional,P2-108,P2-074,"['page6-166.svg', 'page7-157.svg', 'page6-31.svg', 'page5-174.svg', 'page3-70.svg', 'page8-183.svg', 'page5-153.svg', 'page7-125.svg', 'page5-84.svg', 'page3-66.svg']",5.0,pan handle right,3.0,17.0,"(24,)",page3-66.svg,True
P2G050,exp2_train_and_test_47.json,P2R01578,0,0,page3-201.svg,False,0.5548148148148148,low,single-utterance-unidirectional,P2-053,P2-039,"['page7-127.svg', 'page5-84.svg', 'page3-201.svg', 'page5-56.svg', 'page6-1.svg', 'page6-162.svg', 'page8-182.svg', 'page7-125.svg', 'page5-139.svg', 'page8-206.svg']",12.0,it has ears,3.0,13.0,"(27,)",page3-201.svg,True
P2G024,exp2_train_and_test_48.json,P2R01426,32,5,page3-59.svg,False,1.0,high,single-utterance-unidirectional,P2-001,P2-116,"['page3-59.svg', 'page7-203.svg', 'page7-217.svg', 'page5-155.svg', 'page5-85.svg', 'page8-169.svg', 'page7-157.svg', 'page1-175.svg', 'page6-107.svg', 'page8-234.svg']",6.0,looks like a state on a map,7.0,13.0,"(18,)",page3-59.svg,True
P2G056,exp2_train_and_test_33.json,P2R02033,34,5,page1-133.svg,False,0.5444444444444445,low,single-utterance-unidirectional,P2-086,P2-028,"['page2-165.svg', 'page9-39.svg', 'page1-117.svg', 'page4-180.svg', 'page8-246.svg', 'page8-215.svg', 'page1-133.svg', 'page6-226.svg', 'page8-159.svg', 'page9-34.svg']",6.0,Large square with top corners cut off,7.0,22.0,"(37,)",page1-133.svg,True
P2G005,exp2_train_and_test_43.json,P2R01214,18,3,page5-101.svg,True,0.6666666666666667,low,single-utterance-unidirectional,P2-111,P2-006,"['page8-246.svg', 'page7-125.svg', 'page6-122.svg', 'page7-226.svg', 'page7-145.svg', 'page8-21.svg', 'page5-101.svg', 'page6-160.svg', 'page9-40.svg', 'page8-183.svg']",5.0,Side ways batman symbol look alike,6.0,16.0,"(36,)",page5-101.svg,True
P2G048,exp2_train_and_test_19.json,P2R00694,38,5,page1-77.svg,False,0.6833333333333333,low,single-utterance-unidirectional,P2-106,P2-085,"['page4-96.svg', 'page1-149.svg', 'page3-201.svg', 'page6-167.svg', 'page1-77.svg', 'page1-133.svg', 'page7-20.svg', 'page4-5.svg', 'page1-175.svg', 'page7-4.svg']",5.0,a sword withan arrow on top,6.0,13.0,"(24,)",page1-77.svg,True
P2G040,exp2_train_and_test_25.json,P2R00713,29,4,page6-175.svg,False,0.6509259259259259,low,single-utterance-unidirectional,P2-021,P2-010,"['page5-154.svg', 'page6-21.svg', 'page8-246.svg', 'page6-175.svg', 'page4-98.svg', 'page5-128.svg', 'page8-38.svg', 'page4-244.svg', 'page7-4.svg', 'page2-114.svg']",10.0,sitting person,2.0,14.0,"(26,)",page6-175.svg,True
P2G014,exp2_train_and_test_27.json,P2R01917,36,5,page3-70.svg,False,1.0,high,single-utterance-unidirectional,P2-118,P2-060,"['page6-166.svg', 'page7-157.svg', 'page6-31.svg', 'page5-174.svg', 'page3-70.svg', 'page8-183.svg', 'page5-153.svg', 'page7-125.svg', 'page5-84.svg', 'page3-66.svg']",18.0,a upside down water spigot,5.0,25.0,"(52,)",page8-183.svg,False
P2G056,exp2_train_and_test_33.json,P2R01801,19,3,page6-185.svg,False,0.6129629629629629,low,single-utterance-unidirectional,P2-028,P2-086,"['page6-185.svg', 'page6-228.svg', 'page8-234.svg', 'page1-132.svg', 'page7-203.svg', 'page6-52.svg', 'page5-85.svg', 'page7-113.svg', 'page5-63.svg', 'page6-21.svg']",18.0,hunched man sitting facing right,5.0,27.0,"(34,)",page6-185.svg,True
P2G053,exp2_train_and_test_23.json,P2R01930,26,4,page1-128.svg,True,1.0,high,single-utterance-unidirectional,P2-037,P2-045,"['page1-133.svg', 'page7-116.svg', 'page6-160.svg', 'page1-128.svg', 'page8-248.svg', 'page7-10.svg', 'page5-56.svg', 'page6-226.svg', 'page6-204.svg', 'page5-188.svg']",4.0,rectangle with rectangle on right side cut out,8.0,18.0,"(33,)",page1-128.svg,True
P2G017,exp2_train_and_test_13.json,P2R00009,21,3,page4-155.svg,False,0.3777777777777779,low,single-utterance-unidirectional,P2-104,P2-059,"['page6-204.svg', 'page6-21.svg', 'page9-40.svg', 'page8-22.svg', 'page6-31.svg', 'page3-207.svg', 'page4-155.svg', 'page7-125.svg', 'page1-128.svg', 'page8-192.svg']",4.0,a snake,2.0,6.0,"(12,)",page4-155.svg,True
P2G002,exp2_train_and_test_15.json,P2R01549,23,3,page1-172.svg,False,0.6444444444444445,low,single-utterance-unidirectional,P2-062,P2-114,"['page4-180.svg', 'page1-172.svg', 'page2-20.svg', 'page5-96.svg', 'page2-114.svg', 'page8-159.svg', 'page6-53.svg', 'page3-70.svg', 'page7-53.svg', 'page7-125.svg']",3.0,giraffe,1.0,6.0,"(8,)",page1-172.svg,True
P2G048,exp2_train_and_test_19.json,P2R02223,36,5,page7-4.svg,False,0.6555555555555556,low,single-utterance-unidirectional,P2-106,P2-085,"['page4-96.svg', 'page1-149.svg', 'page3-201.svg', 'page6-167.svg', 'page1-77.svg', 'page1-133.svg', 'page7-20.svg', 'page4-5.svg', 'page1-175.svg', 'page7-4.svg']",5.0,a bat with a broken wing,6.0,13.0,"(20,)",page7-4.svg,True
P2G007,exp2_train_and_test_20.json,P2R01058,10,1,page5-154.svg,False,1.0,high,single-utterance-unidirectional,P2-074,P2-108,"['page7-15.svg', 'page7-29.svg', 'page3-201.svg', 'page2-64.svg', 'page4-155.svg', 'page7-226.svg', 'page5-154.svg', 'page4-98.svg', 'page5-45.svg', 'page7-225.svg']",5.0,Arrow pointing up,3.0,11.0,"(29,)",page5-154.svg,True
P2G058,exp2_train_and_test_2.json,P2R01728,39,5,page7-115.svg,False,0.6,low,single-utterance-unidirectional,P2-077,P2-082,"['page7-177.svg', 'page5-75.svg', 'page6-204.svg', 'page7-35.svg', 'page7-144.svg', 'page4-98.svg', 'page2-131.svg', 'page6-245.svg', 'page9-34.svg', 'page7-115.svg']",3.0,it looks like a bridge,5.0,7.0,"(11,)",page7-115.svg,True
P2G042,exp2_train_and_test_50.json,P2R01572,13,2,page1-95.svg,False,1.0,high,single-utterance-unidirectional,P2-049,P2-042,"['page3-21.svg', 'page2-136.svg', 'page5-56.svg', 'page8-169.svg', 'page6-204.svg', 'page1-95.svg', 'page6-31.svg', 'page8-58.svg', 'page2-165.svg', 'page1-175.svg']",,,,,,,
P2G033,exp2_train_and_test_8.json,P2R00146,5,0,page7-4.svg,False,0.6555555555555556,low,single-utterance-unidirectional,P2-112,P2-095,"['page5-45.svg', 'page5-26.svg', 'page5-96.svg', 'page3-61.svg', 'page4-190.svg', 'page8-166.svg', 'page8-234.svg', 'page6-219.svg', 'page7-4.svg', 'page7-15.svg']",5.0,"there is a diamond shape then to tthe right there is a spike, then a square shape then an upside down triangle",22.0,43.0,,,
P2G045,exp2_train_and_test_34.json,P2R01173,14,2,page9-32.svg,False,1.0,high,single-utterance-unidirectional,P2-087,P2-054,"['page7-127.svg', 'page5-66.svg', 'page4-155.svg', 'page7-117.svg', 'page2-16.svg', 'page6-219.svg', 'page1-172.svg', 'page7-202.svg', 'page9-32.svg', 'page8-38.svg']",6.0,sausage dog,2.0,12.0,"(24,)",page9-32.svg,True
P2G038,exp2_train_and_test_18.json,P2R01014,6,1,page6-219.svg,False,1.0,high,single-utterance-unidirectional,P2-107,P2-020,"['page1-172.svg', 'page6-219.svg', 'page9-32.svg', 'page7-126.svg', 'page9-23.svg', 'page4-142.svg', 'page6-123.svg', 'page1-34.svg', 'page4-98.svg', 'page8-234.svg']",5.0,the meat cleaver with bent handle,6.0,11.0,"(18,)",page6-219.svg,True
P2G056,exp2_train_and_test_33.json,P2R00878,23,3,page7-113.svg,True,0.7636363636363637,low,single-utterance-unidirectional,P2-028,P2-086,"['page6-185.svg', 'page6-228.svg', 'page8-234.svg', 'page1-132.svg', 'page7-203.svg', 'page6-52.svg', 'page5-85.svg', 'page7-113.svg', 'page5-63.svg', 'page6-21.svg']",14.0,horse facing right,3.0,20.0,"(24,)",page7-113.svg,True
P2G030,exp2_train_and_test_35.json,P2R00472,32,5,page9-39.svg,False,0.7407407407407408,low,single-utterance-unidirectional,P2-044,P2-002,"['page2-165.svg', 'page9-39.svg', 'page1-117.svg', 'page4-180.svg', 'page8-246.svg', 'page8-215.svg', 'page1-133.svg', 'page6-226.svg', 'page8-159.svg', 'page9-34.svg']",4.0,a pipe,2.0,5.0,"(18,)",page9-39.svg,True
P2G022,exp2_train_and_test_53.json,P2R01313,22,3,page9-40.svg,False,1.0,high,single-utterance-unidirectional,P2-103,P2-009,"['page5-165.svg', 'page8-159.svg', 'page5-45.svg', 'page4-232.svg', 'page9-40.svg', 'page7-127.svg', 'page7-157.svg', 'page8-234.svg', 'page3-70.svg', 'page8-58.svg']",9.0,fountain,1.0,11.0,"(23,)",page9-40.svg,True
P2G047,exp2_train_and_test_11.json,P2R01293,14,2,page7-145.svg,False,0.7666666666666666,low,single-utterance-unidirectional,P2-089,P2-065,"['page8-156.svg', 'page8-192.svg', 'page6-162.svg', 'page7-53.svg', 'page7-145.svg', 'page7-177.svg', 'page7-226.svg', 'page-F.svg', 'page7-41.svg', 'page7-36.svg']",8.0,The dog blob in the middle looking to the right,10.0,19.0,"(50,)",page7-145.svg,True
P2G024,exp2_train_and_test_48.json,P2R01846,20,3,page4-142.svg,False,1.0,high,single-utterance-unidirectional,P2-116,P2-001,"['page8-221.svg', 'page1-97.svg', 'page6-124.svg', 'page4-244.svg', 'page6-23.svg', 'page1-95.svg', 'page4-98.svg', 'page4-142.svg', 'page7-53.svg', 'page5-56.svg']",10.0,curled finger,2.0,13.0,"(17,)",page4-142.svg,True
P2G001,exp2_train_and_test_28.json,P2R00846,33,5,page6-166.svg,False,1.0,high,single-utterance-unidirectional,P2-027,P2-080,"['page7-125.svg', 'page8-183.svg', 'page7-157.svg', 'page3-66.svg', 'page5-84.svg', 'page6-31.svg', 'page6-166.svg', 'page5-153.svg', 'page3-70.svg', 'page5-174.svg']",,,,,,,
P2G024,exp2_train_and_test_48.json,P2R00809,2,0,page6-23.svg,False,0.7776190476190477,low,single-utterance-unidirectional,P2-001,P2-116,"['page4-142.svg', 'page5-56.svg', 'page1-97.svg', 'page4-98.svg', 'page6-23.svg', 'page4-244.svg', 'page8-221.svg', 'page1-95.svg', 'page7-53.svg', 'page6-124.svg']",20.0,square head man walking left,5.0,31.0,"(35,)",page6-23.svg,True
P2G023,exp2_train_and_test_40.json,P2R00944,19,3,page9-23.svg,False,1.0,high,single-utterance-unidirectional,P2-081,P2-056,"['page2-100.svg', 'page3-201.svg', 'page9-23.svg', 'page7-144.svg', 'page7-29.svg', 'page3-200.svg', 'page4-232.svg', 'page2-165.svg', 'page7-44.svg', 'page5-153.svg']",10.0,"Triangle base, screw on top",5.0,19.0,"(22,)",page9-23.svg,True
P2G009,exp2_train_and_test_3.json,P2R00168,22,3,page8-169.svg,False,1.0,high,single-utterance-unidirectional,P2-024,P2-117,"['page2-86.svg', 'page7-126.svg', 'page5-101.svg', 'page8-169.svg', 'page3-139.svg', 'page6-166.svg', 'page6-167.svg', 'page4-180.svg', 'page5-165.svg', 'page1-117.svg']",12.0,CRESENT MOON,2.0,17.0,"(23,)",page8-169.svg,True
P2G059,exp2_train_and_test_59.json,P2R02260,8,1,page7-144.svg,False,1.0,high,single-utterance-unidirectional,P2-098,P2-004,"['page7-116.svg', 'page8-56.svg', 'page5-96.svg', 'page6-167.svg', 'page7-157.svg', 'page8-159.svg', 'page5-102.svg', 'page3-61.svg', 'page7-126.svg', 'page7-144.svg']",,,,,,,
P2G059,exp2_train_and_test_59.json,P2R00703,7,1,page5-102.svg,False,0.7444444444444442,low,single-utterance-unidirectional,P2-098,P2-004,"['page7-116.svg', 'page8-56.svg', 'page5-96.svg', 'page6-167.svg', 'page7-157.svg', 'page8-159.svg', 'page5-102.svg', 'page3-61.svg', 'page7-126.svg', 'page7-144.svg']",,,,,,,
P2G009,exp2_train_and_test_3.json,P2R00363,17,2,page2-86.svg,False,0.7777777777777777,low,single-utterance-unidirectional,P2-117,P2-024,"['page5-165.svg', 'page5-101.svg', 'page2-86.svg', 'page6-166.svg', 'page7-126.svg', 'page8-169.svg', 'page4-180.svg', 'page6-167.svg', 'page3-139.svg', 'page1-117.svg']",11.0,a bed or couch shape,5.0,18.0,"(25,)",page2-86.svg,True
P2G024,exp2_train_and_test_48.json,P2R00609,4,0,page5-56.svg,False,0.6222222222222223,low,single-utterance-unidirectional,P2-001,P2-116,"['page4-142.svg', 'page5-56.svg', 'page1-97.svg', 'page4-98.svg', 'page6-23.svg', 'page4-244.svg', 'page8-221.svg', 'page1-95.svg', 'page7-53.svg', 'page6-124.svg']",7.0,silhouette of mountains,3.0,12.0,"(16,)",page5-56.svg,True
P2G029,exp2_train_and_test_14.json,P2R01639,15,2,page3-21.svg,False,0.736111111111111,low,single-utterance-unidirectional,P2-099,P2-019,"['page5-36.svg', 'page8-176.svg', 'page7-144.svg', 'page2-86.svg', 'page5-75.svg', 'page7-41.svg', 'page9-34.svg', 'page3-21.svg', 'page7-226.svg', 'page2-20.svg']",4.0,non-Z snake,2.0,6.0,"(17,)",page3-21.svg,True
P2G007,exp2_train_and_test_20.json,P2R00730,5,0,page7-29.svg,False,1.0,high,single-utterance-unidirectional,P2-108,P2-074,"['page7-29.svg', 'page7-225.svg', 'page2-64.svg', 'page4-155.svg', 'page5-45.svg', 'page5-154.svg', 'page4-98.svg', 'page7-226.svg', 'page3-201.svg', 'page7-15.svg']",12.0,explosion on left square pointing right,6.0,24.0,"(42,)",page7-29.svg,True
P2G012,exp2_train_and_test_29.json,P2R01934,16,2,page2-34.svg,False,0.7611111111111111,low,single-utterance-unidirectional,P2-025,P2-066,"['page7-115.svg', 'page2-34.svg', 'page5-75.svg', 'page5-128.svg', 'page6-186.svg', 'page1-132.svg', 'page9-25.svg', 'page7-117.svg', 'page6-228.svg', 'page4-241.svg']",5.0,"An ""F"" rotated 90 degrees",5.0,11.0,"(17,)",page2-34.svg,True
P2G008,exp2_train_and_test_22.json,P2R01551,3,0,page3-201.svg,False,0.5548148148148148,low,single-utterance-unidirectional,P2-038,P2-033,"['page4-195.svg', 'page1-30.svg', 'page7-115.svg', 'page6-155.svg', 'page7-226.svg', 'page4-11.svg', 'page5-155.svg', 'page8-217.svg', 'page3-201.svg', 'page7-145.svg']",12.0,bunny rabbit,2.0,14.0,"(29,)",page8-217.svg,False
P2G011,exp2_train_and_test_36.json,P2R02034,19,3,page5-26.svg,False,0.7518518518518518,low,single-utterance-unidirectional,P2-073,P2-014,"['page3-61.svg', 'page7-116.svg', 'page5-75.svg', 'page9-32.svg', 'page3-201.svg', 'page2-100.svg', 'page8-183.svg', 'page5-26.svg', 'page3-66.svg', 'page3-163.svg']",6.0,heart,1.0,7.0,"(12,)",page5-26.svg,True
P2G043,exp2_train_and_test_54.json,P2R01312,26,4,page7-177.svg,False,1.0,high,single-utterance-unidirectional,P2-088,P2-115,"['page6-245.svg', 'page6-107.svg', 'page4-142.svg', 'page7-177.svg', 'page8-18.svg', 'page5-80.svg', 'page7-217.svg', 'page5-155.svg', 'page2-131.svg', 'page6-109.svg']",,,,,,,
P2G045,exp2_train_and_test_34.json,P2R02288,32,5,page9-39.svg,False,0.7407407407407408,low,single-utterance-unidirectional,P2-087,P2-054,"['page2-165.svg', 'page9-39.svg', 'page1-117.svg', 'page4-180.svg', 'page8-246.svg', 'page8-215.svg', 'page1-133.svg', 'page6-226.svg', 'page8-159.svg', 'page9-34.svg']",8.0,upside down triangle then shapes to make swans neck,9.0,25.0,"(39,)",page8-215.svg,False
P2G054,exp2_train_and_test_38.json,P2R01181,31,5,page9-34.svg,False,1.0,high,single-utterance-unidirectional,P2-055,P2-012,"['page8-159.svg', 'page1-133.svg', 'page9-39.svg', 'page2-165.svg', 'page8-215.svg', 'page1-117.svg', 'page8-246.svg', 'page4-180.svg', 'page6-226.svg', 'page9-34.svg']",5.0,looks like a bird with its wings up in front of it pointing to the right,16.0,16.0,"(57,)",page9-34.svg,True
P2G006,exp2_train_and_test_51.json,P2R01589,8,1,page8-246.svg,False,1.0,high,single-utterance-unidirectional,P2-050,P2-071,"['page7-157.svg', 'page7-127.svg', 'page5-190.svg', 'page8-246.svg', 'page6-167.svg', 'page8-58.svg', 'page4-155.svg', 'page7-125.svg', 'page2-20.svg', 'page7-15.svg']",11.0,looks like a gorilla on it's front feet standing up,10.0,32.0,"(51,)",page8-58.svg,False
P2G008,exp2_train_and_test_22.json,P2R01888,38,5,page3-66.svg,False,1.0,high,single-utterance-unidirectional,P2-038,P2-033,"['page6-166.svg', 'page7-157.svg', 'page6-31.svg', 'page5-174.svg', 'page3-70.svg', 'page8-183.svg', 'page5-153.svg', 'page7-125.svg', 'page5-84.svg', 'page3-66.svg']",5.0,bottle opener,2.0,10.0,"(13,)",page3-66.svg,True
P2G025,exp2_train_and_test_9.json,P2R01094,13,2,page8-21.svg,False,0.5000000000000001,low,single-utterance-unidirectional,P2-094,P2-007,"['page4-5.svg', 'page2-100.svg', 'page5-36.svg', 'page5-120.svg', 'page5-190.svg', 'page1-97.svg', 'page8-21.svg', 'page7-15.svg', 'page8-192.svg', 'page6-226.svg']",12.0,"chicken/rooster, tail left head right",5.0,19.0,"(22,)",page8-21.svg,True
P2G027,exp2_train_and_test_49.json,P2R01185,33,5,page7-203.svg,False,0.9925925925925926,high,single-utterance-unidirectional,P2-063,P2-113,"['page7-217.svg', 'page3-59.svg', 'page8-234.svg', 'page5-85.svg', 'page7-157.svg', 'page1-175.svg', 'page7-203.svg', 'page5-155.svg', 'page8-169.svg', 'page6-107.svg']",6.0,Man wearing a top hat,5.0,9.0,"(20,)",page7-203.svg,True
P2G058,exp2_train_and_test_2.json,P2R01272,31,5,page6-204.svg,False,1.0,high,single-utterance-unidirectional,P2-077,P2-082,"['page7-177.svg', 'page5-75.svg', 'page6-204.svg', 'page7-35.svg', 'page7-144.svg', 'page4-98.svg', 'page2-131.svg', 'page6-245.svg', 'page9-34.svg', 'page7-115.svg']",4.0,rectangle with a square on top left,7.0,17.0,"(23,)",page6-204.svg,True
P2G034,exp2_train_and_test_7.json,P2R01179,19,3,page5-165.svg,False,0.7777777777777777,low,single-utterance-unidirectional,P2-035,P2-031,"['page5-102.svg', 'page2-140.svg', 'page7-117.svg', 'page6-122.svg', 'page5-155.svg', 'page5-165.svg', 'page2-136.svg', 'page2-86.svg', 'page1-34.svg', 'page3-70.svg']",7.0,Crystal in a cave,4.0,15.0,"(23,)",page5-165.svg,True
P2G028,exp2_train_and_test_0.json,P2R02090,12,2,page2-140.svg,False,1.0,high,single-utterance-unidirectional,P2-100,P2-015,"['page8-247.svg', 'page6-206.svg', 'page1-117.svg', 'page2-140.svg', 'page1-30.svg', 'page9-39.svg', 'page1-185.svg', 'page3-33.svg', 'page6-228.svg', 'page7-81.svg']",6.0,Horizontal rectangle with points coming up on either end and thing in the middle,14.0,18.0,"(31,)",page2-140.svg,True
P2G033,exp2_train_and_test_8.json,P2R00562,16,2,page5-26.svg,False,0.7518518518518518,low,single-utterance-unidirectional,P2-112,P2-095,"['page5-45.svg', 'page5-26.svg', 'page5-96.svg', 'page3-61.svg', 'page4-190.svg', 'page8-166.svg', 'page8-234.svg', 'page6-219.svg', 'page7-4.svg', 'page7-15.svg']",11.0,the heart with the top cut off and a triangle on top,12.0,25.0,"(36,)",page5-26.svg,True
P2G031,exp2_train_and_test_1.json,P2R01138,19,3,page5-101.svg,False,0.6666666666666667,low,single-utterance-unidirectional,P2-017,P2-032,"['page3-70.svg', 'page8-21.svg', 'page5-101.svg', 'page2-165.svg', 'page1-95.svg', 'page8-156.svg', 'page7-40.svg', 'page6-171.svg', 'page3-61.svg', 'page7-29.svg']",6.0,two triangles sandwhiching a diamond,5.0,14.0,"(18,)",page5-101.svg,True
P2G058,exp2_train_and_test_2.json,P2R01170,26,4,page5-102.svg,False,0.7444444444444442,low,single-utterance-unidirectional,P2-082,P2-077,"['page7-15.svg', 'page7-41.svg', 'page1-132.svg', 'page7-117.svg', 'page7-81.svg', 'page8-58.svg', 'page3-66.svg', 'page6-121.svg', 'page4-190.svg', 'page5-102.svg']",3.0,seahorse,1.0,5.0,"(8,)",page5-102.svg,True
P2G047,exp2_train_and_test_11.json,P2R01364,7,1,page7-41.svg,False,0.7555555555555555,low,single-utterance-unidirectional,P2-065,P2-089,"['page6-162.svg', 'page7-226.svg', 'page7-177.svg', 'page8-156.svg', 'page7-53.svg', 'page7-41.svg', 'page7-36.svg', 'page-F.svg', 'page7-145.svg', 'page8-192.svg']",12.0,boat house,2.0,14.0,"(24,)",page7-41.svg,True
P2G015,exp2_train_and_test_16.json,P2R02278,25,4,page6-204.svg,False,1.0,high,single-utterance-unidirectional,P2-058,P2-047,"['page5-56.svg', 'page5-213.svg', 'page1-34.svg', 'page7-79.svg', 'page2-114.svg', 'page6-1.svg', 'page4-180.svg', 'page5-85.svg', 'page2-133.svg', 'page6-204.svg']",3.0,tall building chimney left,4.0,8.0,"(20,)",page6-204.svg,True
P2G012,exp2_train_and_test_29.json,P2R01352,34,5,page5-174.svg,False,0.6722222222222223,low,single-utterance-unidirectional,P2-025,P2-066,"['page6-166.svg', 'page7-157.svg', 'page6-31.svg', 'page5-174.svg', 'page3-70.svg', 'page8-183.svg', 'page5-153.svg', 'page7-125.svg', 'page5-84.svg', 'page3-66.svg']",2.0,Lmao. Looks kinda like a fish or dolphin balancing a square on its nose,14.0,13.0,"(22,)",page5-174.svg,True
P2G054,exp2_train_and_test_38.json,P2R00072,30,5,page8-246.svg,False,1.0,high,single-utterance-unidirectional,P2-012,P2-055,"['page2-165.svg', 'page9-39.svg', 'page1-117.svg', 'page4-180.svg', 'page8-246.svg', 'page8-215.svg', 'page1-133.svg', 'page6-226.svg', 'page8-159.svg', 'page9-34.svg']",13.0,Dinosaur walking or jumping to the left,7.0,28.0,"(35,)",page8-246.svg,True
P2G026,exp2_train_and_test_24.json,P2R01992,10,1,page1-133.svg,False,0.5444444444444445,low,single-utterance-unidirectional,P2-048,P2-057,"['page1-48.svg', 'page1-133.svg', 'page9-40.svg', 'page8-38.svg', 'page7-44.svg', 'page-F.svg', 'page5-45.svg', 'page4-195.svg', 'page6-206.svg', 'page7-55.svg']",,,,,,,
P2G059,exp2_train_and_test_59.json,P2R00176,32,5,page6-160.svg,False,0.5592592592592593,low,single-utterance-unidirectional,P2-004,P2-098,"['page4-128.svg', 'page7-107.svg', 'page7-113.svg', 'page3-33.svg', 'page2-100.svg', 'page7-166.svg', 'page6-206.svg', 'page1-149.svg', 'page6-160.svg', 'page2-140.svg']",,,,,,,
P2G015,exp2_train_and_test_16.json,P2R02298,33,5,page1-133.svg,False,0.5444444444444445,low,single-utterance-unidirectional,P2-047,P2-058,"['page6-167.svg', 'page1-77.svg', 'page4-96.svg', 'page1-175.svg', 'page7-20.svg', 'page1-149.svg', 'page1-133.svg', 'page4-5.svg', 'page3-201.svg', 'page7-4.svg']",4.0,a headstone,2.0,14.0,"(19,)",page1-133.svg,True
P2G036,exp2_train_and_test_45.json,P2R02080,29,4,page7-144.svg,False,1.0,high,single-utterance-unidirectional,P2-091,P2-052,"['page8-22.svg', 'page7-144.svg', 'page9-34.svg', 'page2-36.svg', 'page7-216.svg', 'page7-115.svg', 'page7-22.svg', 'page7-107.svg', 'page1-185.svg', 'page6-31.svg']",,,,,,,
P2G020,exp2_train_and_test_31.json,P2R00231,7,1,page5-80.svg,False,0.5555555555555556,low,single-utterance-unidirectional,P2-023,P2-046,"['page3-201.svg', 'page1-48.svg', 'page5-75.svg', 'page6-162.svg', 'page4-96.svg', 'page5-80.svg', 'page9-23.svg', 'page6-192.svg', 'page6-52.svg', 'page5-84.svg']",21.0,Looks like a fox laying down,6.0,27.0,,,
P2G045,exp2_train_and_test_34.json,P2R02256,31,5,page9-34.svg,False,1.0,high,single-utterance-unidirectional,P2-054,P2-087,"['page8-159.svg', 'page1-133.svg', 'page9-39.svg', 'page2-165.svg', 'page8-215.svg', 'page1-117.svg', 'page8-246.svg', 'page4-180.svg', 'page6-226.svg', 'page9-34.svg']",11.0,made of four triangles two squares. two triangles facing right,10.0,30.0,"(50,)",page1-117.svg,False
P2G006,exp2_train_and_test_51.json,P2R01524,22,3,page7-15.svg,False,0.5935185185185186,low,single-utterance-unidirectional,P2-050,P2-071,"['page7-157.svg', 'page7-127.svg', 'page5-190.svg', 'page8-246.svg', 'page6-167.svg', 'page8-58.svg', 'page4-155.svg', 'page7-125.svg', 'page2-20.svg', 'page7-15.svg']",6.0,Four mountains,2.0,8.0,"(12,)",page7-15.svg,True
P2G049,exp2_train_and_test_41.json,P2R02010,30,5,page8-234.svg,False,0.0,low,single-utterance-unidirectional,P2-070,P2-013,"['page3-59.svg', 'page7-203.svg', 'page7-217.svg', 'page5-155.svg', 'page5-85.svg', 'page8-169.svg', 'page7-157.svg', 'page1-175.svg', 'page6-107.svg', 'page8-234.svg']",4.0,The dog looking thing with a long neck.,8.0,15.0,"(26,)",page8-234.svg,True
P2G038,exp2_train_and_test_18.json,P2R00553,33,5,page1-133.svg,False,0.5444444444444445,low,single-utterance-unidirectional,P2-107,P2-020,"['page6-167.svg', 'page1-77.svg', 'page4-96.svg', 'page1-175.svg', 'page7-20.svg', 'page1-149.svg', 'page1-133.svg', 'page4-5.svg', 'page3-201.svg', 'page7-4.svg']",6.0,"Large basic square shape, looks like a shield",8.0,28.0,"(39,)",page1-133.svg,True
P2G036,exp2_train_and_test_45.json,P2R00869,32,5,page3-59.svg,False,1.0,high,single-utterance-unidirectional,P2-091,P2-052,"['page3-59.svg', 'page7-203.svg', 'page7-217.svg', 'page5-155.svg', 'page5-85.svg', 'page8-169.svg', 'page7-157.svg', 'page1-175.svg', 'page6-107.svg', 'page8-234.svg']",,,,,,,
P2G019,exp2_train_and_test_26.json,P2R00458,21,3,page5-128.svg,False,0.9925925925925926,high,single-utterance-unidirectional,P2-034,P2-069,"['page3-59.svg', 'page1-77.svg', 'page2-165.svg', 'page1-34.svg', 'page2-86.svg', 'page2-133.svg', 'page6-123.svg', 'page5-128.svg', 'page2-34.svg', 'page1-149.svg']",2.0,Semi circle with pieces missing,5.0,7.0,"(9,)",page5-128.svg,True
P2G029,exp2_train_and_test_14.json,P2R00386,4,0,page5-75.svg,False,0.6944444444444444,low,single-utterance-unidirectional,P2-099,P2-019,"['page5-36.svg', 'page8-176.svg', 'page7-144.svg', 'page2-86.svg', 'page5-75.svg', 'page7-41.svg', 'page9-34.svg', 'page3-21.svg', 'page7-226.svg', 'page2-20.svg']",18.0,flamingo facing left,3.0,22.0,"(36,)",page5-75.svg,True
P2G022,exp2_train_and_test_53.json,P2R02041,8,1,page7-127.svg,False,0.6222222222222222,low,single-utterance-unidirectional,P2-103,P2-009,"['page5-165.svg', 'page8-159.svg', 'page5-45.svg', 'page4-232.svg', 'page9-40.svg', 'page7-127.svg', 'page7-157.svg', 'page8-234.svg', 'page3-70.svg', 'page8-58.svg']",9.0,Bird,1.0,11.0,"(22,)",page7-127.svg,True
P2G032,exp2_train_and_test_44.json,P2R01480,31,5,page7-217.svg,False,1.0,high,single-utterance-unidirectional,P2-096,P2-102,"['page7-217.svg', 'page3-59.svg', 'page8-234.svg', 'page5-85.svg', 'page7-157.svg', 'page1-175.svg', 'page7-203.svg', 'page5-155.svg', 'page8-169.svg', 'page6-107.svg']",7.0,may with stick up bit on left,7.0,14.0,"(22,)",page7-217.svg,True
P2G032,exp2_train_and_test_44.json,P2R01428,36,5,page5-85.svg,False,0.5166666666666668,low,single-utterance-unidirectional,P2-102,P2-096,"['page3-59.svg', 'page7-203.svg', 'page7-217.svg', 'page5-155.svg', 'page5-85.svg', 'page8-169.svg', 'page7-157.svg', 'page1-175.svg', 'page6-107.svg', 'page8-234.svg']",4.0,cat,1.0,5.0,"(8,)",page5-85.svg,True
P2G030,exp2_train_and_test_35.json,P2R00209,31,5,page9-34.svg,False,1.0,high,single-utterance-unidirectional,P2-002,P2-044,"['page8-159.svg', 'page1-133.svg', 'page9-39.svg', 'page2-165.svg', 'page8-215.svg', 'page1-117.svg', 'page8-246.svg', 'page4-180.svg', 'page6-226.svg', 'page9-34.svg']",11.0,2 pronged fork,3.0,17.0,"(27,)",page9-34.svg,True
P2G025,exp2_train_and_test_9.json,P2R01915,16,2,page1-97.svg,False,1.0,high,single-utterance-unidirectional,P2-094,P2-007,"['page4-5.svg', 'page2-100.svg', 'page5-36.svg', 'page5-120.svg', 'page5-190.svg', 'page1-97.svg', 'page8-21.svg', 'page7-15.svg', 'page8-192.svg', 'page6-226.svg']",6.0,crown,1.0,8.0,"(12,)",page1-97.svg,True
P2G002,exp2_train_and_test_15.json,P2R00409,9,1,page8-159.svg,True,1.0,high,single-utterance-unidirectional,P2-062,P2-114,"['page4-180.svg', 'page1-172.svg', 'page2-20.svg', 'page5-96.svg', 'page2-114.svg', 'page8-159.svg', 'page6-53.svg', 'page3-70.svg', 'page7-53.svg', 'page7-125.svg']",6.0,it looks like a capital letter J,7.0,13.0,"(15,)",page8-159.svg,True
P2G013,exp2_train_and_test_55.json,P2R00391,38,5,page4-128.svg,False,1.0,high,single-utterance-unidirectional,P2-097,P2-109,"['page4-128.svg', 'page7-107.svg', 'page7-113.svg', 'page3-33.svg', 'page2-100.svg', 'page7-166.svg', 'page6-206.svg', 'page1-149.svg', 'page6-160.svg', 'page2-140.svg']",6.0,"Looks like a watering can, pointing to the left",9.0,20.0,"(32,)",page4-128.svg,True
P2G001,exp2_train_and_test_28.json,P2R00282,25,4,page7-115.svg,False,0.6,low,single-utterance-unidirectional,P2-080,P2-027,"['page5-121.svg', 'page3-33.svg', 'page6-52.svg', 'page7-44.svg', 'page5-63.svg', 'page2-34.svg', 'page6-155.svg', 'page7-115.svg', 'page6-175.svg', 'page7-113.svg']",,,,,,,
P2G022,exp2_train_and_test_53.json,P2R01736,16,2,page8-234.svg,False,0.0,low,single-utterance-unidirectional,P2-009,P2-103,"['page8-159.svg', 'page8-58.svg', 'page5-165.svg', 'page7-127.svg', 'page7-157.svg', 'page9-40.svg', 'page3-70.svg', 'page4-232.svg', 'page8-234.svg', 'page5-45.svg']",5.0,dog,1.0,10.0,"(14,)",page8-234.svg,True
P2G016,exp2_train_and_test_56.json,P2R00537,38,5,page4-128.svg,False,1.0,high,single-utterance-unidirectional,P2-003,P2-043,"['page4-128.svg', 'page7-107.svg', 'page7-113.svg', 'page3-33.svg', 'page2-100.svg', 'page7-166.svg', 'page6-206.svg', 'page1-149.svg', 'page6-160.svg', 'page2-140.svg']",7.0,"kettle with spout facing left, square lid",7.0,15.0,"(29,)",page4-128.svg,True
P2G040,exp2_train_and_test_25.json,P2R00906,39,5,page8-183.svg,False,1.0,high,single-utterance-unidirectional,P2-010,P2-021,"['page7-125.svg', 'page8-183.svg', 'page7-157.svg', 'page3-66.svg', 'page5-84.svg', 'page6-31.svg', 'page6-166.svg', 'page5-153.svg', 'page3-70.svg', 'page5-174.svg']",17.0,p looking at right,4.0,31.0,,,
P2G029,exp2_train_and_test_14.json,P2R01381,18,3,page7-226.svg,True,1.0,high,single-utterance-unidirectional,P2-019,P2-099,"['page9-34.svg', 'page5-36.svg', 'page7-41.svg', 'page5-75.svg', 'page3-21.svg', 'page2-20.svg', 'page7-226.svg', 'page8-176.svg', 'page2-86.svg', 'page7-144.svg']",22.0,wrapped up baby,3.0,24.0,"(29,)",page7-226.svg,True
P2G004,exp2_train_and_test_32.json,P2R00626,27,4,page2-131.svg,False,0.5333333333333334,low,single-utterance-unidirectional,P2-018,P2-078,"['page4-232.svg', 'page2-131.svg', 'page7-155.svg', 'page5-233.svg', 'page1-34.svg', 'page5-45.svg', 'page8-217.svg', 'page7-157.svg', 'page7-115.svg', 'page5-155.svg']",4.0,the T with a knob,5.0,12.0,"(25,)",page2-131.svg,True
P2G035,exp2_train_and_test_12.json,P2R00881,23,3,page9-34.svg,False,1.0,high,single-utterance-unidirectional,P2-029,P2-040,"['page7-35.svg', 'page4-195.svg', 'page5-128.svg', 'page9-34.svg', 'page2-190.svg', 'page6-226.svg', 'page7-40.svg', 'page7-113.svg', 'page2-34.svg', 'page6-162.svg']",,,,,,,
P2G059,exp2_train_and_test_59.json,P2R00026,15,2,page5-102.svg,False,0.7444444444444442,low,single-utterance-unidirectional,P2-004,P2-098,"['page8-159.svg', 'page3-61.svg', 'page7-144.svg', 'page5-102.svg', 'page7-116.svg', 'page6-167.svg', 'page7-157.svg', 'page5-96.svg', 'page7-126.svg', 'page8-56.svg']",,,,,,,
P2G019,exp2_train_and_test_26.json,P2R01383,27,4,page1-77.svg,False,0.6833333333333333,low,single-utterance-unidirectional,P2-069,P2-034,"['page1-34.svg', 'page1-77.svg', 'page6-123.svg', 'page1-149.svg', 'page3-59.svg', 'page5-128.svg', 'page2-86.svg', 'page2-165.svg', 'page2-133.svg', 'page2-34.svg']",3.0,knife in a sheath,4.0,8.0,"(10,)",page1-77.svg,True
P2G034,exp2_train_and_test_7.json,P2R00625,31,5,page6-204.svg,False,1.0,high,single-utterance-unidirectional,P2-035,P2-031,"['page7-177.svg', 'page5-75.svg', 'page6-204.svg', 'page7-35.svg', 'page7-144.svg', 'page4-98.svg', 'page2-131.svg', 'page6-245.svg', 'page9-34.svg', 'page7-115.svg']",8.0,Rectangle standing upright with pipe top left,7.0,26.0,"(56,)",page2-131.svg,False
P2G046,exp2_train_and_test_46.json,P2R00541,7,1,page4-197.svg,False,1.0,high,single-utterance-unidirectional,P2-008,P2-079,"['page6-166.svg', 'page5-153.svg', 'page4-197.svg', 'page8-182.svg', 'page2-86.svg', 'page8-156.svg', 'page8-22.svg', 'page9-34.svg', 'page2-20.svg', 'page2-34.svg']",7.0,Arrow point down on a wall.,6.0,14.0,"(28,)",page4-197.svg,True
P2G058,exp2_train_and_test_2.json,P2R00011,12,2,page1-132.svg,False,0.6666666666666667,low,single-utterance-unidirectional,P2-082,P2-077,"['page7-15.svg', 'page7-41.svg', 'page1-132.svg', 'page7-117.svg', 'page7-81.svg', 'page8-58.svg', 'page3-66.svg', 'page6-121.svg', 'page4-190.svg', 'page5-102.svg']",4.0,spanner,1.0,5.0,"(7,)",page1-132.svg,True
P2G045,exp2_train_and_test_34.json,P2R00985,28,4,page1-172.svg,False,0.6444444444444445,low,single-utterance-unidirectional,P2-087,P2-054,"['page7-127.svg', 'page5-66.svg', 'page4-155.svg', 'page7-117.svg', 'page2-16.svg', 'page6-219.svg', 'page1-172.svg', 'page7-202.svg', 'page9-32.svg', 'page8-38.svg']",9.0,dinosaur facing left,3.0,14.0,"(40,)",page7-127.svg,False
P2G002,exp2_train_and_test_15.json,P2R00466,37,5,page7-20.svg,False,1.0,high,single-utterance-unidirectional,P2-062,P2-114,"['page6-167.svg', 'page1-77.svg', 'page4-96.svg', 'page1-175.svg', 'page7-20.svg', 'page1-149.svg', 'page1-133.svg', 'page4-5.svg', 'page3-201.svg', 'page7-4.svg']",11.0,"it looks like a kite, but upright and facing towards the top right",13.0,29.0,"(38,)",page7-20.svg,True
P2G057,exp2_train_and_test_10.json,P2R01931,26,4,page7-35.svg,True,0.7333333333333334,low,single-utterance-unidirectional,P2-084,P2-090,"['page7-79.svg', 'page3-12.svg', 'page7-116.svg', 'page2-100.svg', 'page1-150.svg', 'page9-25.svg', 'page7-35.svg', 'page5-56.svg', 'page8-206.svg', 'page6-185.svg']",3.0,one that looks like a boat with triangle pointing up in the middle,13.0,15.0,"(30,)",page7-35.svg,True
P2G059,exp2_train_and_test_59.json,P2R00313,26,4,page8-56.svg,True,0.7055555555555555,low,single-utterance-unidirectional,P2-098,P2-004,"['page7-116.svg', 'page8-56.svg', 'page5-96.svg', 'page6-167.svg', 'page7-157.svg', 'page8-159.svg', 'page5-102.svg', 'page3-61.svg', 'page7-126.svg', 'page7-144.svg']",,,,,,,
P2G026,exp2_train_and_test_24.json,P2R00239,13,2,page1-133.svg,False,0.5444444444444445,low,single-utterance-unidirectional,P2-057,P2-048,"['page7-44.svg', 'page7-55.svg', 'page6-206.svg', 'page1-48.svg', 'page8-38.svg', 'page5-45.svg', 'page9-40.svg', 'page1-133.svg', 'page-F.svg', 'page4-195.svg']",,,,,,,
P2G017,exp2_train_and_test_13.json,P2R01755,14,2,page3-207.svg,False,0.7388888888888889,low,single-utterance-unidirectional,P2-059,P2-104,"['page6-21.svg', 'page1-128.svg', 'page3-207.svg', 'page7-125.svg', 'page4-155.svg', 'page9-40.svg', 'page8-22.svg', 'page6-204.svg', 'page8-192.svg', 'page6-31.svg']",6.0,A man walking,3.0,11.0,"(23,)",page3-207.svg,True
P2G016,exp2_train_and_test_56.json,P2R01415,2,0,page7-125.svg,False,0.9935185185185184,high,single-utterance-unidirectional,P2-003,P2-043,"['page7-29.svg', 'page5-121.svg', 'page1-107.svg', 'page7-125.svg', 'page5-155.svg', 'page4-96.svg', 'page7-35.svg', 'page6-192.svg', 'page8-206.svg', 'page5-40.svg']",33.0,Looks like a cliff facing to the left,8.0,40.0,,,
P2G048,exp2_train_and_test_19.json,P2R01606,11,1,page4-197.svg,False,1.0,high,single-utterance-unidirectional,P2-085,P2-106,"['page8-18.svg', 'page7-115.svg', 'page6-135.svg', 'page1-128.svg', 'page2-86.svg', 'page8-38.svg', 'page4-197.svg', 'page7-44.svg', 'page1-30.svg', 'page5-71.svg']",6.0,It looks like a diamond,5.0,11.0,"(28,)",page4-197.svg,True
P2G028,exp2_train_and_test_0.json,P2R01806,39,5,page7-115.svg,False,0.6,low,single-utterance-unidirectional,P2-015,P2-100,"['page7-177.svg', 'page5-75.svg', 'page6-204.svg', 'page7-35.svg', 'page7-144.svg', 'page4-98.svg', 'page2-131.svg', 'page6-245.svg', 'page9-34.svg', 'page7-115.svg']",5.0,looks like a table with spikes on the ends of it,11.0,13.0,"(21,)",page7-115.svg,True
P2G016,exp2_train_and_test_56.json,P2R00104,9,1,page7-35.svg,False,0.7333333333333334,low,single-utterance-unidirectional,P2-043,P2-003,"['page6-192.svg', 'page4-96.svg', 'page5-155.svg', 'page5-121.svg', 'page7-35.svg', 'page5-40.svg', 'page7-29.svg', 'page7-125.svg', 'page1-107.svg', 'page8-206.svg']",9.0,looks like sa sailing ship with arrow as a mast. arrow pointing upwards.,13.0,32.0,"(46,)",page8-206.svg,False
P2G011,exp2_train_and_test_36.json,P2R02146,37,5,page2-165.svg,False,0.7499999999999999,low,single-utterance-unidirectional,P2-073,P2-014,"['page8-159.svg', 'page1-133.svg', 'page9-39.svg', 'page2-165.svg', 'page8-215.svg', 'page1-117.svg', 'page8-246.svg', 'page4-180.svg', 'page6-226.svg', 'page9-34.svg']",3.0,mexican hat,2.0,5.0,"(20,)",page2-165.svg,True
P2G032,exp2_train_and_test_44.json,P2R01646,7,1,page7-20.svg,True,1.0,high,single-utterance-unidirectional,P2-096,P2-102,"['page8-21.svg', 'page4-197.svg', 'page6-53.svg', 'page4-96.svg', 'page2-34.svg', 'page5-101.svg', 'page7-20.svg', 'page5-190.svg', 'page8-22.svg', 'page6-226.svg']",20.0,like a slide,3.0,23.0,"(31,)",page7-20.svg,True
P2G005,exp2_train_and_test_43.json,P2R01545,13,2,page8-21.svg,False,0.5000000000000001,low,single-utterance-unidirectional,P2-006,P2-111,"['page6-122.svg', 'page9-40.svg', 'page7-226.svg', 'page7-125.svg', 'page8-246.svg', 'page6-160.svg', 'page7-145.svg', 'page5-101.svg', 'page8-183.svg', 'page8-21.svg']",10.0,chicken,1.0,14.0,"(22,)",page8-21.svg,True
P2G053,exp2_train_and_test_23.json,P2R01621,9,1,page8-248.svg,True,0.6851851851851852,low,single-utterance-unidirectional,P2-037,P2-045,"['page1-133.svg', 'page7-116.svg', 'page6-160.svg', 'page1-128.svg', 'page8-248.svg', 'page7-10.svg', 'page5-56.svg', 'page6-226.svg', 'page6-204.svg', 'page5-188.svg']",8.0,looks like a horse,4.0,14.0,"(30,)",page8-248.svg,True
P2G006,exp2_train_and_test_51.json,P2R01836,21,3,page6-167.svg,False,1.0,high,single-utterance-unidirectional,P2-050,P2-071,"['page7-157.svg', 'page7-127.svg', 'page5-190.svg', 'page8-246.svg', 'page6-167.svg', 'page8-58.svg', 'page4-155.svg', 'page7-125.svg', 'page2-20.svg', 'page7-15.svg']",10.0,"Two triangles one left and one right, with rhombus",9.0,23.0,"(37,)",page6-167.svg,True
P2G033,exp2_train_and_test_8.json,P2R00617,9,1,page6-219.svg,False,1.0,high,single-utterance-unidirectional,P2-095,P2-112,"['page7-4.svg', 'page5-45.svg', 'page3-61.svg', 'page5-96.svg', 'page8-234.svg', 'page4-190.svg', 'page6-219.svg', 'page5-26.svg', 'page8-166.svg', 'page7-15.svg']",19.0,A rectangle facing down with a small square to the bottom right and shape at the botttom,17.0,38.0,"(46,)",page6-219.svg,True
P2G003,exp2_train_and_test_21.json,P2R02172,39,5,page8-183.svg,False,1.0,high,single-utterance-unidirectional,P2-041,P2-105,"['page7-125.svg', 'page8-183.svg', 'page7-157.svg', 'page3-66.svg', 'page5-84.svg', 'page6-31.svg', 'page6-166.svg', 'page5-153.svg', 'page3-70.svg', 'page5-174.svg']",4.0,shaped like a p with a wedge shaped tail/stem,9.0,17.0,"(24,)",page8-183.svg,True
P2G012,exp2_train_and_test_29.json,P2R01471,19,3,page6-228.svg,False,1.0,high,single-utterance-unidirectional,P2-066,P2-025,"['page5-128.svg', 'page7-115.svg', 'page4-241.svg', 'page7-117.svg', 'page6-186.svg', 'page9-25.svg', 'page1-132.svg', 'page5-75.svg', 'page6-228.svg', 'page2-34.svg']",3.0,Rhombus,1.0,5.0,"(6,)",page6-228.svg,True
P2G009,exp2_train_and_test_3.json,P2R00947,15,2,page5-101.svg,True,0.6666666666666667,low,single-utterance-unidirectional,P2-024,P2-117,"['page2-86.svg', 'page7-126.svg', 'page5-101.svg', 'page8-169.svg', 'page3-139.svg', 'page6-166.svg', 'page6-167.svg', 'page4-180.svg', 'page5-165.svg', 'page1-117.svg']",8.0,PLANE WITH BCKWARD WING SHOWS LETTER M,7.0,25.0,,,
P2G027,exp2_train_and_test_49.json,P2R00999,38,5,page6-107.svg,False,0.7000000000000001,low,single-utterance-unidirectional,P2-113,P2-063,"['page3-59.svg', 'page7-203.svg', 'page7-217.svg', 'page5-155.svg', 'page5-85.svg', 'page8-169.svg', 'page7-157.svg', 'page1-175.svg', 'page6-107.svg', 'page8-234.svg']",4.0,nose/sword/ corn on the cob,5.0,14.0,"(35,)",page6-107.svg,True
P2G039,exp2_train_and_test_4.json,P2R00196,17,2,page5-165.svg,False,0.7777777777777777,low,single-utterance-unidirectional,P2-093,P2-022,"['page6-1.svg', 'page6-124.svg', 'page2-64.svg', 'page9-39.svg', 'page5-233.svg', 'page6-21.svg', 'page3-201.svg', 'page2-34.svg', 'page6-135.svg', 'page5-165.svg']",11.0,"candel, pointing up with side fins",6.0,29.0,"(36,)",page5-165.svg,True
P2G004,exp2_train_and_test_32.json,P2R02152,21,3,page4-232.svg,False,1.0,high,single-utterance-unidirectional,P2-078,P2-018,"['page4-232.svg', 'page5-45.svg', 'page7-115.svg', 'page5-155.svg', 'page2-131.svg', 'page7-155.svg', 'page7-157.svg', 'page8-217.svg', 'page5-233.svg', 'page1-34.svg']",9.0,Cross-legged Xmas tree,3.0,17.0,"(23,)",page4-232.svg,True
P2G009,exp2_train_and_test_3.json,P2R02178,36,5,page5-75.svg,False,0.6944444444444444,low,single-utterance-unidirectional,P2-117,P2-024,"['page9-34.svg', 'page7-115.svg', 'page4-98.svg', 'page7-177.svg', 'page7-35.svg', 'page6-245.svg', 'page7-144.svg', 'page2-131.svg', 'page5-75.svg', 'page6-204.svg']",5.0,A stork shaped bird facing left,6.0,13.0,"(23,)",page5-75.svg,True
P2G042,exp2_train_and_test_50.json,P2R01845,27,4,page8-169.svg,False,1.0,high,single-utterance-unidirectional,P2-049,P2-042,"['page3-21.svg', 'page2-136.svg', 'page5-56.svg', 'page8-169.svg', 'page6-204.svg', 'page1-95.svg', 'page6-31.svg', 'page8-58.svg', 'page2-165.svg', 'page1-175.svg']",,,,,,,
P2G049,exp2_train_and_test_41.json,P2R00700,37,5,page1-175.svg,False,1.0,high,single-utterance-unidirectional,P2-013,P2-070,"['page7-217.svg', 'page3-59.svg', 'page8-234.svg', 'page5-85.svg', 'page7-157.svg', 'page1-175.svg', 'page7-203.svg', 'page5-155.svg', 'page8-169.svg', 'page6-107.svg']",3.0,the slanted square in the middle,6.0,23.0,"(29,)",page1-175.svg,True
P2G037,exp2_train_and_test_42.json,P2R00726,18,3,page7-73.svg,True,0.6,low,single-utterance-unidirectional,P2-026,P2-075,"['page6-226.svg', 'page5-96.svg', 'page6-206.svg', 'page7-53.svg', 'page6-71.svg', 'page7-73.svg', 'page8-159.svg', 'page5-128.svg', 'page8-58.svg', 'page1-150.svg']",4.0,a whale facing left,4.0,11.0,"(25,)",page7-73.svg,True
P2G027,exp2_train_and_test_49.json,P2R00103,14,2,page7-186.svg,False,1.0,high,single-utterance-unidirectional,P2-113,P2-063,"['page7-186.svg', 'page2-140.svg', 'page8-192.svg', 'page2-114.svg', 'page5-153.svg', 'page5-80.svg', 'page7-44.svg', 'page8-18.svg', 'page7-115.svg', 'page2-85.svg']",4.0,P,1.0,4.0,"(22,)",page7-186.svg,True
P2G055,exp2_train_and_test_37.json,P2R01368,14,2,page1-95.svg,True,1.0,high,single-utterance-unidirectional,P2-011,P2-110,"['page8-22.svg', 'page7-20.svg', 'page1-185.svg', 'page6-121.svg', 'page4-96.svg', 'page1-95.svg', 'page7-113.svg', 'page6-107.svg', 'page8-18.svg', 'page7-191.svg']",5.0,think pool table with a light on top of it,10.0,12.0,"(18,)",page1-95.svg,True
P2G007,exp2_train_and_test_20.json,P2R01581,37,5,page7-125.svg,False,0.9935185185185184,high,single-utterance-unidirectional,P2-074,P2-108,"['page7-125.svg', 'page8-183.svg', 'page7-157.svg', 'page3-66.svg', 'page5-84.svg', 'page6-31.svg', 'page6-166.svg', 'page5-153.svg', 'page3-70.svg', 'page5-174.svg']",10.0,mans face looiking left has flat head,7.0,22.0,"(35,)",page7-125.svg,True
P2G051,exp2_train_and_test_5.json,P2R00997,2,0,page3-52.svg,True,1.0,high,single-utterance-unidirectional,P2-051,P2-016,"['page7-155.svg', 'page3-21.svg', 'page3-33.svg', 'page5-107.svg', 'page7-166.svg', 'page3-52.svg', 'page7-20.svg', 'page7-40.svg', 'page6-228.svg', 'page5-40.svg']",12.0,A tie split at the bottom end.,7.0,19.0,"(23,)",page3-52.svg,True
P2G012,exp2_train_and_test_29.json,P2R01098,10,1,page7-115.svg,False,0.6,low,single-utterance-unidirectional,P2-066,P2-025,"['page5-128.svg', 'page7-115.svg', 'page4-241.svg', 'page7-117.svg', 'page6-186.svg', 'page9-25.svg', 'page1-132.svg', 'page5-75.svg', 'page6-228.svg', 'page2-34.svg']",4.0,A bridge with pointy ends and square feet,8.0,20.0,"(35,)",page7-115.svg,True
P2G057,exp2_train_and_test_10.json,P2R00364,27,4,page6-185.svg,False,0.6129629629629629,low,single-utterance-unidirectional,P2-090,P2-084,"['page2-100.svg', 'page6-185.svg', 'page5-56.svg', 'page9-25.svg', 'page7-35.svg', 'page8-206.svg', 'page3-12.svg', 'page1-150.svg', 'page7-79.svg', 'page7-116.svg']",4.0,man crouching,2.0,7.0,"(15,)",page6-185.svg,True
P2G015,exp2_train_and_test_16.json,P2R00148,7,1,page5-85.svg,True,0.5166666666666668,low,single-utterance-unidirectional,P2-047,P2-058,"['page5-85.svg', 'page5-213.svg', 'page6-1.svg', 'page5-56.svg', 'page1-34.svg', 'page4-180.svg', 'page2-114.svg', 'page2-133.svg', 'page7-79.svg', 'page6-204.svg']",9.0,a cat jumping,3.0,24.0,"(36,)",page5-85.svg,True
P2G022,exp2_train_and_test_53.json,P2R00180,27,4,page4-232.svg,False,1.0,high,single-utterance-unidirectional,P2-009,P2-103,"['page8-159.svg', 'page8-58.svg', 'page5-165.svg', 'page7-127.svg', 'page7-157.svg', 'page9-40.svg', 'page3-70.svg', 'page4-232.svg', 'page8-234.svg', 'page5-45.svg']",6.0,pine tree,2.0,7.0,"(15,)",page4-232.svg,True
P2G030,exp2_train_and_test_35.json,P2R01322,22,3,page4-98.svg,False,0.7222222222222223,low,single-utterance-unidirectional,P2-002,P2-044,"['page6-109.svg', 'page7-127.svg', 'page6-107.svg', 'page7-166.svg', 'page7-20.svg', 'page4-98.svg', 'page8-192.svg', 'page2-20.svg', 'page6-175.svg', 'page5-190.svg']",9.0,a long sword with no hilt,6.0,15.0,"(25,)",page4-98.svg,True
P2G016,exp2_train_and_test_56.json,P2R01134,0,0,page5-121.svg,True,0.9925925925925926,high,single-utterance-unidirectional,P2-043,P2-003,"['page6-192.svg', 'page4-96.svg', 'page5-155.svg', 'page5-121.svg', 'page7-35.svg', 'page5-40.svg', 'page7-29.svg', 'page7-125.svg', 'page1-107.svg', 'page8-206.svg']",15.0,pointy top and bottom features,5.0,43.0,"(54,)",page7-35.svg,False
P2G032,exp2_train_and_test_44.json,P2R01161,30,5,page8-234.svg,False,0.0,low,single-utterance-unidirectional,P2-102,P2-096,"['page3-59.svg', 'page7-203.svg', 'page7-217.svg', 'page5-155.svg', 'page5-85.svg', 'page8-169.svg', 'page7-157.svg', 'page1-175.svg', 'page6-107.svg', 'page8-234.svg']",12.0,like a thin dog,4.0,19.0,"(22,)",page8-234.svg,True
P2G004,exp2_train_and_test_32.json,P2R01069,26,4,page1-34.svg,True,1.0,high,single-utterance-unidirectional,P2-078,P2-018,"['page4-232.svg', 'page5-45.svg', 'page7-115.svg', 'page5-155.svg', 'page2-131.svg', 'page7-155.svg', 'page7-157.svg', 'page8-217.svg', 'page5-233.svg', 'page1-34.svg']",6.0,A new one. Like a double egg-cuo - with pillats for the eggs,13.0,25.0,"(40,)",page1-34.svg,True
P2G053,exp2_train_and_test_23.json,P2R01601,4,0,page5-56.svg,False,0.6222222222222223,low,single-utterance-unidirectional,P2-045,P2-037,"['page1-128.svg', 'page7-10.svg', 'page5-56.svg', 'page6-226.svg', 'page6-160.svg', 'page1-133.svg', 'page6-204.svg', 'page5-188.svg', 'page7-116.svg', 'page8-248.svg']",6.0,looks like a mountain range,5.0,9.0,"(13,)",page5-56.svg,True
P2G026,exp2_train_and_test_24.json,P2R01588,18,3,page-F.svg,False,0.6685185185185186,low,single-utterance-unidirectional,P2-048,P2-057,"['page1-48.svg', 'page1-133.svg', 'page9-40.svg', 'page8-38.svg', 'page7-44.svg', 'page-F.svg', 'page5-45.svg', 'page4-195.svg', 'page6-206.svg', 'page7-55.svg']",,,,,,,
P2G021,exp2_train_and_test_58.json,P2R00100,29,4,page4-241.svg,False,0.995,high,single-utterance-unidirectional,P2-064,P2-036,"['page4-195.svg', 'page6-31.svg', 'page4-241.svg', 'page7-41.svg', 'page8-38.svg', 'page5-233.svg', 'page3-205.svg', 'page7-226.svg', 'page9-40.svg', 'page5-84.svg']",3.0,giant x,2.0,4.0,"(10,)",page4-241.svg,True
P2G015,exp2_train_and_test_16.json,P2R01188,16,2,page2-133.svg,False,1.0,high,single-utterance-unidirectional,P2-058,P2-047,"['page5-56.svg', 'page5-213.svg', 'page1-34.svg', 'page7-79.svg', 'page2-114.svg', 'page6-1.svg', 'page4-180.svg', 'page5-85.svg', 'page2-133.svg', 'page6-204.svg']",7.0,a upside down hatchet,4.0,14.0,"(25,)",page2-133.svg,True
P2G038,exp2_train_and_test_18.json,P2R01252,35,5,page4-96.svg,False,1.0,high,single-utterance-unidirectional,P2-107,P2-020,"['page6-167.svg', 'page1-77.svg', 'page4-96.svg', 'page1-175.svg', 'page7-20.svg', 'page1-149.svg', 'page1-133.svg', 'page4-5.svg', 'page3-201.svg', 'page7-4.svg']",3.0,Looks like a water faucet facing to the right,9.0,20.0,"(25,)",page4-96.svg,True
P2G007,exp2_train_and_test_20.json,P2R00342,17,2,page7-225.svg,True,1.0,high,single-utterance-unidirectional,P2-074,P2-108,"['page7-15.svg', 'page7-29.svg', 'page3-201.svg', 'page2-64.svg', 'page4-155.svg', 'page7-226.svg', 'page5-154.svg', 'page4-98.svg', 'page5-45.svg', 'page7-225.svg']",6.0,fish with tail in the air,6.0,13.0,"(26,)",page7-225.svg,True
P2G040,exp2_train_and_test_25.json,P2R00934,21,3,page5-154.svg,True,1.0,high,single-utterance-unidirectional,P2-010,P2-021,"['page6-21.svg', 'page2-114.svg', 'page5-128.svg', 'page6-175.svg', 'page7-4.svg', 'page8-246.svg', 'page4-244.svg', 'page5-154.svg', 'page4-98.svg', 'page8-38.svg']",13.0,arrow showing up,3.0,24.0,"(34,)",page5-154.svg,True
P2G008,exp2_train_and_test_22.json,P2R01465,0,0,page4-11.svg,False,0.738888888888889,low,single-utterance-unidirectional,P2-038,P2-033,"['page4-195.svg', 'page1-30.svg', 'page7-115.svg', 'page6-155.svg', 'page7-226.svg', 'page4-11.svg', 'page5-155.svg', 'page8-217.svg', 'page3-201.svg', 'page7-145.svg']",13.0,person sitting down looking to the left,7.0,22.0,"(35,)",page4-11.svg,True
P2G023,exp2_train_and_test_40.json,P2R00968,12,2,page2-100.svg,False,0.7685185185185184,low,single-utterance-unidirectional,P2-056,P2-081,"['page7-29.svg', 'page2-100.svg', 'page7-144.svg', 'page3-201.svg', 'page9-23.svg', 'page3-200.svg', 'page2-165.svg', 'page4-232.svg', 'page5-153.svg', 'page7-44.svg']",5.0,"triangle base, tipped square top",5.0,16.0,"(36,)",page2-100.svg,True
P2G036,exp2_train_and_test_45.json,P2R00116,15,2,page7-115.svg,False,0.6,low,single-utterance-unidirectional,P2-091,P2-052,"['page8-22.svg', 'page7-144.svg', 'page9-34.svg', 'page2-36.svg', 'page7-216.svg', 'page7-115.svg', 'page7-22.svg', 'page7-107.svg', 'page1-185.svg', 'page6-31.svg']",,,,,,,
P2G014,exp2_train_and_test_27.json,P2R01030,31,5,page5-84.svg,False,0.5111111111111112,low,single-utterance-unidirectional,P2-060,P2-118,"['page7-125.svg', 'page8-183.svg', 'page7-157.svg', 'page3-66.svg', 'page5-84.svg', 'page6-31.svg', 'page6-166.svg', 'page5-153.svg', 'page3-70.svg', 'page5-174.svg']",7.0,a horse,2.0,10.0,"(16,)",page5-84.svg,True
P2G055,exp2_train_and_test_37.json,P2R01361,38,5,page1-117.svg,False,1.0,high,single-utterance-unidirectional,P2-110,P2-011,"['page2-165.svg', 'page9-39.svg', 'page1-117.svg', 'page4-180.svg', 'page8-246.svg', 'page8-215.svg', 'page1-133.svg', 'page6-226.svg', 'page8-159.svg', 'page9-34.svg']",8.0,like a thick wine glass,5.0,18.0,"(29,)",page1-117.svg,True
P2G055,exp2_train_and_test_37.json,P2R00799,5,0,page8-18.svg,False,0.3777777777777778,low,single-utterance-unidirectional,P2-110,P2-011,"['page1-185.svg', 'page1-95.svg', 'page7-113.svg', 'page6-121.svg', 'page7-20.svg', 'page7-191.svg', 'page6-107.svg', 'page8-22.svg', 'page8-18.svg', 'page4-96.svg']",5.0,It looks like a swan or goose.,7.0,14.0,"(39,)",page8-18.svg,True
P2G022,exp2_train_and_test_53.json,P2R00008,1,0,page9-40.svg,False,1.0,high,single-utterance-unidirectional,P2-009,P2-103,"['page8-159.svg', 'page8-58.svg', 'page5-165.svg', 'page7-127.svg', 'page7-157.svg', 'page9-40.svg', 'page3-70.svg', 'page4-232.svg', 'page8-234.svg', 'page5-45.svg']",35.0,fountain,1.0,37.0,"(47,)",page9-40.svg,True
P2G005,exp2_train_and_test_43.json,P2R00952,37,5,page1-175.svg,False,1.0,high,single-utterance-unidirectional,P2-111,P2-006,"['page7-217.svg', 'page3-59.svg', 'page8-234.svg', 'page5-85.svg', 'page7-157.svg', 'page1-175.svg', 'page7-203.svg', 'page5-155.svg', 'page8-169.svg', 'page6-107.svg']",5.0,A playing cards diamond symbol sideways,6.0,23.0,"(28,)",page1-175.svg,True
P2G011,exp2_train_and_test_36.json,P2R01620,35,5,page6-226.svg,False,1.0,high,single-utterance-unidirectional,P2-073,P2-014,"['page8-159.svg', 'page1-133.svg', 'page9-39.svg', 'page2-165.svg', 'page8-215.svg', 'page1-117.svg', 'page8-246.svg', 'page4-180.svg', 'page6-226.svg', 'page9-34.svg']",5.0,2 diamonds with a square on top,7.0,12.0,"(23,)",page6-226.svg,True
P2G008,exp2_train_and_test_22.json,P2R00496,15,2,page4-195.svg,False,1.0,high,single-utterance-unidirectional,P2-038,P2-033,"['page4-195.svg', 'page1-30.svg', 'page7-115.svg', 'page6-155.svg', 'page7-226.svg', 'page4-11.svg', 'page5-155.svg', 'page8-217.svg', 'page3-201.svg', 'page7-145.svg']",9.0,can opener,2.0,10.0,"(13,)",page4-195.svg,True
P2G053,exp2_train_and_test_23.json,P2R00247,7,1,page1-133.svg,False,0.5444444444444445,low,single-utterance-unidirectional,P2-037,P2-045,"['page1-133.svg', 'page7-116.svg', 'page6-160.svg', 'page1-128.svg', 'page8-248.svg', 'page7-10.svg', 'page5-56.svg', 'page6-226.svg', 'page6-204.svg', 'page5-188.svg']",5.0,square with the two top corners missing,7.0,13.0,"(29,)",page1-133.svg,True
P2G059,exp2_train_and_test_59.json,P2R02097,20,3,page5-102.svg,False,0.7444444444444442,low,single-utterance-unidirectional,P2-098,P2-004,"['page7-116.svg', 'page8-56.svg', 'page5-96.svg', 'page6-167.svg', 'page7-157.svg', 'page8-159.svg', 'page5-102.svg', 'page3-61.svg', 'page7-126.svg', 'page7-144.svg']",,,,,,,
P2G054,exp2_train_and_test_38.json,P2R01892,26,4,page2-131.svg,False,0.5333333333333334,low,single-utterance-unidirectional,P2-012,P2-055,"['page6-71.svg', 'page7-41.svg', 'page4-197.svg', 'page4-98.svg', 'page6-109.svg', 'page6-208.svg', 'page6-135.svg', 'page7-15.svg', 'page2-131.svg', 'page6-186.svg']",6.0,hammer,1.0,8.0,"(17,)",page2-131.svg,True
P2G047,exp2_train_and_test_11.json,P2R02307,24,4,page7-36.svg,False,1.0,high,single-utterance-unidirectional,P2-089,P2-065,"['page8-156.svg', 'page8-192.svg', 'page6-162.svg', 'page7-53.svg', 'page7-145.svg', 'page7-177.svg', 'page7-226.svg', 'page-F.svg', 'page7-41.svg', 'page7-36.svg']",4.0,The weird L shape,4.0,8.0,"(18,)",page7-36.svg,True
P2G027,exp2_train_and_test_49.json,P2R00911,39,5,page7-157.svg,False,0.6037037037037036,low,single-utterance-unidirectional,P2-063,P2-113,"['page7-217.svg', 'page3-59.svg', 'page8-234.svg', 'page5-85.svg', 'page7-157.svg', 'page1-175.svg', 'page7-203.svg', 'page5-155.svg', 'page8-169.svg', 'page6-107.svg']",5.0,Diamond on top of a triangle,6.0,14.0,"(22,)",page7-157.svg,True
P2G017,exp2_train_and_test_13.json,P2R02248,30,5,page1-175.svg,False,1.0,high,single-utterance-unidirectional,P2-059,P2-104,"['page4-96.svg', 'page1-149.svg', 'page3-201.svg', 'page6-167.svg', 'page1-77.svg', 'page1-133.svg', 'page7-20.svg', 'page4-5.svg', 'page1-175.svg', 'page7-4.svg']",6.0,A tilted square,3.0,12.0,"(21,)",page1-175.svg,True
P2G047,exp2_train_and_test_11.json,P2R02096,11,1,page7-145.svg,False,0.7666666666666666,low,single-utterance-unidirectional,P2-065,P2-089,"['page6-162.svg', 'page7-226.svg', 'page7-177.svg', 'page8-156.svg', 'page7-53.svg', 'page7-41.svg', 'page7-36.svg', 'page-F.svg', 'page7-145.svg', 'page8-192.svg']",11.0,the middle object between dog and person with a triangle on its head,13.0,32.0,"(45,)",page7-145.svg,True
P2G058,exp2_train_and_test_2.json,P2R02079,17,2,page5-102.svg,False,0.7444444444444442,low,single-utterance-unidirectional,P2-082,P2-077,"['page7-15.svg', 'page7-41.svg', 'page1-132.svg', 'page7-117.svg', 'page7-81.svg', 'page8-58.svg', 'page3-66.svg', 'page6-121.svg', 'page4-190.svg', 'page5-102.svg']",3.0,seahorse,1.0,5.0,"(6,)",page5-102.svg,True
P2G021,exp2_train_and_test_58.json,P2R00164,35,5,page7-113.svg,False,0.7636363636363637,low,single-utterance-unidirectional,P2-036,P2-064,"['page6-206.svg', 'page7-113.svg', 'page7-166.svg', 'page2-100.svg', 'page3-33.svg', 'page2-140.svg', 'page6-160.svg', 'page4-128.svg', 'page1-149.svg', 'page7-107.svg']",5.0,a donkey or animal,4.0,11.0,"(25,)",page7-113.svg,True
P2G003,exp2_train_and_test_21.json,P2R01788,12,2,page8-159.svg,True,1.0,high,single-utterance-unidirectional,P2-041,P2-105,"['page1-132.svg', 'page5-101.svg', 'page6-155.svg', 'page4-98.svg', 'page5-120.svg', 'page5-188.svg', 'page7-115.svg', 'page7-191.svg', 'page7-4.svg', 'page8-159.svg']",9.0,a shape like a big letter J,7.0,18.0,"(23,)",page8-159.svg,True
P2G051,exp2_train_and_test_5.json,P2R00227,20,3,page3-21.svg,False,0.736111111111111,low,single-utterance-unidirectional,P2-051,P2-016,"['page7-155.svg', 'page3-21.svg', 'page3-33.svg', 'page5-107.svg', 'page7-166.svg', 'page3-52.svg', 'page7-20.svg', 'page7-40.svg', 'page6-228.svg', 'page5-40.svg']",5.0,Squiggly line with more bends,5.0,9.0,"(14,)",page3-21.svg,True
P2G023,exp2_train_and_test_40.json,P2R01864,2,0,page3-201.svg,False,0.5548148148148148,low,single-utterance-unidirectional,P2-056,P2-081,"['page7-29.svg', 'page2-100.svg', 'page7-144.svg', 'page3-201.svg', 'page9-23.svg', 'page3-200.svg', 'page2-165.svg', 'page4-232.svg', 'page5-153.svg', 'page7-44.svg']",12.0,"It looks like the bottom of a tree, and has two triangles either side",14.0,34.0,"(58,)",,
P2G031,exp2_train_and_test_1.json,P2R00170,20,3,page2-165.svg,False,0.7499999999999999,low,single-utterance-unidirectional,P2-017,P2-032,"['page3-70.svg', 'page8-21.svg', 'page5-101.svg', 'page2-165.svg', 'page1-95.svg', 'page8-156.svg', 'page7-40.svg', 'page6-171.svg', 'page3-61.svg', 'page7-29.svg']",3.0,shallow boat with small triangle on top,7.0,11.0,"(14,)",page2-165.svg,True
P2G043,exp2_train_and_test_54.json,P2R00998,2,0,page5-155.svg,False,0.5777777777777778,low,single-utterance-unidirectional,P2-088,P2-115,"['page6-245.svg', 'page6-107.svg', 'page4-142.svg', 'page7-177.svg', 'page8-18.svg', 'page5-80.svg', 'page7-217.svg', 'page5-155.svg', 'page2-131.svg', 'page6-109.svg']",12.0,Christmas tree,2.0,19.0,"(23,)",page5-155.svg,True
P2G054,exp2_train_and_test_38.json,P2R01101,10,1,page4-197.svg,False,1.0,high,single-utterance-unidirectional,P2-055,P2-012,"['page6-71.svg', 'page6-135.svg', 'page4-197.svg', 'page2-131.svg', 'page7-41.svg', 'page6-186.svg', 'page6-109.svg', 'page4-98.svg', 'page7-15.svg', 'page6-208.svg']",5.0,head resting on rhomboid,4.0,8.0,"(16,)",page4-197.svg,True
P2G033,exp2_train_and_test_8.json,P2R01741,29,4,page7-4.svg,False,0.6555555555555556,low,single-utterance-unidirectional,P2-112,P2-095,"['page5-45.svg', 'page5-26.svg', 'page5-96.svg', 'page3-61.svg', 'page4-190.svg', 'page8-166.svg', 'page8-234.svg', 'page6-219.svg', 'page7-4.svg', 'page7-15.svg']",13.0,the bat one,3.0,15.0,"(23,)",page7-4.svg,True
P2G006,exp2_train_and_test_51.json,P2R00082,33,5,page6-206.svg,False,0.7333333333333333,low,single-utterance-unidirectional,P2-050,P2-071,"['page6-206.svg', 'page7-113.svg', 'page7-166.svg', 'page2-100.svg', 'page3-33.svg', 'page2-140.svg', 'page6-160.svg', 'page4-128.svg', 'page1-149.svg', 'page7-107.svg']",5.0,Rectangle with a triangle taken out of the right side of it. Small black triangle at the bottom.,18.0,20.0,"(30,)",page6-206.svg,True
P2G058,exp2_train_and_test_2.json,P2R01400,0,0,page1-132.svg,False,0.6666666666666667,low,single-utterance-unidirectional,P2-082,P2-077,"['page7-15.svg', 'page7-41.svg', 'page1-132.svg', 'page7-117.svg', 'page7-81.svg', 'page8-58.svg', 'page3-66.svg', 'page6-121.svg', 'page4-190.svg', 'page5-102.svg']",5.0,spanner,1.0,6.0,"(30,)",page1-132.svg,True
P2G008,exp2_train_and_test_22.json,P2R01853,36,5,page3-70.svg,False,1.0,high,single-utterance-unidirectional,P2-038,P2-033,"['page6-166.svg', 'page7-157.svg', 'page6-31.svg', 'page5-174.svg', 'page3-70.svg', 'page8-183.svg', 'page5-153.svg', 'page7-125.svg', 'page5-84.svg', 'page3-66.svg']",15.0,one of the retangular flat pieces this one is fatter and looks like a whistle,15.0,33.0,"(51,)",page3-66.svg,False
P2G036,exp2_train_and_test_45.json,P2R00624,25,4,page7-115.svg,False,0.6,low,single-utterance-unidirectional,P2-091,P2-052,"['page8-22.svg', 'page7-144.svg', 'page9-34.svg', 'page2-36.svg', 'page7-216.svg', 'page7-115.svg', 'page7-22.svg', 'page7-107.svg', 'page1-185.svg', 'page6-31.svg']",,,,,,,
P2G019,exp2_train_and_test_26.json,P2R00221,20,3,page1-149.svg,True,1.0,high,single-utterance-unidirectional,P2-034,P2-069,"['page3-59.svg', 'page1-77.svg', 'page2-165.svg', 'page1-34.svg', 'page2-86.svg', 'page2-133.svg', 'page6-123.svg', 'page5-128.svg', 'page2-34.svg', 'page1-149.svg']",6.0,A column shape with spikes in the middle and at the top and bottom,14.0,15.0,"(23,)",page1-149.svg,True
P2G019,exp2_train_and_test_26.json,P2R00307,25,4,page3-59.svg,False,1.0,high,single-utterance-unidirectional,P2-069,P2-034,"['page1-34.svg', 'page1-77.svg', 'page6-123.svg', 'page1-149.svg', 'page3-59.svg', 'page5-128.svg', 'page2-86.svg', 'page2-165.svg', 'page2-133.svg', 'page2-34.svg']",9.0,half a shield with bottom right hand missing and spike top left,12.0,36.0,"(50,)",page5-128.svg,False
P2G026,exp2_train_and_test_24.json,P2R01446,28,4,page1-48.svg,False,1.0,high,single-utterance-unidirectional,P2-057,P2-048,"['page7-44.svg', 'page7-55.svg', 'page6-206.svg', 'page1-48.svg', 'page8-38.svg', 'page5-45.svg', 'page9-40.svg', 'page1-133.svg', 'page-F.svg', 'page4-195.svg']",,,,,,,
P2G008,exp2_train_and_test_22.json,P2R00127,29,4,page5-155.svg,False,0.5777777777777778,low,single-utterance-unidirectional,P2-038,P2-033,"['page4-195.svg', 'page1-30.svg', 'page7-115.svg', 'page6-155.svg', 'page7-226.svg', 'page4-11.svg', 'page5-155.svg', 'page8-217.svg', 'page3-201.svg', 'page7-145.svg']",5.0,drooped tree,2.0,8.0,"(13,)",page5-155.svg,True
P2G017,exp2_train_and_test_13.json,P2R02181,3,0,page3-207.svg,False,0.7388888888888889,low,single-utterance-unidirectional,P2-059,P2-104,"['page6-21.svg', 'page1-128.svg', 'page3-207.svg', 'page7-125.svg', 'page4-155.svg', 'page9-40.svg', 'page8-22.svg', 'page6-204.svg', 'page8-192.svg', 'page6-31.svg']",13.0,A man walking,3.0,18.0,"(23,)",page3-207.svg,True
P2G041,exp2_train_and_test_52.json,P2R00478,32,5,page6-160.svg,False,0.5592592592592593,low,single-utterance-unidirectional,P2-005,P2-072,"['page4-128.svg', 'page7-107.svg', 'page7-113.svg', 'page3-33.svg', 'page2-100.svg', 'page7-166.svg', 'page6-206.svg', 'page1-149.svg', 'page6-160.svg', 'page2-140.svg']",5.0,This looks like pacman on the right hand side and a small black diamond on the left,17.0,20.0,"(35,)",page6-160.svg,True
P2G026,exp2_train_and_test_24.json,P2R00186,25,4,page4-195.svg,False,1.0,high,single-utterance-unidirectional,P2-057,P2-048,"['page7-44.svg', 'page7-55.svg', 'page6-206.svg', 'page1-48.svg', 'page8-38.svg', 'page5-45.svg', 'page9-40.svg', 'page1-133.svg', 'page-F.svg', 'page4-195.svg']",,,,,,,
P2G008,exp2_train_and_test_22.json,P2R00403,18,3,page7-115.svg,True,0.6,low,single-utterance-unidirectional,P2-033,P2-038,"['page7-145.svg', 'page4-11.svg', 'page8-217.svg', 'page7-226.svg', 'page7-115.svg', 'page1-30.svg', 'page4-195.svg', 'page5-155.svg', 'page3-201.svg', 'page6-155.svg']",6.0,a bed frame,3.0,7.0,"(18,)",page7-115.svg,True
P2G042,exp2_train_and_test_50.json,P2R00254,19,3,page1-175.svg,False,1.0,high,single-utterance-unidirectional,P2-042,P2-049,"['page1-175.svg', 'page1-95.svg', 'page5-56.svg', 'page8-58.svg', 'page3-21.svg', 'page8-169.svg', 'page6-204.svg', 'page6-31.svg', 'page2-165.svg', 'page2-136.svg']",7.0,a square leaning,3.0,11.0,,,
P2G002,exp2_train_and_test_15.json,P2R00199,10,1,page7-125.svg,False,0.9935185185185184,high,single-utterance-unidirectional,P2-062,P2-114,"['page4-180.svg', 'page1-172.svg', 'page2-20.svg', 'page5-96.svg', 'page2-114.svg', 'page8-159.svg', 'page6-53.svg', 'page3-70.svg', 'page7-53.svg', 'page7-125.svg']",6.0,it looks like a stone pillar that is slanted to the top left corner,14.0,27.0,"(36,)",page7-125.svg,True
P2G052,exp2_train_and_test_30.json,P2R01148,37,5,page2-165.svg,False,0.7499999999999999,low,single-utterance-unidirectional,P2-030,P2-061,"['page8-159.svg', 'page1-133.svg', 'page9-39.svg', 'page2-165.svg', 'page8-215.svg', 'page1-117.svg', 'page8-246.svg', 'page4-180.svg', 'page6-226.svg', 'page9-34.svg']",3.0,Sombrero hat,2.0,6.0,"(25,)",page2-165.svg,True
P2G050,exp2_train_and_test_47.json,P2R02218,27,4,page6-162.svg,False,1.0,high,single-utterance-unidirectional,P2-053,P2-039,"['page7-127.svg', 'page5-84.svg', 'page3-201.svg', 'page5-56.svg', 'page6-1.svg', 'page6-162.svg', 'page8-182.svg', 'page7-125.svg', 'page5-139.svg', 'page8-206.svg']",5.0,down arrow,2.0,6.0,"(12,)",page6-162.svg,True
P2G013,exp2_train_and_test_55.json,P2R00695,4,0,page3-61.svg,False,1.0,high,single-utterance-unidirectional,P2-097,P2-109,"['page1-77.svg', 'page3-61.svg', 'page3-59.svg', 'page4-241.svg', 'page5-139.svg', 'page6-107.svg', 'page4-244.svg', 'page7-155.svg', 'page5-128.svg', 'page4-98.svg']",15.0,weird shape bench,3.0,18.0,"(28,)",page3-61.svg,True
P2G058,exp2_train_and_test_2.json,P2R01735,4,0,page3-66.svg,False,1.0,high,single-utterance-unidirectional,P2-082,P2-077,"['page7-15.svg', 'page7-41.svg', 'page1-132.svg', 'page7-117.svg', 'page7-81.svg', 'page8-58.svg', 'page3-66.svg', 'page6-121.svg', 'page4-190.svg', 'page5-102.svg']",4.0,nozzle with right dip,4.0,11.0,"(16,)",page6-121.svg,False
P2G006,exp2_train_and_test_51.json,P2R02061,9,1,page2-20.svg,False,1.0,high,single-utterance-unidirectional,P2-050,P2-071,"['page7-157.svg', 'page7-127.svg', 'page5-190.svg', 'page8-246.svg', 'page6-167.svg', 'page8-58.svg', 'page4-155.svg', 'page7-125.svg', 'page2-20.svg', 'page7-15.svg']",8.0,"two triangles facing opposite directions, with an arrow pointing up in the middle, standing on a trapezium",17.0,25.0,"(36,)",page2-20.svg,True
P2G055,exp2_train_and_test_37.json,P2R01602,30,5,page8-246.svg,False,1.0,high,single-utterance-unidirectional,P2-110,P2-011,"['page2-165.svg', 'page9-39.svg', 'page1-117.svg', 'page4-180.svg', 'page8-246.svg', 'page8-215.svg', 'page1-133.svg', 'page6-226.svg', 'page8-159.svg', 'page9-34.svg']",12.0,looks like a monkey walking,5.0,23.0,"(33,)",page8-246.svg,True
P2G016,exp2_train_and_test_56.json,P2R01584,20,3,page5-155.svg,False,0.5777777777777778,low,single-utterance-unidirectional,P2-043,P2-003,"['page6-192.svg', 'page4-96.svg', 'page5-155.svg', 'page5-121.svg', 'page7-35.svg', 'page5-40.svg', 'page7-29.svg', 'page7-125.svg', 'page1-107.svg', 'page8-206.svg']",7.0,christmas tree,2.0,12.0,"(22,)",page5-155.svg,True
P2G029,exp2_train_and_test_14.json,P2R00147,12,2,page8-176.svg,False,0.6666666666666667,low,single-utterance-unidirectional,P2-099,P2-019,"['page5-36.svg', 'page8-176.svg', 'page7-144.svg', 'page2-86.svg', 'page5-75.svg', 'page7-41.svg', 'page9-34.svg', 'page3-21.svg', 'page7-226.svg', 'page2-20.svg']",7.0,Z,1.0,7.0,"(15,)",page8-176.svg,True
P2G049,exp2_train_and_test_41.json,P2R00605,24,4,page8-246.svg,False,1.0,high,single-utterance-unidirectional,P2-070,P2-013,"['page8-38.svg', 'page6-192.svg', 'page7-35.svg', 'page7-36.svg', 'page4-98.svg', 'page3-70.svg', 'page5-154.svg', 'page7-79.svg', 'page8-246.svg', 'page4-108.svg']",4.0,The jumping bear.,3.0,7.0,"(17,)",page8-246.svg,True
P2G032,exp2_train_and_test_44.json,P2R00504,23,3,page2-34.svg,False,0.7611111111111111,low,single-utterance-unidirectional,P2-096,P2-102,"['page8-21.svg', 'page4-197.svg', 'page6-53.svg', 'page4-96.svg', 'page2-34.svg', 'page5-101.svg', 'page7-20.svg', 'page5-190.svg', 'page8-22.svg', 'page6-226.svg']",4.0,tap or your chair with backrest,6.0,13.0,"(26,)",page2-34.svg,True
P2G051,exp2_train_and_test_5.json,P2R01278,31,5,page6-204.svg,False,1.0,high,single-utterance-unidirectional,P2-051,P2-016,"['page7-177.svg', 'page5-75.svg', 'page6-204.svg', 'page7-35.svg', 'page7-144.svg', 'page4-98.svg', 'page2-131.svg', 'page6-245.svg', 'page9-34.svg', 'page7-115.svg']",6.0,Mostly a rectangle,3.0,35.0,"(40,)",page6-204.svg,True
P2G034,exp2_train_and_test_7.json,P2R00876,14,2,page7-117.svg,False,1.0,high,single-utterance-unidirectional,P2-031,P2-035,"['page2-86.svg', 'page5-165.svg', 'page3-70.svg', 'page6-122.svg', 'page5-102.svg', 'page7-117.svg', 'page2-140.svg', 'page1-34.svg', 'page2-136.svg', 'page5-155.svg']",11.0,cocktail glass with bar across the middle,7.0,21.0,"(34,)",page7-117.svg,True
P2G043,exp2_train_and_test_54.json,P2R00532,29,4,page4-142.svg,False,1.0,high,single-utterance-unidirectional,P2-088,P2-115,"['page6-245.svg', 'page6-107.svg', 'page4-142.svg', 'page7-177.svg', 'page8-18.svg', 'page5-80.svg', 'page7-217.svg', 'page5-155.svg', 'page2-131.svg', 'page6-109.svg']",,,,,,,
P2G035,exp2_train_and_test_12.json,P2R02110,16,2,page7-113.svg,False,0.7636363636363637,low,single-utterance-unidirectional,P2-040,P2-029,"['page2-34.svg', 'page7-113.svg', 'page7-40.svg', 'page2-190.svg', 'page4-195.svg', 'page7-35.svg', 'page6-226.svg', 'page6-162.svg', 'page9-34.svg', 'page5-128.svg']",,,,,,,
P2G036,exp2_train_and_test_45.json,P2R00760,22,3,page1-185.svg,False,0.6611111111111112,low,single-utterance-unidirectional,P2-052,P2-091,"['page7-144.svg', 'page7-22.svg', 'page7-115.svg', 'page9-34.svg', 'page6-31.svg', 'page8-22.svg', 'page2-36.svg', 'page7-216.svg', 'page1-185.svg', 'page7-107.svg']",,,,,,,
P2G036,exp2_train_and_test_45.json,P2R01717,16,2,page7-144.svg,False,1.0,high,single-utterance-unidirectional,P2-091,P2-052,"['page8-22.svg', 'page7-144.svg', 'page9-34.svg', 'page2-36.svg', 'page7-216.svg', 'page7-115.svg', 'page7-22.svg', 'page7-107.svg', 'page1-185.svg', 'page6-31.svg']",,,,,,,
P2G043,exp2_train_and_test_54.json,P2R01349,39,5,page2-140.svg,False,1.0,high,single-utterance-unidirectional,P2-115,P2-088,"['page6-206.svg', 'page7-113.svg', 'page7-166.svg', 'page2-100.svg', 'page3-33.svg', 'page2-140.svg', 'page6-160.svg', 'page4-128.svg', 'page1-149.svg', 'page7-107.svg']",,,,,,,
P2G051,exp2_train_and_test_5.json,P2R00821,5,0,page3-21.svg,False,0.736111111111111,low,single-utterance-unidirectional,P2-016,P2-051,"['page7-40.svg', 'page3-52.svg', 'page5-40.svg', 'page5-107.svg', 'page3-33.svg', 'page3-21.svg', 'page7-20.svg', 'page6-228.svg', 'page7-166.svg', 'page7-155.svg']",15.0,a squiggly line,3.0,35.0,"(43,)",page7-155.svg,False
P2G011,exp2_train_and_test_36.json,P2R01472,11,1,page8-183.svg,False,1.0,high,single-utterance-unidirectional,P2-073,P2-014,"['page3-61.svg', 'page7-116.svg', 'page5-75.svg', 'page9-32.svg', 'page3-201.svg', 'page2-100.svg', 'page8-183.svg', 'page5-26.svg', 'page3-66.svg', 'page3-163.svg']",13.0,letter P,2.0,14.0,"(29,)",page8-183.svg,True
P2G022,exp2_train_and_test_53.json,P2R01295,37,5,page7-107.svg,False,0.9935185185185184,high,single-utterance-unidirectional,P2-103,P2-009,"['page6-206.svg', 'page7-113.svg', 'page7-166.svg', 'page2-100.svg', 'page3-33.svg', 'page2-140.svg', 'page6-160.svg', 'page4-128.svg', 'page1-149.svg', 'page7-107.svg']",9.0,"Fireball or letter ""D""",4.0,14.0,"(27,)",page7-107.svg,True
P2G038,exp2_train_and_test_18.json,P2R01831,39,5,page4-5.svg,False,0.6916666666666667,low,single-utterance-unidirectional,P2-107,P2-020,"['page6-167.svg', 'page1-77.svg', 'page4-96.svg', 'page1-175.svg', 'page7-20.svg', 'page1-149.svg', 'page1-133.svg', 'page4-5.svg', 'page3-201.svg', 'page7-4.svg']",3.0,Looks like person kicking to the left. Nice work and take care,12.0,18.0,"(29,)",page4-5.svg,True
P2G046,exp2_train_and_test_46.json,P2R01513,10,1,page2-86.svg,False,0.7777777777777777,low,single-utterance-unidirectional,P2-008,P2-079,"['page6-166.svg', 'page5-153.svg', 'page4-197.svg', 'page8-182.svg', 'page2-86.svg', 'page8-156.svg', 'page8-22.svg', 'page9-34.svg', 'page2-20.svg', 'page2-34.svg']",7.0,Two buns on a head.,5.0,13.0,"(25,)",page2-86.svg,True
P2G047,exp2_train_and_test_11.json,P2R00277,18,3,page7-145.svg,False,0.7666666666666666,low,single-utterance-unidirectional,P2-065,P2-089,"['page6-162.svg', 'page7-226.svg', 'page7-177.svg', 'page8-156.svg', 'page7-53.svg', 'page7-41.svg', 'page7-36.svg', 'page-F.svg', 'page7-145.svg', 'page8-192.svg']",4.0,dog blob looking to right,5.0,6.0,"(19,)",page7-145.svg,True
P2G031,exp2_train_and_test_1.json,P2R01918,9,1,page3-70.svg,False,1.0,high,single-utterance-unidirectional,P2-017,P2-032,"['page3-70.svg', 'page8-21.svg', 'page5-101.svg', 'page2-165.svg', 'page1-95.svg', 'page8-156.svg', 'page7-40.svg', 'page6-171.svg', 'page3-61.svg', 'page7-29.svg']",7.0,rectangle shape with a head coming out from the left,10.0,29.0,"(36,)",page3-70.svg,True
P2G042,exp2_train_and_test_50.json,P2R00584,10,1,page2-165.svg,True,0.7499999999999999,low,single-utterance-unidirectional,P2-042,P2-049,"['page1-175.svg', 'page1-95.svg', 'page5-56.svg', 'page8-58.svg', 'page3-21.svg', 'page8-169.svg', 'page6-204.svg', 'page6-31.svg', 'page2-165.svg', 'page2-136.svg']",3.0,boat,1.0,4.0,,,
P2G019,exp2_train_and_test_26.json,P2R01464,31,5,page5-84.svg,False,0.5111111111111112,low,single-utterance-unidirectional,P2-034,P2-069,"['page7-125.svg', 'page8-183.svg', 'page7-157.svg', 'page3-66.svg', 'page5-84.svg', 'page6-31.svg', 'page6-166.svg', 'page5-153.svg', 'page3-70.svg', 'page5-174.svg']",3.0,Looks like a horse facing right with spiky legs,9.0,15.0,"(24,)",page5-84.svg,True
P2G007,exp2_train_and_test_20.json,P2R01542,6,1,page3-201.svg,False,0.5548148148148148,low,single-utterance-unidirectional,P2-074,P2-108,"['page7-15.svg', 'page7-29.svg', 'page3-201.svg', 'page2-64.svg', 'page4-155.svg', 'page7-226.svg', 'page5-154.svg', 'page4-98.svg', 'page5-45.svg', 'page7-225.svg']",9.0,rabbit on christmas tree,4.0,15.0,"(20,)",page3-201.svg,True
P2G041,exp2_train_and_test_52.json,P2R00048,35,5,page7-113.svg,False,0.7636363636363637,low,single-utterance-unidirectional,P2-072,P2-005,"['page6-206.svg', 'page7-113.svg', 'page7-166.svg', 'page2-100.svg', 'page3-33.svg', 'page2-140.svg', 'page6-160.svg', 'page4-128.svg', 'page1-149.svg', 'page7-107.svg']",4.0,looks like a dog with a neck like a ducks,10.0,15.0,"(28,)",page7-113.svg,True
P2G037,exp2_train_and_test_42.json,P2R01139,22,3,page1-150.svg,False,1.0,high,single-utterance-unidirectional,P2-026,P2-075,"['page6-226.svg', 'page5-96.svg', 'page6-206.svg', 'page7-53.svg', 'page6-71.svg', 'page7-73.svg', 'page8-159.svg', 'page5-128.svg', 'page8-58.svg', 'page1-150.svg']",13.0,funnel and another shape,4.0,21.0,"(24,)",page1-150.svg,True
P2G058,exp2_train_and_test_2.json,P2R01394,23,3,page7-81.svg,True,1.0,high,single-utterance-unidirectional,P2-077,P2-082,"['page6-121.svg', 'page7-41.svg', 'page1-132.svg', 'page7-117.svg', 'page5-102.svg', 'page3-66.svg', 'page7-81.svg', 'page8-58.svg', 'page7-15.svg', 'page4-190.svg']",2.0,heart but part of the right side is missing,9.0,8.0,"(11,)",page7-81.svg,True
P2G003,exp2_train_and_test_21.json,P2R01411,7,1,page5-101.svg,True,0.6666666666666667,low,single-utterance-unidirectional,P2-041,P2-105,"['page1-132.svg', 'page5-101.svg', 'page6-155.svg', 'page4-98.svg', 'page5-120.svg', 'page5-188.svg', 'page7-115.svg', 'page7-191.svg', 'page7-4.svg', 'page8-159.svg']",11.0,shape like a top down view of a crab facing to the right. or a diamond with two triangles to the top right and bottom right intersecting.,27.0,35.0,"(59,)",,
P2G014,exp2_train_and_test_27.json,P2R01721,27,4,page2-131.svg,False,0.5333333333333334,low,single-utterance-unidirectional,P2-118,P2-060,"['page9-39.svg', 'page3-33.svg', 'page5-128.svg', 'page3-139.svg', 'page7-166.svg', 'page3-201.svg', 'page6-160.svg', 'page1-34.svg', 'page2-131.svg', 'page8-166.svg']",9.0,a pole,2.0,10.0,"(12,)",page2-131.svg,True
P2G016,exp2_train_and_test_56.json,P2R01078,24,4,page7-35.svg,False,0.7333333333333334,low,single-utterance-unidirectional,P2-003,P2-043,"['page7-29.svg', 'page5-121.svg', 'page1-107.svg', 'page7-125.svg', 'page5-155.svg', 'page4-96.svg', 'page7-35.svg', 'page6-192.svg', 'page8-206.svg', 'page5-40.svg']",4.0,boat with arrow as mast,5.0,9.0,"(15,)",page7-35.svg,True
P2G018,exp2_train_and_test_57.json,P2R01391,34,5,page3-33.svg,False,0.6111111111111112,low,single-utterance-unidirectional,P2-067,P2-083,"['page4-128.svg', 'page7-107.svg', 'page7-113.svg', 'page3-33.svg', 'page2-100.svg', 'page7-166.svg', 'page6-206.svg', 'page1-149.svg', 'page6-160.svg', 'page2-140.svg']",4.0,3 triangles with a bookmark looking symbol on top,9.0,14.0,"(28,)",page3-33.svg,True
P2G028,exp2_train_and_test_0.json,P2R01752,30,5,page7-144.svg,False,1.0,high,single-utterance-unidirectional,P2-100,P2-015,"['page9-34.svg', 'page7-115.svg', 'page4-98.svg', 'page7-177.svg', 'page7-35.svg', 'page6-245.svg', 'page7-144.svg', 'page2-131.svg', 'page5-75.svg', 'page6-204.svg']",7.0,Ahhhh new shapes!. Looks like a stop sign with left side of it missing,14.0,20.0,"(41,)",page7-144.svg,True
P2G033,exp2_train_and_test_8.json,P2R00321,31,5,page6-204.svg,False,1.0,high,single-utterance-unidirectional,P2-095,P2-112,"['page7-177.svg', 'page5-75.svg', 'page6-204.svg', 'page7-35.svg', 'page7-144.svg', 'page4-98.svg', 'page2-131.svg', 'page6-245.svg', 'page9-34.svg', 'page7-115.svg']",5.0,"a large rectangle , like a chimney with a smallsquare on the top left",14.0,26.0,"(42,)",page6-204.svg,True
P2G008,exp2_train_and_test_22.json,P2R02108,26,4,page4-195.svg,False,1.0,high,single-utterance-unidirectional,P2-038,P2-033,"['page4-195.svg', 'page1-30.svg', 'page7-115.svg', 'page6-155.svg', 'page7-226.svg', 'page4-11.svg', 'page5-155.svg', 'page8-217.svg', 'page3-201.svg', 'page7-145.svg']",8.0,can opener,2.0,10.0,"(12,)",page4-195.svg,True
P2G036,exp2_train_and_test_45.json,P2R01608,14,2,page8-22.svg,False,0.3444444444444444,low,single-utterance-unidirectional,P2-091,P2-052,"['page8-22.svg', 'page7-144.svg', 'page9-34.svg', 'page2-36.svg', 'page7-216.svg', 'page7-115.svg', 'page7-22.svg', 'page7-107.svg', 'page1-185.svg', 'page6-31.svg']",,,,,,,
P2G020,exp2_train_and_test_31.json,P2R01153,21,3,page9-23.svg,False,1.0,high,single-utterance-unidirectional,P2-023,P2-046,"['page3-201.svg', 'page1-48.svg', 'page5-75.svg', 'page6-162.svg', 'page4-96.svg', 'page5-80.svg', 'page9-23.svg', 'page6-192.svg', 'page6-52.svg', 'page5-84.svg']",41.0,,,,,,
P2G058,exp2_train_and_test_2.json,P2R01826,25,4,page3-66.svg,False,1.0,high,single-utterance-unidirectional,P2-082,P2-077,"['page7-15.svg', 'page7-41.svg', 'page1-132.svg', 'page7-117.svg', 'page7-81.svg', 'page8-58.svg', 'page3-66.svg', 'page6-121.svg', 'page4-190.svg', 'page5-102.svg']",3.0,not original nozzle,3.0,9.0,"(10,)",page3-66.svg,True
P2G020,exp2_train_and_test_31.json,P2R00738,9,1,page9-23.svg,False,1.0,high,single-utterance-unidirectional,P2-023,P2-046,"['page3-201.svg', 'page1-48.svg', 'page5-75.svg', 'page6-162.svg', 'page4-96.svg', 'page5-80.svg', 'page9-23.svg', 'page6-192.svg', 'page6-52.svg', 'page5-84.svg']",5.0,Half triangle on the bottom with some shapes balancing on top (not the direction arrow),15.0,29.0,,,
P2G039,exp2_train_and_test_4.json,P2R01487,26,4,page6-21.svg,False,1.0,high,single-utterance-unidirectional,P2-093,P2-022,"['page6-1.svg', 'page6-124.svg', 'page2-64.svg', 'page9-39.svg', 'page5-233.svg', 'page6-21.svg', 'page3-201.svg', 'page2-34.svg', 'page6-135.svg', 'page5-165.svg']",12.0,ray gun pointing to right,5.0,24.0,"(33,)",page6-21.svg,True
P2G045,exp2_train_and_test_34.json,P2R01861,24,4,page8-38.svg,True,0.5777777777777778,low,single-utterance-unidirectional,P2-054,P2-087,"['page6-219.svg', 'page9-32.svg', 'page1-172.svg', 'page7-202.svg', 'page4-155.svg', 'page5-66.svg', 'page7-127.svg', 'page8-38.svg', 'page2-16.svg', 'page7-117.svg']",14.0,the one that looks like a cat facing the right,10.0,21.0,"(36,)",page8-38.svg,True
P2G041,exp2_train_and_test_52.json,P2R01510,23,3,page8-246.svg,False,1.0,high,single-utterance-unidirectional,P2-072,P2-005,"['page8-215.svg', 'page2-16.svg', 'page7-10.svg', 'page1-150.svg', 'page9-32.svg', 'page8-156.svg', 'page6-107.svg', 'page8-159.svg', 'page1-172.svg', 'page8-246.svg']",10.0,A weird shaped X,4.0,15.0,"(24,)",page8-246.svg,True
P2G032,exp2_train_and_test_44.json,P2R00575,24,4,page5-190.svg,True,1.0,high,single-utterance-unidirectional,P2-096,P2-102,"['page8-21.svg', 'page4-197.svg', 'page6-53.svg', 'page4-96.svg', 'page2-34.svg', 'page5-101.svg', 'page7-20.svg', 'page5-190.svg', 'page8-22.svg', 'page6-226.svg']",4.0,arrow up,2.0,7.0,"(10,)",page5-190.svg,True
P2G017,exp2_train_and_test_13.json,P2R00029,2,0,page4-155.svg,False,0.3777777777777779,low,single-utterance-unidirectional,P2-059,P2-104,"['page6-21.svg', 'page1-128.svg', 'page3-207.svg', 'page7-125.svg', 'page4-155.svg', 'page9-40.svg', 'page8-22.svg', 'page6-204.svg', 'page8-192.svg', 'page6-31.svg']",11.0,A long and thin shape that's horizontal,7.0,20.0,"(24,)",page4-155.svg,True
P2G006,exp2_train_and_test_51.json,P2R02345,18,3,page5-190.svg,True,1.0,high,single-utterance-unidirectional,P2-050,P2-071,"['page7-157.svg', 'page7-127.svg', 'page5-190.svg', 'page8-246.svg', 'page6-167.svg', 'page8-58.svg', 'page4-155.svg', 'page7-125.svg', 'page2-20.svg', 'page7-15.svg']",4.0,White arrow pointing upwards,4.0,8.0,"(14,)",page5-190.svg,True
P2G052,exp2_train_and_test_30.json,P2R02106,5,0,page8-156.svg,False,1.0,high,single-utterance-unidirectional,P2-061,P2-030,"['page1-172.svg', 'page6-166.svg', 'page6-245.svg', 'page4-155.svg', 'page5-101.svg', 'page3-201.svg', 'page8-156.svg', 'page6-21.svg', 'page2-34.svg', 'page2-136.svg']",9.0,It resembles the letter k,5.0,27.0,"(34,)",page8-156.svg,True
P2G035,exp2_train_and_test_12.json,P2R02184,6,1,page7-113.svg,False,0.7636363636363637,low,single-utterance-unidirectional,P2-029,P2-040,"['page7-35.svg', 'page4-195.svg', 'page5-128.svg', 'page9-34.svg', 'page2-190.svg', 'page6-226.svg', 'page7-40.svg', 'page7-113.svg', 'page2-34.svg', 'page6-162.svg']",5.0,,,,,,
P2G053,exp2_train_and_test_23.json,P2R00764,37,5,page7-125.svg,False,0.9935185185185184,high,single-utterance-unidirectional,P2-037,P2-045,"['page7-125.svg', 'page8-183.svg', 'page7-157.svg', 'page3-66.svg', 'page5-84.svg', 'page6-31.svg', 'page6-166.svg', 'page5-153.svg', 'page3-70.svg', 'page5-174.svg']",6.0,recetnagle with left side missing looks a bit like a face,11.0,17.0,"(34,)",page7-125.svg,True
P2G019,exp2_train_and_test_26.json,P2R01587,34,5,page5-174.svg,False,0.6722222222222223,low,single-utterance-unidirectional,P2-069,P2-034,"['page6-166.svg', 'page7-157.svg', 'page6-31.svg', 'page5-174.svg', 'page3-70.svg', 'page8-183.svg', 'page5-153.svg', 'page7-125.svg', 'page5-84.svg', 'page3-66.svg']",11.0,small square on the top,5.0,33.0,"(36,)",page5-174.svg,True
P2G003,exp2_train_and_test_21.json,P2R00731,26,4,page7-115.svg,True,0.6,low,single-utterance-unidirectional,P2-041,P2-105,"['page1-132.svg', 'page5-101.svg', 'page6-155.svg', 'page4-98.svg', 'page5-120.svg', 'page5-188.svg', 'page7-115.svg', 'page7-191.svg', 'page7-4.svg', 'page8-159.svg']",4.0,a long horizontal rectangle with two spiked columns at either end. like a silhouette of london's tower bridge.,18.0,21.0,"(34,)",page7-115.svg,True
P2G039,exp2_train_and_test_4.json,P2R00455,27,4,page5-233.svg,False,1.0,high,single-utterance-unidirectional,P2-093,P2-022,"['page6-1.svg', 'page6-124.svg', 'page2-64.svg', 'page9-39.svg', 'page5-233.svg', 'page6-21.svg', 'page3-201.svg', 'page2-34.svg', 'page6-135.svg', 'page5-165.svg']",18.0,"rectangle, flat top, triangle in center on bottom pointing d",10.0,41.0,,,
P2G025,exp2_train_and_test_9.json,P2R02098,0,0,page8-21.svg,False,0.5000000000000001,low,single-utterance-unidirectional,P2-094,P2-007,"['page4-5.svg', 'page2-100.svg', 'page5-36.svg', 'page5-120.svg', 'page5-190.svg', 'page1-97.svg', 'page8-21.svg', 'page7-15.svg', 'page8-192.svg', 'page6-226.svg']",13.0,"tail point left, head right, two legs",7.0,21.0,"(39,)",page8-21.svg,True
P2G049,exp2_train_and_test_41.json,P2R01370,14,2,page4-98.svg,False,0.7222222222222223,low,single-utterance-unidirectional,P2-070,P2-013,"['page8-38.svg', 'page6-192.svg', 'page7-35.svg', 'page7-36.svg', 'page4-98.svg', 'page3-70.svg', 'page5-154.svg', 'page7-79.svg', 'page8-246.svg', 'page4-108.svg']",11.0,The sword one.,3.0,17.0,"(24,)",page4-98.svg,True
P2G035,exp2_train_and_test_12.json,P2R01327,37,5,page7-20.svg,False,1.0,high,single-utterance-unidirectional,P2-029,P2-040,"['page6-167.svg', 'page1-77.svg', 'page4-96.svg', 'page1-175.svg', 'page7-20.svg', 'page1-149.svg', 'page1-133.svg', 'page4-5.svg', 'page3-201.svg', 'page7-4.svg']",,,,,,,
P2G024,exp2_train_and_test_48.json,P2R01714,17,2,page7-53.svg,False,0.7333333333333332,low,single-utterance-unidirectional,P2-001,P2-116,"['page4-142.svg', 'page5-56.svg', 'page1-97.svg', 'page4-98.svg', 'page6-23.svg', 'page4-244.svg', 'page8-221.svg', 'page1-95.svg', 'page7-53.svg', 'page6-124.svg']",6.0,flat top mountains,3.0,12.0,"(15,)",page7-53.svg,True
P2G016,exp2_train_and_test_56.json,P2R01459,6,1,page5-40.svg,False,0.7527777777777778,low,single-utterance-unidirectional,P2-043,P2-003,"['page6-192.svg', 'page4-96.svg', 'page5-155.svg', 'page5-121.svg', 'page7-35.svg', 'page5-40.svg', 'page7-29.svg', 'page7-125.svg', 'page1-107.svg', 'page8-206.svg']",9.0,"looks like the front of a ship. 3 tiers, square, rectangle then base",13.0,28.0,"(48,)",page7-125.svg,False
P2G038,exp2_train_and_test_18.json,P2R00473,30,5,page1-175.svg,False,1.0,high,single-utterance-unidirectional,P2-020,P2-107,"['page4-96.svg', 'page1-149.svg', 'page3-201.svg', 'page6-167.svg', 'page1-77.svg', 'page1-133.svg', 'page7-20.svg', 'page4-5.svg', 'page1-175.svg', 'page7-4.svg']",7.0,it is a square rectangle bent to the left,9.0,26.0,"(54,)",page7-20.svg,False
P2G054,exp2_train_and_test_38.json,P2R01490,34,5,page1-133.svg,False,0.5444444444444445,low,single-utterance-unidirectional,P2-012,P2-055,"['page2-165.svg', 'page9-39.svg', 'page1-117.svg', 'page4-180.svg', 'page8-246.svg', 'page8-215.svg', 'page1-133.svg', 'page6-226.svg', 'page8-159.svg', 'page9-34.svg']",4.0,looks like a tombstone or doorway,6.0,16.0,"(24,)",page1-133.svg,True
P2G010,exp2_train_and_test_17.json,P2R01611,2,0,page7-41.svg,False,0.7555555555555555,low,single-utterance-unidirectional,P2-092,P2-068,"['page7-155.svg', 'page7-144.svg', 'page8-221.svg', 'page8-22.svg', 'page6-208.svg', 'page1-107.svg', 'page6-1.svg', 'page5-121.svg', 'page7-41.svg', 'page7-15.svg']",5.0,this looks like a boat with a horn,8.0,13.0,"(36,)",page6-208.svg,False
P2G009,exp2_train_and_test_3.json,P2R01978,14,2,page6-166.svg,False,1.0,high,single-utterance-unidirectional,P2-117,P2-024,"['page5-165.svg', 'page5-101.svg', 'page2-86.svg', 'page6-166.svg', 'page7-126.svg', 'page8-169.svg', 'page4-180.svg', 'page6-167.svg', 'page3-139.svg', 'page1-117.svg']",10.0,an elf boot with pointy up toes,7.0,25.0,"(40,)",page6-166.svg,True
P2G029,exp2_train_and_test_14.json,P2R01908,13,2,page7-144.svg,False,1.0,high,single-utterance-unidirectional,P2-099,P2-019,"['page5-36.svg', 'page8-176.svg', 'page7-144.svg', 'page2-86.svg', 'page5-75.svg', 'page7-41.svg', 'page9-34.svg', 'page3-21.svg', 'page7-226.svg', 'page2-20.svg']",10.0,crystal ball on platform,4.0,14.0,"(22,)",page7-144.svg,True
P2G012,exp2_train_and_test_29.json,P2R00007,9,1,page6-228.svg,False,1.0,high,single-utterance-unidirectional,P2-066,P2-025,"['page5-128.svg', 'page7-115.svg', 'page4-241.svg', 'page7-117.svg', 'page6-186.svg', 'page9-25.svg', 'page1-132.svg', 'page5-75.svg', 'page6-228.svg', 'page2-34.svg']",2.0,A rhombus,2.0,14.0,"(16,)",page6-228.svg,True
P2G036,exp2_train_and_test_45.json,P2R02185,33,5,page7-203.svg,False,0.9925925925925926,high,single-utterance-unidirectional,P2-052,P2-091,"['page7-217.svg', 'page3-59.svg', 'page8-234.svg', 'page5-85.svg', 'page7-157.svg', 'page1-175.svg', 'page7-203.svg', 'page5-155.svg', 'page8-169.svg', 'page6-107.svg']",,,,,,,
P2G028,exp2_train_and_test_0.json,P2R02142,21,3,page7-81.svg,True,1.0,high,single-utterance-unidirectional,P2-015,P2-100,"['page1-117.svg', 'page6-206.svg', 'page1-30.svg', 'page7-81.svg', 'page9-39.svg', 'page8-247.svg', 'page2-140.svg', 'page6-228.svg', 'page1-185.svg', 'page3-33.svg']",10.0,it looks like it is 2/3 of an image of a heart,12.0,24.0,"(37,)",page7-81.svg,True
P2G027,exp2_train_and_test_49.json,P2R00028,15,2,page2-85.svg,False,1.0,high,single-utterance-unidirectional,P2-113,P2-063,"['page7-186.svg', 'page2-140.svg', 'page8-192.svg', 'page2-114.svg', 'page5-153.svg', 'page5-80.svg', 'page7-44.svg', 'page8-18.svg', 'page7-115.svg', 'page2-85.svg']",11.0,circle on top of a triangle,6.0,19.0,"(23,)",page2-85.svg,True
P2G030,exp2_train_and_test_35.json,P2R00399,10,1,page2-20.svg,True,1.0,high,single-utterance-unidirectional,P2-002,P2-044,"['page6-109.svg', 'page7-127.svg', 'page6-107.svg', 'page7-166.svg', 'page7-20.svg', 'page4-98.svg', 'page8-192.svg', 'page2-20.svg', 'page6-175.svg', 'page5-190.svg']",10.0,a W on a platform,5.0,14.0,"(22,)",page2-20.svg,True
P2G008,exp2_train_and_test_22.json,P2R02216,22,3,page4-11.svg,False,0.738888888888889,low,single-utterance-unidirectional,P2-033,P2-038,"['page7-145.svg', 'page4-11.svg', 'page8-217.svg', 'page7-226.svg', 'page7-115.svg', 'page1-30.svg', 'page4-195.svg', 'page5-155.svg', 'page3-201.svg', 'page6-155.svg']",13.0,kneeling monk facing left,4.0,21.0,"(32,)",page4-11.svg,True
P2G038,exp2_train_and_test_18.json,P2R01016,38,5,page1-77.svg,False,0.6833333333333333,low,single-utterance-unidirectional,P2-020,P2-107,"['page4-96.svg', 'page1-149.svg', 'page3-201.svg', 'page6-167.svg', 'page1-77.svg', 'page1-133.svg', 'page7-20.svg', 'page4-5.svg', 'page1-175.svg', 'page7-4.svg']",3.0,it looks like a sword and the the top looks like an arrow pointing up,15.0,14.0,"(22,)",page1-77.svg,True
P2G015,exp2_train_and_test_16.json,P2R01526,10,1,page6-204.svg,False,1.0,high,single-utterance-unidirectional,P2-047,P2-058,"['page5-85.svg', 'page5-213.svg', 'page6-1.svg', 'page5-56.svg', 'page1-34.svg', 'page4-180.svg', 'page2-114.svg', 'page2-133.svg', 'page7-79.svg', 'page6-204.svg']",6.0,a tall building with a chiminy on the left,9.0,12.0,"(25,)",page6-204.svg,True
P2G030,exp2_train_and_test_35.json,P2R00510,0,0,page7-20.svg,False,1.0,high,single-utterance-unidirectional,P2-044,P2-002,"['page7-166.svg', 'page6-107.svg', 'page4-98.svg', 'page6-175.svg', 'page7-127.svg', 'page8-192.svg', 'page7-20.svg', 'page5-190.svg', 'page2-20.svg', 'page6-109.svg']",8.0,a penis to the right,5.0,19.0,"(28,)",page7-20.svg,True
P2G021,exp2_train_and_test_58.json,P2R01710,0,0,page7-41.svg,False,0.7555555555555555,low,single-utterance-unidirectional,P2-064,P2-036,"['page4-195.svg', 'page6-31.svg', 'page4-241.svg', 'page7-41.svg', 'page8-38.svg', 'page5-233.svg', 'page3-205.svg', 'page7-226.svg', 'page9-40.svg', 'page5-84.svg']",6.0,It looks like a house sitting on a boat,9.0,19.0,"(34,)",page7-41.svg,True
P2G012,exp2_train_and_test_29.json,P2R01629,18,3,page9-25.svg,False,1.0,high,single-utterance-unidirectional,P2-066,P2-025,"['page5-128.svg', 'page7-115.svg', 'page4-241.svg', 'page7-117.svg', 'page6-186.svg', 'page9-25.svg', 'page1-132.svg', 'page5-75.svg', 'page6-228.svg', 'page2-34.svg']",4.0,An upside down 'h',4.0,14.0,"(16,)",page9-25.svg,True
P2G046,exp2_train_and_test_46.json,P2R01644,37,5,page1-175.svg,False,1.0,high,single-utterance-unidirectional,P2-008,P2-079,"['page7-217.svg', 'page3-59.svg', 'page8-234.svg', 'page5-85.svg', 'page7-157.svg', 'page1-175.svg', 'page7-203.svg', 'page5-155.svg', 'page8-169.svg', 'page6-107.svg']",5.0,Parallelogram,1.0,13.0,"(32,)",page6-107.svg,False
P2G002,exp2_train_and_test_15.json,P2R01880,31,5,page3-201.svg,False,0.5548148148148148,low,single-utterance-unidirectional,P2-062,P2-114,"['page6-167.svg', 'page1-77.svg', 'page4-96.svg', 'page1-175.svg', 'page7-20.svg', 'page1-149.svg', 'page1-133.svg', 'page4-5.svg', 'page3-201.svg', 'page7-4.svg']",7.0,girl in a dress with no arms,7.0,11.0,"(16,)",page3-201.svg,True
P2G003,exp2_train_and_test_21.json,P2R01609,11,1,page5-188.svg,False,1.0,high,single-utterance-unidirectional,P2-041,P2-105,"['page1-132.svg', 'page5-101.svg', 'page6-155.svg', 'page4-98.svg', 'page5-120.svg', 'page5-188.svg', 'page7-115.svg', 'page7-191.svg', 'page7-4.svg', 'page8-159.svg']",12.0,"a shape like a person swimming with an arrow pointing from the bottom to the middle left, or a shape like a bird flying up to the top left",29.0,37.0,"(50,)",page5-188.svg,True
P2G044,exp2_train_and_test_39.json,P2R02214,3,0,page4-190.svg,False,1.0,high,single-utterance-unidirectional,P2-101,P2-076,"['page5-71.svg', 'page4-190.svg', 'page7-157.svg', 'page5-63.svg', 'page5-101.svg', 'page4-197.svg', 'page5-128.svg', 'page6-167.svg', 'page7-15.svg', 'page8-18.svg']",19.0,looks like bart simpson hair with nose,7.0,32.0,"(49,)",page4-190.svg,True
P2G054,exp2_train_and_test_38.json,P2R00038,5,0,page4-197.svg,False,1.0,high,single-utterance-unidirectional,P2-012,P2-055,"['page6-71.svg', 'page7-41.svg', 'page4-197.svg', 'page4-98.svg', 'page6-109.svg', 'page6-208.svg', 'page6-135.svg', 'page7-15.svg', 'page2-131.svg', 'page6-186.svg']",9.0,A head leaning up against a vertical pillow which is a parallelogram,12.0,31.0,"(41,)",page4-197.svg,True
P2G044,exp2_train_and_test_39.json,P2R00630,1,0,page7-15.svg,True,0.5935185185185186,low,single-utterance-unidirectional,P2-076,P2-101,"['page7-157.svg', 'page5-71.svg', 'page6-167.svg', 'page8-18.svg', 'page5-63.svg', 'page5-101.svg', 'page7-15.svg', 'page4-197.svg', 'page4-190.svg', 'page5-128.svg']",15.0,looks like a low mountain range,6.0,31.0,"(39,)",page7-15.svg,True
P2G041,exp2_train_and_test_52.json,P2R00092,16,2,page8-246.svg,False,1.0,high,single-utterance-unidirectional,P2-005,P2-072,"['page9-32.svg', 'page7-10.svg', 'page8-159.svg', 'page8-215.svg', 'page6-107.svg', 'page1-150.svg', 'page8-156.svg', 'page8-246.svg', 'page1-172.svg', 'page2-16.svg']",12.0,This looks like a squished X,6.0,23.0,"(35,)",page8-246.svg,True
P2G024,exp2_train_and_test_48.json,P2R00474,25,4,page1-97.svg,False,1.0,high,single-utterance-unidirectional,P2-001,P2-116,"['page4-142.svg', 'page5-56.svg', 'page1-97.svg', 'page4-98.svg', 'page6-23.svg', 'page4-244.svg', 'page8-221.svg', 'page1-95.svg', 'page7-53.svg', 'page6-124.svg']",4.0,crown,1.0,7.0,"(9,)",page1-97.svg,True
P2G020,exp2_train_and_test_31.json,P2R00286,27,4,page1-48.svg,False,1.0,high,single-utterance-unidirectional,P2-046,P2-023,"['page5-84.svg', 'page3-201.svg', 'page1-48.svg', 'page9-23.svg', 'page5-75.svg', 'page6-162.svg', 'page4-96.svg', 'page6-52.svg', 'page6-192.svg', 'page5-80.svg']",4.0,black triangle,2.0,6.0,"(15,)",page1-48.svg,True
P2G058,exp2_train_and_test_2.json,P2R00602,18,3,page5-102.svg,False,0.7444444444444442,low,single-utterance-unidirectional,P2-077,P2-082,"['page6-121.svg', 'page7-41.svg', 'page1-132.svg', 'page7-117.svg', 'page5-102.svg', 'page3-66.svg', 'page7-81.svg', 'page8-58.svg', 'page7-15.svg', 'page4-190.svg']",4.0,seahorse,1.0,5.0,"(9,)",page5-102.svg,True
P2G035,exp2_train_and_test_12.json,P2R00766,15,2,page6-162.svg,False,1.0,high,single-utterance-unidirectional,P2-040,P2-029,"['page2-34.svg', 'page7-113.svg', 'page7-40.svg', 'page2-190.svg', 'page4-195.svg', 'page7-35.svg', 'page6-226.svg', 'page6-162.svg', 'page9-34.svg', 'page5-128.svg']",,,,,,,
P2G049,exp2_train_and_test_41.json,P2R00509,7,1,page8-38.svg,True,0.5777777777777778,low,single-utterance-unidirectional,P2-013,P2-070,"['page5-154.svg', 'page7-36.svg', 'page4-98.svg', 'page6-192.svg', 'page3-70.svg', 'page8-246.svg', 'page7-79.svg', 'page8-38.svg', 'page7-35.svg', 'page4-108.svg']",6.0,the one that looks like a cat,7.0,13.0,"(24,)",page8-38.svg,True
P2G017,exp2_train_and_test_13.json,P2R01757,5,0,page8-22.svg,True,0.3444444444444444,low,single-utterance-unidirectional,P2-104,P2-059,"['page6-204.svg', 'page6-21.svg', 'page9-40.svg', 'page8-22.svg', 'page6-31.svg', 'page3-207.svg', 'page4-155.svg', 'page7-125.svg', 'page1-128.svg', 'page8-192.svg']",15.0,an eagle flying,3.0,22.0,"(27,)",page8-22.svg,True
P2G023,exp2_train_and_test_40.json,P2R01224,10,1,page7-44.svg,True,1.0,high,single-utterance-unidirectional,P2-081,P2-056,"['page2-100.svg', 'page3-201.svg', 'page9-23.svg', 'page7-144.svg', 'page7-29.svg', 'page3-200.svg', 'page4-232.svg', 'page2-165.svg', 'page7-44.svg', 'page5-153.svg']",8.0,"two triangle feet, square body",5.0,26.0,"(41,)",page7-44.svg,True
P2G005,exp2_train_and_test_43.json,P2R01642,7,1,page7-145.svg,True,0.7666666666666666,low,single-utterance-unidirectional,P2-111,P2-006,"['page8-246.svg', 'page7-125.svg', 'page6-122.svg', 'page7-226.svg', 'page7-145.svg', 'page8-21.svg', 'page5-101.svg', 'page6-160.svg', 'page9-40.svg', 'page8-183.svg']",22.0,A sitting animal,3.0,34.0,"(56,)",page8-246.svg,False
P2G046,exp2_train_and_test_46.json,P2R00732,32,5,page3-59.svg,False,1.0,high,single-utterance-unidirectional,P2-079,P2-008,"['page3-59.svg', 'page7-203.svg', 'page7-217.svg', 'page5-155.svg', 'page5-85.svg', 'page8-169.svg', 'page7-157.svg', 'page1-175.svg', 'page6-107.svg', 'page8-234.svg']",21.0,a nail,2.0,23.0,"(42,)",page3-59.svg,True
P2G028,exp2_train_and_test_0.json,P2R02025,9,1,page9-39.svg,False,0.7407407407407408,low,single-utterance-unidirectional,P2-015,P2-100,"['page1-117.svg', 'page6-206.svg', 'page1-30.svg', 'page7-81.svg', 'page9-39.svg', 'page8-247.svg', 'page2-140.svg', 'page6-228.svg', 'page1-185.svg', 'page3-33.svg']",7.0,"It looks like one an old smoker's pip, or maybe a saxophone",12.0,21.0,"(34,)",page9-39.svg,True
P2G029,exp2_train_and_test_14.json,P2R00348,7,1,page5-36.svg,False,1.0,high,single-utterance-unidirectional,P2-019,P2-099,"['page9-34.svg', 'page5-36.svg', 'page7-41.svg', 'page5-75.svg', 'page3-21.svg', 'page2-20.svg', 'page7-226.svg', 'page8-176.svg', 'page2-86.svg', 'page7-144.svg']",5.0,cross on a diamond,4.0,8.0,"(12,)",page5-36.svg,True
P2G040,exp2_train_and_test_25.json,P2R01258,24,4,page8-38.svg,False,0.5777777777777778,low,single-utterance-unidirectional,P2-021,P2-010,"['page5-154.svg', 'page6-21.svg', 'page8-246.svg', 'page6-175.svg', 'page4-98.svg', 'page5-128.svg', 'page8-38.svg', 'page4-244.svg', 'page7-4.svg', 'page2-114.svg']",9.0,"pointing up, slightly right",4.0,20.0,"(42,)",page5-154.svg,False
P2G027,exp2_train_and_test_49.json,P2R02027,19,3,page2-85.svg,False,1.0,high,single-utterance-unidirectional,P2-063,P2-113,"['page8-192.svg', 'page5-80.svg', 'page7-115.svg', 'page2-140.svg', 'page8-18.svg', 'page7-44.svg', 'page7-186.svg', 'page5-153.svg', 'page2-85.svg', 'page2-114.svg']",13.0,Circle on a triangle,4.0,18.0,"(26,)",page2-85.svg,True
P2G039,exp2_train_and_test_4.json,P2R02103,25,4,page5-165.svg,False,0.7777777777777777,low,single-utterance-unidirectional,P2-093,P2-022,"['page6-1.svg', 'page6-124.svg', 'page2-64.svg', 'page9-39.svg', 'page5-233.svg', 'page6-21.svg', 'page3-201.svg', 'page2-34.svg', 'page6-135.svg', 'page5-165.svg']",7.0,rocket/candle with fins pointing up,5.0,21.0,"(33,)",page5-165.svg,True
P2G005,exp2_train_and_test_43.json,P2R01125,27,4,page8-246.svg,True,1.0,high,single-utterance-unidirectional,P2-111,P2-006,"['page8-246.svg', 'page7-125.svg', 'page6-122.svg', 'page7-226.svg', 'page7-145.svg', 'page8-21.svg', 'page5-101.svg', 'page6-160.svg', 'page9-40.svg', 'page8-183.svg']",4.0,weirdly shaped cross,3.0,10.0,"(32,)",page8-246.svg,True
P2G018,exp2_train_and_test_57.json,P2R00810,33,5,page6-206.svg,False,0.7333333333333333,low,single-utterance-unidirectional,P2-083,P2-067,"['page6-206.svg', 'page7-113.svg', 'page7-166.svg', 'page2-100.svg', 'page3-33.svg', 'page2-140.svg', 'page6-160.svg', 'page4-128.svg', 'page1-149.svg', 'page7-107.svg']",7.0,Looks like a capital B but with a part pointing out at the bottom left,15.0,27.0,"(36,)",page6-206.svg,True
P2G039,exp2_train_and_test_4.json,P2R00294,8,1,page6-21.svg,False,1.0,high,single-utterance-unidirectional,P2-022,P2-093,"['page5-233.svg', 'page2-34.svg', 'page9-39.svg', 'page6-21.svg', 'page3-201.svg', 'page6-135.svg', 'page6-124.svg', 'page2-64.svg', 'page5-165.svg', 'page6-1.svg']",10.0,like a futuristic gun barrel pointing to the right,9.0,29.0,"(38,)",page6-1.svg,False
P2G012,exp2_train_and_test_29.json,P2R01314,24,4,page6-228.svg,False,1.0,high,single-utterance-unidirectional,P2-025,P2-066,"['page7-115.svg', 'page2-34.svg', 'page5-75.svg', 'page5-128.svg', 'page6-186.svg', 'page1-132.svg', 'page9-25.svg', 'page7-117.svg', 'page6-228.svg', 'page4-241.svg']",3.0,rhombus,1.0,5.0,"(11,)",page6-228.svg,True
P2G052,exp2_train_and_test_30.json,P2R02016,38,5,page1-117.svg,False,1.0,high,single-utterance-unidirectional,P2-061,P2-030,"['page2-165.svg', 'page9-39.svg', 'page1-117.svg', 'page4-180.svg', 'page8-246.svg', 'page8-215.svg', 'page1-133.svg', 'page6-226.svg', 'page8-159.svg', 'page9-34.svg']",6.0,Letter i and the top is bigger than the bottom,10.0,22.0,"(30,)",page1-117.svg,True
P2G050,exp2_train_and_test_47.json,P2R00019,38,5,page6-107.svg,False,0.7000000000000001,low,single-utterance-unidirectional,P2-053,P2-039,"['page3-59.svg', 'page7-203.svg', 'page7-217.svg', 'page5-155.svg', 'page5-85.svg', 'page8-169.svg', 'page7-157.svg', 'page1-175.svg', 'page6-107.svg', 'page8-234.svg']",3.0,oh! rocket!!,2.0,6.0,"(16,)",page6-107.svg,True
P2G018,exp2_train_and_test_57.json,P2R00535,2,0,page5-102.svg,False,0.7444444444444442,low,single-utterance-unidirectional,P2-067,P2-083,"['page4-195.svg', 'page3-139.svg', 'page7-40.svg', 'page5-102.svg', 'page5-26.svg', 'page7-217.svg', 'page7-20.svg', 'page9-40.svg', 'page5-232.svg', 'page8-22.svg']",10.0,"looks like a seashorse,",4.0,18.0,"(46,)",page7-40.svg,False
P2G015,exp2_train_and_test_16.json,P2R01797,29,4,page5-56.svg,False,0.6222222222222223,low,single-utterance-unidirectional,P2-058,P2-047,"['page5-56.svg', 'page5-213.svg', 'page1-34.svg', 'page7-79.svg', 'page2-114.svg', 'page6-1.svg', 'page4-180.svg', 'page5-85.svg', 'page2-133.svg', 'page6-204.svg']",4.0,mountains,1.0,6.0,"(13,)",page5-56.svg,True
P2G053,exp2_train_and_test_23.json,P2R00613,1,0,page6-160.svg,True,0.5592592592592593,low,single-utterance-unidirectional,P2-037,P2-045,"['page1-133.svg', 'page7-116.svg', 'page6-160.svg', 'page1-128.svg', 'page8-248.svg', 'page7-10.svg', 'page5-56.svg', 'page6-226.svg', 'page6-204.svg', 'page5-188.svg']",6.0,looks like a bird or plane,6.0,13.0,"(32,)",page8-248.svg,False
P2G014,exp2_train_and_test_27.json,P2R02102,10,1,page3-33.svg,False,0.6111111111111112,low,single-utterance-unidirectional,P2-060,P2-118,"['page6-160.svg', 'page7-166.svg', 'page3-139.svg', 'page1-34.svg', 'page3-201.svg', 'page8-166.svg', 'page2-131.svg', 'page3-33.svg', 'page9-39.svg', 'page5-128.svg']",13.0,a mountain shape with a tab above it,8.0,29.0,"(36,)",page3-33.svg,True
P2G042,exp2_train_and_test_50.json,P2R00857,33,5,page6-206.svg,False,0.7333333333333333,low,single-utterance-unidirectional,P2-042,P2-049,"['page6-206.svg', 'page7-113.svg', 'page7-166.svg', 'page2-100.svg', 'page3-33.svg', 'page2-140.svg', 'page6-160.svg', 'page4-128.svg', 'page1-149.svg', 'page7-107.svg']",6.0,letter b,2.0,10.0,,,
P2G023,exp2_train_and_test_40.json,P2R01271,33,5,page7-203.svg,False,0.9925925925925926,high,single-utterance-unidirectional,P2-081,P2-056,"['page7-217.svg', 'page3-59.svg', 'page8-234.svg', 'page5-85.svg', 'page7-157.svg', 'page1-175.svg', 'page7-203.svg', 'page5-155.svg', 'page8-169.svg', 'page6-107.svg']",7.0,"arrow on top facing down, triangle on bottom",8.0,20.0,"(35,)",page7-203.svg,True
P2G030,exp2_train_and_test_35.json,P2R00871,27,4,page8-192.svg,False,0.6444444444444446,low,single-utterance-unidirectional,P2-044,P2-002,"['page7-166.svg', 'page6-107.svg', 'page4-98.svg', 'page6-175.svg', 'page7-127.svg', 'page8-192.svg', 'page7-20.svg', 'page5-190.svg', 'page2-20.svg', 'page6-109.svg']",3.0,dog,1.0,3.0,"(13,)",page8-192.svg,True
P2G001,exp2_train_and_test_28.json,P2R00238,5,0,page6-175.svg,True,0.6509259259259259,low,single-utterance-unidirectional,P2-027,P2-080,"['page6-155.svg', 'page7-113.svg', 'page2-34.svg', 'page7-115.svg', 'page7-44.svg', 'page3-33.svg', 'page6-52.svg', 'page5-121.svg', 'page6-175.svg', 'page5-63.svg']",10.0,this image looks like a person laying on their back; the head is on the right side,17.0,28.0,,,
P2G006,exp2_train_and_test_51.json,P2R02052,13,2,page7-127.svg,False,0.6222222222222222,low,single-utterance-unidirectional,P2-071,P2-050,"['page7-127.svg', 'page2-20.svg', 'page7-157.svg', 'page8-246.svg', 'page8-58.svg', 'page7-15.svg', 'page6-167.svg', 'page4-155.svg', 'page5-190.svg', 'page7-125.svg']",6.0,bird flying left,3.0,9.0,"(12,)",page7-127.svg,True
P2G006,exp2_train_and_test_51.json,P2R01194,38,5,page4-128.svg,False,1.0,high,single-utterance-unidirectional,P2-071,P2-050,"['page4-128.svg', 'page7-107.svg', 'page7-113.svg', 'page3-33.svg', 'page2-100.svg', 'page7-166.svg', 'page6-206.svg', 'page1-149.svg', 'page6-160.svg', 'page2-140.svg']",4.0,This looks like a teapot with its spout pointing left,10.0,14.0,"(21,)",page4-128.svg,True
P2G049,exp2_train_and_test_41.json,P2R01243,4,0,page7-35.svg,False,0.7333333333333334,low,single-utterance-unidirectional,P2-070,P2-013,"['page8-38.svg', 'page6-192.svg', 'page7-35.svg', 'page7-36.svg', 'page4-98.svg', 'page3-70.svg', 'page5-154.svg', 'page7-79.svg', 'page8-246.svg', 'page4-108.svg']",10.0,"An upwards arrow, with a large left part, and smaller right part.",12.0,32.0,"(46,)",page5-154.svg,False
P2G034,exp2_train_and_test_7.json,P2R00022,2,0,page2-140.svg,True,1.0,high,single-utterance-unidirectional,P2-035,P2-031,"['page5-102.svg', 'page2-140.svg', 'page7-117.svg', 'page6-122.svg', 'page5-155.svg', 'page5-165.svg', 'page2-136.svg', 'page2-86.svg', 'page1-34.svg', 'page3-70.svg']",11.0,Looks like a pipe sticking upwards from a bowl,9.0,30.0,"(40,)",page2-140.svg,True
P2G049,exp2_train_and_test_41.json,P2R02299,6,1,page7-36.svg,False,1.0,high,single-utterance-unidirectional,P2-013,P2-070,"['page5-154.svg', 'page7-36.svg', 'page4-98.svg', 'page6-192.svg', 'page3-70.svg', 'page8-246.svg', 'page7-79.svg', 'page8-38.svg', 'page7-35.svg', 'page4-108.svg']",8.0,A square that looks like a building,7.0,30.0,"(44,)",page7-36.svg,True
P2G051,exp2_train_and_test_5.json,P2R00558,0,0,page3-33.svg,False,0.6111111111111112,low,single-utterance-unidirectional,P2-016,P2-051,"['page7-40.svg', 'page3-52.svg', 'page5-40.svg', 'page5-107.svg', 'page3-33.svg', 'page3-21.svg', 'page7-20.svg', 'page6-228.svg', 'page7-166.svg', 'page7-155.svg']",11.0,a symbol on top of some mountains,7.0,21.0,"(26,)",page3-33.svg,True
P2G029,exp2_train_and_test_14.json,P2R01550,38,5,page1-77.svg,False,0.6833333333333333,low,single-utterance-unidirectional,P2-099,P2-019,"['page4-96.svg', 'page1-149.svg', 'page3-201.svg', 'page6-167.svg', 'page1-77.svg', 'page1-133.svg', 'page7-20.svg', 'page4-5.svg', 'page1-175.svg', 'page7-4.svg']",3.0,sword,1.0,4.0,"(8,)",page1-77.svg,True
P2G039,exp2_train_and_test_4.json,P2R00086,13,2,page6-21.svg,False,1.0,high,single-utterance-unidirectional,P2-093,P2-022,"['page6-1.svg', 'page6-124.svg', 'page2-64.svg', 'page9-39.svg', 'page5-233.svg', 'page6-21.svg', 'page3-201.svg', 'page2-34.svg', 'page6-135.svg', 'page5-165.svg']",9.0,"flat on top edge, pointing to  right, small triangle on bas",12.0,37.0,"(45,)",page6-21.svg,True
P2G045,exp2_train_and_test_34.json,P2R02213,18,3,page7-117.svg,False,1.0,high,single-utterance-unidirectional,P2-054,P2-087,"['page6-219.svg', 'page9-32.svg', 'page1-172.svg', 'page7-202.svg', 'page4-155.svg', 'page5-66.svg', 'page7-127.svg', 'page8-38.svg', 'page2-16.svg', 'page7-117.svg']",5.0,two triangles and cross,4.0,8.0,"(20,)",page7-117.svg,True
P2G050,exp2_train_and_test_47.json,P2R00882,21,3,page5-56.svg,False,0.6222222222222223,low,single-utterance-unidirectional,P2-039,P2-053,"['page8-182.svg', 'page5-139.svg', 'page6-1.svg', 'page7-127.svg', 'page5-56.svg', 'page3-201.svg', 'page7-125.svg', 'page5-84.svg', 'page6-162.svg', 'page8-206.svg']",5.0,Mountains,1.0,7.0,"(12,)",page5-56.svg,True
P2G035,exp2_train_and_test_12.json,P2R00635,17,2,page9-34.svg,False,1.0,high,single-utterance-unidirectional,P2-040,P2-029,"['page2-34.svg', 'page7-113.svg', 'page7-40.svg', 'page2-190.svg', 'page4-195.svg', 'page7-35.svg', 'page6-226.svg', 'page6-162.svg', 'page9-34.svg', 'page5-128.svg']",,,,,,,
P2G022,exp2_train_and_test_53.json,P2R02277,38,5,page4-128.svg,False,1.0,high,single-utterance-unidirectional,P2-009,P2-103,"['page4-128.svg', 'page7-107.svg', 'page7-113.svg', 'page3-33.svg', 'page2-100.svg', 'page7-166.svg', 'page6-206.svg', 'page1-149.svg', 'page6-160.svg', 'page2-140.svg']",12.0,,,,,,
P2G032,exp2_train_and_test_44.json,P2R01326,28,4,page8-22.svg,False,0.3444444444444444,low,single-utterance-unidirectional,P2-102,P2-096,"['page8-22.svg', 'page5-101.svg', 'page6-226.svg', 'page5-190.svg', 'page2-34.svg', 'page4-197.svg', 'page7-20.svg', 'page6-53.svg', 'page8-21.svg', 'page4-96.svg']",3.0,flying bird,2.0,7.0,"(9,)",page8-22.svg,True
P2G046,exp2_train_and_test_46.json,P2R02094,30,5,page8-234.svg,False,0.0,low,single-utterance-unidirectional,P2-079,P2-008,"['page3-59.svg', 'page7-203.svg', 'page7-217.svg', 'page5-155.svg', 'page5-85.svg', 'page8-169.svg', 'page7-157.svg', 'page1-175.svg', 'page6-107.svg', 'page8-234.svg']",17.0,a dog,2.0,20.0,"(25,)",page8-234.svg,True
P2G041,exp2_train_and_test_52.json,P2R01373,12,2,page8-215.svg,False,0.6666666666666667,low,single-utterance-unidirectional,P2-005,P2-072,"['page9-32.svg', 'page7-10.svg', 'page8-159.svg', 'page8-215.svg', 'page6-107.svg', 'page1-150.svg', 'page8-156.svg', 'page8-246.svg', 'page1-172.svg', 'page2-16.svg']",5.0,This looks like the letter J but the top is coming off.,12.0,18.0,"(25,)",page8-215.svg,True
P2G035,exp2_train_and_test_12.json,P2R01863,3,0,page9-34.svg,False,1.0,high,single-utterance-unidirectional,P2-040,P2-029,"['page2-34.svg', 'page7-113.svg', 'page7-40.svg', 'page2-190.svg', 'page4-195.svg', 'page7-35.svg', 'page6-226.svg', 'page6-162.svg', 'page9-34.svg', 'page5-128.svg']",,,,,,,
P2G044,exp2_train_and_test_39.json,P2R01111,25,4,page5-71.svg,False,0.3833333333333333,low,single-utterance-unidirectional,P2-101,P2-076,"['page5-71.svg', 'page4-190.svg', 'page7-157.svg', 'page5-63.svg', 'page5-101.svg', 'page4-197.svg', 'page5-128.svg', 'page6-167.svg', 'page7-15.svg', 'page8-18.svg']",11.0,bird with wings spread,4.0,17.0,"(26,)",page5-71.svg,True
P2G059,exp2_train_and_test_59.json,P2R02198,11,1,page8-159.svg,False,1.0,high,single-utterance-unidirectional,P2-098,P2-004,"['page7-116.svg', 'page8-56.svg', 'page5-96.svg', 'page6-167.svg', 'page7-157.svg', 'page8-159.svg', 'page5-102.svg', 'page3-61.svg', 'page7-126.svg', 'page7-144.svg']",,,,,,,
P2G001,exp2_train_and_test_28.json,P2R02101,13,2,page7-115.svg,False,0.6,low,single-utterance-unidirectional,P2-080,P2-027,"['page5-121.svg', 'page3-33.svg', 'page6-52.svg', 'page7-44.svg', 'page5-63.svg', 'page2-34.svg', 'page6-155.svg', 'page7-115.svg', 'page6-175.svg', 'page7-113.svg']",,,,,,,
P2G028,exp2_train_and_test_0.json,P2R01184,7,1,page3-33.svg,False,0.6111111111111112,low,single-utterance-unidirectional,P2-015,P2-100,"['page1-117.svg', 'page6-206.svg', 'page1-30.svg', 'page7-81.svg', 'page9-39.svg', 'page8-247.svg', 'page2-140.svg', 'page6-228.svg', 'page1-185.svg', 'page3-33.svg']",5.0,It looks like three mountains connected to each other with something on top of the mountains,16.0,30.0,"(34,)",page3-33.svg,True
P2G036,exp2_train_and_test_45.json,P2R00795,6,1,page7-107.svg,True,0.9935185185185184,high,single-utterance-unidirectional,P2-052,P2-091,"['page7-144.svg', 'page7-22.svg', 'page7-115.svg', 'page9-34.svg', 'page6-31.svg', 'page8-22.svg', 'page2-36.svg', 'page7-216.svg', 'page1-185.svg', 'page7-107.svg']",6.0,,,,,,
P2G035,exp2_train_and_test_12.json,P2R00120,14,2,page7-40.svg,False,0.7611111111111111,low,single-utterance-unidirectional,P2-040,P2-029,"['page2-34.svg', 'page7-113.svg', 'page7-40.svg', 'page2-190.svg', 'page4-195.svg', 'page7-35.svg', 'page6-226.svg', 'page6-162.svg', 'page9-34.svg', 'page5-128.svg']",,,,,,,
P2G017,exp2_train_and_test_13.json,P2R01870,34,5,page6-167.svg,False,1.0,high,single-utterance-unidirectional,P2-059,P2-104,"['page4-96.svg', 'page1-149.svg', 'page3-201.svg', 'page6-167.svg', 'page1-77.svg', 'page1-133.svg', 'page7-20.svg', 'page4-5.svg', 'page1-175.svg', 'page7-4.svg']",4.0,A shape which is pointing down,6.0,11.0,"(20,)",page6-167.svg,True
P2G054,exp2_train_and_test_38.json,P2R02203,38,5,page1-117.svg,False,1.0,high,single-utterance-unidirectional,P2-012,P2-055,"['page2-165.svg', 'page9-39.svg', 'page1-117.svg', 'page4-180.svg', 'page8-246.svg', 'page8-215.svg', 'page1-133.svg', 'page6-226.svg', 'page8-159.svg', 'page9-34.svg']",4.0,"A flashlight pointing up, or a funnel",7.0,28.0,"(36,)",page1-117.svg,True
P2G040,exp2_train_and_test_25.json,P2R01356,17,2,page6-21.svg,False,1.0,high,single-utterance-unidirectional,P2-021,P2-010,"['page5-154.svg', 'page6-21.svg', 'page8-246.svg', 'page6-175.svg', 'page4-98.svg', 'page5-128.svg', 'page8-38.svg', 'page4-244.svg', 'page7-4.svg', 'page2-114.svg']",13.0,big triangle pointing left,4.0,24.0,"(44,)",page5-128.svg,False
P2G013,exp2_train_and_test_55.json,P2R00330,20,3,page7-155.svg,False,0.6944444444444445,low,single-utterance-unidirectional,P2-109,P2-097,"['page4-244.svg', 'page7-155.svg', 'page1-77.svg', 'page3-59.svg', 'page5-128.svg', 'page5-139.svg', 'page3-61.svg', 'page4-241.svg', 'page4-98.svg', 'page6-107.svg']",8.0,lightning bolt,2.0,11.0,"(23,)",page7-155.svg,True
P2G028,exp2_train_and_test_0.json,P2R01534,24,4,page2-140.svg,False,1.0,high,single-utterance-unidirectional,P2-100,P2-015,"['page8-247.svg', 'page6-206.svg', 'page1-117.svg', 'page2-140.svg', 'page1-30.svg', 'page9-39.svg', 'page1-185.svg', 'page3-33.svg', 'page6-228.svg', 'page7-81.svg']",4.0,horizontal rectangle with points on either end and thing in the middle,12.0,12.0,"(31,)",page2-140.svg,True
P2G022,exp2_train_and_test_53.json,P2R01745,14,2,page7-157.svg,False,0.6037037037037036,low,single-utterance-unidirectional,P2-009,P2-103,"['page8-159.svg', 'page8-58.svg', 'page5-165.svg', 'page7-127.svg', 'page7-157.svg', 'page9-40.svg', 'page3-70.svg', 'page4-232.svg', 'page8-234.svg', 'page5-45.svg']",13.0,diamond,1.0,14.0,"(23,)",page7-157.svg,True
P2G018,exp2_train_and_test_57.json,P2R01919,26,4,page7-217.svg,False,1.0,high,single-utterance-unidirectional,P2-067,P2-083,"['page4-195.svg', 'page3-139.svg', 'page7-40.svg', 'page5-102.svg', 'page5-26.svg', 'page7-217.svg', 'page7-20.svg', 'page9-40.svg', 'page5-232.svg', 'page8-22.svg']",11.0,large flat shape with head on the left,8.0,19.0,"(40,)",page7-217.svg,True
P2G010,exp2_train_and_test_17.json,P2R00778,37,5,page7-20.svg,False,1.0,high,single-utterance-unidirectional,P2-068,P2-092,"['page6-167.svg', 'page1-77.svg', 'page4-96.svg', 'page1-175.svg', 'page7-20.svg', 'page1-149.svg', 'page1-133.svg', 'page4-5.svg', 'page3-201.svg', 'page7-4.svg']",4.0,like a parralellogram but it changes at the top right,10.0,20.0,"(31,)",page7-20.svg,True
P2G047,exp2_train_and_test_11.json,P2R00833,31,5,page3-201.svg,False,0.5548148148148148,low,single-utterance-unidirectional,P2-065,P2-089,"['page6-167.svg', 'page1-77.svg', 'page4-96.svg', 'page1-175.svg', 'page7-20.svg', 'page1-149.svg', 'page1-133.svg', 'page4-5.svg', 'page3-201.svg', 'page7-4.svg']",10.0,There are 4 triangles and the object is in the bottom row and is in the middle,17.0,25.0,"(44,)",page6-167.svg,False
P2G047,exp2_train_and_test_11.json,P2R02040,21,3,page6-162.svg,True,1.0,high,single-utterance-unidirectional,P2-065,P2-089,"['page6-162.svg', 'page7-226.svg', 'page7-177.svg', 'page8-156.svg', 'page7-53.svg', 'page7-41.svg', 'page7-36.svg', 'page-F.svg', 'page7-145.svg', 'page8-192.svg']",17.0,arrow pointing down to triangle,5.0,22.0,"(32,)",page6-162.svg,True
P2G020,exp2_train_and_test_31.json,P2R01402,30,5,page8-246.svg,False,1.0,high,single-utterance-unidirectional,P2-046,P2-023,"['page2-165.svg', 'page9-39.svg', 'page1-117.svg', 'page4-180.svg', 'page8-246.svg', 'page8-215.svg', 'page1-133.svg', 'page6-226.svg', 'page8-159.svg', 'page9-34.svg']",10.0,its like an all black oragami figure. it's spreading out in 4 directions,13.0,37.0,"(48,)",page4-180.svg,False
P2G053,exp2_train_and_test_23.json,P2R01099,13,2,page5-56.svg,False,0.6222222222222223,low,single-utterance-unidirectional,P2-045,P2-037,"['page1-128.svg', 'page7-10.svg', 'page5-56.svg', 'page6-226.svg', 'page6-160.svg', 'page1-133.svg', 'page6-204.svg', 'page5-188.svg', 'page7-116.svg', 'page8-248.svg']",6.0,mountain range,2.0,8.0,"(14,)",page5-56.svg,True
P2G056,exp2_train_and_test_33.json,P2R01868,27,4,page1-132.svg,True,0.6666666666666667,low,single-utterance-unidirectional,P2-028,P2-086,"['page6-185.svg', 'page6-228.svg', 'page8-234.svg', 'page1-132.svg', 'page7-203.svg', 'page6-52.svg', 'page5-85.svg', 'page7-113.svg', 'page5-63.svg', 'page6-21.svg']",4.0,spanner standing on its end,5.0,12.0,"(25,)",page1-132.svg,True
P2G038,exp2_train_and_test_18.json,P2R00024,21,3,page4-142.svg,True,1.0,high,single-utterance-unidirectional,P2-107,P2-020,"['page1-172.svg', 'page6-219.svg', 'page9-32.svg', 'page7-126.svg', 'page9-23.svg', 'page4-142.svg', 'page6-123.svg', 'page1-34.svg', 'page4-98.svg', 'page8-234.svg']",9.0,"hook, scythe, moon shape, havent done this one yet",9.0,36.0,"(44,)",page4-142.svg,True
P2G008,exp2_train_and_test_22.json,P2R01360,34,5,page5-174.svg,False,0.6722222222222223,low,single-utterance-unidirectional,P2-038,P2-033,"['page6-166.svg', 'page7-157.svg', 'page6-31.svg', 'page5-174.svg', 'page3-70.svg', 'page8-183.svg', 'page5-153.svg', 'page7-125.svg', 'page5-84.svg', 'page3-66.svg']",3.0,dolphin bouncing ball with head,5.0,16.0,"(31,)",page5-174.svg,True
P2G003,exp2_train_and_test_21.json,P2R02059,37,5,page7-125.svg,False,0.9935185185185184,high,single-utterance-unidirectional,P2-041,P2-105,"['page7-125.svg', 'page8-183.svg', 'page7-157.svg', 'page3-66.svg', 'page5-84.svg', 'page6-31.svg', 'page6-166.svg', 'page5-153.svg', 'page3-70.svg', 'page5-174.svg']",4.0,"takes up the entire right side, triangle at the top and a small triangle at the bottom, with a lump halfway down",22.0,23.0,"(38,)",page7-125.svg,True
P2G010,exp2_train_and_test_17.json,P2R01723,5,0,page1-107.svg,False,0.5796296296296297,low,single-utterance-unidirectional,P2-092,P2-068,"['page7-155.svg', 'page7-144.svg', 'page8-221.svg', 'page8-22.svg', 'page6-208.svg', 'page1-107.svg', 'page6-1.svg', 'page5-121.svg', 'page7-41.svg', 'page7-15.svg']",14.0,symmateric with a voice shape,5.0,30.0,"(40,)",page1-107.svg,True
P2G045,exp2_train_and_test_34.json,P2R00752,38,5,page1-117.svg,False,1.0,high,single-utterance-unidirectional,P2-087,P2-054,"['page2-165.svg', 'page9-39.svg', 'page1-117.svg', 'page4-180.svg', 'page8-246.svg', 'page8-215.svg', 'page1-133.svg', 'page6-226.svg', 'page8-159.svg', 'page9-34.svg']",6.0,"looks like a vase, 8 sides made from 2 triangles and a rectangle",13.0,25.0,"(39,)",page1-117.svg,True
P2G043,exp2_train_and_test_54.json,P2R01849,12,2,page6-109.svg,False,1.0,high,single-utterance-unidirectional,P2-088,P2-115,"['page6-245.svg', 'page6-107.svg', 'page4-142.svg', 'page7-177.svg', 'page8-18.svg', 'page5-80.svg', 'page7-217.svg', 'page5-155.svg', 'page2-131.svg', 'page6-109.svg']",,,,,,,
P2G037,exp2_train_and_test_42.json,P2R00432,8,1,page8-58.svg,False,0.7259259259259259,low,single-utterance-unidirectional,P2-026,P2-075,"['page6-226.svg', 'page5-96.svg', 'page6-206.svg', 'page7-53.svg', 'page6-71.svg', 'page7-73.svg', 'page8-159.svg', 'page5-128.svg', 'page8-58.svg', 'page1-150.svg']",6.0,person standing and walking to the right,7.0,13.0,"(24,)",page8-58.svg,True
P2G014,exp2_train_and_test_27.json,P2R01687,6,1,page3-201.svg,False,0.5548148148148148,low,single-utterance-unidirectional,P2-060,P2-118,"['page6-160.svg', 'page7-166.svg', 'page3-139.svg', 'page1-34.svg', 'page3-201.svg', 'page8-166.svg', 'page2-131.svg', 'page3-33.svg', 'page9-39.svg', 'page5-128.svg']",8.0,a rabbit with triangle ears,5.0,13.0,"(24,)",page3-201.svg,True
P2G021,exp2_train_and_test_58.json,P2R01456,39,5,page2-140.svg,False,1.0,high,single-utterance-unidirectional,P2-036,P2-064,"['page6-206.svg', 'page7-113.svg', 'page7-166.svg', 'page2-100.svg', 'page3-33.svg', 'page2-140.svg', 'page6-160.svg', 'page4-128.svg', 'page1-149.svg', 'page7-107.svg']",7.0,a square then like a slide into a recangle with two triangles on end,14.0,34.0,"(57,)",page2-140.svg,True
P2G054,exp2_train_and_test_38.json,P2R00216,28,4,page6-186.svg,True,0.7546296296296297,low,single-utterance-unidirectional,P2-055,P2-012,"['page6-71.svg', 'page6-135.svg', 'page4-197.svg', 'page2-131.svg', 'page7-41.svg', 'page6-186.svg', 'page6-109.svg', 'page4-98.svg', 'page7-15.svg', 'page6-208.svg']",3.0,"haven't had this one, is a person stood up",9.0,10.0,"(18,)",page6-186.svg,True
P2G058,exp2_train_and_test_2.json,P2R00938,38,5,page7-177.svg,False,1.0,high,single-utterance-unidirectional,P2-082,P2-077,"['page9-34.svg', 'page7-115.svg', 'page4-98.svg', 'page7-177.svg', 'page7-35.svg', 'page6-245.svg', 'page7-144.svg', 'page2-131.svg', 'page5-75.svg', 'page6-204.svg']",6.0,backwards C with a square in middle right,8.0,15.0,"(18,)",page7-177.svg,True
P2G015,exp2_train_and_test_16.json,P2R01075,34,5,page6-167.svg,False,1.0,high,single-utterance-unidirectional,P2-058,P2-047,"['page4-96.svg', 'page1-149.svg', 'page3-201.svg', 'page6-167.svg', 'page1-77.svg', 'page1-133.svg', 'page7-20.svg', 'page4-5.svg', 'page1-175.svg', 'page7-4.svg']",4.0,an arrow pointing left with a triangle coming out of the bottom,12.0,12.0,"(27,)",page6-167.svg,True
P2G054,exp2_train_and_test_38.json,P2R02336,7,1,page4-98.svg,True,0.7222222222222223,low,single-utterance-unidirectional,P2-055,P2-012,"['page6-71.svg', 'page6-135.svg', 'page4-197.svg', 'page2-131.svg', 'page7-41.svg', 'page6-186.svg', 'page6-109.svg', 'page4-98.svg', 'page7-15.svg', 'page6-208.svg']",14.0,looks like a tall tower on top of a boat,10.0,31.0,"(49,)",page4-98.svg,True
P2G059,exp2_train_and_test_59.json,P2R02062,21,3,page8-159.svg,False,1.0,high,single-utterance-unidirectional,P2-098,P2-004,"['page7-116.svg', 'page8-56.svg', 'page5-96.svg', 'page6-167.svg', 'page7-157.svg', 'page8-159.svg', 'page5-102.svg', 'page3-61.svg', 'page7-126.svg', 'page7-144.svg']",,,,,,,
P2G004,exp2_train_and_test_32.json,P2R00701,17,2,page4-232.svg,False,1.0,high,single-utterance-unidirectional,P2-018,P2-078,"['page4-232.svg', 'page2-131.svg', 'page7-155.svg', 'page5-233.svg', 'page1-34.svg', 'page5-45.svg', 'page8-217.svg', 'page7-157.svg', 'page7-115.svg', 'page5-155.svg']",13.0,crossed legged christmas tree,4.0,24.0,"(35,)",page4-232.svg,True
P2G034,exp2_train_and_test_7.json,P2R00244,22,3,page7-117.svg,False,1.0,high,single-utterance-unidirectional,P2-035,P2-031,"['page5-102.svg', 'page2-140.svg', 'page7-117.svg', 'page6-122.svg', 'page5-155.svg', 'page5-165.svg', 'page2-136.svg', 'page2-86.svg', 'page1-34.svg', 'page3-70.svg']",10.0,Cocktail glass with bar across middle,6.0,23.0,"(33,)",page7-117.svg,True
P2G013,exp2_train_and_test_55.json,P2R00640,9,1,page1-77.svg,False,0.6833333333333333,low,single-utterance-unidirectional,P2-109,P2-097,"['page4-244.svg', 'page7-155.svg', 'page1-77.svg', 'page3-59.svg', 'page5-128.svg', 'page5-139.svg', 'page3-61.svg', 'page4-241.svg', 'page4-98.svg', 'page6-107.svg']",7.0,Sword pointing down,3.0,12.0,"(25,)",page1-77.svg,True
P2G007,exp2_train_and_test_20.json,P2R01032,0,0,page7-15.svg,True,0.5935185185185186,low,single-utterance-unidirectional,P2-074,P2-108,"['page7-15.svg', 'page7-29.svg', 'page3-201.svg', 'page2-64.svg', 'page4-155.svg', 'page7-226.svg', 'page5-154.svg', 'page4-98.svg', 'page5-45.svg', 'page7-225.svg']",8.0,picture of moutains,3.0,16.0,"(32,)",page7-15.svg,True
P2G046,exp2_train_and_test_46.json,P2R00477,11,1,page2-20.svg,False,1.0,high,single-utterance-unidirectional,P2-008,P2-079,"['page6-166.svg', 'page5-153.svg', 'page4-197.svg', 'page8-182.svg', 'page2-86.svg', 'page8-156.svg', 'page8-22.svg', 'page9-34.svg', 'page2-20.svg', 'page2-34.svg']",9.0,A W on a stand.,5.0,16.0,"(24,)",page2-20.svg,True
P2G029,exp2_train_and_test_14.json,P2R01821,2,0,page8-176.svg,False,0.6666666666666667,low,single-utterance-unidirectional,P2-099,P2-019,"['page5-36.svg', 'page8-176.svg', 'page7-144.svg', 'page2-86.svg', 'page5-75.svg', 'page7-41.svg', 'page9-34.svg', 'page3-21.svg', 'page7-226.svg', 'page2-20.svg']",7.0,letter Z or number 2,5.0,12.0,"(15,)",page8-176.svg,True
P2G028,exp2_train_and_test_0.json,P2R01733,35,5,page2-131.svg,False,0.5333333333333334,low,single-utterance-unidirectional,P2-015,P2-100,"['page7-177.svg', 'page5-75.svg', 'page6-204.svg', 'page7-35.svg', 'page7-144.svg', 'page4-98.svg', 'page2-131.svg', 'page6-245.svg', 'page9-34.svg', 'page7-115.svg']",9.0,looks like a hatchet with a small triangle coming out of the handle,13.0,24.0,"(29,)",page2-131.svg,True
P2G025,exp2_train_and_test_9.json,P2R02018,18,3,page8-192.svg,False,0.6444444444444446,low,single-utterance-unidirectional,P2-007,P2-094,"['page4-5.svg', 'page5-36.svg', 'page2-100.svg', 'page5-120.svg', 'page1-97.svg', 'page5-190.svg', 'page6-226.svg', 'page8-21.svg', 'page8-192.svg', 'page7-15.svg']",3.0,pony,1.0,4.0,"(17,)",page8-192.svg,True
P2G044,exp2_train_and_test_39.json,P2R00551,22,3,page5-101.svg,False,0.6666666666666667,low,single-utterance-unidirectional,P2-076,P2-101,"['page7-157.svg', 'page5-71.svg', 'page6-167.svg', 'page8-18.svg', 'page5-63.svg', 'page5-101.svg', 'page7-15.svg', 'page4-197.svg', 'page4-190.svg', 'page5-128.svg']",9.0,spaceship,1.0,13.0,"(23,)",page5-101.svg,True
P2G057,exp2_train_and_test_10.json,P2R00158,25,4,page7-116.svg,False,1.0,high,single-utterance-unidirectional,P2-090,P2-084,"['page2-100.svg', 'page6-185.svg', 'page5-56.svg', 'page9-25.svg', 'page7-35.svg', 'page8-206.svg', 'page3-12.svg', 'page1-150.svg', 'page7-79.svg', 'page7-116.svg']",11.0,diamond in between triangles,4.0,20.0,"(23,)",page7-116.svg,True
P2G044,exp2_train_and_test_39.json,P2R00314,28,4,page4-190.svg,False,1.0,high,single-utterance-unidirectional,P2-101,P2-076,"['page5-71.svg', 'page4-190.svg', 'page7-157.svg', 'page5-63.svg', 'page5-101.svg', 'page4-197.svg', 'page5-128.svg', 'page6-167.svg', 'page7-15.svg', 'page8-18.svg']",6.0,hedgehog,1.0,8.0,"(28,)",page4-190.svg,True
P2G049,exp2_train_and_test_41.json,P2R01799,11,1,page6-192.svg,False,0.6444444444444445,low,single-utterance-unidirectional,P2-013,P2-070,"['page5-154.svg', 'page7-36.svg', 'page4-98.svg', 'page6-192.svg', 'page3-70.svg', 'page8-246.svg', 'page7-79.svg', 'page8-38.svg', 'page7-35.svg', 'page4-108.svg']",7.0,the one that looks like a man,7.0,20.0,"(24,)",page6-192.svg,True
P2G011,exp2_train_and_test_36.json,P2R01531,34,5,page1-133.svg,False,0.5444444444444445,low,single-utterance-unidirectional,P2-014,P2-073,"['page2-165.svg', 'page9-39.svg', 'page1-117.svg', 'page4-180.svg', 'page8-246.svg', 'page8-215.svg', 'page1-133.svg', 'page6-226.svg', 'page8-159.svg', 'page9-34.svg']",10.0,home base,2.0,14.0,"(23,)",page1-133.svg,True
P2G042,exp2_train_and_test_50.json,P2R02209,22,3,page5-56.svg,True,0.6222222222222223,low,single-utterance-unidirectional,P2-042,P2-049,"['page1-175.svg', 'page1-95.svg', 'page5-56.svg', 'page8-58.svg', 'page3-21.svg', 'page8-169.svg', 'page6-204.svg', 'page6-31.svg', 'page2-165.svg', 'page2-136.svg']",3.0,mountains,1.0,7.0,,,
P2G003,exp2_train_and_test_21.json,P2R01651,32,5,page5-153.svg,False,0.6425925925925926,low,single-utterance-unidirectional,P2-105,P2-041,"['page6-166.svg', 'page7-157.svg', 'page6-31.svg', 'page5-174.svg', 'page3-70.svg', 'page8-183.svg', 'page5-153.svg', 'page7-125.svg', 'page5-84.svg', 'page3-66.svg']",7.0,looks like a label from a clothing is symetrical top two parts head towards centre,15.0,37.0,"(50,)",page5-153.svg,True
P2G020,exp2_train_and_test_31.json,P2R00424,31,5,page9-34.svg,False,1.0,high,single-utterance-unidirectional,P2-023,P2-046,"['page8-159.svg', 'page1-133.svg', 'page9-39.svg', 'page2-165.svg', 'page8-215.svg', 'page1-117.svg', 'page8-246.svg', 'page4-180.svg', 'page6-226.svg', 'page9-34.svg']",3.0,Looks like a seal standing with its hands out,9.0,44.0,,,
P2G007,exp2_train_and_test_20.json,P2R00782,13,2,page7-29.svg,False,1.0,high,single-utterance-unidirectional,P2-108,P2-074,"['page7-29.svg', 'page7-225.svg', 'page2-64.svg', 'page4-155.svg', 'page5-45.svg', 'page5-154.svg', 'page4-98.svg', 'page7-226.svg', 'page3-201.svg', 'page7-15.svg']",9.0,explosion,1.0,12.0,"(23,)",page7-29.svg,True
P2G009,exp2_train_and_test_3.json,P2R00450,20,3,page7-126.svg,False,0.6666666666666667,low,single-utterance-unidirectional,P2-024,P2-117,"['page2-86.svg', 'page7-126.svg', 'page5-101.svg', 'page8-169.svg', 'page3-139.svg', 'page6-166.svg', 'page6-167.svg', 'page4-180.svg', 'page5-165.svg', 'page1-117.svg']",16.0,CHICKEN OR BIRD STANDING ON TRIANGLE,6.0,27.0,"(43,)",page7-126.svg,True
P2G008,exp2_train_and_test_22.json,P2R01700,5,0,page4-195.svg,False,1.0,high,single-utterance-unidirectional,P2-038,P2-033,"['page4-195.svg', 'page1-30.svg', 'page7-115.svg', 'page6-155.svg', 'page7-226.svg', 'page4-11.svg', 'page5-155.svg', 'page8-217.svg', 'page3-201.svg', 'page7-145.svg']",5.0,can opener,2.0,9.0,"(21,)",page4-195.svg,True
P2G058,exp2_train_and_test_2.json,P2R00794,37,5,page6-245.svg,False,1.0,high,single-utterance-unidirectional,P2-077,P2-082,"['page7-177.svg', 'page5-75.svg', 'page6-204.svg', 'page7-35.svg', 'page7-144.svg', 'page4-98.svg', 'page2-131.svg', 'page6-245.svg', 'page9-34.svg', 'page7-115.svg']",6.0,it has a right angle on the top left and then a tilted square on the bottom,17.0,21.0,"(33,)",page7-177.svg,False
P2G027,exp2_train_and_test_49.json,P2R00627,6,1,page2-85.svg,False,1.0,high,single-utterance-unidirectional,P2-063,P2-113,"['page8-192.svg', 'page5-80.svg', 'page7-115.svg', 'page2-140.svg', 'page8-18.svg', 'page7-44.svg', 'page7-186.svg', 'page5-153.svg', 'page2-85.svg', 'page2-114.svg']",5.0,The same circle on top of a triangle,8.0,15.0,"(20,)",page2-85.svg,True
P2G037,exp2_train_and_test_42.json,P2R00898,11,1,page6-71.svg,False,1.0,high,single-utterance-unidirectional,P2-026,P2-075,"['page6-226.svg', 'page5-96.svg', 'page6-206.svg', 'page7-53.svg', 'page6-71.svg', 'page7-73.svg', 'page8-159.svg', 'page5-128.svg', 'page8-58.svg', 'page1-150.svg']",14.0,bat signal,2.0,19.0,"(23,)",page6-71.svg,True
P2G056,exp2_train_and_test_33.json,P2R01389,5,0,page7-203.svg,False,0.9925925925925926,high,single-utterance-unidirectional,P2-086,P2-028,"['page8-234.svg', 'page1-132.svg', 'page5-85.svg', 'page6-21.svg', 'page6-185.svg', 'page6-52.svg', 'page5-63.svg', 'page7-113.svg', 'page6-228.svg', 'page7-203.svg']",9.0,"Vertically symmetrical, looks like it wearing a hat",8.0,37.0,"(45,)",page7-203.svg,True
P2G023,exp2_train_and_test_40.json,P2R02245,23,3,page7-29.svg,True,1.0,high,single-utterance-unidirectional,P2-081,P2-056,"['page2-100.svg', 'page3-201.svg', 'page9-23.svg', 'page7-144.svg', 'page7-29.svg', 'page3-200.svg', 'page4-232.svg', 'page2-165.svg', 'page7-44.svg', 'page5-153.svg']",9.0,"Looks like birds wings, very jagged",6.0,27.0,"(34,)",page7-29.svg,True
P2G021,exp2_train_and_test_58.json,P2R00419,16,2,page3-205.svg,True,0.6696296296296296,low,single-utterance-unidirectional,P2-036,P2-064,"['page8-38.svg', 'page4-195.svg', 'page3-205.svg', 'page7-41.svg', 'page4-241.svg', 'page5-84.svg', 'page7-226.svg', 'page6-31.svg', 'page5-233.svg', 'page9-40.svg']",5.0,it looks like a person sitting on a bed kinda,10.0,17.0,"(30,)",page3-205.svg,True
P2G002,exp2_train_and_test_15.json,P2R00144,5,0,page4-180.svg,True,0.6944444444444445,low,single-utterance-unidirectional,P2-062,P2-114,"['page4-180.svg', 'page1-172.svg', 'page2-20.svg', 'page5-96.svg', 'page2-114.svg', 'page8-159.svg', 'page6-53.svg', 'page3-70.svg', 'page7-53.svg', 'page7-125.svg']",7.0,it looks like a butterfly,5.0,13.0,"(15,)",page4-180.svg,True
P2G021,exp2_train_and_test_58.json,P2R02155,33,5,page6-206.svg,False,0.7333333333333333,low,single-utterance-unidirectional,P2-036,P2-064,"['page6-206.svg', 'page7-113.svg', 'page7-166.svg', 'page2-100.svg', 'page3-33.svg', 'page2-140.svg', 'page6-160.svg', 'page4-128.svg', 'page1-149.svg', 'page7-107.svg']",6.0,a rectangle standing up with a little triangle on the bottom and a bigger triangle cut out,17.0,30.0,"(53,)",page3-33.svg,False
P2G030,exp2_train_and_test_35.json,P2R01159,18,3,page7-20.svg,False,1.0,high,single-utterance-unidirectional,P2-002,P2-044,"['page6-109.svg', 'page7-127.svg', 'page6-107.svg', 'page7-166.svg', 'page7-20.svg', 'page4-98.svg', 'page8-192.svg', 'page2-20.svg', 'page6-175.svg', 'page5-190.svg']",5.0,tower leaning to the right,5.0,8.0,"(12,)",page7-20.svg,True
P2G007,exp2_train_and_test_20.json,P2R01468,7,1,page5-45.svg,False,1.0,high,single-utterance-unidirectional,P2-074,P2-108,"['page7-15.svg', 'page7-29.svg', 'page3-201.svg', 'page2-64.svg', 'page4-155.svg', 'page7-226.svg', 'page5-154.svg', 'page4-98.svg', 'page5-45.svg', 'page7-225.svg']",8.0,Looks like a house,4.0,15.0,"(23,)",page5-45.svg,True
P2G040,exp2_train_and_test_25.json,P2R00079,10,1,page7-4.svg,False,0.6555555555555556,low,single-utterance-unidirectional,P2-010,P2-021,"['page6-21.svg', 'page2-114.svg', 'page5-128.svg', 'page6-175.svg', 'page7-4.svg', 'page8-246.svg', 'page4-244.svg', 'page5-154.svg', 'page4-98.svg', 'page8-38.svg']",23.0,looks like diamond,3.0,30.0,"(48,)",page8-246.svg,False
P2G023,exp2_train_and_test_40.json,P2R01583,17,2,page7-144.svg,False,1.0,high,single-utterance-unidirectional,P2-056,P2-081,"['page7-29.svg', 'page2-100.svg', 'page7-144.svg', 'page3-201.svg', 'page9-23.svg', 'page3-200.svg', 'page2-165.svg', 'page4-232.svg', 'page5-153.svg', 'page7-44.svg']",13.0,Largest shape with a point facing right,7.0,25.0,"(33,)",page7-144.svg,True
P2G043,exp2_train_and_test_54.json,P2R01197,31,5,page2-100.svg,False,0.7685185185185184,low,single-utterance-unidirectional,P2-115,P2-088,"['page6-206.svg', 'page7-113.svg', 'page7-166.svg', 'page2-100.svg', 'page3-33.svg', 'page2-140.svg', 'page6-160.svg', 'page4-128.svg', 'page1-149.svg', 'page7-107.svg']",,,,,,,
P2G011,exp2_train_and_test_36.json,P2R00671,4,0,page2-100.svg,False,0.7685185185185184,low,single-utterance-unidirectional,P2-014,P2-073,"['page7-116.svg', 'page3-66.svg', 'page5-75.svg', 'page3-61.svg', 'page3-163.svg', 'page3-201.svg', 'page5-26.svg', 'page8-183.svg', 'page9-32.svg', 'page2-100.svg']",29.0,,,,,,
P2G032,exp2_train_and_test_44.json,P2R00864,26,4,page2-34.svg,False,0.7611111111111111,low,single-utterance-unidirectional,P2-102,P2-096,"['page8-22.svg', 'page5-101.svg', 'page6-226.svg', 'page5-190.svg', 'page2-34.svg', 'page4-197.svg', 'page7-20.svg', 'page6-53.svg', 'page8-21.svg', 'page4-96.svg']",4.0,chair with back rest ot tap,6.0,12.0,"(15,)",page2-34.svg,True
P2G021,exp2_train_and_test_58.json,P2R01530,26,4,page4-195.svg,False,1.0,high,single-utterance-unidirectional,P2-064,P2-036,"['page4-195.svg', 'page6-31.svg', 'page4-241.svg', 'page7-41.svg', 'page8-38.svg', 'page5-233.svg', 'page3-205.svg', 'page7-226.svg', 'page9-40.svg', 'page5-84.svg']",5.0,penknife,1.0,7.0,"(12,)",page4-195.svg,True
P2G034,exp2_train_and_test_7.json,P2R00656,34,5,page7-35.svg,False,0.7333333333333334,low,single-utterance-unidirectional,P2-031,P2-035,"['page9-34.svg', 'page7-115.svg', 'page4-98.svg', 'page7-177.svg', 'page7-35.svg', 'page6-245.svg', 'page7-144.svg', 'page2-131.svg', 'page5-75.svg', 'page6-204.svg']",,,,,,,
P2G025,exp2_train_and_test_9.json,P2R00121,17,2,page5-120.svg,False,1.0,high,single-utterance-unidirectional,P2-094,P2-007,"['page4-5.svg', 'page2-100.svg', 'page5-36.svg', 'page5-120.svg', 'page5-190.svg', 'page1-97.svg', 'page8-21.svg', 'page7-15.svg', 'page8-192.svg', 'page6-226.svg']",12.0,diagonal sword,2.0,16.0,"(22,)",page5-120.svg,True
P2G008,exp2_train_and_test_22.json,P2R01703,30,5,page7-157.svg,False,0.6037037037037036,low,single-utterance-unidirectional,P2-038,P2-033,"['page6-166.svg', 'page7-157.svg', 'page6-31.svg', 'page5-174.svg', 'page3-70.svg', 'page8-183.svg', 'page5-153.svg', 'page7-125.svg', 'page5-84.svg', 'page3-66.svg']",15.0,A diamond,2.0,22.0,"(37,)",page7-157.svg,True
P2G005,exp2_train_and_test_43.json,P2R00153,1,0,page7-125.svg,False,0.9935185185185184,high,single-utterance-unidirectional,P2-006,P2-111,"['page6-122.svg', 'page9-40.svg', 'page7-226.svg', 'page7-125.svg', 'page8-246.svg', 'page6-160.svg', 'page7-145.svg', 'page5-101.svg', 'page8-183.svg', 'page8-21.svg']",19.0,"a cliff, where the right side is totally flat",9.0,36.0,"(46,)",page7-125.svg,True
P2G033,exp2_train_and_test_8.json,P2R01732,18,3,page4-190.svg,False,1.0,high,single-utterance-unidirectional,P2-095,P2-112,"['page7-4.svg', 'page5-45.svg', 'page3-61.svg', 'page5-96.svg', 'page8-234.svg', 'page4-190.svg', 'page6-219.svg', 'page5-26.svg', 'page8-166.svg', 'page7-15.svg']",6.0,the 3 triangles on the top with the triangle on the right,12.0,15.0,"(25,)",page4-190.svg,True
P2G040,exp2_train_and_test_25.json,P2R00924,34,5,page5-174.svg,False,0.6722222222222223,low,single-utterance-unidirectional,P2-021,P2-010,"['page6-166.svg', 'page7-157.svg', 'page6-31.svg', 'page5-174.svg', 'page3-70.svg', 'page8-183.svg', 'page5-153.svg', 'page7-125.svg', 'page5-84.svg', 'page3-66.svg']",5.0,person kicking right,3.0,11.0,"(19,)",page5-174.svg,True
P2G057,exp2_train_and_test_10.json,P2R01043,5,0,page7-79.svg,False,0.7777777777777777,low,single-utterance-unidirectional,P2-090,P2-084,"['page2-100.svg', 'page6-185.svg', 'page5-56.svg', 'page9-25.svg', 'page7-35.svg', 'page8-206.svg', 'page3-12.svg', 'page1-150.svg', 'page7-79.svg', 'page7-116.svg']",21.0,looks like a row of triangles leading from the left,10.0,40.0,"(45,)",page5-56.svg,False
P2G048,exp2_train_and_test_19.json,P2R01504,0,0,page1-128.svg,False,1.0,high,single-utterance-unidirectional,P2-106,P2-085,"['page7-115.svg', 'page2-86.svg', 'page5-71.svg', 'page4-197.svg', 'page7-44.svg', 'page8-18.svg', 'page1-30.svg', 'page1-128.svg', 'page6-135.svg', 'page8-38.svg']",18.0,Like an old telephone receiver,5.0,28.0,"(30,)",page2-86.svg,False
P2G012,exp2_train_and_test_29.json,P2R00714,13,2,page6-228.svg,False,1.0,high,single-utterance-unidirectional,P2-025,P2-066,"['page7-115.svg', 'page2-34.svg', 'page5-75.svg', 'page5-128.svg', 'page6-186.svg', 'page1-132.svg', 'page9-25.svg', 'page7-117.svg', 'page6-228.svg', 'page4-241.svg']",4.0,Rhombus,1.0,5.0,"(7,)",page6-228.svg,True
P2G001,exp2_train_and_test_28.json,P2R01543,30,5,page7-157.svg,False,0.6037037037037036,low,single-utterance-unidirectional,P2-080,P2-027,"['page6-166.svg', 'page7-157.svg', 'page6-31.svg', 'page5-174.svg', 'page3-70.svg', 'page8-183.svg', 'page5-153.svg', 'page7-125.svg', 'page5-84.svg', 'page3-66.svg']",,,,,,,
P2G049,exp2_train_and_test_41.json,P2R01842,22,3,page7-35.svg,False,0.7333333333333334,low,single-utterance-unidirectional,P2-013,P2-070,"['page5-154.svg', 'page7-36.svg', 'page4-98.svg', 'page6-192.svg', 'page3-70.svg', 'page8-246.svg', 'page7-79.svg', 'page8-38.svg', 'page7-35.svg', 'page4-108.svg']",10.0,the boat one,3.0,13.0,"(24,)",page3-70.svg,False
P2G022,exp2_train_and_test_53.json,P2R02358,25,4,page7-157.svg,False,0.6037037037037036,low,single-utterance-unidirectional,P2-009,P2-103,"['page8-159.svg', 'page8-58.svg', 'page5-165.svg', 'page7-127.svg', 'page7-157.svg', 'page9-40.svg', 'page3-70.svg', 'page4-232.svg', 'page8-234.svg', 'page5-45.svg']",15.0,diamond,1.0,16.0,"(23,)",page7-157.svg,True
P2G042,exp2_train_and_test_50.json,P2R00500,16,2,page1-175.svg,False,1.0,high,single-utterance-unidirectional,P2-049,P2-042,"['page3-21.svg', 'page2-136.svg', 'page5-56.svg', 'page8-169.svg', 'page6-204.svg', 'page1-95.svg', 'page6-31.svg', 'page8-58.svg', 'page2-165.svg', 'page1-175.svg']",,,,,,,
P2G032,exp2_train_and_test_44.json,P2R00182,18,3,page8-22.svg,False,0.3444444444444444,low,single-utterance-unidirectional,P2-096,P2-102,"['page8-21.svg', 'page4-197.svg', 'page6-53.svg', 'page4-96.svg', 'page2-34.svg', 'page5-101.svg', 'page7-20.svg', 'page5-190.svg', 'page8-22.svg', 'page6-226.svg']",10.0,flying bird,2.0,12.0,"(15,)",page8-22.svg,True
P2G002,exp2_train_and_test_15.json,P2R00825,8,1,page1-172.svg,False,0.6444444444444445,low,single-utterance-unidirectional,P2-062,P2-114,"['page4-180.svg', 'page1-172.svg', 'page2-20.svg', 'page5-96.svg', 'page2-114.svg', 'page8-159.svg', 'page6-53.svg', 'page3-70.svg', 'page7-53.svg', 'page7-125.svg']",4.0,it is a giraffe,4.0,6.0,"(8,)",page1-172.svg,True
P2G028,exp2_train_and_test_0.json,P2R00962,19,3,page2-140.svg,False,1.0,high,single-utterance-unidirectional,P2-015,P2-100,"['page1-117.svg', 'page6-206.svg', 'page1-30.svg', 'page7-81.svg', 'page9-39.svg', 'page8-247.svg', 'page2-140.svg', 'page6-228.svg', 'page1-185.svg', 'page3-33.svg']",11.0,horizontal rectangle with points coming out at top left and top right with a weird thing coming out the middle,20.0,28.0,"(35,)",page2-140.svg,True
P2G057,exp2_train_and_test_10.json,P2R00480,10,1,page3-12.svg,True,1.0,high,single-utterance-unidirectional,P2-084,P2-090,"['page7-79.svg', 'page3-12.svg', 'page7-116.svg', 'page2-100.svg', 'page1-150.svg', 'page9-25.svg', 'page7-35.svg', 'page5-56.svg', 'page8-206.svg', 'page6-185.svg']",11.0,a straight arrow pointing down below a rectangle,8.0,22.0,"(35,)",page3-12.svg,True
P2G037,exp2_train_and_test_42.json,P2R01529,2,0,page8-58.svg,False,0.7259259259259259,low,single-utterance-unidirectional,P2-075,P2-026,"['page8-58.svg', 'page5-96.svg', 'page8-159.svg', 'page7-53.svg', 'page1-150.svg', 'page6-226.svg', 'page7-73.svg', 'page6-206.svg', 'page5-128.svg', 'page6-71.svg']",8.0,a person standing or walking to the right,8.0,23.0,"(34,)",page8-58.svg,True
P2G057,exp2_train_and_test_10.json,P2R00748,35,5,page4-96.svg,False,1.0,high,single-utterance-unidirectional,P2-084,P2-090,"['page6-167.svg', 'page1-77.svg', 'page4-96.svg', 'page1-175.svg', 'page7-20.svg', 'page1-149.svg', 'page1-133.svg', 'page4-5.svg', 'page3-201.svg', 'page7-4.svg']",2.0,a tap,2.0,7.0,"(15,)",page4-96.svg,True
P2G056,exp2_train_and_test_33.json,P2R01869,26,4,page8-234.svg,False,0.0,low,single-utterance-unidirectional,P2-086,P2-028,"['page8-234.svg', 'page1-132.svg', 'page5-85.svg', 'page6-21.svg', 'page6-185.svg', 'page6-52.svg', 'page5-63.svg', 'page7-113.svg', 'page6-228.svg', 'page7-203.svg']",16.0,dog facing left,3.0,20.0,"(25,)",page8-234.svg,True
P2G045,exp2_train_and_test_34.json,P2R00387,3,0,page7-117.svg,False,1.0,high,single-utterance-unidirectional,P2-087,P2-054,"['page7-127.svg', 'page5-66.svg', 'page4-155.svg', 'page7-117.svg', 'page2-16.svg', 'page6-219.svg', 'page1-172.svg', 'page7-202.svg', 'page9-32.svg', 'page8-38.svg']",11.0,2 triangles with a christian cross through them,8.0,25.0,"(42,)",page7-117.svg,True
P2G044,exp2_train_and_test_39.json,P2R02144,11,1,page5-71.svg,False,0.3833333333333333,low,single-utterance-unidirectional,P2-076,P2-101,"['page7-157.svg', 'page5-71.svg', 'page6-167.svg', 'page8-18.svg', 'page5-63.svg', 'page5-101.svg', 'page7-15.svg', 'page4-197.svg', 'page4-190.svg', 'page5-128.svg']",12.0,looks like a flying bird with wings spread,8.0,25.0,"(34,)",page5-71.svg,True
P2G037,exp2_train_and_test_42.json,P2R00236,17,2,page8-58.svg,False,0.7259259259259259,low,single-utterance-unidirectional,P2-075,P2-026,"['page8-58.svg', 'page5-96.svg', 'page8-159.svg', 'page7-53.svg', 'page1-150.svg', 'page6-226.svg', 'page7-73.svg', 'page6-206.svg', 'page5-128.svg', 'page6-71.svg']",11.0,a person walking to the right,6.0,22.0,"(33,)",page8-58.svg,True
P2G018,exp2_train_and_test_57.json,P2R01871,1,0,page7-217.svg,False,1.0,high,single-utterance-unidirectional,P2-067,P2-083,"['page4-195.svg', 'page3-139.svg', 'page7-40.svg', 'page5-102.svg', 'page5-26.svg', 'page7-217.svg', 'page7-20.svg', 'page9-40.svg', 'page5-232.svg', 'page8-22.svg']",13.0,"long parrellogram wit 5 sides head on the left , 2 shapes",12.0,29.0,"(58,)",,
P2G033,exp2_train_and_test_8.json,P2R00831,39,5,page7-115.svg,False,0.6,low,single-utterance-unidirectional,P2-095,P2-112,"['page7-177.svg', 'page5-75.svg', 'page6-204.svg', 'page7-35.svg', 'page7-144.svg', 'page4-98.svg', 'page2-131.svg', 'page6-245.svg', 'page9-34.svg', 'page7-115.svg']",8.0,like a bridge but with small triangles on the  top on each side.,14.0,27.0,"(41,)",page7-115.svg,True
P2G044,exp2_train_and_test_39.json,P2R00117,20,3,page5-71.svg,False,0.3833333333333333,low,single-utterance-unidirectional,P2-076,P2-101,"['page7-157.svg', 'page5-71.svg', 'page6-167.svg', 'page8-18.svg', 'page5-63.svg', 'page5-101.svg', 'page7-15.svg', 'page4-197.svg', 'page4-190.svg', 'page5-128.svg']",11.0,flying eagle,2.0,14.0,"(23,)",page5-71.svg,True
P2G028,exp2_train_and_test_0.json,P2R00989,8,1,page1-117.svg,False,1.0,high,single-utterance-unidirectional,P2-015,P2-100,"['page1-117.svg', 'page6-206.svg', 'page1-30.svg', 'page7-81.svg', 'page9-39.svg', 'page8-247.svg', 'page2-140.svg', 'page6-228.svg', 'page1-185.svg', 'page3-33.svg']",9.0,"It looks like a speaker podium and it has sharp points at the top right, top left, bottom right, and bottom left",22.0,34.0,"(55,)",page1-117.svg,True
P2G004,exp2_train_and_test_32.json,P2R02050,29,4,page4-232.svg,False,1.0,high,single-utterance-unidirectional,P2-018,P2-078,"['page4-232.svg', 'page2-131.svg', 'page7-155.svg', 'page5-233.svg', 'page1-34.svg', 'page5-45.svg', 'page8-217.svg', 'page7-157.svg', 'page7-115.svg', 'page5-155.svg']",6.0,crossed legged christmas tree,4.0,16.0,"(23,)",page4-232.svg,True
P2G033,exp2_train_and_test_8.json,P2R01190,25,4,page5-96.svg,False,0.5444444444444445,low,single-utterance-unidirectional,P2-112,P2-095,"['page5-45.svg', 'page5-26.svg', 'page5-96.svg', 'page3-61.svg', 'page4-190.svg', 'page8-166.svg', 'page8-234.svg', 'page6-219.svg', 'page7-4.svg', 'page7-15.svg']",5.0,the cat facing left,4.0,8.0,"(15,)",page5-96.svg,True
P2G050,exp2_train_and_test_47.json,P2R02190,11,1,page6-1.svg,False,0.9935185185185184,high,single-utterance-unidirectional,P2-039,P2-053,"['page8-182.svg', 'page5-139.svg', 'page6-1.svg', 'page7-127.svg', 'page5-56.svg', 'page3-201.svg', 'page7-125.svg', 'page5-84.svg', 'page6-162.svg', 'page8-206.svg']",12.0,Elvis's hair. Also the number 7 rotated left by 90 degrees,11.0,33.0,,,
P2G058,exp2_train_and_test_2.json,P2R02311,36,5,page5-75.svg,False,0.6944444444444444,low,single-utterance-unidirectional,P2-082,P2-077,"['page9-34.svg', 'page7-115.svg', 'page4-98.svg', 'page7-177.svg', 'page7-35.svg', 'page6-245.svg', 'page7-144.svg', 'page2-131.svg', 'page5-75.svg', 'page6-204.svg']",3.0,flamingo,1.0,4.0,"(7,)",page5-75.svg,True
P2G027,exp2_train_and_test_49.json,P2R01213,16,2,page5-153.svg,True,0.6425925925925926,low,single-utterance-unidirectional,P2-063,P2-113,"['page8-192.svg', 'page5-80.svg', 'page7-115.svg', 'page2-140.svg', 'page8-18.svg', 'page7-44.svg', 'page7-186.svg', 'page5-153.svg', 'page2-85.svg', 'page2-114.svg']",5.0,Squished 'U',2.0,10.0,"(17,)",page5-153.svg,True
P2G031,exp2_train_and_test_1.json,P2R02109,8,1,page5-101.svg,False,0.6666666666666667,low,single-utterance-unidirectional,P2-017,P2-032,"['page3-70.svg', 'page8-21.svg', 'page5-101.svg', 'page2-165.svg', 'page1-95.svg', 'page8-156.svg', 'page7-40.svg', 'page6-171.svg', 'page3-61.svg', 'page7-29.svg']",7.0,a diamond between two triangles,5.0,11.0,"(16,)",page5-101.svg,True
P2G041,exp2_train_and_test_52.json,P2R00061,25,4,page8-159.svg,False,1.0,high,single-utterance-unidirectional,P2-005,P2-072,"['page9-32.svg', 'page7-10.svg', 'page8-159.svg', 'page8-215.svg', 'page6-107.svg', 'page1-150.svg', 'page8-156.svg', 'page8-246.svg', 'page1-172.svg', 'page2-16.svg']",5.0,A huge letter J,4.0,9.0,"(17,)",page8-159.svg,True
P2G039,exp2_train_and_test_4.json,P2R01458,11,1,page5-165.svg,False,0.7777777777777777,low,single-utterance-unidirectional,P2-022,P2-093,"['page5-233.svg', 'page2-34.svg', 'page9-39.svg', 'page6-21.svg', 'page3-201.svg', 'page6-135.svg', 'page6-124.svg', 'page2-64.svg', 'page5-165.svg', 'page6-1.svg']",11.0,space rocket with side fins pointing up,7.0,27.0,"(47,)",page5-165.svg,True
P2G005,exp2_train_and_test_43.json,P2R01422,21,3,page6-122.svg,False,0.5666666666666667,low,single-utterance-unidirectional,P2-111,P2-006,"['page8-246.svg', 'page7-125.svg', 'page6-122.svg', 'page7-226.svg', 'page7-145.svg', 'page8-21.svg', 'page5-101.svg', 'page6-160.svg', 'page9-40.svg', 'page8-183.svg']",10.0,house,1.0,12.0,"(26,)",page6-122.svg,True
P2G023,exp2_train_and_test_40.json,P2R01408,26,4,page5-153.svg,False,0.6425925925925926,low,single-utterance-unidirectional,P2-056,P2-081,"['page7-29.svg', 'page2-100.svg', 'page7-144.svg', 'page3-201.svg', 'page9-23.svg', 'page3-200.svg', 'page2-165.svg', 'page4-232.svg', 'page5-153.svg', 'page7-44.svg']",5.0,Bowl,1.0,6.0,"(13,)",page5-153.svg,True
P2G050,exp2_train_and_test_47.json,P2R01077,24,4,page5-84.svg,False,0.5111111111111112,low,single-utterance-unidirectional,P2-053,P2-039,"['page7-127.svg', 'page5-84.svg', 'page3-201.svg', 'page5-56.svg', 'page6-1.svg', 'page6-162.svg', 'page8-182.svg', 'page7-125.svg', 'page5-139.svg', 'page8-206.svg']",3.0,horseeee,1.0,6.0,"(18,)",page5-84.svg,True
P2G016,exp2_train_and_test_56.json,P2R01333,37,5,page7-107.svg,False,0.9935185185185184,high,single-utterance-unidirectional,P2-043,P2-003,"['page6-206.svg', 'page7-113.svg', 'page7-166.svg', 'page2-100.svg', 'page3-33.svg', 'page2-140.svg', 'page6-160.svg', 'page4-128.svg', 'page1-149.svg', 'page7-107.svg']",4.0,pacman ghost lying on its side with a diamond on its face,12.0,17.0,"(27,)",page7-107.svg,True
P2G008,exp2_train_and_test_22.json,P2R01160,21,3,page4-195.svg,False,1.0,high,single-utterance-unidirectional,P2-033,P2-038,"['page7-145.svg', 'page4-11.svg', 'page8-217.svg', 'page7-226.svg', 'page7-115.svg', 'page1-30.svg', 'page4-195.svg', 'page5-155.svg', 'page3-201.svg', 'page6-155.svg']",7.0,can opener,2.0,9.0,"(12,)",page4-195.svg,True
P2G054,exp2_train_and_test_38.json,P2R00118,39,5,page8-159.svg,False,1.0,high,single-utterance-unidirectional,P2-055,P2-012,"['page8-159.svg', 'page1-133.svg', 'page9-39.svg', 'page2-165.svg', 'page8-215.svg', 'page1-117.svg', 'page8-246.svg', 'page4-180.svg', 'page6-226.svg', 'page9-34.svg']",4.0,a big letter J,4.0,6.0,"(18,)",page8-159.svg,True
P2G011,exp2_train_and_test_36.json,P2R00366,17,2,page8-183.svg,False,1.0,high,single-utterance-unidirectional,P2-014,P2-073,"['page7-116.svg', 'page3-66.svg', 'page5-75.svg', 'page3-61.svg', 'page3-163.svg', 'page3-201.svg', 'page5-26.svg', 'page8-183.svg', 'page9-32.svg', 'page2-100.svg']",13.0,P,1.0,14.0,"(22,)",page8-183.svg,True
P2G026,exp2_train_and_test_24.json,P2R00715,36,5,page3-70.svg,False,1.0,high,single-utterance-unidirectional,P2-057,P2-048,"['page6-166.svg', 'page7-157.svg', 'page6-31.svg', 'page5-174.svg', 'page3-70.svg', 'page8-183.svg', 'page5-153.svg', 'page7-125.svg', 'page5-84.svg', 'page3-66.svg']",,,,,,,
P2G008,exp2_train_and_test_22.json,P2R02170,25,4,page4-11.svg,False,0.738888888888889,low,single-utterance-unidirectional,P2-038,P2-033,"['page4-195.svg', 'page1-30.svg', 'page7-115.svg', 'page6-155.svg', 'page7-226.svg', 'page4-11.svg', 'page5-155.svg', 'page8-217.svg', 'page3-201.svg', 'page7-145.svg']",5.0,monk,1.0,7.0,"(12,)",page4-11.svg,True
P2G036,exp2_train_and_test_45.json,P2R00843,18,3,page7-144.svg,False,1.0,high,single-utterance-unidirectional,P2-052,P2-091,"['page7-144.svg', 'page7-22.svg', 'page7-115.svg', 'page9-34.svg', 'page6-31.svg', 'page8-22.svg', 'page2-36.svg', 'page7-216.svg', 'page1-185.svg', 'page7-107.svg']",,,,,,,
P2G030,exp2_train_and_test_35.json,P2R00083,30,5,page8-246.svg,False,1.0,high,single-utterance-unidirectional,P2-044,P2-002,"['page2-165.svg', 'page9-39.svg', 'page1-117.svg', 'page4-180.svg', 'page8-246.svg', 'page8-215.svg', 'page1-133.svg', 'page6-226.svg', 'page8-159.svg', 'page9-34.svg']",10.0,dancing dog,2.0,12.0,"(23,)",page8-246.svg,True
P2G053,exp2_train_and_test_23.json,P2R00413,15,2,page5-188.svg,True,1.0,high,single-utterance-unidirectional,P2-037,P2-045,"['page1-133.svg', 'page7-116.svg', 'page6-160.svg', 'page1-128.svg', 'page8-248.svg', 'page7-10.svg', 'page5-56.svg', 'page6-226.svg', 'page6-204.svg', 'page5-188.svg']",5.0,snake with a arrow head,5.0,9.0,"(20,)",page5-188.svg,True
P2G043,exp2_train_and_test_54.json,P2R00023,21,3,page6-109.svg,False,1.0,high,single-utterance-unidirectional,P2-115,P2-088,"['page4-142.svg', 'page5-80.svg', 'page2-131.svg', 'page5-155.svg', 'page6-245.svg', 'page8-18.svg', 'page7-217.svg', 'page6-107.svg', 'page7-177.svg', 'page6-109.svg']",,,,,,,
P2G044,exp2_train_and_test_39.json,P2R00659,35,5,page6-226.svg,False,1.0,high,single-utterance-unidirectional,P2-076,P2-101,"['page8-159.svg', 'page1-133.svg', 'page9-39.svg', 'page2-165.svg', 'page8-215.svg', 'page1-117.svg', 'page8-246.svg', 'page4-180.svg', 'page6-226.svg', 'page9-34.svg']",18.0,sunglasses with one arm missing,5.0,27.0,"(32,)",page6-226.svg,True
P2G014,exp2_train_and_test_27.json,P2R00125,20,3,page7-166.svg,False,1.0,high,single-utterance-unidirectional,P2-060,P2-118,"['page6-160.svg', 'page7-166.svg', 'page3-139.svg', 'page1-34.svg', 'page3-201.svg', 'page8-166.svg', 'page2-131.svg', 'page3-33.svg', 'page9-39.svg', 'page5-128.svg']",10.0,a bowl on top of a triangle,7.0,17.0,"(23,)",page7-166.svg,True
P2G052,exp2_train_and_test_30.json,P2R00860,6,1,page2-34.svg,True,0.7611111111111111,low,single-utterance-unidirectional,P2-030,P2-061,"['page5-101.svg', 'page6-166.svg', 'page8-156.svg', 'page1-172.svg', 'page6-21.svg', 'page3-201.svg', 'page2-34.svg', 'page2-136.svg', 'page4-155.svg', 'page6-245.svg']",13.0,Looks like the letter N with a line coming diagonally from top left,13.0,28.0,,,
P2G021,exp2_train_and_test_58.json,P2R00873,30,5,page1-149.svg,False,1.0,high,single-utterance-unidirectional,P2-064,P2-036,"['page4-128.svg', 'page7-107.svg', 'page7-113.svg', 'page3-33.svg', 'page2-100.svg', 'page7-166.svg', 'page6-206.svg', 'page1-149.svg', 'page6-160.svg', 'page2-140.svg']",6.0,candlestick,1.0,8.0,"(13,)",page1-149.svg,True
P2G013,exp2_train_and_test_55.json,P2R02312,23,3,page5-128.svg,False,0.9925925925925926,high,single-utterance-unidirectional,P2-109,P2-097,"['page4-244.svg', 'page7-155.svg', 'page1-77.svg', 'page3-59.svg', 'page5-128.svg', 'page5-139.svg', 'page3-61.svg', 'page4-241.svg', 'page4-98.svg', 'page6-107.svg']",6.0,wale diving into the sea,5.0,13.0,"(23,)",page5-128.svg,True
P2G036,exp2_train_and_test_45.json,P2R01653,20,3,page2-36.svg,True,0.6666666666666667,low,single-utterance-unidirectional,P2-052,P2-091,"['page7-144.svg', 'page7-22.svg', 'page7-115.svg', 'page9-34.svg', 'page6-31.svg', 'page8-22.svg', 'page2-36.svg', 'page7-216.svg', 'page1-185.svg', 'page7-107.svg']",,,,,,,
P2G016,exp2_train_and_test_56.json,P2R00892,21,3,page6-192.svg,True,0.6444444444444445,low,single-utterance-unidirectional,P2-043,P2-003,"['page6-192.svg', 'page4-96.svg', 'page5-155.svg', 'page5-121.svg', 'page7-35.svg', 'page5-40.svg', 'page7-29.svg', 'page7-125.svg', 'page1-107.svg', 'page8-206.svg']",9.0,man kneeling down,3.0,13.0,"(23,)",page6-192.svg,True
P2G029,exp2_train_and_test_14.json,P2R00309,29,4,page5-75.svg,False,0.6944444444444444,low,single-utterance-unidirectional,P2-099,P2-019,"['page5-36.svg', 'page8-176.svg', 'page7-144.svg', 'page2-86.svg', 'page5-75.svg', 'page7-41.svg', 'page9-34.svg', 'page3-21.svg', 'page7-226.svg', 'page2-20.svg']",2.0,flamingo,1.0,4.0,"(12,)",page5-75.svg,True
P2G019,exp2_train_and_test_26.json,P2R00676,24,4,page2-86.svg,True,0.7777777777777777,low,single-utterance-unidirectional,P2-034,P2-069,"['page3-59.svg', 'page1-77.svg', 'page2-165.svg', 'page1-34.svg', 'page2-86.svg', 'page2-133.svg', 'page6-123.svg', 'page5-128.svg', 'page2-34.svg', 'page1-149.svg']",3.0,Looks like a hairline with two space buns,8.0,9.0,"(17,)",page2-86.svg,True
P2G028,exp2_train_and_test_0.json,P2R00322,5,0,page3-33.svg,False,0.6111111111111112,low,single-utterance-unidirectional,P2-100,P2-015,"['page8-247.svg', 'page6-206.svg', 'page1-117.svg', 'page2-140.svg', 'page1-30.svg', 'page9-39.svg', 'page1-185.svg', 'page3-33.svg', 'page6-228.svg', 'page7-81.svg']",12.0,Looks like rocky mountains underneath but with a thing overtop of them,12.0,33.0,"(47,)",page3-33.svg,True
P2G024,exp2_train_and_test_48.json,P2R02060,35,5,page5-155.svg,False,0.5777777777777778,low,single-utterance-unidirectional,P2-116,P2-001,"['page7-217.svg', 'page3-59.svg', 'page8-234.svg', 'page5-85.svg', 'page7-157.svg', 'page1-175.svg', 'page7-203.svg', 'page5-155.svg', 'page8-169.svg', 'page6-107.svg']",5.0,Christmas tree,2.0,12.0,"(14,)",page5-155.svg,True
P2G018,exp2_train_and_test_57.json,P2R00586,3,0,page5-232.svg,True,0.7277777777777779,low,single-utterance-unidirectional,P2-083,P2-067,"['page7-20.svg', 'page3-139.svg', 'page8-22.svg', 'page5-102.svg', 'page4-195.svg', 'page7-217.svg', 'page5-26.svg', 'page7-40.svg', 'page9-40.svg', 'page5-232.svg']",5.0,Thick arrow pointing upwards,4.0,19.0,"(50,)",page5-232.svg,True
P2G015,exp2_train_and_test_16.json,P2R01012,24,4,page1-34.svg,True,1.0,high,single-utterance-unidirectional,P2-047,P2-058,"['page5-85.svg', 'page5-213.svg', 'page6-1.svg', 'page5-56.svg', 'page1-34.svg', 'page4-180.svg', 'page2-114.svg', 'page2-133.svg', 'page7-79.svg', 'page6-204.svg']",9.0,heart,1.0,10.0,"(17,)",page1-34.svg,True
P2G026,exp2_train_and_test_24.json,P2R01805,20,3,page4-195.svg,False,1.0,high,single-utterance-unidirectional,P2-048,P2-057,"['page1-48.svg', 'page1-133.svg', 'page9-40.svg', 'page8-38.svg', 'page7-44.svg', 'page-F.svg', 'page5-45.svg', 'page4-195.svg', 'page6-206.svg', 'page7-55.svg']",,,,,,,
P2G011,exp2_train_and_test_36.json,P2R02048,32,5,page9-39.svg,False,0.7407407407407408,low,single-utterance-unidirectional,P2-014,P2-073,"['page2-165.svg', 'page9-39.svg', 'page1-117.svg', 'page4-180.svg', 'page8-246.svg', 'page8-215.svg', 'page1-133.svg', 'page6-226.svg', 'page8-159.svg', 'page9-34.svg']",11.0,J with staright line on left,6.0,27.0,"(44,)",page8-215.svg,False
P2G014,exp2_train_and_test_27.json,P2R00801,0,0,page3-201.svg,False,0.5548148148148148,low,single-utterance-unidirectional,P2-118,P2-060,"['page9-39.svg', 'page3-33.svg', 'page5-128.svg', 'page3-139.svg', 'page7-166.svg', 'page3-201.svg', 'page6-160.svg', 'page1-34.svg', 'page2-131.svg', 'page8-166.svg']",7.0,A rabbit in a dress,5.0,11.0,"(23,)",page3-201.svg,True
P2G019,exp2_train_and_test_26.json,P2R01902,10,1,page2-133.svg,True,1.0,high,single-utterance-unidirectional,P2-034,P2-069,"['page3-59.svg', 'page1-77.svg', 'page2-165.svg', 'page1-34.svg', 'page2-86.svg', 'page2-133.svg', 'page6-123.svg', 'page5-128.svg', 'page2-34.svg', 'page1-149.svg']",5.0,The beaker one that you selected last time haha,9.0,13.0,"(26,)",page2-133.svg,True
P2G034,exp2_train_and_test_7.json,P2R00428,24,4,page1-34.svg,False,1.0,high,single-utterance-unidirectional,P2-031,P2-035,"['page2-86.svg', 'page5-165.svg', 'page3-70.svg', 'page6-122.svg', 'page5-102.svg', 'page7-117.svg', 'page2-140.svg', 'page1-34.svg', 'page2-136.svg', 'page5-155.svg']",4.0,heart on a base,4.0,8.0,"(13,)",page1-34.svg,True
P2G018,exp2_train_and_test_57.json,P2R01839,38,5,page4-128.svg,False,1.0,high,single-utterance-unidirectional,P2-067,P2-083,"['page4-128.svg', 'page7-107.svg', 'page7-113.svg', 'page3-33.svg', 'page2-100.svg', 'page7-166.svg', 'page6-206.svg', 'page1-149.svg', 'page6-160.svg', 'page2-140.svg']",4.0,"looks like a tall skinny watering can, spout on left",10.0,16.0,"(27,)",page4-128.svg,True
P2G013,exp2_train_and_test_55.json,P2R02107,36,5,page7-166.svg,False,1.0,high,single-utterance-unidirectional,P2-097,P2-109,"['page4-128.svg', 'page7-107.svg', 'page7-113.svg', 'page3-33.svg', 'page2-100.svg', 'page7-166.svg', 'page6-206.svg', 'page1-149.svg', 'page6-160.svg', 'page2-140.svg']",15.0,block balancing on a triangle,5.0,26.0,"(39,)",page7-166.svg,True
P2G031,exp2_train_and_test_1.json,P2R01764,39,5,page7-115.svg,False,0.6,low,single-utterance-unidirectional,P2-017,P2-032,"['page7-177.svg', 'page5-75.svg', 'page6-204.svg', 'page7-35.svg', 'page7-144.svg', 'page4-98.svg', 'page2-131.svg', 'page6-245.svg', 'page9-34.svg', 'page7-115.svg']",5.0,looks like cat ears,4.0,19.0,"(22,)",page7-115.svg,True
P2G052,exp2_train_and_test_30.json,P2R00215,36,5,page8-215.svg,False,0.6666666666666667,low,single-utterance-unidirectional,P2-061,P2-030,"['page2-165.svg', 'page9-39.svg', 'page1-117.svg', 'page4-180.svg', 'page8-246.svg', 'page8-215.svg', 'page1-133.svg', 'page6-226.svg', 'page8-159.svg', 'page9-34.svg']",6.0,S shaped,2.0,15.0,"(23,)",page8-215.svg,True
P2G054,exp2_train_and_test_38.json,P2R02020,2,0,page7-15.svg,False,0.5935185185185186,low,single-utterance-unidirectional,P2-012,P2-055,"['page6-71.svg', 'page7-41.svg', 'page4-197.svg', 'page4-98.svg', 'page6-109.svg', 'page6-208.svg', 'page6-135.svg', 'page7-15.svg', 'page2-131.svg', 'page6-186.svg']",13.0,"Looks like a mountain range, made up of 4 triangles, and a plateau in the middle",16.0,35.0,"(46,)",page7-15.svg,True
P2G002,exp2_train_and_test_15.json,P2R01192,22,3,page6-53.svg,False,0.7742592592592592,low,single-utterance-unidirectional,P2-062,P2-114,"['page4-180.svg', 'page1-172.svg', 'page2-20.svg', 'page5-96.svg', 'page2-114.svg', 'page8-159.svg', 'page6-53.svg', 'page3-70.svg', 'page7-53.svg', 'page7-125.svg']",4.0,man on a throne facing left,6.0,15.0,"(17,)",page6-53.svg,True
P2G021,exp2_train_and_test_58.json,P2R02341,8,1,page5-233.svg,False,1.0,high,single-utterance-unidirectional,P2-036,P2-064,"['page8-38.svg', 'page4-195.svg', 'page3-205.svg', 'page7-41.svg', 'page4-241.svg', 'page5-84.svg', 'page7-226.svg', 'page6-31.svg', 'page5-233.svg', 'page9-40.svg']",9.0,rectangle with 2 triangle cut out,6.0,18.0,"(24,)",page5-233.svg,True
P2G042,exp2_train_and_test_50.json,P2R01683,1,0,page1-175.svg,False,1.0,high,single-utterance-unidirectional,P2-049,P2-042,"['page3-21.svg', 'page2-136.svg', 'page5-56.svg', 'page8-169.svg', 'page6-204.svg', 'page1-95.svg', 'page6-31.svg', 'page8-58.svg', 'page2-165.svg', 'page1-175.svg']",,,,,,,
P2G045,exp2_train_and_test_34.json,P2R00155,19,3,page2-16.svg,False,0.6722222222222223,low,single-utterance-unidirectional,P2-054,P2-087,"['page6-219.svg', 'page9-32.svg', 'page1-172.svg', 'page7-202.svg', 'page4-155.svg', 'page5-66.svg', 'page7-127.svg', 'page8-38.svg', 'page2-16.svg', 'page7-117.svg']",16.0,three triangles and square,4.0,22.0,"(34,)",page2-16.svg,True
P2G003,exp2_train_and_test_21.json,P2R00069,22,3,page5-188.svg,False,1.0,high,single-utterance-unidirectional,P2-041,P2-105,"['page1-132.svg', 'page5-101.svg', 'page6-155.svg', 'page4-98.svg', 'page5-120.svg', 'page5-188.svg', 'page7-115.svg', 'page7-191.svg', 'page7-4.svg', 'page8-159.svg']",14.0,the swimming figure with the arrow pointing up and left,10.0,27.0,"(33,)",page5-188.svg,True
P2G013,exp2_train_and_test_55.json,P2R01382,25,4,page3-61.svg,False,1.0,high,single-utterance-unidirectional,P2-097,P2-109,"['page1-77.svg', 'page3-61.svg', 'page3-59.svg', 'page4-241.svg', 'page5-139.svg', 'page6-107.svg', 'page4-244.svg', 'page7-155.svg', 'page5-128.svg', 'page4-98.svg']",10.0,weird shaped bench,3.0,16.0,"(23,)",page3-61.svg,True
P2G009,exp2_train_and_test_3.json,P2R00459,3,0,page6-166.svg,False,1.0,high,single-utterance-unidirectional,P2-117,P2-024,"['page5-165.svg', 'page5-101.svg', 'page2-86.svg', 'page6-166.svg', 'page7-126.svg', 'page8-169.svg', 'page4-180.svg', 'page6-167.svg', 'page3-139.svg', 'page1-117.svg']",12.0,looks like an elf boot with pointy up toes,9.0,29.0,"(42,)",page5-101.svg,False
P2G029,exp2_train_and_test_14.json,P2R01944,39,5,page4-5.svg,False,0.6916666666666667,low,single-utterance-unidirectional,P2-019,P2-099,"['page6-167.svg', 'page1-77.svg', 'page4-96.svg', 'page1-175.svg', 'page7-20.svg', 'page1-149.svg', 'page1-133.svg', 'page4-5.svg', 'page3-201.svg', 'page7-4.svg']",3.0,person facing right on one leg,6.0,8.0,"(16,)",page4-5.svg,True
P2G029,exp2_train_and_test_14.json,P2R01753,33,5,page1-133.svg,False,0.5444444444444445,low,single-utterance-unidirectional,P2-019,P2-099,"['page6-167.svg', 'page1-77.svg', 'page4-96.svg', 'page1-175.svg', 'page7-20.svg', 'page1-149.svg', 'page1-133.svg', 'page4-5.svg', 'page3-201.svg', 'page7-4.svg']",7.0,"big block, flat bottom, biggest image here",7.0,28.0,"(37,)",page1-133.svg,True
P2G047,exp2_train_and_test_11.json,P2R01449,12,2,page8-156.svg,False,1.0,high,single-utterance-unidirectional,P2-089,P2-065,"['page8-156.svg', 'page8-192.svg', 'page6-162.svg', 'page7-53.svg', 'page7-145.svg', 'page7-177.svg', 'page7-226.svg', 'page-F.svg', 'page7-41.svg', 'page7-36.svg']",4.0,The letter K,3.0,8.0,"(19,)",page8-156.svg,True
P2G032,exp2_train_and_test_44.json,P2R01393,33,5,page7-203.svg,False,0.9925925925925926,high,single-utterance-unidirectional,P2-096,P2-102,"['page7-217.svg', 'page3-59.svg', 'page8-234.svg', 'page5-85.svg', 'page7-157.svg', 'page1-175.svg', 'page7-203.svg', 'page5-155.svg', 'page8-169.svg', 'page6-107.svg']",7.0,samller diamond set,3.0,12.0,"(17,)",page7-203.svg,True
P2G051,exp2_train_and_test_5.json,P2R02058,6,1,page6-228.svg,False,1.0,high,single-utterance-unidirectional,P2-051,P2-016,"['page7-155.svg', 'page3-21.svg', 'page3-33.svg', 'page5-107.svg', 'page7-166.svg', 'page3-52.svg', 'page7-20.svg', 'page7-40.svg', 'page6-228.svg', 'page5-40.svg']",4.0,Rhombus,1.0,6.0,"(9,)",page6-228.svg,True
P2G010,exp2_train_and_test_17.json,P2R02066,33,5,page1-133.svg,False,0.5444444444444445,low,single-utterance-unidirectional,P2-068,P2-092,"['page6-167.svg', 'page1-77.svg', 'page4-96.svg', 'page1-175.svg', 'page7-20.svg', 'page1-149.svg', 'page1-133.svg', 'page4-5.svg', 'page3-201.svg', 'page7-4.svg']",5.0,a giant blocky shape. starts off like a square but it narrows at the top to a flat surface,19.0,22.0,"(44,)",page1-133.svg,True
P2G027,exp2_train_and_test_49.json,P2R00310,1,0,page5-80.svg,False,0.5555555555555556,low,single-utterance-unidirectional,P2-113,P2-063,"['page7-186.svg', 'page2-140.svg', 'page8-192.svg', 'page2-114.svg', 'page5-153.svg', 'page5-80.svg', 'page7-44.svg', 'page8-18.svg', 'page7-115.svg', 'page2-85.svg']",15.0,4 sides,2.0,22.0,"(46,)",page7-186.svg,False
P2G006,exp2_train_and_test_51.json,P2R01650,5,0,page7-127.svg,False,0.6222222222222222,low,single-utterance-unidirectional,P2-071,P2-050,"['page7-127.svg', 'page2-20.svg', 'page7-157.svg', 'page8-246.svg', 'page8-58.svg', 'page7-15.svg', 'page6-167.svg', 'page4-155.svg', 'page5-190.svg', 'page7-125.svg']",13.0,Bird flying left,3.0,17.0,"(23,)",page7-127.svg,True
P2G001,exp2_train_and_test_28.json,P2R00579,19,3,page3-33.svg,True,0.6111111111111112,low,single-utterance-unidirectional,P2-027,P2-080,"['page6-155.svg', 'page7-113.svg', 'page2-34.svg', 'page7-115.svg', 'page7-44.svg', 'page3-33.svg', 'page6-52.svg', 'page5-121.svg', 'page6-175.svg', 'page5-63.svg']",,,,,,,
P2G011,exp2_train_and_test_36.json,P2R02153,10,1,page2-100.svg,False,0.7685185185185184,low,single-utterance-unidirectional,P2-073,P2-014,"['page3-61.svg', 'page7-116.svg', 'page5-75.svg', 'page9-32.svg', 'page3-201.svg', 'page2-100.svg', 'page8-183.svg', 'page5-26.svg', 'page3-66.svg', 'page3-163.svg']",12.0,flower,1.0,14.0,"(26,)",page2-100.svg,True
P2G044,exp2_train_and_test_39.json,P2R01783,19,3,page8-18.svg,True,0.3777777777777778,low,single-utterance-unidirectional,P2-076,P2-101,"['page7-157.svg', 'page5-71.svg', 'page6-167.svg', 'page8-18.svg', 'page5-63.svg', 'page5-101.svg', 'page7-15.svg', 'page4-197.svg', 'page4-190.svg', 'page5-128.svg']",5.0,swan,1.0,7.0,"(12,)",page8-18.svg,True
P2G052,exp2_train_and_test_30.json,P2R01794,1,0,page6-245.svg,False,1.0,high,single-utterance-unidirectional,P2-061,P2-030,"['page1-172.svg', 'page6-166.svg', 'page6-245.svg', 'page4-155.svg', 'page5-101.svg', 'page3-201.svg', 'page8-156.svg', 'page6-21.svg', 'page2-34.svg', 'page2-136.svg']",16.0,It looks like the letter r with a small triangle on the top right and a square on the bottom left,21.0,39.0,,,
P2G054,exp2_train_and_test_38.json,P2R01604,15,2,page4-197.svg,False,1.0,high,single-utterance-unidirectional,P2-012,P2-055,"['page6-71.svg', 'page7-41.svg', 'page4-197.svg', 'page4-98.svg', 'page6-109.svg', 'page6-208.svg', 'page6-135.svg', 'page7-15.svg', 'page2-131.svg', 'page6-186.svg']",11.0,Head resting on pillow,4.0,17.0,"(27,)",page4-197.svg,True
P2G058,exp2_train_and_test_2.json,P2R00710,14,2,page8-58.svg,True,0.7259259259259259,low,single-utterance-unidirectional,P2-077,P2-082,"['page6-121.svg', 'page7-41.svg', 'page1-132.svg', 'page7-117.svg', 'page5-102.svg', 'page3-66.svg', 'page7-81.svg', 'page8-58.svg', 'page7-15.svg', 'page4-190.svg']",3.0,it looks like a person walking. They have a square head,11.0,15.0,"(17,)",page8-58.svg,True
P2G001,exp2_train_and_test_28.json,P2R02011,36,5,page3-70.svg,False,1.0,high,single-utterance-unidirectional,P2-080,P2-027,"['page6-166.svg', 'page7-157.svg', 'page6-31.svg', 'page5-174.svg', 'page3-70.svg', 'page8-183.svg', 'page5-153.svg', 'page7-125.svg', 'page5-84.svg', 'page3-66.svg']",,,,,,,
P2G007,exp2_train_and_test_20.json,P2R01036,2,0,page3-201.svg,False,0.5548148148148148,low,single-utterance-unidirectional,P2-108,P2-074,"['page7-29.svg', 'page7-225.svg', 'page2-64.svg', 'page4-155.svg', 'page5-45.svg', 'page5-154.svg', 'page4-98.svg', 'page7-226.svg', 'page3-201.svg', 'page7-15.svg']",13.0,rabbit on christmas tree,4.0,18.0,"(24,)",page3-201.svg,True
P2G005,exp2_train_and_test_43.json,P2R02069,10,1,page6-122.svg,False,0.5666666666666667,low,single-utterance-unidirectional,P2-111,P2-006,"['page8-246.svg', 'page7-125.svg', 'page6-122.svg', 'page7-226.svg', 'page7-145.svg', 'page8-21.svg', 'page5-101.svg', 'page6-160.svg', 'page9-40.svg', 'page8-183.svg']",7.0,House with a chimney,4.0,12.0,"(24,)",page6-122.svg,True
P2G028,exp2_train_and_test_0.json,P2R01655,14,2,page1-117.svg,False,1.0,high,single-utterance-unidirectional,P2-100,P2-015,"['page8-247.svg', 'page6-206.svg', 'page1-117.svg', 'page2-140.svg', 'page1-30.svg', 'page9-39.svg', 'page1-185.svg', 'page3-33.svg', 'page6-228.svg', 'page7-81.svg']",13.0,cup one. also known as podium,6.0,20.0,"(33,)",page1-117.svg,True
P2G046,exp2_train_and_test_46.json,P2R00963,35,5,page5-155.svg,False,0.5777777777777778,low,single-utterance-unidirectional,P2-008,P2-079,"['page7-217.svg', 'page3-59.svg', 'page8-234.svg', 'page5-85.svg', 'page7-157.svg', 'page1-175.svg', 'page7-203.svg', 'page5-155.svg', 'page8-169.svg', 'page6-107.svg']",5.0,Deformed Christmas (pine) tree.,4.0,15.0,"(32,)",page5-155.svg,True
P2G041,exp2_train_and_test_52.json,P2R02284,13,2,page8-156.svg,False,1.0,high,single-utterance-unidirectional,P2-005,P2-072,"['page9-32.svg', 'page7-10.svg', 'page8-159.svg', 'page8-215.svg', 'page6-107.svg', 'page1-150.svg', 'page8-156.svg', 'page8-246.svg', 'page1-172.svg', 'page2-16.svg']",11.0,This look like a capital K,6.0,21.0,"(33,)",page8-156.svg,True
P2G050,exp2_train_and_test_47.json,P2R01392,16,2,page5-84.svg,False,0.5111111111111112,low,single-utterance-unidirectional,P2-053,P2-039,"['page7-127.svg', 'page5-84.svg', 'page3-201.svg', 'page5-56.svg', 'page6-1.svg', 'page6-162.svg', 'page8-182.svg', 'page7-125.svg', 'page5-139.svg', 'page8-206.svg']",3.0,horse thing,2.0,5.0,"(16,)",page5-84.svg,True
P2G027,exp2_train_and_test_49.json,P2R01905,9,1,page7-186.svg,False,1.0,high,single-utterance-unidirectional,P2-063,P2-113,"['page8-192.svg', 'page5-80.svg', 'page7-115.svg', 'page2-140.svg', 'page8-18.svg', 'page7-44.svg', 'page7-186.svg', 'page5-153.svg', 'page2-85.svg', 'page2-114.svg']",12.0,P,1.0,12.0,"(23,)",page7-186.svg,True
P2G051,exp2_train_and_test_5.json,P2R01169,33,5,page9-34.svg,False,1.0,high,single-utterance-unidirectional,P2-051,P2-016,"['page7-177.svg', 'page5-75.svg', 'page6-204.svg', 'page7-35.svg', 'page7-144.svg', 'page4-98.svg', 'page2-131.svg', 'page6-245.svg', 'page9-34.svg', 'page7-115.svg']",16.0,I see a dog shaped head,6.0,35.0,"(46,)",page9-34.svg,True
P2G027,exp2_train_and_test_49.json,P2R02188,7,1,page7-115.svg,False,0.6,low,single-utterance-unidirectional,P2-063,P2-113,"['page8-192.svg', 'page5-80.svg', 'page7-115.svg', 'page2-140.svg', 'page8-18.svg', 'page7-44.svg', 'page7-186.svg', 'page5-153.svg', 'page2-85.svg', 'page2-114.svg']",12.0,Squished 'H',2.0,16.0,"(23,)",page7-115.svg,True
P2G011,exp2_train_and_test_36.json,P2R01713,0,0,page5-75.svg,False,0.6944444444444444,low,single-utterance-unidirectional,P2-014,P2-073,"['page7-116.svg', 'page3-66.svg', 'page5-75.svg', 'page3-61.svg', 'page3-163.svg', 'page3-201.svg', 'page5-26.svg', 'page8-183.svg', 'page9-32.svg', 'page2-100.svg']",7.0,looks like a duck r swan,6.0,22.0,"(35,)",page5-75.svg,True
P2G009,exp2_train_and_test_3.json,P2R00298,30,5,page7-144.svg,False,1.0,high,single-utterance-unidirectional,P2-117,P2-024,"['page9-34.svg', 'page7-115.svg', 'page4-98.svg', 'page7-177.svg', 'page7-35.svg', 'page6-245.svg', 'page7-144.svg', 'page2-131.svg', 'page5-75.svg', 'page6-204.svg']",15.0,a knight in armour with head pointing right,8.0,28.0,"(44,)",page9-34.svg,False
P2G008,exp2_train_and_test_22.json,P2R01287,27,4,page7-145.svg,True,0.7666666666666666,low,single-utterance-unidirectional,P2-033,P2-038,"['page7-145.svg', 'page4-11.svg', 'page8-217.svg', 'page7-226.svg', 'page7-115.svg', 'page1-30.svg', 'page4-195.svg', 'page5-155.svg', 'page3-201.svg', 'page6-155.svg']",8.0,ostrich looking right,3.0,11.0,"(25,)",page7-145.svg,True
P2G026,exp2_train_and_test_24.json,P2R00004,8,1,page1-48.svg,False,1.0,high,single-utterance-unidirectional,P2-048,P2-057,"['page1-48.svg', 'page1-133.svg', 'page9-40.svg', 'page8-38.svg', 'page7-44.svg', 'page-F.svg', 'page5-45.svg', 'page4-195.svg', 'page6-206.svg', 'page7-55.svg']",,,,,,,
P2G001,exp2_train_and_test_28.json,P2R01137,20,3,page5-121.svg,False,0.9925925925925926,high,single-utterance-unidirectional,P2-027,P2-080,"['page6-155.svg', 'page7-113.svg', 'page2-34.svg', 'page7-115.svg', 'page7-44.svg', 'page3-33.svg', 'page6-52.svg', 'page5-121.svg', 'page6-175.svg', 'page5-63.svg']",,,,,,,
P2G016,exp2_train_and_test_56.json,P2R02325,15,2,page4-96.svg,False,1.0,high,single-utterance-unidirectional,P2-003,P2-043,"['page7-29.svg', 'page5-121.svg', 'page1-107.svg', 'page7-125.svg', 'page5-155.svg', 'page4-96.svg', 'page7-35.svg', 'page6-192.svg', 'page8-206.svg', 'page5-40.svg']",4.0,Tap facing to the right,5.0,12.0,"(25,)",page4-96.svg,True
P2G057,exp2_train_and_test_10.json,P2R01640,12,2,page5-56.svg,True,0.6222222222222223,low,single-utterance-unidirectional,P2-084,P2-090,"['page7-79.svg', 'page3-12.svg', 'page7-116.svg', 'page2-100.svg', 'page1-150.svg', 'page9-25.svg', 'page7-35.svg', 'page5-56.svg', 'page8-206.svg', 'page6-185.svg']",6.0,the mountain range of 4 triangles,6.0,15.0,"(24,)",page5-56.svg,True
P2G035,exp2_train_and_test_12.json,P2R00297,32,5,page1-149.svg,False,1.0,high,single-utterance-unidirectional,P2-040,P2-029,"['page4-96.svg', 'page1-149.svg', 'page3-201.svg', 'page6-167.svg', 'page1-77.svg', 'page1-133.svg', 'page7-20.svg', 'page4-5.svg', 'page1-175.svg', 'page7-4.svg']",,,,,,,
P2G012,exp2_train_and_test_29.json,P2R02065,5,0,page7-117.svg,True,1.0,high,single-utterance-unidirectional,P2-066,P2-025,"['page5-128.svg', 'page7-115.svg', 'page4-241.svg', 'page7-117.svg', 'page6-186.svg', 'page9-25.svg', 'page1-132.svg', 'page5-75.svg', 'page6-228.svg', 'page2-34.svg']",9.0,A T with triangles pointing towards it and one in middle,11.0,21.0,"(39,)",page1-132.svg,False
P2G043,exp2_train_and_test_54.json,P2R01517,5,0,page6-109.svg,False,1.0,high,single-utterance-unidirectional,P2-088,P2-115,"['page6-245.svg', 'page6-107.svg', 'page4-142.svg', 'page7-177.svg', 'page8-18.svg', 'page5-80.svg', 'page7-217.svg', 'page5-155.svg', 'page2-131.svg', 'page6-109.svg']",8.0,"A rectangle shape with arrow on left side, right side zig zag",12.0,37.0,"(55,)",page6-109.svg,True
P2G037,exp2_train_and_test_42.json,P2R01577,14,2,page1-150.svg,False,1.0,high,single-utterance-unidirectional,P2-075,P2-026,"['page8-58.svg', 'page5-96.svg', 'page8-159.svg', 'page7-53.svg', 'page1-150.svg', 'page6-226.svg', 'page7-73.svg', 'page6-206.svg', 'page5-128.svg', 'page6-71.svg']",12.0,funnel shape on another shape,5.0,20.0,"(33,)",page1-150.svg,True
P2G048,exp2_train_and_test_19.json,P2R00636,28,4,page4-197.svg,False,1.0,high,single-utterance-unidirectional,P2-106,P2-085,"['page7-115.svg', 'page2-86.svg', 'page5-71.svg', 'page4-197.svg', 'page7-44.svg', 'page8-18.svg', 'page1-30.svg', 'page1-128.svg', 'page6-135.svg', 'page8-38.svg']",12.0,diamond,1.0,15.0,"(19,)",page4-197.svg,True
P2G018,exp2_train_and_test_57.json,P2R01116,6,1,page7-217.svg,False,1.0,high,single-utterance-unidirectional,P2-083,P2-067,"['page7-20.svg', 'page3-139.svg', 'page8-22.svg', 'page5-102.svg', 'page4-195.svg', 'page7-217.svg', 'page5-26.svg', 'page7-40.svg', 'page9-40.svg', 'page5-232.svg']",6.0,"The bottom part is a long flat surface, the top section has a part sticking up on the left side",20.0,42.0,"(58,)",,
P2G046,exp2_train_and_test_46.json,P2R01950,31,5,page7-217.svg,False,1.0,high,single-utterance-unidirectional,P2-008,P2-079,"['page7-217.svg', 'page3-59.svg', 'page8-234.svg', 'page5-85.svg', 'page7-157.svg', 'page1-175.svg', 'page7-203.svg', 'page5-155.svg', 'page8-169.svg', 'page6-107.svg']",9.0,An iron,2.0,16.0,"(35,)",page7-217.svg,True
P2G017,exp2_train_and_test_13.json,P2R00866,19,3,page6-204.svg,False,1.0,high,single-utterance-unidirectional,P2-104,P2-059,"['page6-204.svg', 'page6-21.svg', 'page9-40.svg', 'page8-22.svg', 'page6-31.svg', 'page3-207.svg', 'page4-155.svg', 'page7-125.svg', 'page1-128.svg', 'page8-192.svg']",8.0,castle with a cimney to the left,7.0,17.0,"(23,)",page6-204.svg,True
P2G029,exp2_train_and_test_14.json,P2R00360,14,2,page2-20.svg,True,1.0,high,single-utterance-unidirectional,P2-019,P2-099,"['page9-34.svg', 'page5-36.svg', 'page7-41.svg', 'page5-75.svg', 'page3-21.svg', 'page2-20.svg', 'page7-226.svg', 'page8-176.svg', 'page2-86.svg', 'page7-144.svg']",8.0,Thing that looks like bat symbol on a platform,9.0,24.0,"(33,)",page2-20.svg,True
P2G009,exp2_train_and_test_3.json,P2R00283,7,1,page2-86.svg,False,0.7777777777777777,low,single-utterance-unidirectional,P2-024,P2-117,"['page2-86.svg', 'page7-126.svg', 'page5-101.svg', 'page8-169.svg', 'page3-139.svg', 'page6-166.svg', 'page6-167.svg', 'page4-180.svg', 'page5-165.svg', 'page1-117.svg']",,,,,,,
P2G008,exp2_train_and_test_22.json,P2R01632,37,5,page7-125.svg,False,0.9935185185185184,high,single-utterance-unidirectional,P2-033,P2-038,"['page7-125.svg', 'page8-183.svg', 'page7-157.svg', 'page3-66.svg', 'page5-84.svg', 'page6-31.svg', 'page6-166.svg', 'page5-153.svg', 'page3-70.svg', 'page5-174.svg']",11.0,a thick book end,4.0,15.0,"(18,)",page7-125.svg,True
P2G054,exp2_train_and_test_38.json,P2R02217,9,1,page7-15.svg,False,0.5935185185185186,low,single-utterance-unidirectional,P2-055,P2-012,"['page6-71.svg', 'page6-135.svg', 'page4-197.svg', 'page2-131.svg', 'page7-41.svg', 'page6-186.svg', 'page6-109.svg', 'page4-98.svg', 'page7-15.svg', 'page6-208.svg']",5.0,the 4 mountains with a plateau,6.0,8.0,"(13,)",page7-15.svg,True
P2G036,exp2_train_and_test_45.json,P2R01290,0,0,page7-22.svg,True,0.9935185185185184,high,single-utterance-unidirectional,P2-052,P2-091,"['page7-144.svg', 'page7-22.svg', 'page7-115.svg', 'page9-34.svg', 'page6-31.svg', 'page8-22.svg', 'page2-36.svg', 'page7-216.svg', 'page1-185.svg', 'page7-107.svg']",25.0,,,,,,
P2G003,exp2_train_and_test_21.json,P2R00059,8,1,page7-191.svg,False,1.0,high,single-utterance-unidirectional,P2-041,P2-105,"['page1-132.svg', 'page5-101.svg', 'page6-155.svg', 'page4-98.svg', 'page5-120.svg', 'page5-188.svg', 'page7-115.svg', 'page7-191.svg', 'page7-4.svg', 'page8-159.svg']",7.0,"a large black area on the top left, with a small triangle poking out at the bottom right",18.0,26.0,"(49,)",page5-120.svg,False
P2G047,exp2_train_and_test_11.json,P2R01969,35,5,page4-96.svg,False,1.0,high,single-utterance-unidirectional,P2-065,P2-089,"['page6-167.svg', 'page1-77.svg', 'page4-96.svg', 'page1-175.svg', 'page7-20.svg', 'page1-149.svg', 'page1-133.svg', 'page4-5.svg', 'page3-201.svg', 'page7-4.svg']",4.0,Looks like a vacuum and is next to the right of the sword,13.0,16.0,"(26,)",page7-20.svg,False
P2G009,exp2_train_and_test_3.json,P2R00684,35,5,page2-131.svg,False,0.5333333333333334,low,single-utterance-unidirectional,P2-024,P2-117,"['page7-177.svg', 'page5-75.svg', 'page6-204.svg', 'page7-35.svg', 'page7-144.svg', 'page4-98.svg', 'page2-131.svg', 'page6-245.svg', 'page9-34.svg', 'page7-115.svg']",6.0,A HAMMER WITH A SPIKE ON THE HANDLE HEAD FACE RIGHT PONT FACE,13.0,39.0,,,
P2G014,exp2_train_and_test_27.json,P2R01635,18,3,page1-34.svg,True,1.0,high,single-utterance-unidirectional,P2-060,P2-118,"['page6-160.svg', 'page7-166.svg', 'page3-139.svg', 'page1-34.svg', 'page3-201.svg', 'page8-166.svg', 'page2-131.svg', 'page3-33.svg', 'page9-39.svg', 'page5-128.svg']",8.0,a heart,2.0,10.0,"(31,)",page1-34.svg,True
P2G007,exp2_train_and_test_20.json,P2R00037,3,0,page2-64.svg,False,0.7185185185185186,low,single-utterance-unidirectional,P2-108,P2-074,"['page7-29.svg', 'page7-225.svg', 'page2-64.svg', 'page4-155.svg', 'page5-45.svg', 'page5-154.svg', 'page4-98.svg', 'page7-226.svg', 'page3-201.svg', 'page7-15.svg']",19.0,someone in boat,3.0,22.0,"(35,)",page2-64.svg,True
P2G001,exp2_train_and_test_28.json,P2R01793,22,3,page2-34.svg,False,0.7611111111111111,low,single-utterance-unidirectional,P2-027,P2-080,"['page6-155.svg', 'page7-113.svg', 'page2-34.svg', 'page7-115.svg', 'page7-44.svg', 'page3-33.svg', 'page6-52.svg', 'page5-121.svg', 'page6-175.svg', 'page5-63.svg']",,,,,,,
P2G032,exp2_train_and_test_44.json,P2R00623,22,3,page5-101.svg,False,0.6666666666666667,low,single-utterance-unidirectional,P2-096,P2-102,"['page8-21.svg', 'page4-197.svg', 'page6-53.svg', 'page4-96.svg', 'page2-34.svg', 'page5-101.svg', 'page7-20.svg', 'page5-190.svg', 'page8-22.svg', 'page6-226.svg']",5.0,square trianges each side,4.0,12.0,"(17,)",page5-101.svg,True
P2G033,exp2_train_and_test_8.json,P2R00692,12,2,page5-96.svg,False,0.5444444444444445,low,single-utterance-unidirectional,P2-112,P2-095,"['page5-45.svg', 'page5-26.svg', 'page5-96.svg', 'page3-61.svg', 'page4-190.svg', 'page8-166.svg', 'page8-234.svg', 'page6-219.svg', 'page7-4.svg', 'page7-15.svg']",5.0,the cat looking left,4.0,11.0,"(18,)",page5-96.svg,True
P2G047,exp2_train_and_test_11.json,P2R00768,38,5,page1-77.svg,False,0.6833333333333333,low,single-utterance-unidirectional,P2-089,P2-065,"['page4-96.svg', 'page1-149.svg', 'page3-201.svg', 'page6-167.svg', 'page1-77.svg', 'page1-133.svg', 'page7-20.svg', 'page4-5.svg', 'page1-175.svg', 'page7-4.svg']",3.0,Looks like a sword pointing down,6.0,11.0,"(21,)",page1-77.svg,True
P2G023,exp2_train_and_test_40.json,P2R02265,37,5,page1-175.svg,False,1.0,high,single-utterance-unidirectional,P2-081,P2-056,"['page7-217.svg', 'page3-59.svg', 'page8-234.svg', 'page5-85.svg', 'page7-157.svg', 'page1-175.svg', 'page7-203.svg', 'page5-155.svg', 'page8-169.svg', 'page6-107.svg']",7.0,parallelagram - stretched square,4.0,20.0,"(24,)",page1-175.svg,True
P2G013,exp2_train_and_test_55.json,P2R02083,22,3,page4-98.svg,False,0.7222222222222223,low,single-utterance-unidirectional,P2-109,P2-097,"['page4-244.svg', 'page7-155.svg', 'page1-77.svg', 'page3-59.svg', 'page5-128.svg', 'page5-139.svg', 'page3-61.svg', 'page4-241.svg', 'page4-98.svg', 'page6-107.svg']",6.0,plant facing up in dish,5.0,13.0,"(25,)",page4-98.svg,True
P2G035,exp2_train_and_test_12.json,P2R00292,29,4,page7-40.svg,False,0.7611111111111111,low,single-utterance-unidirectional,P2-040,P2-029,"['page2-34.svg', 'page7-113.svg', 'page7-40.svg', 'page2-190.svg', 'page4-195.svg', 'page7-35.svg', 'page6-226.svg', 'page6-162.svg', 'page9-34.svg', 'page5-128.svg']",,,,,,,
P2G019,exp2_train_and_test_26.json,P2R01331,7,1,page3-59.svg,False,1.0,high,single-utterance-unidirectional,P2-034,P2-069,"['page3-59.svg', 'page1-77.svg', 'page2-165.svg', 'page1-34.svg', 'page2-86.svg', 'page2-133.svg', 'page6-123.svg', 'page5-128.svg', 'page2-34.svg', 'page1-149.svg']",6.0,"A beaker shape, pointing left, with a slanted bottom",9.0,19.0,"(25,)",page2-133.svg,False
P2G006,exp2_train_and_test_51.json,P2R02292,36,5,page7-166.svg,False,1.0,high,single-utterance-unidirectional,P2-071,P2-050,"['page4-128.svg', 'page7-107.svg', 'page7-113.svg', 'page3-33.svg', 'page2-100.svg', 'page7-166.svg', 'page6-206.svg', 'page1-149.svg', 'page6-160.svg', 'page2-140.svg']",4.0,This looks like a bowl (or hat) on top of a small triangle,13.0,15.0,"(30,)",page7-166.svg,True
P2G052,exp2_train_and_test_30.json,P2R01177,32,5,page9-39.svg,False,0.7407407407407408,low,single-utterance-unidirectional,P2-061,P2-030,"['page2-165.svg', 'page9-39.svg', 'page1-117.svg', 'page4-180.svg', 'page8-246.svg', 'page8-215.svg', 'page1-133.svg', 'page6-226.svg', 'page8-159.svg', 'page9-34.svg']",13.0,letter u with the right side taller and jutting out to the right,13.0,32.0,"(45,)",page9-39.svg,True
P2G008,exp2_train_and_test_22.json,P2R00295,10,1,page1-30.svg,False,1.0,high,single-utterance-unidirectional,P2-033,P2-038,"['page7-145.svg', 'page4-11.svg', 'page8-217.svg', 'page7-226.svg', 'page7-115.svg', 'page1-30.svg', 'page4-195.svg', 'page5-155.svg', 'page3-201.svg', 'page6-155.svg']",9.0,symmetrical christmas tree,3.0,15.0,"(22,)",page1-30.svg,True
P2G050,exp2_train_and_test_47.json,P2R01063,33,5,page7-203.svg,False,0.9925925925925926,high,single-utterance-unidirectional,P2-039,P2-053,"['page7-217.svg', 'page3-59.svg', 'page8-234.svg', 'page5-85.svg', 'page7-157.svg', 'page1-175.svg', 'page7-203.svg', 'page5-155.svg', 'page8-169.svg', 'page6-107.svg']",3.0,Arrow pointing downward into a diamond which is balancing on a triangle,12.0,20.0,"(37,)",page7-203.svg,True
P2G043,exp2_train_and_test_54.json,P2R01085,1,0,page7-177.svg,False,1.0,high,single-utterance-unidirectional,P2-088,P2-115,"['page6-245.svg', 'page6-107.svg', 'page4-142.svg', 'page7-177.svg', 'page8-18.svg', 'page5-80.svg', 'page7-217.svg', 'page5-155.svg', 'page2-131.svg', 'page6-109.svg']",15.0,facing on left side....reflection of C,6.0,41.0,,,
P2G018,exp2_train_and_test_57.json,P2R01771,31,5,page2-100.svg,False,0.7685185185185184,low,single-utterance-unidirectional,P2-083,P2-067,"['page6-206.svg', 'page7-113.svg', 'page7-166.svg', 'page2-100.svg', 'page3-33.svg', 'page2-140.svg', 'page6-160.svg', 'page4-128.svg', 'page1-149.svg', 'page7-107.svg']",5.0,Looks a little like a trophy. There's a turned square on he top and then a bendy line until it gets to a flat surface on the bottom,28.0,30.0,"(39,)",page2-100.svg,True
P2G006,exp2_train_and_test_51.json,P2R01952,24,4,page8-246.svg,False,1.0,high,single-utterance-unidirectional,P2-071,P2-050,"['page7-127.svg', 'page2-20.svg', 'page7-157.svg', 'page8-246.svg', 'page8-58.svg', 'page7-15.svg', 'page6-167.svg', 'page4-155.svg', 'page5-190.svg', 'page7-125.svg']",6.0,swastika,1.0,8.0,"(19,)",page8-246.svg,True
P2G030,exp2_train_and_test_35.json,P2R01379,2,0,page7-166.svg,False,1.0,high,single-utterance-unidirectional,P2-044,P2-002,"['page7-166.svg', 'page6-107.svg', 'page4-98.svg', 'page6-175.svg', 'page7-127.svg', 'page8-192.svg', 'page7-20.svg', 'page5-190.svg', 'page2-20.svg', 'page6-109.svg']",15.0,man with big hair,4.0,19.0,"(31,)",page6-175.svg,False
P2G008,exp2_train_and_test_22.json,P2R00434,35,5,page6-31.svg,False,0.5333333333333334,low,single-utterance-unidirectional,P2-033,P2-038,"['page7-125.svg', 'page8-183.svg', 'page7-157.svg', 'page3-66.svg', 'page5-84.svg', 'page6-31.svg', 'page6-166.svg', 'page5-153.svg', 'page3-70.svg', 'page5-174.svg']",4.0,a stretched face with a crown,6.0,17.0,"(25,)",page6-31.svg,True
P2G044,exp2_train_and_test_39.json,P2R00976,13,2,page5-101.svg,False,0.6666666666666667,low,single-utterance-unidirectional,P2-101,P2-076,"['page5-71.svg', 'page4-190.svg', 'page7-157.svg', 'page5-63.svg', 'page5-101.svg', 'page4-197.svg', 'page5-128.svg', 'page6-167.svg', 'page7-15.svg', 'page8-18.svg']",8.0,spaceship,1.0,10.0,"(15,)",page5-101.svg,True
P2G048,exp2_train_and_test_19.json,P2R01093,5,0,page7-44.svg,True,1.0,high,single-utterance-unidirectional,P2-085,P2-106,"['page8-18.svg', 'page7-115.svg', 'page6-135.svg', 'page1-128.svg', 'page2-86.svg', 'page8-38.svg', 'page4-197.svg', 'page7-44.svg', 'page1-30.svg', 'page5-71.svg']",6.0,Its like a elongated pig head,6.0,14.0,"(29,)",page2-86.svg,False
P2G021,exp2_train_and_test_58.json,P2R00175,12,2,page4-241.svg,False,0.995,high,single-utterance-unidirectional,P2-064,P2-036,"['page4-195.svg', 'page6-31.svg', 'page4-241.svg', 'page7-41.svg', 'page8-38.svg', 'page5-233.svg', 'page3-205.svg', 'page7-226.svg', 'page9-40.svg', 'page5-84.svg']",3.0,Giant x,2.0,7.0,"(13,)",page4-241.svg,True
P2G020,exp2_train_and_test_31.json,P2R01398,32,5,page9-39.svg,False,0.7407407407407408,low,single-utterance-unidirectional,P2-046,P2-023,"['page2-165.svg', 'page9-39.svg', 'page1-117.svg', 'page4-180.svg', 'page8-246.svg', 'page8-215.svg', 'page1-133.svg', 'page6-226.svg', 'page8-159.svg', 'page9-34.svg']",6.0,"i think the messages are only sent if you describe the shape, not the position its in. it's like a pipe that sherlock holms smokesz",25.0,40.0,"(48,)",page9-39.svg,True
P2G034,exp2_train_and_test_7.json,P2R00951,8,1,page5-102.svg,False,0.7444444444444442,low,single-utterance-unidirectional,P2-035,P2-031,"['page5-102.svg', 'page2-140.svg', 'page7-117.svg', 'page6-122.svg', 'page5-155.svg', 'page5-165.svg', 'page2-136.svg', 'page2-86.svg', 'page1-34.svg', 'page3-70.svg']",7.0,Looks like a seahorse facing left or 3 with triangle on back,12.0,22.0,"(37,)",page5-102.svg,True
P2G055,exp2_train_and_test_37.json,P2R00830,2,0,page6-107.svg,False,0.7000000000000001,low,single-utterance-unidirectional,P2-110,P2-011,"['page1-185.svg', 'page1-95.svg', 'page7-113.svg', 'page6-121.svg', 'page7-20.svg', 'page7-191.svg', 'page6-107.svg', 'page8-22.svg', 'page8-18.svg', 'page4-96.svg']",7.0,A rocket.,2.0,13.0,"(24,)",page6-107.svg,True
P2G007,exp2_train_and_test_20.json,P2R01730,21,3,page7-29.svg,False,1.0,high,single-utterance-unidirectional,P2-074,P2-108,"['page7-15.svg', 'page7-29.svg', 'page3-201.svg', 'page2-64.svg', 'page4-155.svg', 'page7-226.svg', 'page5-154.svg', 'page4-98.svg', 'page5-45.svg', 'page7-225.svg']",10.0,explosion,1.0,15.0,"(23,)",page7-29.svg,True
P2G020,exp2_train_and_test_31.json,P2R01946,17,2,page4-96.svg,True,1.0,high,single-utterance-unidirectional,P2-023,P2-046,"['page3-201.svg', 'page1-48.svg', 'page5-75.svg', 'page6-162.svg', 'page4-96.svg', 'page5-80.svg', 'page9-23.svg', 'page6-192.svg', 'page6-52.svg', 'page5-84.svg']",6.0,Looks like a pipe with a snake coming out of it,11.0,21.0,"(52,)",page4-96.svg,True
P2G046,exp2_train_and_test_46.json,P2R00913,25,4,page2-20.svg,False,1.0,high,single-utterance-unidirectional,P2-079,P2-008,"['page8-182.svg', 'page5-153.svg', 'page4-197.svg', 'page2-34.svg', 'page6-166.svg', 'page2-20.svg', 'page8-22.svg', 'page2-86.svg', 'page9-34.svg', 'page8-156.svg']",25.0,W on a stand,4.0,28.0,"(41,)",page2-20.svg,True
P2G058,exp2_train_and_test_2.json,P2R02084,15,2,page3-66.svg,False,1.0,high,single-utterance-unidirectional,P2-082,P2-077,"['page7-15.svg', 'page7-41.svg', 'page1-132.svg', 'page7-117.svg', 'page7-81.svg', 'page8-58.svg', 'page3-66.svg', 'page6-121.svg', 'page4-190.svg', 'page5-102.svg']",3.0,not original nozzle,3.0,6.0,"(9,)",page3-66.svg,True
P2G040,exp2_train_and_test_25.json,P2R02306,2,0,page8-38.svg,False,0.5777777777777778,low,single-utterance-unidirectional,P2-021,P2-010,"['page5-154.svg', 'page6-21.svg', 'page8-246.svg', 'page6-175.svg', 'page4-98.svg', 'page5-128.svg', 'page8-38.svg', 'page4-244.svg', 'page7-4.svg', 'page2-114.svg']",10.0,"pointing up, slightly to the right",6.0,32.0,"(57,)",page8-246.svg,False
P2G037,exp2_train_and_test_42.json,P2R01750,37,5,page1-175.svg,False,1.0,high,single-utterance-unidirectional,P2-026,P2-075,"['page7-217.svg', 'page3-59.svg', 'page8-234.svg', 'page5-85.svg', 'page7-157.svg', 'page1-175.svg', 'page7-203.svg', 'page5-155.svg', 'page8-169.svg', 'page6-107.svg']",4.0,parralelegram,1.0,14.0,"(27,)",page1-175.svg,True
P2G039,exp2_train_and_test_4.json,P2R01936,32,5,page4-98.svg,False,0.7222222222222223,low,single-utterance-unidirectional,P2-093,P2-022,"['page9-34.svg', 'page7-115.svg', 'page4-98.svg', 'page7-177.svg', 'page7-35.svg', 'page6-245.svg', 'page7-144.svg', 'page2-131.svg', 'page5-75.svg', 'page6-204.svg']",8.0,candle pointing up in a dish,6.0,22.0,"(27,)",page4-98.svg,True
P2G041,exp2_train_and_test_52.json,P2R00708,14,2,page1-150.svg,True,1.0,high,single-utterance-unidirectional,P2-072,P2-005,"['page8-215.svg', 'page2-16.svg', 'page7-10.svg', 'page1-150.svg', 'page9-32.svg', 'page8-156.svg', 'page6-107.svg', 'page8-159.svg', 'page1-172.svg', 'page8-246.svg']",6.0,This looks like a water fountain,6.0,11.0,"(17,)",page1-150.svg,True
P2G001,exp2_train_and_test_28.json,P2R00102,34,5,page5-174.svg,False,0.6722222222222223,low,single-utterance-unidirectional,P2-080,P2-027,"['page6-166.svg', 'page7-157.svg', 'page6-31.svg', 'page5-174.svg', 'page3-70.svg', 'page8-183.svg', 'page5-153.svg', 'page7-125.svg', 'page5-84.svg', 'page3-66.svg']",,,,,,,
P2G045,exp2_train_and_test_34.json,P2R01317,27,4,page4-155.svg,False,0.3777777777777779,low,single-utterance-unidirectional,P2-087,P2-054,"['page7-127.svg', 'page5-66.svg', 'page4-155.svg', 'page7-117.svg', 'page2-16.svg', 'page6-219.svg', 'page1-172.svg', 'page7-202.svg', 'page9-32.svg', 'page8-38.svg']",6.0,catipillar,1.0,9.0,"(16,)",page4-155.svg,True
P2G052,exp2_train_and_test_30.json,P2R01803,30,5,page8-246.svg,False,1.0,high,single-utterance-unidirectional,P2-061,P2-030,"['page2-165.svg', 'page9-39.svg', 'page1-117.svg', 'page4-180.svg', 'page8-246.svg', 'page8-215.svg', 'page1-133.svg', 'page6-226.svg', 'page8-159.svg', 'page9-34.svg']",7.0,it looks like an x that is twisting,8.0,20.0,,,
P2G009,exp2_train_and_test_3.json,P2R01017,28,4,page3-139.svg,False,0.9935185185185184,high,single-utterance-unidirectional,P2-117,P2-024,"['page5-165.svg', 'page5-101.svg', 'page2-86.svg', 'page6-166.svg', 'page7-126.svg', 'page8-169.svg', 'page4-180.svg', 'page6-167.svg', 'page3-139.svg', 'page1-117.svg']",4.0,fat man,2.0,7.0,"(18,)",page3-139.svg,True
P2G028,exp2_train_and_test_0.json,P2R01686,18,3,page1-30.svg,False,1.0,high,single-utterance-unidirectional,P2-015,P2-100,"['page1-117.svg', 'page6-206.svg', 'page1-30.svg', 'page7-81.svg', 'page9-39.svg', 'page8-247.svg', 'page2-140.svg', 'page6-228.svg', 'page1-185.svg', 'page3-33.svg']",10.0,it looks like a christmas tree,6.0,16.0,"(22,)",page1-30.svg,True
P2G013,exp2_train_and_test_55.json,P2R01112,17,2,page5-128.svg,False,0.9925925925925926,high,single-utterance-unidirectional,P2-097,P2-109,"['page1-77.svg', 'page3-61.svg', 'page3-59.svg', 'page4-241.svg', 'page5-139.svg', 'page6-107.svg', 'page4-244.svg', 'page7-155.svg', 'page5-128.svg', 'page4-98.svg']",9.0,whale diving into the sea,5.0,13.0,"(22,)",page5-128.svg,True
P2G040,exp2_train_and_test_25.json,P2R02168,23,3,page6-175.svg,False,0.6509259259259259,low,single-utterance-unidirectional,P2-010,P2-021,"['page6-21.svg', 'page2-114.svg', 'page5-128.svg', 'page6-175.svg', 'page7-4.svg', 'page8-246.svg', 'page4-244.svg', 'page5-154.svg', 'page4-98.svg', 'page8-38.svg']",15.0,a person sitting,3.0,29.0,"(43,)",page6-175.svg,True
P2G007,exp2_train_and_test_20.json,P2R01216,34,5,page5-174.svg,False,0.6722222222222223,low,single-utterance-unidirectional,P2-108,P2-074,"['page6-166.svg', 'page7-157.svg', 'page6-31.svg', 'page5-174.svg', 'page3-70.svg', 'page8-183.svg', 'page5-153.svg', 'page7-125.svg', 'page5-84.svg', 'page3-66.svg']",4.0,man running right,3.0,9.0,"(29,)",page5-174.svg,True
P2G026,exp2_train_and_test_24.json,P2R01966,37,5,page7-125.svg,False,0.9935185185185184,high,single-utterance-unidirectional,P2-048,P2-057,"['page7-125.svg', 'page8-183.svg', 'page7-157.svg', 'page3-66.svg', 'page5-84.svg', 'page6-31.svg', 'page6-166.svg', 'page5-153.svg', 'page3-70.svg', 'page5-174.svg']",,,,,,,
P2G031,exp2_train_and_test_1.json,P2R01473,15,2,page8-21.svg,True,0.5000000000000001,low,single-utterance-unidirectional,P2-017,P2-032,"['page3-70.svg', 'page8-21.svg', 'page5-101.svg', 'page2-165.svg', 'page1-95.svg', 'page8-156.svg', 'page7-40.svg', 'page6-171.svg', 'page3-61.svg', 'page7-29.svg']",4.0,looks like a llama,4.0,8.0,"(12,)",page8-21.svg,True
P2G046,exp2_train_and_test_46.json,P2R00274,19,3,page8-22.svg,False,0.3444444444444444,low,single-utterance-unidirectional,P2-008,P2-079,"['page6-166.svg', 'page5-153.svg', 'page4-197.svg', 'page8-182.svg', 'page2-86.svg', 'page8-156.svg', 'page8-22.svg', 'page9-34.svg', 'page2-20.svg', 'page2-34.svg']",5.0,A bird flying.,3.0,9.0,"(14,)",page8-22.svg,True
P2G013,exp2_train_and_test_55.json,P2R01009,31,5,page2-100.svg,False,0.7685185185185184,low,single-utterance-unidirectional,P2-109,P2-097,"['page6-206.svg', 'page7-113.svg', 'page7-166.svg', 'page2-100.svg', 'page3-33.svg', 'page2-140.svg', 'page6-160.svg', 'page4-128.svg', 'page1-149.svg', 'page7-107.svg']",5.0,cube on top of a squiggly line,7.0,12.0,"(29,)",page2-100.svg,True
P2G039,exp2_train_and_test_4.json,P2R01548,36,5,page5-75.svg,False,0.6944444444444444,low,single-utterance-unidirectional,P2-093,P2-022,"['page9-34.svg', 'page7-115.svg', 'page4-98.svg', 'page7-177.svg', 'page7-35.svg', 'page6-245.svg', 'page7-144.svg', 'page2-131.svg', 'page5-75.svg', 'page6-204.svg']",6.0,bird/dragon looking left,3.0,16.0,"(28,)",page5-75.svg,True
P2G005,exp2_train_and_test_43.json,P2R00302,3,0,page9-40.svg,False,1.0,high,single-utterance-unidirectional,P2-006,P2-111,"['page6-122.svg', 'page9-40.svg', 'page7-226.svg', 'page7-125.svg', 'page8-246.svg', 'page6-160.svg', 'page7-145.svg', 'page5-101.svg', 'page8-183.svg', 'page8-21.svg']",9.0,a three tiered fountain,4.0,23.0,"(35,)",page9-40.svg,True
P2G006,exp2_train_and_test_51.json,P2R00319,35,5,page7-113.svg,False,0.7636363636363637,low,single-utterance-unidirectional,P2-050,P2-071,"['page6-206.svg', 'page7-113.svg', 'page7-166.svg', 'page2-100.svg', 'page3-33.svg', 'page2-140.svg', 'page6-160.svg', 'page4-128.svg', 'page1-149.svg', 'page7-107.svg']",4.0,"Looks like a horse with a triangle head, rectangle body and two sqaure legs",14.0,22.0,"(30,)",page7-113.svg,True
P2G056,exp2_train_and_test_33.json,P2R00491,16,2,page6-185.svg,False,0.6129629629629629,low,single-utterance-unidirectional,P2-086,P2-028,"['page8-234.svg', 'page1-132.svg', 'page5-85.svg', 'page6-21.svg', 'page6-185.svg', 'page6-52.svg', 'page5-63.svg', 'page7-113.svg', 'page6-228.svg', 'page7-203.svg']",12.0,Hunched man sitting.,3.0,18.0,"(23,)",page6-185.svg,True
P2G030,exp2_train_and_test_35.json,P2R00482,8,1,page6-109.svg,False,1.0,high,single-utterance-unidirectional,P2-002,P2-044,"['page6-109.svg', 'page7-127.svg', 'page6-107.svg', 'page7-166.svg', 'page7-20.svg', 'page4-98.svg', 'page8-192.svg', 'page2-20.svg', 'page6-175.svg', 'page5-190.svg']",21.0,invisible super hero with a cape,6.0,29.0,"(33,)",page6-109.svg,True
P2G038,exp2_train_and_test_18.json,P2R00610,24,4,page9-32.svg,True,1.0,high,single-utterance-unidirectional,P2-107,P2-020,"['page1-172.svg', 'page6-219.svg', 'page9-32.svg', 'page7-126.svg', 'page9-23.svg', 'page4-142.svg', 'page6-123.svg', 'page1-34.svg', 'page4-98.svg', 'page8-234.svg']",11.0,"animal shape with short legs facing right, ill call it a sheep",12.0,35.0,"(45,)",page9-32.svg,True
P2G034,exp2_train_and_test_7.json,P2R00850,25,4,page2-136.svg,False,1.0,high,single-utterance-unidirectional,P2-031,P2-035,"['page2-86.svg', 'page5-165.svg', 'page3-70.svg', 'page6-122.svg', 'page5-102.svg', 'page7-117.svg', 'page2-140.svg', 'page1-34.svg', 'page2-136.svg', 'page5-155.svg']",11.0,vacuum/trowel,1.0,20.0,"(23,)",page2-136.svg,True
P2G011,exp2_train_and_test_36.json,P2R01416,20,3,page9-32.svg,False,1.0,high,single-utterance-unidirectional,P2-073,P2-014,"['page3-61.svg', 'page7-116.svg', 'page5-75.svg', 'page9-32.svg', 'page3-201.svg', 'page2-100.svg', 'page8-183.svg', 'page5-26.svg', 'page3-66.svg', 'page3-163.svg']",10.0,dog,1.0,11.0,"(22,)",page9-32.svg,True
P2G035,exp2_train_and_test_12.json,P2R01023,24,4,page2-190.svg,False,0.5666666666666667,low,single-utterance-unidirectional,P2-040,P2-029,"['page2-34.svg', 'page7-113.svg', 'page7-40.svg', 'page2-190.svg', 'page4-195.svg', 'page7-35.svg', 'page6-226.svg', 'page6-162.svg', 'page9-34.svg', 'page5-128.svg']",,,,,,,
P2G057,exp2_train_and_test_10.json,P2R00249,14,2,page7-79.svg,False,0.7777777777777777,low,single-utterance-unidirectional,P2-090,P2-084,"['page2-100.svg', 'page6-185.svg', 'page5-56.svg', 'page9-25.svg', 'page7-35.svg', 'page8-206.svg', 'page3-12.svg', 'page1-150.svg', 'page7-79.svg', 'page7-116.svg']",7.0,the one with the bottom right triangle holding up a mountain range on its corner,15.0,28.0,"(36,)",page7-79.svg,True
P2G022,exp2_train_and_test_53.json,P2R01681,36,5,page7-166.svg,False,1.0,high,single-utterance-unidirectional,P2-009,P2-103,"['page4-128.svg', 'page7-107.svg', 'page7-113.svg', 'page3-33.svg', 'page2-100.svg', 'page7-166.svg', 'page6-206.svg', 'page1-149.svg', 'page6-160.svg', 'page2-140.svg']",23.0,ton weight pyramid,3.0,31.0,,,
P2G008,exp2_train_and_test_22.json,P2R00574,39,5,page8-183.svg,False,1.0,high,single-utterance-unidirectional,P2-033,P2-038,"['page7-125.svg', 'page8-183.svg', 'page7-157.svg', 'page3-66.svg', 'page5-84.svg', 'page6-31.svg', 'page6-166.svg', 'page5-153.svg', 'page3-70.svg', 'page5-174.svg']",3.0,the letter P,3.0,5.0,"(11,)",page8-183.svg,True
P2G030,exp2_train_and_test_35.json,P2R01419,13,2,page8-192.svg,False,0.6444444444444446,low,single-utterance-unidirectional,P2-044,P2-002,"['page7-166.svg', 'page6-107.svg', 'page4-98.svg', 'page6-175.svg', 'page7-127.svg', 'page8-192.svg', 'page7-20.svg', 'page5-190.svg', 'page2-20.svg', 'page6-109.svg']",10.0,a dog,2.0,11.0,"(23,)",page8-192.svg,True
P2G045,exp2_train_and_test_34.json,P2R01493,39,5,page8-159.svg,False,1.0,high,single-utterance-unidirectional,P2-054,P2-087,"['page8-159.svg', 'page1-133.svg', 'page9-39.svg', 'page2-165.svg', 'page8-215.svg', 'page1-117.svg', 'page8-246.svg', 'page4-180.svg', 'page6-226.svg', 'page9-34.svg']",4.0,triangle on top. straight sides that then go towards the left and straight bottom,14.0,32.0,"(42,)",page8-159.svg,True
P2G017,exp2_train_and_test_13.json,P2R02019,33,5,page1-133.svg,False,0.5444444444444445,low,single-utterance-unidirectional,P2-104,P2-059,"['page6-167.svg', 'page1-77.svg', 'page4-96.svg', 'page1-175.svg', 'page7-20.svg', 'page1-149.svg', 'page1-133.svg', 'page4-5.svg', 'page3-201.svg', 'page7-4.svg']",6.0,a large block like a house,6.0,17.0,"(27,)",page1-133.svg,True
P2G040,exp2_train_and_test_25.json,P2R02137,22,3,page8-38.svg,False,0.5777777777777778,low,single-utterance-unidirectional,P2-010,P2-021,"['page6-21.svg', 'page2-114.svg', 'page5-128.svg', 'page6-175.svg', 'page7-4.svg', 'page8-246.svg', 'page4-244.svg', 'page5-154.svg', 'page4-98.svg', 'page8-38.svg']",17.0,one leg looking right,4.0,29.0,,,
P2G004,exp2_train_and_test_32.json,P2R01053,28,4,page5-45.svg,False,1.0,high,single-utterance-unidirectional,P2-018,P2-078,"['page4-232.svg', 'page2-131.svg', 'page7-155.svg', 'page5-233.svg', 'page1-34.svg', 'page5-45.svg', 'page8-217.svg', 'page7-157.svg', 'page7-115.svg', 'page5-155.svg']",9.0,house roof and walls,4.0,15.0,"(23,)",page5-45.svg,True
P2G047,exp2_train_and_test_11.json,P2R01773,23,3,page8-156.svg,False,1.0,high,single-utterance-unidirectional,P2-065,P2-089,"['page6-162.svg', 'page7-226.svg', 'page7-177.svg', 'page8-156.svg', 'page7-53.svg', 'page7-41.svg', 'page7-36.svg', 'page-F.svg', 'page7-145.svg', 'page8-192.svg']",31.0,the letter K,3.0,33.0,"(42,)",page8-156.svg,True
P2G032,exp2_train_and_test_44.json,P2R01210,34,5,page8-169.svg,False,1.0,high,single-utterance-unidirectional,P2-102,P2-096,"['page3-59.svg', 'page7-203.svg', 'page7-217.svg', 'page5-155.svg', 'page5-85.svg', 'page8-169.svg', 'page7-157.svg', 'page1-175.svg', 'page6-107.svg', 'page8-234.svg']",9.0,like a C,3.0,12.0,"(15,)",page8-169.svg,True
P2G006,exp2_train_and_test_51.json,P2R00919,32,5,page6-160.svg,False,0.5592592592592593,low,single-utterance-unidirectional,P2-071,P2-050,"['page4-128.svg', 'page7-107.svg', 'page7-113.svg', 'page3-33.svg', 'page2-100.svg', 'page7-166.svg', 'page6-206.svg', 'page1-149.svg', 'page6-160.svg', 'page2-140.svg']",6.0,"This looks like a fish with a small diamond head, swimming left",12.0,19.0,"(33,)",page6-160.svg,True
P2G020,exp2_train_and_test_31.json,P2R01731,24,4,page3-201.svg,True,0.5548148148148148,low,single-utterance-unidirectional,P2-023,P2-046,"['page3-201.svg', 'page1-48.svg', 'page5-75.svg', 'page6-162.svg', 'page4-96.svg', 'page5-80.svg', 'page9-23.svg', 'page6-192.svg', 'page6-52.svg', 'page5-84.svg']",11.0,Looks like a rabbit wearing a dress? Two triangles for ears and a square head,15.0,39.0,,,
P2G022,exp2_train_and_test_53.json,P2R01118,0,0,page3-70.svg,True,1.0,high,single-utterance-unidirectional,P2-103,P2-009,"['page5-165.svg', 'page8-159.svg', 'page5-45.svg', 'page4-232.svg', 'page9-40.svg', 'page7-127.svg', 'page7-157.svg', 'page8-234.svg', 'page3-70.svg', 'page8-58.svg']",23.0,,,,,,
P2G035,exp2_train_and_test_12.json,P2R01866,27,4,page7-113.svg,False,0.7636363636363637,low,single-utterance-unidirectional,P2-040,P2-029,"['page2-34.svg', 'page7-113.svg', 'page7-40.svg', 'page2-190.svg', 'page4-195.svg', 'page7-35.svg', 'page6-226.svg', 'page6-162.svg', 'page9-34.svg', 'page5-128.svg']",,,,,,,
P2G043,exp2_train_and_test_54.json,P2R00315,23,3,page2-131.svg,False,0.5333333333333334,low,single-utterance-unidirectional,P2-115,P2-088,"['page4-142.svg', 'page5-80.svg', 'page2-131.svg', 'page5-155.svg', 'page6-245.svg', 'page8-18.svg', 'page7-217.svg', 'page6-107.svg', 'page7-177.svg', 'page6-109.svg']",,,,,,,
P2G041,exp2_train_and_test_52.json,P2R01241,21,3,page8-215.svg,False,0.6666666666666667,low,single-utterance-unidirectional,P2-072,P2-005,"['page8-215.svg', 'page2-16.svg', 'page7-10.svg', 'page1-150.svg', 'page9-32.svg', 'page8-156.svg', 'page6-107.svg', 'page8-159.svg', 'page1-172.svg', 'page8-246.svg']",12.0,Looks like a letter J but the top is hanging off at a weird angle,15.0,22.0,"(34,)",page8-215.svg,True
P2G059,exp2_train_and_test_59.json,P2R01537,30,5,page1-149.svg,False,1.0,high,single-utterance-unidirectional,P2-004,P2-098,"['page4-128.svg', 'page7-107.svg', 'page7-113.svg', 'page3-33.svg', 'page2-100.svg', 'page7-166.svg', 'page6-206.svg', 'page1-149.svg', 'page6-160.svg', 'page2-140.svg']",,,,,,,
P2G049,exp2_train_and_test_41.json,P2R02026,9,1,page8-246.svg,False,1.0,high,single-utterance-unidirectional,P2-013,P2-070,"['page5-154.svg', 'page7-36.svg', 'page4-98.svg', 'page6-192.svg', 'page3-70.svg', 'page8-246.svg', 'page7-79.svg', 'page8-38.svg', 'page7-35.svg', 'page4-108.svg']",14.0,the one that looks like a bear jumping,8.0,27.0,"(37,)",page8-246.svg,True
P2G036,exp2_train_and_test_45.json,P2R01061,30,5,page8-234.svg,False,0.0,low,single-utterance-unidirectional,P2-091,P2-052,"['page3-59.svg', 'page7-203.svg', 'page7-217.svg', 'page5-155.svg', 'page5-85.svg', 'page8-169.svg', 'page7-157.svg', 'page1-175.svg', 'page6-107.svg', 'page8-234.svg']",,,,,,,
P2G049,exp2_train_and_test_41.json,P2R00953,8,1,page7-35.svg,False,0.7333333333333334,low,single-utterance-unidirectional,P2-013,P2-070,"['page5-154.svg', 'page7-36.svg', 'page4-98.svg', 'page6-192.svg', 'page3-70.svg', 'page8-246.svg', 'page7-79.svg', 'page8-38.svg', 'page7-35.svg', 'page4-108.svg']",10.0,the one that looks like a boat,7.0,18.0,"(23,)",page3-70.svg,False
P2G044,exp2_train_and_test_39.json,P2R00820,9,1,page4-190.svg,False,1.0,high,single-utterance-unidirectional,P2-076,P2-101,"['page7-157.svg', 'page5-71.svg', 'page6-167.svg', 'page8-18.svg', 'page5-63.svg', 'page5-101.svg', 'page7-15.svg', 'page4-197.svg', 'page4-190.svg', 'page5-128.svg']",9.0,looks like a hedgehog,4.0,21.0,"(33,)",page4-190.svg,True
P2G046,exp2_train_and_test_46.json,P2R00734,3,0,page2-20.svg,False,1.0,high,single-utterance-unidirectional,P2-079,P2-008,"['page8-182.svg', 'page5-153.svg', 'page4-197.svg', 'page2-34.svg', 'page6-166.svg', 'page2-20.svg', 'page8-22.svg', 'page2-86.svg', 'page9-34.svg', 'page8-156.svg']",22.0,a W on a stand,5.0,27.0,"(34,)",page2-20.svg,True
P2G035,exp2_train_and_test_12.json,P2R02285,36,5,page7-4.svg,False,0.6555555555555556,low,single-utterance-unidirectional,P2-040,P2-029,"['page4-96.svg', 'page1-149.svg', 'page3-201.svg', 'page6-167.svg', 'page1-77.svg', 'page1-133.svg', 'page7-20.svg', 'page4-5.svg', 'page1-175.svg', 'page7-4.svg']",,,,,,,
P2G030,exp2_train_and_test_35.json,P2R01511,34,5,page1-133.svg,False,0.5444444444444445,low,single-utterance-unidirectional,P2-044,P2-002,"['page2-165.svg', 'page9-39.svg', 'page1-117.svg', 'page4-180.svg', 'page8-246.svg', 'page8-215.svg', 'page1-133.svg', 'page6-226.svg', 'page8-159.svg', 'page9-34.svg']",5.0,large cave entrance,3.0,8.0,"(14,)",page1-133.svg,True
P2G005,exp2_train_and_test_43.json,P2R00502,11,1,page7-125.svg,False,0.9935185185185184,high,single-utterance-unidirectional,P2-111,P2-006,"['page8-246.svg', 'page7-125.svg', 'page6-122.svg', 'page7-226.svg', 'page7-145.svg', 'page8-21.svg', 'page5-101.svg', 'page6-160.svg', 'page9-40.svg', 'page8-183.svg']",11.0,Cliff but flat on the right,6.0,20.0,"(24,)",page7-125.svg,True
P2G055,exp2_train_and_test_37.json,P2R02328,18,3,page1-185.svg,True,0.6611111111111112,low,single-utterance-unidirectional,P2-011,P2-110,"['page8-22.svg', 'page7-20.svg', 'page1-185.svg', 'page6-121.svg', 'page4-96.svg', 'page1-95.svg', 'page7-113.svg', 'page6-107.svg', 'page8-18.svg', 'page7-191.svg']",4.0,looks like a diamond on a stand,7.0,10.0,"(16,)",page1-185.svg,True
P2G026,exp2_train_and_test_24.json,P2R02030,29,4,page6-206.svg,False,0.7333333333333333,low,single-utterance-unidirectional,P2-057,P2-048,"['page7-44.svg', 'page7-55.svg', 'page6-206.svg', 'page1-48.svg', 'page8-38.svg', 'page5-45.svg', 'page9-40.svg', 'page1-133.svg', 'page-F.svg', 'page4-195.svg']",,,,,,,
P2G050,exp2_train_and_test_47.json,P2R02057,26,4,page6-1.svg,False,0.9935185185185184,high,single-utterance-unidirectional,P2-053,P2-039,"['page7-127.svg', 'page5-84.svg', 'page3-201.svg', 'page5-56.svg', 'page6-1.svg', 'page6-162.svg', 'page8-182.svg', 'page7-125.svg', 'page5-139.svg', 'page8-206.svg']",11.0,"at least this is pretty easy :'),  elvis !",10.0,25.0,"(33,)",page6-1.svg,True
P2G034,exp2_train_and_test_7.json,P2R01884,4,0,page7-117.svg,False,1.0,high,single-utterance-unidirectional,P2-031,P2-035,"['page2-86.svg', 'page5-165.svg', 'page3-70.svg', 'page6-122.svg', 'page5-102.svg', 'page7-117.svg', 'page2-140.svg', 'page1-34.svg', 'page2-136.svg', 'page5-155.svg']",11.0,looks like a tall cocktail glass with a bar across the middle,12.0,37.0,"(51,)",page7-117.svg,True
P2G023,exp2_train_and_test_40.json,P2R02342,7,1,page7-144.svg,False,1.0,high,single-utterance-unidirectional,P2-081,P2-056,"['page2-100.svg', 'page3-201.svg', 'page9-23.svg', 'page7-144.svg', 'page7-29.svg', 'page3-200.svg', 'page4-232.svg', 'page2-165.svg', 'page7-44.svg', 'page5-153.svg']",8.0,"The largest shape, with the point on the right",9.0,25.0,"(34,)",page7-144.svg,True
P2G056,exp2_train_and_test_33.json,P2R01586,21,3,page6-21.svg,False,1.0,high,single-utterance-unidirectional,P2-028,P2-086,"['page6-185.svg', 'page6-228.svg', 'page8-234.svg', 'page1-132.svg', 'page7-203.svg', 'page6-52.svg', 'page5-85.svg', 'page7-113.svg', 'page5-63.svg', 'page6-21.svg']",33.0,large black shape,3.0,40.0,,,
P2G059,exp2_train_and_test_59.json,P2R00845,29,4,page5-102.svg,False,0.7444444444444442,low,single-utterance-unidirectional,P2-004,P2-098,"['page8-159.svg', 'page3-61.svg', 'page7-144.svg', 'page5-102.svg', 'page7-116.svg', 'page6-167.svg', 'page7-157.svg', 'page5-96.svg', 'page7-126.svg', 'page8-56.svg']",,,,,,,
P2G023,exp2_train_and_test_40.json,P2R00383,14,2,page5-153.svg,False,0.6425925925925926,low,single-utterance-unidirectional,P2-056,P2-081,"['page7-29.svg', 'page2-100.svg', 'page7-144.svg', 'page3-201.svg', 'page9-23.svg', 'page3-200.svg', 'page2-165.svg', 'page4-232.svg', 'page5-153.svg', 'page7-44.svg']",8.0,Looks like a bowl,4.0,11.0,"(22,)",page5-153.svg,True
P2G012,exp2_train_and_test_29.json,P2R01005,38,5,page3-66.svg,False,1.0,high,single-utterance-unidirectional,P2-025,P2-066,"['page6-166.svg', 'page7-157.svg', 'page6-31.svg', 'page5-174.svg', 'page3-70.svg', 'page8-183.svg', 'page5-153.svg', 'page7-125.svg', 'page5-84.svg', 'page3-66.svg']",3.0,The one you picked last time,6.0,6.0,"(15,)",page8-183.svg,False
P2G042,exp2_train_and_test_50.json,P2R00607,3,0,page3-21.svg,False,0.736111111111111,low,single-utterance-unidirectional,P2-049,P2-042,"['page3-21.svg', 'page2-136.svg', 'page5-56.svg', 'page8-169.svg', 'page6-204.svg', 'page1-95.svg', 'page6-31.svg', 'page8-58.svg', 'page2-165.svg', 'page1-175.svg']",,,,,,,
P2G015,exp2_train_and_test_16.json,P2R00108,12,2,page4-180.svg,False,0.6944444444444445,low,single-utterance-unidirectional,P2-058,P2-047,"['page5-56.svg', 'page5-213.svg', 'page1-34.svg', 'page7-79.svg', 'page2-114.svg', 'page6-1.svg', 'page4-180.svg', 'page5-85.svg', 'page2-133.svg', 'page6-204.svg']",3.0,a v with a pointy bottom,6.0,7.0,"(18,)",page4-180.svg,True
P2G017,exp2_train_and_test_13.json,P2R00110,11,1,page6-204.svg,False,1.0,high,single-utterance-unidirectional,P2-104,P2-059,"['page6-204.svg', 'page6-21.svg', 'page9-40.svg', 'page8-22.svg', 'page6-31.svg', 'page3-207.svg', 'page4-155.svg', 'page7-125.svg', 'page1-128.svg', 'page8-192.svg']",8.0,like a castle with a cimney on the left,9.0,22.0,"(33,)",page6-204.svg,True
P2G010,exp2_train_and_test_17.json,P2R02149,18,3,page6-208.svg,False,1.0,high,single-utterance-unidirectional,P2-068,P2-092,"['page1-107.svg', 'page7-144.svg', 'page7-41.svg', 'page6-1.svg', 'page7-15.svg', 'page8-221.svg', 'page5-121.svg', 'page6-208.svg', 'page8-22.svg', 'page7-155.svg']",3.0,spikes pointing in 3 directions,5.0,7.0,"(18,)",page6-208.svg,True
P2G041,exp2_train_and_test_52.json,P2R00071,5,0,page2-16.svg,True,0.6722222222222223,low,single-utterance-unidirectional,P2-072,P2-005,"['page8-215.svg', 'page2-16.svg', 'page7-10.svg', 'page1-150.svg', 'page9-32.svg', 'page8-156.svg', 'page6-107.svg', 'page8-159.svg', 'page1-172.svg', 'page8-246.svg']",7.0,This is a square with two triangles that look like arms a triangle at the bottom and square at the top,21.0,31.0,"(45,)",page2-16.svg,True
P2G019,exp2_train_and_test_26.json,P2R00591,28,4,page2-34.svg,False,0.7611111111111111,low,single-utterance-unidirectional,P2-069,P2-034,"['page1-34.svg', 'page1-77.svg', 'page6-123.svg', 'page1-149.svg', 'page3-59.svg', 'page5-128.svg', 'page2-86.svg', 'page2-165.svg', 'page2-133.svg', 'page2-34.svg']",4.0,horse facing left,3.0,9.0,"(11,)",page2-34.svg,True
P2G048,exp2_train_and_test_19.json,P2R00631,37,5,page7-20.svg,False,1.0,high,single-utterance-unidirectional,P2-085,P2-106,"['page6-167.svg', 'page1-77.svg', 'page4-96.svg', 'page1-175.svg', 'page7-20.svg', 'page1-149.svg', 'page1-133.svg', 'page4-5.svg', 'page3-201.svg', 'page7-4.svg']",8.0,A disfigured triangle or diamond,5.0,24.0,"(42,)",page6-167.svg,False
P2G046,exp2_train_and_test_46.json,P2R01261,0,0,page2-86.svg,False,0.7777777777777777,low,single-utterance-unidirectional,P2-079,P2-008,"['page8-182.svg', 'page5-153.svg', 'page4-197.svg', 'page2-34.svg', 'page6-166.svg', 'page2-20.svg', 'page8-22.svg', 'page2-86.svg', 'page9-34.svg', 'page8-156.svg']",19.0,two buns on a head,5.0,29.0,"(46,)",page2-20.svg,False
P2G028,exp2_train_and_test_0.json,P2R01798,22,3,page9-39.svg,False,0.7407407407407408,low,single-utterance-unidirectional,P2-015,P2-100,"['page1-117.svg', 'page6-206.svg', 'page1-30.svg', 'page7-81.svg', 'page9-39.svg', 'page8-247.svg', 'page2-140.svg', 'page6-228.svg', 'page1-185.svg', 'page3-33.svg']",6.0,saxophone,1.0,7.0,"(12,)",page9-39.svg,True
P2G019,exp2_train_and_test_26.json,P2R00044,35,5,page6-31.svg,False,0.5333333333333334,low,single-utterance-unidirectional,P2-034,P2-069,"['page7-125.svg', 'page8-183.svg', 'page7-157.svg', 'page3-66.svg', 'page5-84.svg', 'page6-31.svg', 'page6-166.svg', 'page5-153.svg', 'page3-70.svg', 'page5-174.svg']",4.0,"Looks like an owl perching on a triangular shape, wearing a crown (three spikes on top in total)",18.0,24.0,"(34,)",page6-31.svg,True
P2G002,exp2_train_and_test_15.json,P2R00219,25,4,page2-114.svg,False,1.0,high,single-utterance-unidirectional,P2-114,P2-062,"['page7-53.svg', 'page6-53.svg', 'page3-70.svg', 'page2-20.svg', 'page1-172.svg', 'page7-125.svg', 'page5-96.svg', 'page8-159.svg', 'page2-114.svg', 'page4-180.svg']",9.0,cat with big oblong head traingle ears facing you,9.0,23.0,"(37,)",page2-20.svg,False
P2G023,exp2_train_and_test_40.json,P2R00091,36,5,page5-85.svg,False,0.5166666666666668,low,single-utterance-unidirectional,P2-056,P2-081,"['page3-59.svg', 'page7-203.svg', 'page7-217.svg', 'page5-155.svg', 'page5-85.svg', 'page8-169.svg', 'page7-157.svg', 'page1-175.svg', 'page6-107.svg', 'page8-234.svg']",4.0,Looks like a cat or fox,6.0,9.0,"(20,)",page5-85.svg,True
P2G042,exp2_train_and_test_50.json,P2R02286,4,0,page6-204.svg,True,1.0,high,single-utterance-unidirectional,P2-042,P2-049,"['page1-175.svg', 'page1-95.svg', 'page5-56.svg', 'page8-58.svg', 'page3-21.svg', 'page8-169.svg', 'page6-204.svg', 'page6-31.svg', 'page2-165.svg', 'page2-136.svg']",9.0,a castle,2.0,11.0,,,
P2G013,exp2_train_and_test_55.json,P2R01977,19,3,page5-139.svg,True,0.9925925925925926,high,single-utterance-unidirectional,P2-109,P2-097,"['page4-244.svg', 'page7-155.svg', 'page1-77.svg', 'page3-59.svg', 'page5-128.svg', 'page5-139.svg', 'page3-61.svg', 'page4-241.svg', 'page4-98.svg', 'page6-107.svg']",11.0,elephant head looking shape,4.0,17.0,"(24,)",page5-139.svg,True
P2G059,exp2_train_and_test_59.json,P2R01407,17,2,page7-144.svg,False,1.0,high,single-utterance-unidirectional,P2-004,P2-098,"['page8-159.svg', 'page3-61.svg', 'page7-144.svg', 'page5-102.svg', 'page7-116.svg', 'page6-167.svg', 'page7-157.svg', 'page5-96.svg', 'page7-126.svg', 'page8-56.svg']",,,,,,,
P2G023,exp2_train_and_test_40.json,P2R00290,20,3,page5-153.svg,False,0.6425925925925926,low,single-utterance-unidirectional,P2-081,P2-056,"['page2-100.svg', 'page3-201.svg', 'page9-23.svg', 'page7-144.svg', 'page7-29.svg', 'page3-200.svg', 'page4-232.svg', 'page2-165.svg', 'page7-44.svg', 'page5-153.svg']",5.0,bowl,1.0,6.0,"(14,)",page5-153.svg,True
P2G029,exp2_train_and_test_14.json,P2R01156,16,2,page5-36.svg,False,1.0,high,single-utterance-unidirectional,P2-099,P2-019,"['page5-36.svg', 'page8-176.svg', 'page7-144.svg', 'page2-86.svg', 'page5-75.svg', 'page7-41.svg', 'page9-34.svg', 'page3-21.svg', 'page7-226.svg', 'page2-20.svg']",9.0,cross on a diamond,4.0,11.0,"(22,)",page5-36.svg,True
P2G050,exp2_train_and_test_47.json,P2R01832,9,1,page8-206.svg,True,1.0,high,single-utterance-unidirectional,P2-039,P2-053,"['page8-182.svg', 'page5-139.svg', 'page6-1.svg', 'page7-127.svg', 'page5-56.svg', 'page3-201.svg', 'page7-125.svg', 'page5-84.svg', 'page6-162.svg', 'page8-206.svg']",15.0,Upward facing arrow with a tail balancing on a small hill,11.0,30.0,"(37,)",page8-206.svg,True
P2G051,exp2_train_and_test_5.json,P2R01658,4,0,page7-20.svg,False,1.0,high,single-utterance-unidirectional,P2-016,P2-051,"['page7-40.svg', 'page3-52.svg', 'page5-40.svg', 'page5-107.svg', 'page3-33.svg', 'page3-21.svg', 'page7-20.svg', 'page6-228.svg', 'page7-166.svg', 'page7-155.svg']",9.0,a building slanted tote right,5.0,20.0,"(29,)",page7-20.svg,True
P2G026,exp2_train_and_test_24.json,P2R02037,27,4,page8-38.svg,True,0.5777777777777778,low,single-utterance-unidirectional,P2-048,P2-057,"['page1-48.svg', 'page1-133.svg', 'page9-40.svg', 'page8-38.svg', 'page7-44.svg', 'page-F.svg', 'page5-45.svg', 'page4-195.svg', 'page6-206.svg', 'page7-55.svg']",,,,,,,
P2G059,exp2_train_and_test_59.json,P2R00839,37,5,page7-107.svg,False,0.9935185185185184,high,single-utterance-unidirectional,P2-098,P2-004,"['page6-206.svg', 'page7-113.svg', 'page7-166.svg', 'page2-100.svg', 'page3-33.svg', 'page2-140.svg', 'page6-160.svg', 'page4-128.svg', 'page1-149.svg', 'page7-107.svg']",,,,,,,
P2G038,exp2_train_and_test_18.json,P2R00154,28,4,page9-23.svg,False,1.0,high,single-utterance-unidirectional,P2-020,P2-107,"['page1-172.svg', 'page4-142.svg', 'page6-123.svg', 'page4-98.svg', 'page8-234.svg', 'page9-23.svg', 'page6-219.svg', 'page7-126.svg', 'page9-32.svg', 'page1-34.svg']",10.0,large triangle base with top point touching another object,9.0,22.0,"(35,)",page9-23.svg,True
P2G021,exp2_train_and_test_58.json,P2R00233,6,1,page4-195.svg,False,1.0,high,single-utterance-unidirectional,P2-036,P2-064,"['page8-38.svg', 'page4-195.svg', 'page3-205.svg', 'page7-41.svg', 'page4-241.svg', 'page5-84.svg', 'page7-226.svg', 'page6-31.svg', 'page5-233.svg', 'page9-40.svg']",5.0,it looks like penknife,4.0,12.0,"(22,)",page4-195.svg,True
P2G004,exp2_train_and_test_32.json,P2R00686,23,3,page2-131.svg,False,0.5333333333333334,low,single-utterance-unidirectional,P2-078,P2-018,"['page4-232.svg', 'page5-45.svg', 'page7-115.svg', 'page5-155.svg', 'page2-131.svg', 'page7-155.svg', 'page7-157.svg', 'page8-217.svg', 'page5-233.svg', 'page1-34.svg']",6.0,The T with the knob,5.0,13.0,"(23,)",page2-131.svg,True
P2G009,exp2_train_and_test_3.json,P2R01576,23,3,page3-139.svg,False,0.9935185185185184,high,single-utterance-unidirectional,P2-024,P2-117,"['page2-86.svg', 'page7-126.svg', 'page5-101.svg', 'page8-169.svg', 'page3-139.svg', 'page6-166.svg', 'page6-167.svg', 'page4-180.svg', 'page5-165.svg', 'page1-117.svg']",6.0,FAT MAN WITH PANTS UP,5.0,14.0,"(23,)",page3-139.svg,True
P2G024,exp2_train_and_test_48.json,P2R01164,24,4,page7-53.svg,False,0.7333333333333332,low,single-utterance-unidirectional,P2-001,P2-116,"['page4-142.svg', 'page5-56.svg', 'page1-97.svg', 'page4-98.svg', 'page6-23.svg', 'page4-244.svg', 'page8-221.svg', 'page1-95.svg', 'page7-53.svg', 'page6-124.svg']",6.0,flat top mountains,3.0,12.0,"(15,)",page7-53.svg,True
P2G028,exp2_train_and_test_0.json,P2R00234,16,2,page3-33.svg,False,0.6111111111111112,low,single-utterance-unidirectional,P2-100,P2-015,"['page8-247.svg', 'page6-206.svg', 'page1-117.svg', 'page2-140.svg', 'page1-30.svg', 'page9-39.svg', 'page1-185.svg', 'page3-33.svg', 'page6-228.svg', 'page7-81.svg']",11.0,rocky mountains one,3.0,14.0,"(23,)",page3-33.svg,True
P2G003,exp2_train_and_test_21.json,P2R02074,24,4,page1-132.svg,False,0.6666666666666667,low,single-utterance-unidirectional,P2-105,P2-041,"['page7-115.svg', 'page1-132.svg', 'page6-155.svg', 'page5-120.svg', 'page5-188.svg', 'page7-191.svg', 'page7-4.svg', 'page8-159.svg', 'page5-101.svg', 'page4-98.svg']",4.0,tall collum with two opposite triangles,6.0,11.0,"(18,)",page1-132.svg,True
P2G014,exp2_train_and_test_27.json,P2R00749,11,1,page7-166.svg,False,1.0,high,single-utterance-unidirectional,P2-060,P2-118,"['page6-160.svg', 'page7-166.svg', 'page3-139.svg', 'page1-34.svg', 'page3-201.svg', 'page8-166.svg', 'page2-131.svg', 'page3-33.svg', 'page9-39.svg', 'page5-128.svg']",15.0,a bowl on top of a triangle,7.0,28.0,"(49,)",page1-34.svg,False
P2G016,exp2_train_and_test_56.json,P2R01330,10,1,page7-125.svg,False,0.9935185185185184,high,single-utterance-unidirectional,P2-043,P2-003,"['page6-192.svg', 'page4-96.svg', 'page5-155.svg', 'page5-121.svg', 'page7-35.svg', 'page5-40.svg', 'page7-29.svg', 'page7-125.svg', 'page1-107.svg', 'page8-206.svg']",9.0,pillar. long rectangle standing  shape. left side jagged,9.0,33.0,"(47,)",page7-125.svg,True
P2G030,exp2_train_and_test_35.json,P2R00578,38,5,page1-117.svg,False,1.0,high,single-utterance-unidirectional,P2-044,P2-002,"['page2-165.svg', 'page9-39.svg', 'page1-117.svg', 'page4-180.svg', 'page8-246.svg', 'page8-215.svg', 'page1-133.svg', 'page6-226.svg', 'page8-159.svg', 'page9-34.svg']",5.0,a column with a larger top than base,8.0,11.0,"(23,)",page1-117.svg,True
P2G024,exp2_train_and_test_48.json,P2R02271,34,5,page8-169.svg,False,1.0,high,single-utterance-unidirectional,P2-001,P2-116,"['page3-59.svg', 'page7-203.svg', 'page7-217.svg', 'page5-155.svg', 'page5-85.svg', 'page8-169.svg', 'page7-157.svg', 'page1-175.svg', 'page6-107.svg', 'page8-234.svg']",9.0,finger curled up,3.0,13.0,"(15,)",page8-169.svg,True
P2G002,exp2_train_and_test_15.json,P2R01704,2,0,page7-53.svg,False,0.7333333333333332,low,single-utterance-unidirectional,P2-114,P2-062,"['page7-53.svg', 'page6-53.svg', 'page3-70.svg', 'page2-20.svg', 'page1-172.svg', 'page7-125.svg', 'page5-96.svg', 'page8-159.svg', 'page2-114.svg', 'page4-180.svg']",5.0,It is a bridge with two triangular arches,8.0,21.0,"(29,)",page2-114.svg,False
P2G045,exp2_train_and_test_34.json,P2R00001,12,2,page2-16.svg,False,0.6722222222222223,low,single-utterance-unidirectional,P2-087,P2-054,"['page7-127.svg', 'page5-66.svg', 'page4-155.svg', 'page7-117.svg', 'page2-16.svg', 'page6-219.svg', 'page1-172.svg', 'page7-202.svg', 'page9-32.svg', 'page8-38.svg']",6.0,"2 traingles at side, big triangle at the bottom",9.0,15.0,"(21,)",page2-16.svg,True
P2G021,exp2_train_and_test_58.json,P2R00331,15,2,page4-195.svg,False,1.0,high,single-utterance-unidirectional,P2-064,P2-036,"['page4-195.svg', 'page6-31.svg', 'page4-241.svg', 'page7-41.svg', 'page8-38.svg', 'page5-233.svg', 'page3-205.svg', 'page7-226.svg', 'page9-40.svg', 'page5-84.svg']",9.0,Penknife,1.0,12.0,"(22,)",page4-195.svg,True
P2G053,exp2_train_and_test_23.json,P2R01792,28,4,page5-56.svg,False,0.6222222222222223,low,single-utterance-unidirectional,P2-045,P2-037,"['page1-128.svg', 'page7-10.svg', 'page5-56.svg', 'page6-226.svg', 'page6-160.svg', 'page1-133.svg', 'page6-204.svg', 'page5-188.svg', 'page7-116.svg', 'page8-248.svg']",3.0,mountain range,2.0,5.0,"(13,)",page5-56.svg,True
P2G058,exp2_train_and_test_2.json,P2R01201,10,1,page7-15.svg,False,0.5935185185185186,low,single-utterance-unidirectional,P2-077,P2-082,"['page6-121.svg', 'page7-41.svg', 'page1-132.svg', 'page7-117.svg', 'page5-102.svg', 'page3-66.svg', 'page7-81.svg', 'page8-58.svg', 'page7-15.svg', 'page4-190.svg']",3.0,mountains,1.0,4.0,"(6,)",page7-15.svg,True
P2G020,exp2_train_and_test_31.json,P2R01405,5,0,page5-75.svg,False,0.6944444444444444,low,single-utterance-unidirectional,P2-046,P2-023,"['page5-84.svg', 'page3-201.svg', 'page1-48.svg', 'page9-23.svg', 'page5-75.svg', 'page6-162.svg', 'page4-96.svg', 'page6-52.svg', 'page6-192.svg', 'page5-80.svg']",15.0,"middlerow , second from the left.",6.0,25.0,"(35,)",page4-96.svg,False
P2G049,exp2_train_and_test_41.json,P2R01645,32,5,page3-59.svg,False,1.0,high,single-utterance-unidirectional,P2-070,P2-013,"['page3-59.svg', 'page7-203.svg', 'page7-217.svg', 'page5-155.svg', 'page5-85.svg', 'page8-169.svg', 'page7-157.svg', 'page1-175.svg', 'page6-107.svg', 'page8-234.svg']",5.0,The large squarisk one with a diagonal at the bottom and top-left.,12.0,23.0,"(53,)",page3-59.svg,True
P2G024,exp2_train_and_test_48.json,P2R00899,21,3,page1-97.svg,False,1.0,high,single-utterance-unidirectional,P2-116,P2-001,"['page8-221.svg', 'page1-97.svg', 'page6-124.svg', 'page4-244.svg', 'page6-23.svg', 'page1-95.svg', 'page4-98.svg', 'page4-142.svg', 'page7-53.svg', 'page5-56.svg']",3.0,cronw,1.0,4.0,"(11,)",page1-97.svg,True
P2G033,exp2_train_and_test_8.json,P2R01812,1,0,page5-96.svg,False,0.5444444444444445,low,single-utterance-unidirectional,P2-112,P2-095,"['page5-45.svg', 'page5-26.svg', 'page5-96.svg', 'page3-61.svg', 'page4-190.svg', 'page8-166.svg', 'page8-234.svg', 'page6-219.svg', 'page7-4.svg', 'page7-15.svg']",14.0,it looks like a seal facing right with a long neck and an upside down v shape at the tail,20.0,43.0,,,
P2G013,exp2_train_and_test_55.json,P2R02047,34,5,page3-33.svg,False,0.6111111111111112,low,single-utterance-unidirectional,P2-097,P2-109,"['page4-128.svg', 'page7-107.svg', 'page7-113.svg', 'page3-33.svg', 'page2-100.svg', 'page7-166.svg', 'page6-206.svg', 'page1-149.svg', 'page6-160.svg', 'page2-140.svg']",7.0,a pacman type thing biting into the landscape,8.0,20.0,"(27,)",page3-33.svg,True
P2G051,exp2_train_and_test_5.json,P2R00194,15,2,page7-155.svg,True,0.6944444444444445,low,single-utterance-unidirectional,P2-051,P2-016,"['page7-155.svg', 'page3-21.svg', 'page3-33.svg', 'page5-107.svg', 'page7-166.svg', 'page3-52.svg', 'page7-20.svg', 'page7-40.svg', 'page6-228.svg', 'page5-40.svg']",4.0,Squiggly line with less bends,5.0,27.0,"(31,)",page7-155.svg,True
P2G048,exp2_train_and_test_19.json,P2R00983,12,2,page6-135.svg,True,1.0,high,single-utterance-unidirectional,P2-085,P2-106,"['page8-18.svg', 'page7-115.svg', 'page6-135.svg', 'page1-128.svg', 'page2-86.svg', 'page8-38.svg', 'page4-197.svg', 'page7-44.svg', 'page1-30.svg', 'page5-71.svg']",5.0,It looks like a flying insect,6.0,14.0,"(26,)",page6-135.svg,True
P2G056,exp2_train_and_test_33.json,P2R01358,4,0,page6-21.svg,False,1.0,high,single-utterance-unidirectional,P2-086,P2-028,"['page8-234.svg', 'page1-132.svg', 'page5-85.svg', 'page6-21.svg', 'page6-185.svg', 'page6-52.svg', 'page5-63.svg', 'page7-113.svg', 'page6-228.svg', 'page7-203.svg']",34.0,,,,,,
P2G050,exp2_train_and_test_47.json,P2R01250,30,5,page8-234.svg,False,0.0,low,single-utterance-unidirectional,P2-053,P2-039,"['page3-59.svg', 'page7-203.svg', 'page7-217.svg', 'page5-155.svg', 'page5-85.svg', 'page8-169.svg', 'page7-157.svg', 'page1-175.svg', 'page6-107.svg', 'page8-234.svg']",3.0,"OH different. Animal, 2 legs, head pointing left",8.0,17.0,"(28,)",page8-234.svg,True
P2G015,exp2_train_and_test_16.json,P2R01274,39,5,page4-5.svg,False,0.6916666666666667,low,single-utterance-unidirectional,P2-047,P2-058,"['page6-167.svg', 'page1-77.svg', 'page4-96.svg', 'page1-175.svg', 'page7-20.svg', 'page1-149.svg', 'page1-133.svg', 'page4-5.svg', 'page3-201.svg', 'page7-4.svg']",4.0,a man walking to the left,6.0,7.0,"(15,)",page4-5.svg,True
P2G022,exp2_train_and_test_53.json,P2R02038,9,1,page7-157.svg,False,0.6037037037037036,low,single-utterance-unidirectional,P2-103,P2-009,"['page5-165.svg', 'page8-159.svg', 'page5-45.svg', 'page4-232.svg', 'page9-40.svg', 'page7-127.svg', 'page7-157.svg', 'page8-234.svg', 'page3-70.svg', 'page8-58.svg']",11.0,Diamond,1.0,13.0,"(22,)",page7-157.svg,True
P2G033,exp2_train_and_test_8.json,P2R00469,35,5,page2-131.svg,False,0.5333333333333334,low,single-utterance-unidirectional,P2-095,P2-112,"['page7-177.svg', 'page5-75.svg', 'page6-204.svg', 'page7-35.svg', 'page7-144.svg', 'page4-98.svg', 'page2-131.svg', 'page6-245.svg', 'page9-34.svg', 'page7-115.svg']",7.0,a long thin rectangle facing up like the candle stip but looks like it has a roof on the top,20.0,32.0,"(51,)",page2-131.svg,True
P2G047,exp2_train_and_test_11.json,P2R01129,1,0,page7-145.svg,False,0.7666666666666666,low,single-utterance-unidirectional,P2-089,P2-065,"['page8-156.svg', 'page8-192.svg', 'page6-162.svg', 'page7-53.svg', 'page7-145.svg', 'page7-177.svg', 'page7-226.svg', 'page-F.svg', 'page7-41.svg', 'page7-36.svg']",13.0,,,,,,
P2G044,exp2_train_and_test_39.json,P2R00851,26,4,page7-157.svg,True,0.6037037037037036,low,single-utterance-unidirectional,P2-076,P2-101,"['page7-157.svg', 'page5-71.svg', 'page6-167.svg', 'page8-18.svg', 'page5-63.svg', 'page5-101.svg', 'page7-15.svg', 'page4-197.svg', 'page4-190.svg', 'page5-128.svg']",5.0,diamond on a point,4.0,11.0,"(22,)",page7-157.svg,True
P2G001,exp2_train_and_test_28.json,P2R00849,38,5,page3-66.svg,False,1.0,high,single-utterance-unidirectional,P2-080,P2-027,"['page6-166.svg', 'page7-157.svg', 'page6-31.svg', 'page5-174.svg', 'page3-70.svg', 'page8-183.svg', 'page5-153.svg', 'page7-125.svg', 'page5-84.svg', 'page3-66.svg']",,,,,,,
P2G009,exp2_train_and_test_3.json,P2R00733,33,5,page9-34.svg,False,1.0,high,single-utterance-unidirectional,P2-024,P2-117,"['page7-177.svg', 'page5-75.svg', 'page6-204.svg', 'page7-35.svg', 'page7-144.svg', 'page4-98.svg', 'page2-131.svg', 'page6-245.svg', 'page9-34.svg', 'page7-115.svg']",13.0,a HORSE FACING THE SKY WITH NO HIND LEGS,9.0,28.0,"(53,)",page9-34.svg,True
P2G051,exp2_train_and_test_5.json,P2R01309,11,1,page3-33.svg,False,0.6111111111111112,low,single-utterance-unidirectional,P2-051,P2-016,"['page7-155.svg', 'page3-21.svg', 'page3-33.svg', 'page5-107.svg', 'page7-166.svg', 'page3-52.svg', 'page7-20.svg', 'page7-40.svg', 'page6-228.svg', 'page5-40.svg']",3.0,Mountains with symbol over it.,5.0,8.0,"(10,)",page3-33.svg,True
P2G036,exp2_train_and_test_45.json,P2R01887,36,5,page5-85.svg,False,0.5166666666666668,low,single-utterance-unidirectional,P2-091,P2-052,"['page3-59.svg', 'page7-203.svg', 'page7-217.svg', 'page5-155.svg', 'page5-85.svg', 'page8-169.svg', 'page7-157.svg', 'page1-175.svg', 'page6-107.svg', 'page8-234.svg']",,,,,,,
P2G019,exp2_train_and_test_26.json,P2R01590,26,4,page6-123.svg,False,0.4166666666666667,low,single-utterance-unidirectional,P2-069,P2-034,"['page1-34.svg', 'page1-77.svg', 'page6-123.svg', 'page1-149.svg', 'page3-59.svg', 'page5-128.svg', 'page2-86.svg', 'page2-165.svg', 'page2-133.svg', 'page2-34.svg']",4.0,fish facing left,3.0,10.0,"(11,)",page6-123.svg,True
P2G053,exp2_train_and_test_23.json,P2R00468,22,3,page5-56.svg,False,0.6222222222222223,low,single-utterance-unidirectional,P2-037,P2-045,"['page1-133.svg', 'page7-116.svg', 'page6-160.svg', 'page1-128.svg', 'page8-248.svg', 'page7-10.svg', 'page5-56.svg', 'page6-226.svg', 'page6-204.svg', 'page5-188.svg']",6.0,mountain range,2.0,8.0,"(12,)",page5-56.svg,True
P2G054,exp2_train_and_test_38.json,P2R01626,36,5,page8-215.svg,False,0.6666666666666667,low,single-utterance-unidirectional,P2-012,P2-055,"['page2-165.svg', 'page9-39.svg', 'page1-117.svg', 'page4-180.svg', 'page8-246.svg', 'page8-215.svg', 'page1-133.svg', 'page6-226.svg', 'page8-159.svg', 'page9-34.svg']",6.0,"Weird shape, looks like a J with a crank on top, or backwards California with crank",16.0,38.0,"(47,)",page8-215.svg,True
P2G018,exp2_train_and_test_57.json,P2R02115,32,5,page6-160.svg,False,0.5592592592592593,low,single-utterance-unidirectional,P2-067,P2-083,"['page4-128.svg', 'page7-107.svg', 'page7-113.svg', 'page3-33.svg', 'page2-100.svg', 'page7-166.svg', 'page6-206.svg', 'page1-149.svg', 'page6-160.svg', 'page2-140.svg']",7.0,"mirror image, looks like a fish facing left",8.0,16.0,"(30,)",page6-160.svg,True
P2G053,exp2_train_and_test_23.json,P2R01321,23,3,page7-10.svg,False,0.7611111111111111,low,single-utterance-unidirectional,P2-037,P2-045,"['page1-133.svg', 'page7-116.svg', 'page6-160.svg', 'page1-128.svg', 'page8-248.svg', 'page7-10.svg', 'page5-56.svg', 'page6-226.svg', 'page6-204.svg', 'page5-188.svg']",10.0,trophy,1.0,12.0,"(23,)",page7-10.svg,True
P2G003,exp2_train_and_test_21.json,P2R00188,17,2,page5-188.svg,False,1.0,high,single-utterance-unidirectional,P2-105,P2-041,"['page7-115.svg', 'page1-132.svg', 'page6-155.svg', 'page5-120.svg', 'page5-188.svg', 'page7-191.svg', 'page7-4.svg', 'page8-159.svg', 'page5-101.svg', 'page4-98.svg']",9.0,The 'swimmer' shape with arrow pointing left,7.0,22.0,"(33,)",page5-188.svg,True
P2G037,exp2_train_and_test_42.json,P2R00328,15,2,page6-226.svg,True,1.0,high,single-utterance-unidirectional,P2-026,P2-075,"['page6-226.svg', 'page5-96.svg', 'page6-206.svg', 'page7-53.svg', 'page6-71.svg', 'page7-73.svg', 'page8-159.svg', 'page5-128.svg', 'page8-58.svg', 'page1-150.svg']",5.0,2 squares and a rectegngle,5.0,19.0,"(29,)",page6-226.svg,True
P2G003,exp2_train_and_test_21.json,P2R01342,0,0,page6-155.svg,False,1.0,high,single-utterance-unidirectional,P2-105,P2-041,"['page7-115.svg', 'page1-132.svg', 'page6-155.svg', 'page5-120.svg', 'page5-188.svg', 'page7-191.svg', 'page7-4.svg', 'page8-159.svg', 'page5-101.svg', 'page4-98.svg']",6.0,shape that looks like a giraffe walking to the left,10.0,15.0,"(23,)",page6-155.svg,True
P2G015,exp2_train_and_test_16.json,P2R01236,23,3,page7-79.svg,True,0.7777777777777777,low,single-utterance-unidirectional,P2-047,P2-058,"['page5-85.svg', 'page5-213.svg', 'page6-1.svg', 'page5-56.svg', 'page1-34.svg', 'page4-180.svg', 'page2-114.svg', 'page2-133.svg', 'page7-79.svg', 'page6-204.svg']",14.0,mountains with a tall right hill and a slope on the right,12.0,29.0,"(36,)",page7-79.svg,True
P2G047,exp2_train_and_test_11.json,P2R00137,36,5,page7-4.svg,False,0.6555555555555556,low,single-utterance-unidirectional,P2-089,P2-065,"['page4-96.svg', 'page1-149.svg', 'page3-201.svg', 'page6-167.svg', 'page1-77.svg', 'page1-133.svg', 'page7-20.svg', 'page4-5.svg', 'page1-175.svg', 'page7-4.svg']",7.0,It looks like a decoration off a castle,8.0,23.0,"(36,)",page3-201.svg,False
P2G018,exp2_train_and_test_57.json,P2R01283,17,2,page7-20.svg,False,1.0,high,single-utterance-unidirectional,P2-067,P2-083,"['page4-195.svg', 'page3-139.svg', 'page7-40.svg', 'page5-102.svg', 'page5-26.svg', 'page7-217.svg', 'page7-20.svg', 'page9-40.svg', 'page5-232.svg', 'page8-22.svg']",7.0,"large diagonal 5 sided shape,",5.0,31.0,"(59,)",,
P2G056,exp2_train_and_test_33.json,P2R00823,7,1,page5-63.svg,False,0.9935185185185184,high,single-utterance-unidirectional,P2-028,P2-086,"['page6-185.svg', 'page6-228.svg', 'page8-234.svg', 'page1-132.svg', 'page7-203.svg', 'page6-52.svg', 'page5-85.svg', 'page7-113.svg', 'page5-63.svg', 'page6-21.svg']",10.0,pyramid with square at bottom left,6.0,24.0,"(37,)",page5-63.svg,True
P2G032,exp2_train_and_test_44.json,P2R00109,39,5,page7-157.svg,False,0.6037037037037036,low,single-utterance-unidirectional,P2-096,P2-102,"['page7-217.svg', 'page3-59.svg', 'page8-234.svg', 'page5-85.svg', 'page7-157.svg', 'page1-175.svg', 'page7-203.svg', 'page5-155.svg', 'page8-169.svg', 'page6-107.svg']",5.0,big diamonds,2.0,7.0,"(9,)",page7-157.svg,True
P2G028,exp2_train_and_test_0.json,P2R00157,27,4,page1-30.svg,False,1.0,high,single-utterance-unidirectional,P2-100,P2-015,"['page8-247.svg', 'page6-206.svg', 'page1-117.svg', 'page2-140.svg', 'page1-30.svg', 'page9-39.svg', 'page1-185.svg', 'page3-33.svg', 'page6-228.svg', 'page7-81.svg']",12.0,christmas tree,2.0,14.0,"(23,)",page1-30.svg,True
P2G044,exp2_train_and_test_39.json,P2R02293,10,1,page5-101.svg,False,0.6666666666666667,low,single-utterance-unidirectional,P2-076,P2-101,"['page7-157.svg', 'page5-71.svg', 'page6-167.svg', 'page8-18.svg', 'page5-63.svg', 'page5-101.svg', 'page7-15.svg', 'page4-197.svg', 'page4-190.svg', 'page5-128.svg']",16.0,looks like a spaceship,4.0,30.0,"(35,)",page5-101.svg,True
P2G058,exp2_train_and_test_2.json,P2R00737,8,1,page1-132.svg,False,0.6666666666666667,low,single-utterance-unidirectional,P2-077,P2-082,"['page6-121.svg', 'page7-41.svg', 'page1-132.svg', 'page7-117.svg', 'page5-102.svg', 'page3-66.svg', 'page7-81.svg', 'page8-58.svg', 'page7-15.svg', 'page4-190.svg']",4.0,spanner,1.0,5.0,"(8,)",page1-132.svg,True
P2G045,exp2_train_and_test_34.json,P2R01574,36,5,page8-215.svg,False,0.6666666666666667,low,single-utterance-unidirectional,P2-087,P2-054,"['page2-165.svg', 'page9-39.svg', 'page1-117.svg', 'page4-180.svg', 'page8-246.svg', 'page8-215.svg', 'page1-133.svg', 'page6-226.svg', 'page8-159.svg', 'page9-34.svg']",10.0,very disjointed snake,3.0,17.0,"(22,)",page8-215.svg,True
P2G053,exp2_train_and_test_23.json,P2R01165,32,5,page5-153.svg,False,0.6425925925925926,low,single-utterance-unidirectional,P2-045,P2-037,"['page6-166.svg', 'page7-157.svg', 'page6-31.svg', 'page5-174.svg', 'page3-70.svg', 'page8-183.svg', 'page5-153.svg', 'page7-125.svg', 'page5-84.svg', 'page3-66.svg']",8.0,looks like a U shape,5.0,19.0,"(31,)",page5-153.svg,True
P2G030,exp2_train_and_test_35.json,P2R01508,3,0,page6-109.svg,False,1.0,high,single-utterance-unidirectional,P2-044,P2-002,"['page7-166.svg', 'page6-107.svg', 'page4-98.svg', 'page6-175.svg', 'page7-127.svg', 'page8-192.svg', 'page7-20.svg', 'page5-190.svg', 'page2-20.svg', 'page6-109.svg']",23.0,a cape with an invisible hero,6.0,38.0,"(48,)",page6-109.svg,True
P2G026,exp2_train_and_test_24.json,P2R00335,14,2,page4-195.svg,False,1.0,high,single-utterance-unidirectional,P2-057,P2-048,"['page7-44.svg', 'page7-55.svg', 'page6-206.svg', 'page1-48.svg', 'page8-38.svg', 'page5-45.svg', 'page9-40.svg', 'page1-133.svg', 'page-F.svg', 'page4-195.svg']",,,,,,,
P2G052,exp2_train_and_test_30.json,P2R00113,26,4,page6-245.svg,False,1.0,high,single-utterance-unidirectional,P2-061,P2-030,"['page1-172.svg', 'page6-166.svg', 'page6-245.svg', 'page4-155.svg', 'page5-101.svg', 'page3-201.svg', 'page8-156.svg', 'page6-21.svg', 'page2-34.svg', 'page2-136.svg']",13.0,resembles a bird with a beak on the top right and tail on bottom left,15.0,26.0,"(41,)",page6-245.svg,True
P2G022,exp2_train_and_test_53.json,P2R00183,12,2,page4-232.svg,False,1.0,high,single-utterance-unidirectional,P2-009,P2-103,"['page8-159.svg', 'page8-58.svg', 'page5-165.svg', 'page7-127.svg', 'page7-157.svg', 'page9-40.svg', 'page3-70.svg', 'page4-232.svg', 'page8-234.svg', 'page5-45.svg']",4.0,pine tree,2.0,9.0,"(20,)",page4-232.svg,True
P2G039,exp2_train_and_test_4.json,P2R00682,2,0,page9-39.svg,False,0.7407407407407408,low,single-utterance-unidirectional,P2-093,P2-022,"['page6-1.svg', 'page6-124.svg', 'page2-64.svg', 'page9-39.svg', 'page5-233.svg', 'page6-21.svg', 'page3-201.svg', 'page2-34.svg', 'page6-135.svg', 'page5-165.svg']",14.0,it has a triange pointing down for a base,9.0,42.0,,,
P2G029,exp2_train_and_test_14.json,P2R01064,32,5,page1-149.svg,False,1.0,high,single-utterance-unidirectional,P2-099,P2-019,"['page4-96.svg', 'page1-149.svg', 'page3-201.svg', 'page6-167.svg', 'page1-77.svg', 'page1-133.svg', 'page7-20.svg', 'page4-5.svg', 'page1-175.svg', 'page7-4.svg']",2.0,candlestick holder,2.0,12.0,"(18,)",page1-149.svg,True
P2G034,exp2_train_and_test_7.json,P2R01858,33,5,page9-34.svg,False,1.0,high,single-utterance-unidirectional,P2-035,P2-031,"['page7-177.svg', 'page5-75.svg', 'page6-204.svg', 'page7-35.svg', 'page7-144.svg', 'page4-98.svg', 'page2-131.svg', 'page6-245.svg', 'page9-34.svg', 'page7-115.svg']",16.0,rhombus or diamond with triangle top and bit to right,10.0,34.0,,,
P2G019,exp2_train_and_test_26.json,P2R02220,30,5,page7-157.svg,False,0.6037037037037036,low,single-utterance-unidirectional,P2-069,P2-034,"['page6-166.svg', 'page7-157.svg', 'page6-31.svg', 'page5-174.svg', 'page3-70.svg', 'page8-183.svg', 'page5-153.svg', 'page7-125.svg', 'page5-84.svg', 'page3-66.svg']",8.0,two points touching at the bottom,6.0,20.0,"(29,)",page7-157.svg,True
P2G030,exp2_train_and_test_35.json,P2R00539,20,3,page5-190.svg,True,1.0,high,single-utterance-unidirectional,P2-002,P2-044,"['page6-109.svg', 'page7-127.svg', 'page6-107.svg', 'page7-166.svg', 'page7-20.svg', 'page4-98.svg', 'page8-192.svg', 'page2-20.svg', 'page6-175.svg', 'page5-190.svg']",13.0,a space ship with an arrow pointing up,8.0,29.0,"(33,)",page5-190.svg,True
P2G027,exp2_train_and_test_49.json,P2R00883,13,2,page5-80.svg,False,0.5555555555555556,low,single-utterance-unidirectional,P2-113,P2-063,"['page7-186.svg', 'page2-140.svg', 'page8-192.svg', 'page2-114.svg', 'page5-153.svg', 'page5-80.svg', 'page7-44.svg', 'page8-18.svg', 'page7-115.svg', 'page2-85.svg']",12.0,wrench with a line through it,6.0,17.0,"(23,)",page5-80.svg,True
P2G038,exp2_train_and_test_18.json,P2R01744,12,2,page4-98.svg,True,0.7222222222222223,low,single-utterance-unidirectional,P2-107,P2-020,"['page1-172.svg', 'page6-219.svg', 'page9-32.svg', 'page7-126.svg', 'page9-23.svg', 'page4-142.svg', 'page6-123.svg', 'page1-34.svg', 'page4-98.svg', 'page8-234.svg']",8.0,looks like the blade of a sword,7.0,19.0,"(31,)",page4-98.svg,True
P2G018,exp2_train_and_test_57.json,P2R02211,22,3,page5-26.svg,False,0.7518518518518518,low,single-utterance-unidirectional,P2-083,P2-067,"['page7-20.svg', 'page3-139.svg', 'page8-22.svg', 'page5-102.svg', 'page4-195.svg', 'page7-217.svg', 'page5-26.svg', 'page7-40.svg', 'page9-40.svg', 'page5-232.svg']",6.0,"Heart shape with a single point at the bottom, a smaller point at the top, and either side has two smaller flat lines",23.0,31.0,"(45,)",page5-26.svg,True
P2G034,exp2_train_and_test_7.json,P2R00798,5,0,page5-165.svg,False,0.7777777777777777,low,single-utterance-unidirectional,P2-031,P2-035,"['page2-86.svg', 'page5-165.svg', 'page3-70.svg', 'page6-122.svg', 'page5-102.svg', 'page7-117.svg', 'page2-140.svg', 'page1-34.svg', 'page2-136.svg', 'page5-155.svg']",15.0,looks like a crystal in a cave,7.0,38.0,"(51,)",page5-165.svg,True
P2G041,exp2_train_and_test_52.json,P2R01781,37,5,page7-107.svg,False,0.9935185185185184,high,single-utterance-unidirectional,P2-072,P2-005,"['page6-206.svg', 'page7-113.svg', 'page7-166.svg', 'page2-100.svg', 'page3-33.svg', 'page2-140.svg', 'page6-160.svg', 'page4-128.svg', 'page1-149.svg', 'page7-107.svg']",4.0,Looks like a sideways flame with a diamond inside,9.0,16.0,"(29,)",page7-107.svg,True
P2G011,exp2_train_and_test_36.json,P2R01802,22,3,page3-201.svg,True,0.5548148148148148,low,single-utterance-unidirectional,P2-073,P2-014,"['page3-61.svg', 'page7-116.svg', 'page5-75.svg', 'page9-32.svg', 'page3-201.svg', 'page2-100.svg', 'page8-183.svg', 'page5-26.svg', 'page3-66.svg', 'page3-163.svg']",9.0,rabbit,1.0,10.0,"(13,)",page3-201.svg,True
P2G036,exp2_train_and_test_45.json,P2R00191,3,0,page7-115.svg,False,0.6,low,single-utterance-unidirectional,P2-091,P2-052,"['page8-22.svg', 'page7-144.svg', 'page9-34.svg', 'page2-36.svg', 'page7-216.svg', 'page7-115.svg', 'page7-22.svg', 'page7-107.svg', 'page1-185.svg', 'page6-31.svg']",20.0,long bed,2.0,23.0,"(34,)",page7-115.svg,True
P2G014,exp2_train_and_test_27.json,P2R00476,32,5,page5-153.svg,False,0.6425925925925926,low,single-utterance-unidirectional,P2-118,P2-060,"['page6-166.svg', 'page7-157.svg', 'page6-31.svg', 'page5-174.svg', 'page3-70.svg', 'page8-183.svg', 'page5-153.svg', 'page7-125.svg', 'page5-84.svg', 'page3-66.svg']",5.0,a crab with its claws above its head,8.0,14.0,"(34,)",page5-153.svg,True
P2G019,exp2_train_and_test_26.json,P2R01941,33,5,page6-166.svg,False,1.0,high,single-utterance-unidirectional,P2-034,P2-069,"['page7-125.svg', 'page8-183.svg', 'page7-157.svg', 'page3-66.svg', 'page5-84.svg', 'page6-31.svg', 'page6-166.svg', 'page5-153.svg', 'page3-70.svg', 'page5-174.svg']",5.0,"Looks a bit like a J shape but slanted, with a square on the bottom right where the curve would be",21.0,18.0,"(38,)",page6-166.svg,True
P2G037,exp2_train_and_test_42.json,P2R00449,3,0,page8-159.svg,False,1.0,high,single-utterance-unidirectional,P2-075,P2-026,"['page8-58.svg', 'page5-96.svg', 'page8-159.svg', 'page7-53.svg', 'page1-150.svg', 'page6-226.svg', 'page7-73.svg', 'page6-206.svg', 'page5-128.svg', 'page6-71.svg']",8.0,letter J,2.0,11.0,"(24,)",page8-159.svg,True
P2G021,exp2_train_and_test_58.json,P2R00355,2,0,page5-233.svg,False,1.0,high,single-utterance-unidirectional,P2-064,P2-036,"['page4-195.svg', 'page6-31.svg', 'page4-241.svg', 'page7-41.svg', 'page8-38.svg', 'page5-233.svg', 'page3-205.svg', 'page7-226.svg', 'page9-40.svg', 'page5-84.svg']",4.0,It looks like a rectangle with two triangles cut out in the centre,13.0,27.0,"(37,)",page5-233.svg,True
P2G059,exp2_train_and_test_59.json,P2R02112,28,4,page7-116.svg,False,1.0,high,single-utterance-unidirectional,P2-004,P2-098,"['page8-159.svg', 'page3-61.svg', 'page7-144.svg', 'page5-102.svg', 'page7-116.svg', 'page6-167.svg', 'page7-157.svg', 'page5-96.svg', 'page7-126.svg', 'page8-56.svg']",,,,,,,
P2G012,exp2_train_and_test_29.json,P2R01462,12,2,page4-241.svg,False,0.995,high,single-utterance-unidirectional,P2-025,P2-066,"['page7-115.svg', 'page2-34.svg', 'page5-75.svg', 'page5-128.svg', 'page6-186.svg', 'page1-132.svg', 'page9-25.svg', 'page7-117.svg', 'page6-228.svg', 'page4-241.svg']",9.0,Two triangles on top of an hourglass,7.0,14.0,"(17,)",page4-241.svg,True
P2G003,exp2_train_and_test_21.json,P2R01135,4,0,page7-4.svg,True,0.6555555555555556,low,single-utterance-unidirectional,P2-041,P2-105,"['page1-132.svg', 'page5-101.svg', 'page6-155.svg', 'page4-98.svg', 'page5-120.svg', 'page5-188.svg', 'page7-115.svg', 'page7-191.svg', 'page7-4.svg', 'page8-159.svg']",7.0,"shape that looks a bit batlike, empty lower left corner of the box.",13.0,39.0,"(53,)",page5-101.svg,False
P2G040,exp2_train_and_test_25.json,P2R00090,36,5,page3-70.svg,False,1.0,high,single-utterance-unidirectional,P2-021,P2-010,"['page6-166.svg', 'page7-157.svg', 'page6-31.svg', 'page5-174.svg', 'page3-70.svg', 'page8-183.svg', 'page5-153.svg', 'page7-125.svg', 'page5-84.svg', 'page3-66.svg']",13.0,rectangle pointing left,3.0,23.0,"(33,)",page7-125.svg,False
P2G054,exp2_train_and_test_38.json,P2R02200,12,2,page7-41.svg,False,0.7555555555555555,low,single-utterance-unidirectional,P2-012,P2-055,"['page6-71.svg', 'page7-41.svg', 'page4-197.svg', 'page4-98.svg', 'page6-109.svg', 'page6-208.svg', 'page6-135.svg', 'page7-15.svg', 'page2-131.svg', 'page6-186.svg']",5.0,Small arrow on boat,4.0,11.0,"(26,)",page7-41.svg,True
P2G059,exp2_train_and_test_59.json,P2R01195,1,0,page5-102.svg,False,0.7444444444444442,low,single-utterance-unidirectional,P2-004,P2-098,"['page8-159.svg', 'page3-61.svg', 'page7-144.svg', 'page5-102.svg', 'page7-116.svg', 'page6-167.svg', 'page7-157.svg', 'page5-96.svg', 'page7-126.svg', 'page8-56.svg']",13.0,Seahorse,1.0,33.0,,,
P2G052,exp2_train_and_test_30.json,P2R02259,29,4,page5-101.svg,True,0.6666666666666667,low,single-utterance-unidirectional,P2-030,P2-061,"['page5-101.svg', 'page6-166.svg', 'page8-156.svg', 'page1-172.svg', 'page6-21.svg', 'page3-201.svg', 'page2-34.svg', 'page2-136.svg', 'page4-155.svg', 'page6-245.svg']",10.0,Looks like a candy with wrappers twisted to the right (leaving E shaped gap),14.0,27.0,,,
P2G029,exp2_train_and_test_14.json,P2R00518,6,1,page7-41.svg,True,0.7555555555555555,low,single-utterance-unidirectional,P2-019,P2-099,"['page9-34.svg', 'page5-36.svg', 'page7-41.svg', 'page5-75.svg', 'page3-21.svg', 'page2-20.svg', 'page7-226.svg', 'page8-176.svg', 'page2-86.svg', 'page7-144.svg']",5.0,boat,1.0,8.0,"(14,)",page7-41.svg,True
P2G059,exp2_train_and_test_59.json,P2R00805,25,4,page7-157.svg,False,0.6037037037037036,low,single-utterance-unidirectional,P2-004,P2-098,"['page8-159.svg', 'page3-61.svg', 'page7-144.svg', 'page5-102.svg', 'page7-116.svg', 'page6-167.svg', 'page7-157.svg', 'page5-96.svg', 'page7-126.svg', 'page8-56.svg']",,,,,,,
P2G029,exp2_train_and_test_14.json,P2R02114,34,5,page6-167.svg,False,1.0,high,single-utterance-unidirectional,P2-099,P2-019,"['page4-96.svg', 'page1-149.svg', 'page3-201.svg', 'page6-167.svg', 'page1-77.svg', 'page1-133.svg', 'page7-20.svg', 'page4-5.svg', 'page1-175.svg', 'page7-4.svg']",11.0,"fat, pointy shape, doesnt resemble anything, not skinny",8.0,22.0,"(46,)",page6-167.svg,True
P2G039,exp2_train_and_test_4.json,P2R00492,24,4,page3-201.svg,False,0.5548148148148148,low,single-utterance-unidirectional,P2-093,P2-022,"['page6-1.svg', 'page6-124.svg', 'page2-64.svg', 'page9-39.svg', 'page5-233.svg', 'page6-21.svg', 'page3-201.svg', 'page2-34.svg', 'page6-135.svg', 'page5-165.svg']",7.0,person in dress with rabbit ears,6.0,21.0,"(27,)",page3-201.svg,True
P2G013,exp2_train_and_test_55.json,P2R01034,3,0,page1-77.svg,False,0.6833333333333333,low,single-utterance-unidirectional,P2-097,P2-109,"['page1-77.svg', 'page3-61.svg', 'page3-59.svg', 'page4-241.svg', 'page5-139.svg', 'page6-107.svg', 'page4-244.svg', 'page7-155.svg', 'page5-128.svg', 'page4-98.svg']",13.0,arrow pointing up,3.0,20.0,"(26,)",page4-98.svg,False
P2G012,exp2_train_and_test_29.json,P2R02134,11,1,page4-241.svg,False,0.995,high,single-utterance-unidirectional,P2-066,P2-025,"['page5-128.svg', 'page7-115.svg', 'page4-241.svg', 'page7-117.svg', 'page6-186.svg', 'page9-25.svg', 'page1-132.svg', 'page5-75.svg', 'page6-228.svg', 'page2-34.svg']",10.0,Two triangles on top of an hourglass,7.0,30.0,"(48,)",page1-132.svg,False
P2G001,exp2_train_and_test_28.json,P2R01401,1,0,page7-115.svg,False,0.6,low,single-utterance-unidirectional,P2-080,P2-027,"['page5-121.svg', 'page3-33.svg', 'page6-52.svg', 'page7-44.svg', 'page5-63.svg', 'page2-34.svg', 'page6-155.svg', 'page7-115.svg', 'page6-175.svg', 'page7-113.svg']",,,,,,,
P2G004,exp2_train_and_test_32.json,P2R02013,32,5,page9-39.svg,False,0.7407407407407408,low,single-utterance-unidirectional,P2-018,P2-078,"['page2-165.svg', 'page9-39.svg', 'page1-117.svg', 'page4-180.svg', 'page8-246.svg', 'page8-215.svg', 'page1-133.svg', 'page6-226.svg', 'page8-159.svg', 'page9-34.svg']",5.0,like the letter J or a pipe,7.0,17.0,"(30,)",page8-159.svg,False
P2G003,exp2_train_and_test_21.json,P2R00863,36,5,page3-70.svg,False,1.0,high,single-utterance-unidirectional,P2-105,P2-041,"['page6-166.svg', 'page7-157.svg', 'page6-31.svg', 'page5-174.svg', 'page3-70.svg', 'page8-183.svg', 'page5-153.svg', 'page7-125.svg', 'page5-84.svg', 'page3-66.svg']",10.0,horizontal rectagle with a triangle on the left,8.0,30.0,"(42,)",page3-70.svg,True
P2G016,exp2_train_and_test_56.json,P2R00291,34,5,page3-33.svg,False,0.6111111111111112,low,single-utterance-unidirectional,P2-003,P2-043,"['page4-128.svg', 'page7-107.svg', 'page7-113.svg', 'page3-33.svg', 'page2-100.svg', 'page7-166.svg', 'page6-206.svg', 'page1-149.svg', 'page6-160.svg', 'page2-140.svg']",6.0,"3 triangles, looks like mountains",5.0,27.0,"(40,)",page3-33.svg,True
P2G017,exp2_train_and_test_13.json,P2R01136,26,4,page7-125.svg,False,0.9935185185185184,high,single-utterance-unidirectional,P2-059,P2-104,"['page6-21.svg', 'page1-128.svg', 'page3-207.svg', 'page7-125.svg', 'page4-155.svg', 'page9-40.svg', 'page8-22.svg', 'page6-204.svg', 'page8-192.svg', 'page6-31.svg']",11.0,A rock which points left at the top,8.0,17.0,"(23,)",page7-125.svg,True
P2G047,exp2_train_and_test_11.json,P2R01056,13,2,page-F.svg,False,0.6685185185185186,low,single-utterance-unidirectional,P2-089,P2-065,"['page8-156.svg', 'page8-192.svg', 'page6-162.svg', 'page7-53.svg', 'page7-145.svg', 'page7-177.svg', 'page7-226.svg', 'page-F.svg', 'page7-41.svg', 'page7-36.svg']",4.0,The person sitting against the wall,6.0,11.0,"(23,)",page-F.svg,True
P2G001,exp2_train_and_test_28.json,P2R01536,15,2,page6-155.svg,False,1.0,high,single-utterance-unidirectional,P2-080,P2-027,"['page5-121.svg', 'page3-33.svg', 'page6-52.svg', 'page7-44.svg', 'page5-63.svg', 'page2-34.svg', 'page6-155.svg', 'page7-115.svg', 'page6-175.svg', 'page7-113.svg']",,,,,,,
P2G029,exp2_train_and_test_14.json,P2R02354,35,5,page4-96.svg,False,1.0,high,single-utterance-unidirectional,P2-019,P2-099,"['page6-167.svg', 'page1-77.svg', 'page4-96.svg', 'page1-175.svg', 'page7-20.svg', 'page1-149.svg', 'page1-133.svg', 'page4-5.svg', 'page3-201.svg', 'page7-4.svg']",5.0,smoking pipe,2.0,7.0,"(16,)",page4-96.svg,True
P2G027,exp2_train_and_test_49.json,P2R01935,22,3,page7-186.svg,False,1.0,high,single-utterance-unidirectional,P2-063,P2-113,"['page8-192.svg', 'page5-80.svg', 'page7-115.svg', 'page2-140.svg', 'page8-18.svg', 'page7-44.svg', 'page7-186.svg', 'page5-153.svg', 'page2-85.svg', 'page2-114.svg']",11.0,P,1.0,11.0,"(24,)",page7-186.svg,True
P2G022,exp2_train_and_test_53.json,P2R01649,33,5,page6-206.svg,False,0.7333333333333333,low,single-utterance-unidirectional,P2-103,P2-009,"['page6-206.svg', 'page7-113.svg', 'page7-166.svg', 'page2-100.svg', 'page3-33.svg', 'page2-140.svg', 'page6-160.svg', 'page4-128.svg', 'page1-149.svg', 'page7-107.svg']",11.0,sideways sunglasses,2.0,13.0,"(25,)",page6-206.svg,True
P2G059,exp2_train_and_test_59.json,P2R02100,10,1,page3-61.svg,True,1.0,high,single-utterance-unidirectional,P2-098,P2-004,"['page7-116.svg', 'page8-56.svg', 'page5-96.svg', 'page6-167.svg', 'page7-157.svg', 'page8-159.svg', 'page5-102.svg', 'page3-61.svg', 'page7-126.svg', 'page7-144.svg']",,,,,,,
P2G039,exp2_train_and_test_4.json,P2R01954,4,0,page6-21.svg,False,1.0,high,single-utterance-unidirectional,P2-093,P2-022,"['page6-1.svg', 'page6-124.svg', 'page2-64.svg', 'page9-39.svg', 'page5-233.svg', 'page6-21.svg', 'page3-201.svg', 'page2-34.svg', 'page6-135.svg', 'page5-165.svg']",16.0,"it is flat on top edge, pointing right",8.0,34.0,"(48,)",page6-21.svg,True
P2G050,exp2_train_and_test_47.json,P2R00404,4,0,page7-127.svg,True,0.6222222222222222,low,single-utterance-unidirectional,P2-039,P2-053,"['page8-182.svg', 'page5-139.svg', 'page6-1.svg', 'page7-127.svg', 'page5-56.svg', 'page3-201.svg', 'page7-125.svg', 'page5-84.svg', 'page6-162.svg', 'page8-206.svg']",5.0,A duck flying to the left,6.0,9.0,"(14,)",page7-127.svg,True
P2G030,exp2_train_and_test_35.json,P2R00707,11,1,page4-98.svg,False,0.7222222222222223,low,single-utterance-unidirectional,P2-002,P2-044,"['page6-109.svg', 'page7-127.svg', 'page6-107.svg', 'page7-166.svg', 'page7-20.svg', 'page4-98.svg', 'page8-192.svg', 'page2-20.svg', 'page6-175.svg', 'page5-190.svg']",25.0,a sword missing its hilt,5.0,30.0,"(36,)",page4-98.svg,True
P2G023,exp2_train_and_test_40.json,P2R00088,28,4,page9-23.svg,False,1.0,high,single-utterance-unidirectional,P2-056,P2-081,"['page7-29.svg', 'page2-100.svg', 'page7-144.svg', 'page3-201.svg', 'page9-23.svg', 'page3-200.svg', 'page2-165.svg', 'page4-232.svg', 'page5-153.svg', 'page7-44.svg']",7.0,"Triangle base, screw top",4.0,13.0,"(24,)",page9-23.svg,True
P2G010,exp2_train_and_test_17.json,P2R02194,9,1,page7-41.svg,False,0.7555555555555555,low,single-utterance-unidirectional,P2-068,P2-092,"['page1-107.svg', 'page7-144.svg', 'page7-41.svg', 'page6-1.svg', 'page7-15.svg', 'page8-221.svg', 'page5-121.svg', 'page6-208.svg', 'page8-22.svg', 'page7-155.svg']",12.0,A house on a boat,5.0,17.0,"(30,)",page7-41.svg,True
P2G026,exp2_train_and_test_24.json,P2R01006,24,4,page1-133.svg,False,0.5444444444444445,low,single-utterance-unidirectional,P2-057,P2-048,"['page7-44.svg', 'page7-55.svg', 'page6-206.svg', 'page1-48.svg', 'page8-38.svg', 'page5-45.svg', 'page9-40.svg', 'page1-133.svg', 'page-F.svg', 'page4-195.svg']",,,,,,,
P2G042,exp2_train_and_test_50.json,P2R00030,7,1,page8-169.svg,False,1.0,high,single-utterance-unidirectional,P2-042,P2-049,"['page1-175.svg', 'page1-95.svg', 'page5-56.svg', 'page8-58.svg', 'page3-21.svg', 'page8-169.svg', 'page6-204.svg', 'page6-31.svg', 'page2-165.svg', 'page2-136.svg']",5.0,a half moon,3.0,8.0,,,
P2G039,exp2_train_and_test_4.json,P2R01275,1,0,page5-165.svg,False,0.7777777777777777,low,single-utterance-unidirectional,P2-093,P2-022,"['page6-1.svg', 'page6-124.svg', 'page2-64.svg', 'page9-39.svg', 'page5-233.svg', 'page6-21.svg', 'page3-201.svg', 'page2-34.svg', 'page6-135.svg', 'page5-165.svg']",11.0,it has a triangle for a base pointing up,9.0,28.0,"(45,)",page5-165.svg,True
P2G049,exp2_train_and_test_41.json,P2R00696,27,4,page6-192.svg,False,0.6444444444444445,low,single-utterance-unidirectional,P2-070,P2-013,"['page8-38.svg', 'page6-192.svg', 'page7-35.svg', 'page7-36.svg', 'page4-98.svg', 'page3-70.svg', 'page5-154.svg', 'page7-79.svg', 'page8-246.svg', 'page4-108.svg']",5.0,The man.,2.0,8.0,"(18,)",page6-192.svg,True
P2G014,exp2_train_and_test_27.json,P2R00902,22,3,page3-201.svg,False,0.5548148148148148,low,single-utterance-unidirectional,P2-060,P2-118,"['page6-160.svg', 'page7-166.svg', 'page3-139.svg', 'page1-34.svg', 'page3-201.svg', 'page8-166.svg', 'page2-131.svg', 'page3-33.svg', 'page9-39.svg', 'page5-128.svg']",9.0,a rabbit,2.0,13.0,"(25,)",page3-201.svg,True
P2G003,exp2_train_and_test_21.json,P2R00053,9,1,page1-132.svg,False,0.6666666666666667,low,single-utterance-unidirectional,P2-041,P2-105,"['page1-132.svg', 'page5-101.svg', 'page6-155.svg', 'page4-98.svg', 'page5-120.svg', 'page5-188.svg', 'page7-115.svg', 'page7-191.svg', 'page7-4.svg', 'page8-159.svg']",7.0,a tall column with 2 triangles at the top attached facing left and right,14.0,26.0,"(35,)",page1-132.svg,True
P2G012,exp2_train_and_test_29.json,P2R01505,1,0,page4-241.svg,False,0.995,high,single-utterance-unidirectional,P2-025,P2-066,"['page7-115.svg', 'page2-34.svg', 'page5-75.svg', 'page5-128.svg', 'page6-186.svg', 'page1-132.svg', 'page9-25.svg', 'page7-117.svg', 'page6-228.svg', 'page4-241.svg']",13.0,a pair of wings with a headless bird,8.0,22.0,"(45,)",page4-241.svg,True
P2G038,exp2_train_and_test_18.json,P2R00872,20,3,page9-23.svg,False,1.0,high,single-utterance-unidirectional,P2-107,P2-020,"['page1-172.svg', 'page6-219.svg', 'page9-32.svg', 'page7-126.svg', 'page9-23.svg', 'page4-142.svg', 'page6-123.svg', 'page1-34.svg', 'page4-98.svg', 'page8-234.svg']",5.0,triangle base with top tip touching other piece,8.0,20.0,"(24,)",page9-23.svg,True
P2G008,exp2_train_and_test_22.json,P2R01726,6,1,page3-201.svg,False,0.5548148148148148,low,single-utterance-unidirectional,P2-033,P2-038,"['page7-145.svg', 'page4-11.svg', 'page8-217.svg', 'page7-226.svg', 'page7-115.svg', 'page1-30.svg', 'page4-195.svg', 'page5-155.svg', 'page3-201.svg', 'page6-155.svg']",8.0,your bunny rabbit,3.0,14.0,"(22,)",page3-201.svg,True
P2G047,exp2_train_and_test_11.json,P2R01613,32,5,page1-149.svg,False,1.0,high,single-utterance-unidirectional,P2-089,P2-065,"['page4-96.svg', 'page1-149.svg', 'page3-201.svg', 'page6-167.svg', 'page1-77.svg', 'page1-133.svg', 'page7-20.svg', 'page4-5.svg', 'page1-175.svg', 'page7-4.svg']",5.0,It looks like a column from a castle or something,10.0,25.0,"(47,)",page7-4.svg,False
P2G035,exp2_train_and_test_12.json,P2R00877,34,5,page6-167.svg,False,1.0,high,single-utterance-unidirectional,P2-040,P2-029,"['page4-96.svg', 'page1-149.svg', 'page3-201.svg', 'page6-167.svg', 'page1-77.svg', 'page1-133.svg', 'page7-20.svg', 'page4-5.svg', 'page1-175.svg', 'page7-4.svg']",,,,,,,
P2G014,exp2_train_and_test_27.json,P2R01264,13,2,page7-166.svg,False,1.0,high,single-utterance-unidirectional,P2-118,P2-060,"['page9-39.svg', 'page3-33.svg', 'page5-128.svg', 'page3-139.svg', 'page7-166.svg', 'page3-201.svg', 'page6-160.svg', 'page1-34.svg', 'page2-131.svg', 'page8-166.svg']",7.0,a bowl on top of a triangle,7.0,12.0,"(23,)",page7-166.svg,True
P2G008,exp2_train_and_test_22.json,P2R00222,33,5,page6-166.svg,False,1.0,high,single-utterance-unidirectional,P2-033,P2-038,"['page7-125.svg', 'page8-183.svg', 'page7-157.svg', 'page3-66.svg', 'page5-84.svg', 'page6-31.svg', 'page6-166.svg', 'page5-153.svg', 'page3-70.svg', 'page5-174.svg']",13.0,the letter J at an angle,6.0,23.0,"(33,)",page6-166.svg,True
P2G029,exp2_train_and_test_14.json,P2R00517,19,3,page5-36.svg,False,1.0,high,single-utterance-unidirectional,P2-019,P2-099,"['page9-34.svg', 'page5-36.svg', 'page7-41.svg', 'page5-75.svg', 'page3-21.svg', 'page2-20.svg', 'page7-226.svg', 'page8-176.svg', 'page2-86.svg', 'page7-144.svg']",5.0,cross on a diamond,4.0,7.0,"(14,)",page5-36.svg,True
P2G041,exp2_train_and_test_52.json,P2R01670,29,4,page8-156.svg,False,1.0,high,single-utterance-unidirectional,P2-005,P2-072,"['page9-32.svg', 'page7-10.svg', 'page8-159.svg', 'page8-215.svg', 'page6-107.svg', 'page1-150.svg', 'page8-156.svg', 'page8-246.svg', 'page1-172.svg', 'page2-16.svg']",10.0,Strange letter K,3.0,15.0,"(25,)",page8-156.svg,True
P2G024,exp2_train_and_test_48.json,P2R02120,29,4,page6-23.svg,False,0.7776190476190477,low,single-utterance-unidirectional,P2-001,P2-116,"['page4-142.svg', 'page5-56.svg', 'page1-97.svg', 'page4-98.svg', 'page6-23.svg', 'page4-244.svg', 'page8-221.svg', 'page1-95.svg', 'page7-53.svg', 'page6-124.svg']",6.0,square head,2.0,9.0,"(11,)",page6-23.svg,True
P2G026,exp2_train_and_test_24.json,P2R00677,21,3,page1-133.svg,False,0.5444444444444445,low,single-utterance-unidirectional,P2-048,P2-057,"['page1-48.svg', 'page1-133.svg', 'page9-40.svg', 'page8-38.svg', 'page7-44.svg', 'page-F.svg', 'page5-45.svg', 'page4-195.svg', 'page6-206.svg', 'page7-55.svg']",,,,,,,
P2G035,exp2_train_and_test_12.json,P2R00189,2,0,page5-128.svg,True,0.9925925925925926,high,single-utterance-unidirectional,P2-029,P2-040,"['page7-35.svg', 'page4-195.svg', 'page5-128.svg', 'page9-34.svg', 'page2-190.svg', 'page6-226.svg', 'page7-40.svg', 'page7-113.svg', 'page2-34.svg', 'page6-162.svg']",9.0,it looks like a claw or hoof with the sharp point to the right,14.0,31.0,,,
P2G034,exp2_train_and_test_7.json,P2R01937,38,5,page7-177.svg,False,1.0,high,single-utterance-unidirectional,P2-031,P2-035,"['page9-34.svg', 'page7-115.svg', 'page4-98.svg', 'page7-177.svg', 'page7-35.svg', 'page6-245.svg', 'page7-144.svg', 'page2-131.svg', 'page5-75.svg', 'page6-204.svg']",,,,,,,
P2G031,exp2_train_and_test_1.json,P2R00358,22,3,page3-70.svg,False,1.0,high,single-utterance-unidirectional,P2-017,P2-032,"['page3-70.svg', 'page8-21.svg', 'page5-101.svg', 'page2-165.svg', 'page1-95.svg', 'page8-156.svg', 'page7-40.svg', 'page6-171.svg', 'page3-61.svg', 'page7-29.svg']",4.0,square melting into rectangle,4.0,10.0,"(12,)",page3-70.svg,True
P2G019,exp2_train_and_test_26.json,P2R01557,2,0,page3-59.svg,False,1.0,high,single-utterance-unidirectional,P2-069,P2-034,"['page1-34.svg', 'page1-77.svg', 'page6-123.svg', 'page1-149.svg', 'page3-59.svg', 'page5-128.svg', 'page2-86.svg', 'page2-165.svg', 'page2-133.svg', 'page2-34.svg']",40.0,,,,,,
P2G017,exp2_train_and_test_13.json,P2R00275,10,1,page7-125.svg,False,0.9935185185185184,high,single-utterance-unidirectional,P2-104,P2-059,"['page6-204.svg', 'page6-21.svg', 'page9-40.svg', 'page8-22.svg', 'page6-31.svg', 'page3-207.svg', 'page4-155.svg', 'page7-125.svg', 'page1-128.svg', 'page8-192.svg']",17.0,a square rock that is pointing to the left,9.0,30.0,"(36,)",page7-125.svg,True
P2G057,exp2_train_and_test_10.json,P2R01795,4,0,page8-206.svg,False,1.0,high,single-utterance-unidirectional,P2-090,P2-084,"['page2-100.svg', 'page6-185.svg', 'page5-56.svg', 'page9-25.svg', 'page7-35.svg', 'page8-206.svg', 'page3-12.svg', 'page1-150.svg', 'page7-79.svg', 'page7-116.svg']",14.0,"looks like a triangle on the bottom right, holding up a structure",12.0,40.0,"(51,)",page7-79.svg,False
P2G026,exp2_train_and_test_24.json,P2R01748,9,1,page-F.svg,False,0.6685185185185186,low,single-utterance-unidirectional,P2-048,P2-057,"['page1-48.svg', 'page1-133.svg', 'page9-40.svg', 'page8-38.svg', 'page7-44.svg', 'page-F.svg', 'page5-45.svg', 'page4-195.svg', 'page6-206.svg', 'page7-55.svg']",,,,,,,
P2G014,exp2_train_and_test_27.json,P2R00802,38,5,page3-66.svg,False,1.0,high,single-utterance-unidirectional,P2-118,P2-060,"['page6-166.svg', 'page7-157.svg', 'page6-31.svg', 'page5-174.svg', 'page3-70.svg', 'page8-183.svg', 'page5-153.svg', 'page7-125.svg', 'page5-84.svg', 'page3-66.svg']",19.0,an atm machine that has fallen on its front,9.0,28.0,"(52,)",page8-183.svg,False
P2G034,exp2_train_and_test_7.json,P2R02291,35,5,page2-131.svg,False,0.5333333333333334,low,single-utterance-unidirectional,P2-035,P2-031,"['page7-177.svg', 'page5-75.svg', 'page6-204.svg', 'page7-35.svg', 'page7-144.svg', 'page4-98.svg', 'page2-131.svg', 'page6-245.svg', 'page9-34.svg', 'page7-115.svg']",,,,,,,
P2G025,exp2_train_and_test_9.json,P2R01124,25,4,page4-5.svg,True,0.6916666666666667,low,single-utterance-unidirectional,P2-007,P2-094,"['page4-5.svg', 'page5-36.svg', 'page2-100.svg', 'page5-120.svg', 'page1-97.svg', 'page5-190.svg', 'page6-226.svg', 'page8-21.svg', 'page8-192.svg', 'page7-15.svg']",3.0,"looks like a man kicking, kung fu",7.0,16.0,"(24,)",page4-5.svg,True
P2G032,exp2_train_and_test_44.json,P2R00408,0,0,page6-226.svg,False,1.0,high,single-utterance-unidirectional,P2-102,P2-096,"['page8-22.svg', 'page5-101.svg', 'page6-226.svg', 'page5-190.svg', 'page2-34.svg', 'page4-197.svg', 'page7-20.svg', 'page6-53.svg', 'page8-21.svg', 'page4-96.svg']",14.0,2 rhombuses alongside each other,5.0,23.0,"(35,)",page8-22.svg,False
P2G034,exp2_train_and_test_7.json,P2R00722,1,0,page5-102.svg,False,0.7444444444444442,low,single-utterance-unidirectional,P2-031,P2-035,"['page2-86.svg', 'page5-165.svg', 'page3-70.svg', 'page6-122.svg', 'page5-102.svg', 'page7-117.svg', 'page2-140.svg', 'page1-34.svg', 'page2-136.svg', 'page5-155.svg']",11.0,looks like the number 3 with a triangle on the back,11.0,29.0,"(47,)",page5-102.svg,True
P2G055,exp2_train_and_test_37.json,P2R02252,36,5,page8-215.svg,False,0.6666666666666667,low,single-utterance-unidirectional,P2-110,P2-011,"['page2-165.svg', 'page9-39.svg', 'page1-117.svg', 'page4-180.svg', 'page8-246.svg', 'page8-215.svg', 'page1-133.svg', 'page6-226.svg', 'page8-159.svg', 'page9-34.svg']",5.0,looks like a snake sitting up,6.0,16.0,"(24,)",page8-215.svg,True
P2G010,exp2_train_and_test_17.json,P2R01120,30,5,page1-175.svg,False,1.0,high,single-utterance-unidirectional,P2-092,P2-068,"['page4-96.svg', 'page1-149.svg', 'page3-201.svg', 'page6-167.svg', 'page1-77.svg', 'page1-133.svg', 'page7-20.svg', 'page4-5.svg', 'page1-175.svg', 'page7-4.svg']",5.0,a parralellogram,2.0,10.0,"(23,)",page1-175.svg,True
P2G058,exp2_train_and_test_2.json,P2R01041,1,0,page6-121.svg,False,1.0,high,single-utterance-unidirectional,P2-082,P2-077,"['page7-15.svg', 'page7-41.svg', 'page1-132.svg', 'page7-117.svg', 'page7-81.svg', 'page8-58.svg', 'page3-66.svg', 'page6-121.svg', 'page4-190.svg', 'page5-102.svg']",6.0,gas nuzzle - horizontal with a dip at the right,10.0,16.0,"(23,)",page6-121.svg,True
P2G040,exp2_train_and_test_25.json,P2R01107,18,3,page2-114.svg,False,1.0,high,single-utterance-unidirectional,P2-010,P2-021,"['page6-21.svg', 'page2-114.svg', 'page5-128.svg', 'page6-175.svg', 'page7-4.svg', 'page8-246.svg', 'page4-244.svg', 'page5-154.svg', 'page4-98.svg', 'page8-38.svg']",7.0,sitting plate,2.0,22.0,"(28,)",page2-114.svg,True
P2G019,exp2_train_and_test_26.json,P2R01808,37,5,page7-125.svg,False,0.9935185185185184,high,single-utterance-unidirectional,P2-034,P2-069,"['page7-125.svg', 'page8-183.svg', 'page7-157.svg', 'page3-66.svg', 'page5-84.svg', 'page6-31.svg', 'page6-166.svg', 'page5-153.svg', 'page3-70.svg', 'page5-174.svg']",3.0,"Looks like a cliff face - straight on the top, bottom and right hand side, jagged on the left",19.0,18.0,"(39,)",page7-125.svg,True
P2G046,exp2_train_and_test_46.json,P2R01240,15,2,page4-197.svg,False,1.0,high,single-utterance-unidirectional,P2-079,P2-008,"['page8-182.svg', 'page5-153.svg', 'page4-197.svg', 'page2-34.svg', 'page6-166.svg', 'page2-20.svg', 'page8-22.svg', 'page2-86.svg', 'page9-34.svg', 'page8-156.svg']",13.0,A arrow pointing down on a wall,7.0,23.0,"(34,)",page4-197.svg,True
P2G039,exp2_train_and_test_4.json,P2R00415,23,3,page2-34.svg,True,0.7611111111111111,low,single-utterance-unidirectional,P2-022,P2-093,"['page5-233.svg', 'page2-34.svg', 'page9-39.svg', 'page6-21.svg', 'page3-201.svg', 'page6-135.svg', 'page6-124.svg', 'page2-64.svg', 'page5-165.svg', 'page6-1.svg']",12.0,giraffe from side with head chopped off,7.0,30.0,"(41,)",page2-34.svg,True
P2G008,exp2_train_and_test_22.json,P2R02044,16,2,page7-226.svg,True,1.0,high,single-utterance-unidirectional,P2-033,P2-038,"['page7-145.svg', 'page4-11.svg', 'page8-217.svg', 'page7-226.svg', 'page7-115.svg', 'page1-30.svg', 'page4-195.svg', 'page5-155.svg', 'page3-201.svg', 'page6-155.svg']",10.0,a babies car seat,4.0,36.0,"(48,)",page7-115.svg,False
P2G019,exp2_train_and_test_26.json,P2R01011,32,5,page5-153.svg,False,0.6425925925925926,low,single-utterance-unidirectional,P2-069,P2-034,"['page6-166.svg', 'page7-157.svg', 'page6-31.svg', 'page5-174.svg', 'page3-70.svg', 'page8-183.svg', 'page5-153.svg', 'page7-125.svg', 'page5-84.svg', 'page3-66.svg']",7.0,a straight hairline with two buns facing inwards,8.0,33.0,"(37,)",page5-153.svg,True
P2G034,exp2_train_and_test_7.json,P2R01761,32,5,page4-98.svg,False,0.7222222222222223,low,single-utterance-unidirectional,P2-031,P2-035,"['page9-34.svg', 'page7-115.svg', 'page4-98.svg', 'page7-177.svg', 'page7-35.svg', 'page6-245.svg', 'page7-144.svg', 'page2-131.svg', 'page5-75.svg', 'page6-204.svg']",4.0,rectangle with point on the top standing in a dish,10.0,25.0,"(41,)",page4-98.svg,True
P2G027,exp2_train_and_test_49.json,P2R02338,37,5,page1-175.svg,False,1.0,high,single-utterance-unidirectional,P2-063,P2-113,"['page7-217.svg', 'page3-59.svg', 'page8-234.svg', 'page5-85.svg', 'page7-157.svg', 'page1-175.svg', 'page7-203.svg', 'page5-155.svg', 'page8-169.svg', 'page6-107.svg']",5.0,four sides,2.0,17.0,"(25,)",page1-175.svg,True
P2G050,exp2_train_and_test_47.json,P2R00067,22,3,page5-139.svg,True,0.9925925925925926,high,single-utterance-unidirectional,P2-039,P2-053,"['page8-182.svg', 'page5-139.svg', 'page6-1.svg', 'page7-127.svg', 'page5-56.svg', 'page3-201.svg', 'page7-125.svg', 'page5-84.svg', 'page6-162.svg', 'page8-206.svg']",21.0,Manta Ray with an angled tail. One of the two we haven't had yet,14.0,35.0,"(43,)",page5-139.svg,True
P2G019,exp2_train_and_test_26.json,P2R01766,5,0,page1-34.svg,True,1.0,high,single-utterance-unidirectional,P2-034,P2-069,"['page3-59.svg', 'page1-77.svg', 'page2-165.svg', 'page1-34.svg', 'page2-86.svg', 'page2-133.svg', 'page6-123.svg', 'page5-128.svg', 'page2-34.svg', 'page1-149.svg']",3.0,Heart on a stand,4.0,5.0,"(18,)",page1-34.svg,True
P2G029,exp2_train_and_test_14.json,P2R01021,27,4,page3-21.svg,False,0.736111111111111,low,single-utterance-unidirectional,P2-099,P2-019,"['page5-36.svg', 'page8-176.svg', 'page7-144.svg', 'page2-86.svg', 'page5-75.svg', 'page7-41.svg', 'page9-34.svg', 'page3-21.svg', 'page7-226.svg', 'page2-20.svg']",3.0,non-Z snake,2.0,6.0,"(12,)",page3-21.svg,True
P2G014,exp2_train_and_test_27.json,P2R01367,37,5,page7-125.svg,False,0.9935185185185184,high,single-utterance-unidirectional,P2-060,P2-118,"['page7-125.svg', 'page8-183.svg', 'page7-157.svg', 'page3-66.svg', 'page5-84.svg', 'page6-31.svg', 'page6-166.svg', 'page5-153.svg', 'page3-70.svg', 'page5-174.svg']",9.0,half a pillar - wider at the top,8.0,17.0,"(25,)",page7-125.svg,True
P2G048,exp2_train_and_test_19.json,P2R00184,34,5,page6-167.svg,False,1.0,high,single-utterance-unidirectional,P2-106,P2-085,"['page4-96.svg', 'page1-149.svg', 'page3-201.svg', 'page6-167.svg', 'page1-77.svg', 'page1-133.svg', 'page7-20.svg', 'page4-5.svg', 'page1-175.svg', 'page7-4.svg']",6.0,2 diamonds dancing,3.0,13.0,"(22,)",page6-167.svg,True
P2G022,exp2_train_and_test_53.json,P2R00318,2,0,page8-234.svg,False,0.0,low,single-utterance-unidirectional,P2-009,P2-103,"['page8-159.svg', 'page8-58.svg', 'page5-165.svg', 'page7-127.svg', 'page7-157.svg', 'page9-40.svg', 'page3-70.svg', 'page4-232.svg', 'page8-234.svg', 'page5-45.svg']",24.0,dog,1.0,25.0,"(40,)",page8-234.svg,True
P2G059,exp2_train_and_test_59.json,P2R00674,19,3,page7-144.svg,False,1.0,high,single-utterance-unidirectional,P2-098,P2-004,"['page7-116.svg', 'page8-56.svg', 'page5-96.svg', 'page6-167.svg', 'page7-157.svg', 'page8-159.svg', 'page5-102.svg', 'page3-61.svg', 'page7-126.svg', 'page7-144.svg']",,,,,,,
P2G031,exp2_train_and_test_1.json,P2R00439,26,4,page6-171.svg,False,0.4148148148148148,low,single-utterance-unidirectional,P2-032,P2-017,"['page3-70.svg', 'page8-156.svg', 'page7-40.svg', 'page2-165.svg', 'page8-21.svg', 'page6-171.svg', 'page1-95.svg', 'page3-61.svg', 'page7-29.svg', 'page5-101.svg']",3.0,man strolling,2.0,5.0,"(9,)",page6-171.svg,True
P2G042,exp2_train_and_test_50.json,P2R00350,0,0,page6-31.svg,False,0.5333333333333334,low,single-utterance-unidirectional,P2-049,P2-042,"['page3-21.svg', 'page2-136.svg', 'page5-56.svg', 'page8-169.svg', 'page6-204.svg', 'page1-95.svg', 'page6-31.svg', 'page8-58.svg', 'page2-165.svg', 'page1-175.svg']",,,,,,,
P2G021,exp2_train_and_test_58.json,P2R01018,25,4,page7-41.svg,False,0.7555555555555555,low,single-utterance-unidirectional,P2-064,P2-036,"['page4-195.svg', 'page6-31.svg', 'page4-241.svg', 'page7-41.svg', 'page8-38.svg', 'page5-233.svg', 'page3-205.svg', 'page7-226.svg', 'page9-40.svg', 'page5-84.svg']",5.0,house boat,2.0,8.0,"(12,)",page7-41.svg,True
P2G030,exp2_train_and_test_35.json,P2R01555,19,3,page8-192.svg,False,0.6444444444444446,low,single-utterance-unidirectional,P2-002,P2-044,"['page6-109.svg', 'page7-127.svg', 'page6-107.svg', 'page7-166.svg', 'page7-20.svg', 'page4-98.svg', 'page8-192.svg', 'page2-20.svg', 'page6-175.svg', 'page5-190.svg']",12.0,A dog,2.0,13.0,"(22,)",page8-192.svg,True
P2G049,exp2_train_and_test_41.json,P2R01656,36,5,page5-85.svg,False,0.5166666666666668,low,single-utterance-unidirectional,P2-070,P2-013,"['page3-59.svg', 'page7-203.svg', 'page7-217.svg', 'page5-155.svg', 'page5-85.svg', 'page8-169.svg', 'page7-157.svg', 'page1-175.svg', 'page6-107.svg', 'page8-234.svg']",4.0,The small fox/cat looking thing.,5.0,12.0,"(17,)",page5-85.svg,True
P2G048,exp2_train_and_test_19.json,P2R01141,2,0,page4-197.svg,False,1.0,high,single-utterance-unidirectional,P2-106,P2-085,"['page7-115.svg', 'page2-86.svg', 'page5-71.svg', 'page4-197.svg', 'page7-44.svg', 'page8-18.svg', 'page1-30.svg', 'page1-128.svg', 'page6-135.svg', 'page8-38.svg']",17.0,like a diamond against a black board,7.0,29.0,"(37,)",page4-197.svg,True
P2G058,exp2_train_and_test_2.json,P2R00002,6,1,page6-121.svg,False,1.0,high,single-utterance-unidirectional,P2-077,P2-082,"['page6-121.svg', 'page7-41.svg', 'page1-132.svg', 'page7-117.svg', 'page5-102.svg', 'page3-66.svg', 'page7-81.svg', 'page8-58.svg', 'page7-15.svg', 'page4-190.svg']",4.0,the gas nozzle from the first time,7.0,19.0,"(23,)",page6-121.svg,True
P2G015,exp2_train_and_test_16.json,P2R00978,22,3,page5-56.svg,False,0.6222222222222223,low,single-utterance-unidirectional,P2-047,P2-058,"['page5-85.svg', 'page5-213.svg', 'page6-1.svg', 'page5-56.svg', 'page1-34.svg', 'page4-180.svg', 'page2-114.svg', 'page2-133.svg', 'page7-79.svg', 'page6-204.svg']",15.0,mountains,1.0,16.0,"(22,)",page5-56.svg,True
P2G010,exp2_train_and_test_17.json,P2R00620,3,0,page8-221.svg,False,1.0,high,single-utterance-unidirectional,P2-092,P2-068,"['page7-155.svg', 'page7-144.svg', 'page8-221.svg', 'page8-22.svg', 'page6-208.svg', 'page1-107.svg', 'page6-1.svg', 'page5-121.svg', 'page7-41.svg', 'page7-15.svg']",11.0,A square with 3 spikes pointing down,7.0,27.0,"(40,)",page8-221.svg,True
P2G015,exp2_train_and_test_16.json,P2R00485,15,2,page5-56.svg,False,0.6222222222222223,low,single-utterance-unidirectional,P2-058,P2-047,"['page5-56.svg', 'page5-213.svg', 'page1-34.svg', 'page7-79.svg', 'page2-114.svg', 'page6-1.svg', 'page4-180.svg', 'page5-85.svg', 'page2-133.svg', 'page6-204.svg']",14.0,mountains,1.0,16.0,"(24,)",page5-56.svg,True
P2G049,exp2_train_and_test_41.json,P2R02056,2,0,page6-192.svg,False,0.6444444444444445,low,single-utterance-unidirectional,P2-070,P2-013,"['page8-38.svg', 'page6-192.svg', 'page7-35.svg', 'page7-36.svg', 'page4-98.svg', 'page3-70.svg', 'page5-154.svg', 'page7-79.svg', 'page8-246.svg', 'page4-108.svg']",16.0,"A person in a foetal position, head at the top of the image.",13.0,42.0,,,
P2G014,exp2_train_and_test_27.json,P2R01432,30,5,page7-157.svg,False,0.6037037037037036,low,single-utterance-unidirectional,P2-118,P2-060,"['page6-166.svg', 'page7-157.svg', 'page6-31.svg', 'page5-174.svg', 'page3-70.svg', 'page8-183.svg', 'page5-153.svg', 'page7-125.svg', 'page5-84.svg', 'page3-66.svg']",13.0,diamond on top of a triangle,6.0,20.0,"(25,)",page7-157.svg,True
P2G048,exp2_train_and_test_19.json,P2R01749,33,5,page1-133.svg,False,0.5444444444444445,low,single-utterance-unidirectional,P2-085,P2-106,"['page6-167.svg', 'page1-77.svg', 'page4-96.svg', 'page1-175.svg', 'page7-20.svg', 'page1-149.svg', 'page1-133.svg', 'page4-5.svg', 'page3-201.svg', 'page7-4.svg']",5.0,yield sign,2.0,13.0,"(25,)",page1-133.svg,True
P2G039,exp2_train_and_test_4.json,P2R00486,15,2,page5-233.svg,False,1.0,high,single-utterance-unidirectional,P2-093,P2-022,"['page6-1.svg', 'page6-124.svg', 'page2-64.svg', 'page9-39.svg', 'page5-233.svg', 'page6-21.svg', 'page3-201.svg', 'page2-34.svg', 'page6-135.svg', 'page5-165.svg']",10.0,"flat on top, a box with a triangle in center on bottom",12.0,32.0,"(49,)",page5-233.svg,True
P2G032,exp2_train_and_test_44.json,P2R00822,13,2,page5-101.svg,False,0.6666666666666667,low,single-utterance-unidirectional,P2-102,P2-096,"['page8-22.svg', 'page5-101.svg', 'page6-226.svg', 'page5-190.svg', 'page2-34.svg', 'page4-197.svg', 'page7-20.svg', 'page6-53.svg', 'page8-21.svg', 'page4-96.svg']",5.0,square in middle 2 triangles on its sides,8.0,17.0,"(20,)",page5-101.svg,True
P2G021,exp2_train_and_test_58.json,P2R02082,22,3,page5-233.svg,False,1.0,high,single-utterance-unidirectional,P2-036,P2-064,"['page8-38.svg', 'page4-195.svg', 'page3-205.svg', 'page7-41.svg', 'page4-241.svg', 'page5-84.svg', 'page7-226.svg', 'page6-31.svg', 'page5-233.svg', 'page9-40.svg']",13.0,rectangle with triangles cut out,5.0,22.0,"(33,)",page5-233.svg,True
P2G051,exp2_train_and_test_5.json,P2R01103,23,3,page6-228.svg,False,1.0,high,single-utterance-unidirectional,P2-051,P2-016,"['page7-155.svg', 'page3-21.svg', 'page3-33.svg', 'page5-107.svg', 'page7-166.svg', 'page3-52.svg', 'page7-20.svg', 'page7-40.svg', 'page6-228.svg', 'page5-40.svg']",3.0,Rhombus,1.0,6.0,"(9,)",page6-228.svg,True
P2G016,exp2_train_and_test_56.json,P2R01925,3,0,page7-35.svg,False,0.7333333333333334,low,single-utterance-unidirectional,P2-003,P2-043,"['page7-29.svg', 'page5-121.svg', 'page1-107.svg', 'page7-125.svg', 'page5-155.svg', 'page4-96.svg', 'page7-35.svg', 'page6-192.svg', 'page8-206.svg', 'page5-40.svg']",28.0,An arrow pointing up with sharp bits at the bottom,10.0,40.0,,,
P2G012,exp2_train_and_test_29.json,P2R00380,3,0,page7-115.svg,False,0.6,low,single-utterance-unidirectional,P2-025,P2-066,"['page7-115.svg', 'page2-34.svg', 'page5-75.svg', 'page5-128.svg', 'page6-186.svg', 'page1-132.svg', 'page9-25.svg', 'page7-117.svg', 'page6-228.svg', 'page4-241.svg']",5.0,An I that's rotated 90 degrees clockwise,7.0,12.0,"(30,)",page5-128.svg,False
P2G012,exp2_train_and_test_29.json,P2R01172,20,3,page4-241.svg,False,0.995,high,single-utterance-unidirectional,P2-066,P2-025,"['page5-128.svg', 'page7-115.svg', 'page4-241.svg', 'page7-117.svg', 'page6-186.svg', 'page9-25.svg', 'page1-132.svg', 'page5-75.svg', 'page6-228.svg', 'page2-34.svg']",4.0,Two triangles on an hourglass,5.0,12.0,"(14,)",page7-117.svg,False
P2G056,exp2_train_and_test_33.json,P2R00010,0,0,page5-63.svg,False,0.9935185185185184,high,single-utterance-unidirectional,P2-086,P2-028,"['page8-234.svg', 'page1-132.svg', 'page5-85.svg', 'page6-21.svg', 'page6-185.svg', 'page6-52.svg', 'page5-63.svg', 'page7-113.svg', 'page6-228.svg', 'page7-203.svg']",,,,,,,
P2G035,exp2_train_and_test_12.json,P2R02093,22,3,page2-190.svg,False,0.5666666666666667,low,single-utterance-unidirectional,P2-029,P2-040,"['page7-35.svg', 'page4-195.svg', 'page5-128.svg', 'page9-34.svg', 'page2-190.svg', 'page6-226.svg', 'page7-40.svg', 'page7-113.svg', 'page2-34.svg', 'page6-162.svg']",,,,,,,
P2G011,exp2_train_and_test_36.json,P2R00527,29,4,page5-26.svg,False,0.7518518518518518,low,single-utterance-unidirectional,P2-014,P2-073,"['page7-116.svg', 'page3-66.svg', 'page5-75.svg', 'page3-61.svg', 'page3-163.svg', 'page3-201.svg', 'page5-26.svg', 'page8-183.svg', 'page9-32.svg', 'page2-100.svg']",6.0,heart,1.0,9.0,"(12,)",page5-26.svg,True
P2G030,exp2_train_and_test_35.json,P2R01780,9,1,page7-166.svg,False,1.0,high,single-utterance-unidirectional,P2-002,P2-044,"['page6-109.svg', 'page7-127.svg', 'page6-107.svg', 'page7-166.svg', 'page7-20.svg', 'page4-98.svg', 'page8-192.svg', 'page2-20.svg', 'page6-175.svg', 'page5-190.svg']",10.0,an anvil balanced on a triangle,6.0,19.0,"(28,)",page7-166.svg,True
P2G001,exp2_train_and_test_28.json,P2R01912,16,2,page5-121.svg,False,0.9925925925925926,high,single-utterance-unidirectional,P2-080,P2-027,"['page5-121.svg', 'page3-33.svg', 'page6-52.svg', 'page7-44.svg', 'page5-63.svg', 'page2-34.svg', 'page6-155.svg', 'page7-115.svg', 'page6-175.svg', 'page7-113.svg']",,,,,,,
P2G004,exp2_train_and_test_32.json,P2R00362,25,4,page7-115.svg,False,0.6,low,single-utterance-unidirectional,P2-018,P2-078,"['page4-232.svg', 'page2-131.svg', 'page7-155.svg', 'page5-233.svg', 'page1-34.svg', 'page5-45.svg', 'page8-217.svg', 'page7-157.svg', 'page7-115.svg', 'page5-155.svg']",6.0,bridge or bedstead,3.0,14.0,"(25,)",page7-115.svg,True
P2G008,exp2_train_and_test_22.json,P2R01047,1,0,page6-155.svg,True,1.0,high,single-utterance-unidirectional,P2-033,P2-038,"['page7-145.svg', 'page4-11.svg', 'page8-217.svg', 'page7-226.svg', 'page7-115.svg', 'page1-30.svg', 'page4-195.svg', 'page5-155.svg', 'page3-201.svg', 'page6-155.svg']",13.0,an ostrich facing west,4.0,22.0,"(36,)",page6-155.svg,True
P2G041,exp2_train_and_test_52.json,P2R01350,31,5,page2-100.svg,False,0.7685185185185184,low,single-utterance-unidirectional,P2-072,P2-005,"['page6-206.svg', 'page7-113.svg', 'page7-166.svg', 'page2-100.svg', 'page3-33.svg', 'page2-140.svg', 'page6-160.svg', 'page4-128.svg', 'page1-149.svg', 'page7-107.svg']",6.0,looks like a beanstalk a triangle at bottom and squuare at the top,13.0,22.0,"(37,)",page2-100.svg,True
P2G031,exp2_train_and_test_1.json,P2R01091,18,3,page1-95.svg,True,1.0,high,single-utterance-unidirectional,P2-017,P2-032,"['page3-70.svg', 'page8-21.svg', 'page5-101.svg', 'page2-165.svg', 'page1-95.svg', 'page8-156.svg', 'page7-40.svg', 'page6-171.svg', 'page3-61.svg', 'page7-29.svg']",11.0,paper airplane shape on top of a platform with two diamonds on the side,14.0,37.0,"(54,)",page1-95.svg,True
P2G001,exp2_train_and_test_28.json,P2R00723,4,0,page6-155.svg,False,1.0,high,single-utterance-unidirectional,P2-080,P2-027,"['page5-121.svg', 'page3-33.svg', 'page6-52.svg', 'page7-44.svg', 'page5-63.svg', 'page2-34.svg', 'page6-155.svg', 'page7-115.svg', 'page6-175.svg', 'page7-113.svg']",,,,,,,
P2G039,exp2_train_and_test_4.json,P2R01995,7,1,page3-201.svg,False,0.5548148148148148,low,single-utterance-unidirectional,P2-022,P2-093,"['page5-233.svg', 'page2-34.svg', 'page9-39.svg', 'page6-21.svg', 'page3-201.svg', 'page6-135.svg', 'page6-124.svg', 'page2-64.svg', 'page5-165.svg', 'page6-1.svg']",9.0,dress and triangle ears again,5.0,18.0,"(24,)",page3-201.svg,True
P2G042,exp2_train_and_test_50.json,P2R00444,37,5,page7-107.svg,False,0.9935185185185184,high,single-utterance-unidirectional,P2-042,P2-049,"['page6-206.svg', 'page7-113.svg', 'page7-166.svg', 'page2-100.svg', 'page3-33.svg', 'page2-140.svg', 'page6-160.svg', 'page4-128.svg', 'page1-149.svg', 'page7-107.svg']",7.0,a batman mask,3.0,10.0,,,
P2G005,exp2_train_and_test_43.json,P2R00105,25,4,page9-40.svg,False,1.0,high,single-utterance-unidirectional,P2-006,P2-111,"['page6-122.svg', 'page9-40.svg', 'page7-226.svg', 'page7-125.svg', 'page8-246.svg', 'page6-160.svg', 'page7-145.svg', 'page5-101.svg', 'page8-183.svg', 'page8-21.svg']",12.0,pillar,1.0,13.0,"(22,)",page9-40.svg,True
P2G046,exp2_train_and_test_46.json,P2R01499,1,0,page8-22.svg,False,0.3444444444444444,low,single-utterance-unidirectional,P2-079,P2-008,"['page8-182.svg', 'page5-153.svg', 'page4-197.svg', 'page2-34.svg', 'page6-166.svg', 'page2-20.svg', 'page8-22.svg', 'page2-86.svg', 'page9-34.svg', 'page8-156.svg']",9.0,a bird flying,3.0,17.0,"(28,)",page8-22.svg,True
P2G018,exp2_train_and_test_57.json,P2R00165,27,4,page5-102.svg,False,0.7444444444444442,low,single-utterance-unidirectional,P2-067,P2-083,"['page4-195.svg', 'page3-139.svg', 'page7-40.svg', 'page5-102.svg', 'page5-26.svg', 'page7-217.svg', 'page7-20.svg', 'page9-40.svg', 'page5-232.svg', 'page8-22.svg']",7.0,seahorse,1.0,10.0,"(14,)",page5-102.svg,True
P2G022,exp2_train_and_test_53.json,P2R02244,23,3,page5-165.svg,True,0.7777777777777777,low,single-utterance-unidirectional,P2-103,P2-009,"['page5-165.svg', 'page8-159.svg', 'page5-45.svg', 'page4-232.svg', 'page9-40.svg', 'page7-127.svg', 'page7-157.svg', 'page8-234.svg', 'page3-70.svg', 'page8-58.svg']",11.0,cactus,1.0,12.0,"(23,)",page5-165.svg,True
P2G057,exp2_train_and_test_10.json,P2R00441,31,5,page3-201.svg,False,0.5548148148148148,low,single-utterance-unidirectional,P2-084,P2-090,"['page6-167.svg', 'page1-77.svg', 'page4-96.svg', 'page1-175.svg', 'page7-20.svg', 'page1-149.svg', 'page1-133.svg', 'page4-5.svg', 'page3-201.svg', 'page7-4.svg']",3.0,a robot girl,3.0,8.0,"(30,)",page3-201.svg,True
P2G057,exp2_train_and_test_10.json,P2R01028,30,5,page1-175.svg,False,1.0,high,single-utterance-unidirectional,P2-090,P2-084,"['page4-96.svg', 'page1-149.svg', 'page3-201.svg', 'page6-167.svg', 'page1-77.svg', 'page1-133.svg', 'page7-20.svg', 'page4-5.svg', 'page1-175.svg', 'page7-4.svg']",16.0,a lob-sided square,3.0,39.0,"(43,)",page1-175.svg,True
P2G029,exp2_train_and_test_14.json,P2R00341,24,4,page9-34.svg,True,1.0,high,single-utterance-unidirectional,P2-019,P2-099,"['page9-34.svg', 'page5-36.svg', 'page7-41.svg', 'page5-75.svg', 'page3-21.svg', 'page2-20.svg', 'page7-226.svg', 'page8-176.svg', 'page2-86.svg', 'page7-144.svg']",23.0,claw two fingers facing right,5.0,33.0,"(43,)",page9-34.svg,True
P2G013,exp2_train_and_test_55.json,P2R01256,28,4,page4-244.svg,True,0.3777777777777778,low,single-utterance-unidirectional,P2-109,P2-097,"['page4-244.svg', 'page7-155.svg', 'page1-77.svg', 'page3-59.svg', 'page5-128.svg', 'page5-139.svg', 'page3-61.svg', 'page4-241.svg', 'page4-98.svg', 'page6-107.svg']",7.0,Dinosaur facing left,3.0,13.0,"(24,)",page4-244.svg,True
P2G025,exp2_train_and_test_9.json,P2R02191,35,5,page2-131.svg,False,0.5333333333333334,low,single-utterance-unidirectional,P2-007,P2-094,"['page7-177.svg', 'page5-75.svg', 'page6-204.svg', 'page7-35.svg', 'page7-144.svg', 'page4-98.svg', 'page2-131.svg', 'page6-245.svg', 'page9-34.svg', 'page7-115.svg']",3.0,"looks like an axe, or a hammer",7.0,11.0,"(19,)",page2-131.svg,True
P2G034,exp2_train_and_test_7.json,P2R00389,23,3,page3-70.svg,True,1.0,high,single-utterance-unidirectional,P2-035,P2-031,"['page5-102.svg', 'page2-140.svg', 'page7-117.svg', 'page6-122.svg', 'page5-155.svg', 'page5-165.svg', 'page2-136.svg', 'page2-86.svg', 'page1-34.svg', 'page3-70.svg']",18.0,Pipe facing right not chosen so far,7.0,29.0,"(46,)",page3-70.svg,True
P2G001,exp2_train_and_test_28.json,P2R01157,10,1,page5-121.svg,False,0.9925925925925926,high,single-utterance-unidirectional,P2-027,P2-080,"['page6-155.svg', 'page7-113.svg', 'page2-34.svg', 'page7-115.svg', 'page7-44.svg', 'page3-33.svg', 'page6-52.svg', 'page5-121.svg', 'page6-175.svg', 'page5-63.svg']",,,,,,,
P2G041,exp2_train_and_test_52.json,P2R00499,3,0,page8-215.svg,False,0.6666666666666667,low,single-utterance-unidirectional,P2-005,P2-072,"['page9-32.svg', 'page7-10.svg', 'page8-159.svg', 'page8-215.svg', 'page6-107.svg', 'page1-150.svg', 'page8-156.svg', 'page8-246.svg', 'page1-172.svg', 'page2-16.svg']",11.0,This one looks like a J BUT the top of it has been detached from the bottom and at a slight angle,22.0,36.0,"(60,)",page8-215.svg,True
P2G011,exp2_train_and_test_36.json,P2R00885,31,5,page9-34.svg,False,1.0,high,single-utterance-unidirectional,P2-073,P2-014,"['page8-159.svg', 'page1-133.svg', 'page9-39.svg', 'page2-165.svg', 'page8-215.svg', 'page1-117.svg', 'page8-246.svg', 'page4-180.svg', 'page6-226.svg', 'page9-34.svg']",3.0,tap or faucet,3.0,7.0,"(27,)",page8-159.svg,False
P2G058,exp2_train_and_test_2.json,P2R00501,3,0,page5-102.svg,False,0.7444444444444442,low,single-utterance-unidirectional,P2-082,P2-077,"['page7-15.svg', 'page7-41.svg', 'page1-132.svg', 'page7-117.svg', 'page7-81.svg', 'page8-58.svg', 'page3-66.svg', 'page6-121.svg', 'page4-190.svg', 'page5-102.svg']",4.0,looks like a seahorse facing let,6.0,10.0,"(12,)",page5-102.svg,True
P2G001,exp2_train_and_test_28.json,P2R00306,14,2,page5-63.svg,False,0.9935185185185184,high,single-utterance-unidirectional,P2-080,P2-027,"['page5-121.svg', 'page3-33.svg', 'page6-52.svg', 'page7-44.svg', 'page5-63.svg', 'page2-34.svg', 'page6-155.svg', 'page7-115.svg', 'page6-175.svg', 'page7-113.svg']",,,,,,,
P2G032,exp2_train_and_test_44.json,P2R02150,32,5,page3-59.svg,False,1.0,high,single-utterance-unidirectional,P2-102,P2-096,"['page3-59.svg', 'page7-203.svg', 'page7-217.svg', 'page5-155.svg', 'page5-85.svg', 'page8-169.svg', 'page7-157.svg', 'page1-175.svg', 'page6-107.svg', 'page8-234.svg']",24.0,boring blocky shape,3.0,30.0,"(37,)",page1-175.svg,False
P2G058,exp2_train_and_test_2.json,P2R00977,28,4,page7-41.svg,True,0.7555555555555555,low,single-utterance-unidirectional,P2-077,P2-082,"['page6-121.svg', 'page7-41.svg', 'page1-132.svg', 'page7-117.svg', 'page5-102.svg', 'page3-66.svg', 'page7-81.svg', 'page8-58.svg', 'page7-15.svg', 'page4-190.svg']",3.0,house boat,2.0,8.0,"(10,)",page7-41.svg,True
P2G053,exp2_train_and_test_23.json,P2R00522,30,5,page7-157.svg,False,0.6037037037037036,low,single-utterance-unidirectional,P2-045,P2-037,"['page6-166.svg', 'page7-157.svg', 'page6-31.svg', 'page5-174.svg', 'page3-70.svg', 'page8-183.svg', 'page5-153.svg', 'page7-125.svg', 'page5-84.svg', 'page3-66.svg']",14.0,diamond on top of small triangle,6.0,20.0,"(38,)",page7-157.svg,True
P2G023,exp2_train_and_test_40.json,P2R01527,1,0,page5-153.svg,False,0.6425925925925926,low,single-utterance-unidirectional,P2-056,P2-081,"['page7-29.svg', 'page2-100.svg', 'page7-144.svg', 'page3-201.svg', 'page9-23.svg', 'page3-200.svg', 'page2-165.svg', 'page4-232.svg', 'page5-153.svg', 'page7-44.svg']",14.0,Its shaped like a bowl,5.0,28.0,"(38,)",page5-153.svg,True
P2G031,exp2_train_and_test_1.json,P2R01206,4,0,page7-29.svg,False,1.0,high,single-utterance-unidirectional,P2-032,P2-017,"['page3-70.svg', 'page8-156.svg', 'page7-40.svg', 'page2-165.svg', 'page8-21.svg', 'page6-171.svg', 'page1-95.svg', 'page3-61.svg', 'page7-29.svg', 'page5-101.svg']",7.0,"complex shape, very jagged, the bottom to left edge looks like a jagged saw",14.0,27.0,"(37,)",page7-29.svg,True
P2G043,exp2_train_and_test_54.json,P2R00352,15,2,page6-245.svg,True,1.0,high,single-utterance-unidirectional,P2-115,P2-088,"['page4-142.svg', 'page5-80.svg', 'page2-131.svg', 'page5-155.svg', 'page6-245.svg', 'page8-18.svg', 'page7-217.svg', 'page6-107.svg', 'page7-177.svg', 'page6-109.svg']",,,,,,,
P2G025,exp2_train_and_test_9.json,P2R01478,33,5,page9-34.svg,False,1.0,high,single-utterance-unidirectional,P2-007,P2-094,"['page7-177.svg', 'page5-75.svg', 'page6-204.svg', 'page7-35.svg', 'page7-144.svg', 'page4-98.svg', 'page2-131.svg', 'page6-245.svg', 'page9-34.svg', 'page7-115.svg']",8.0,looks like a man with a BIG erection,8.0,15.0,"(49,)",page9-34.svg,True
P2G001,exp2_train_and_test_28.json,P2R02031,26,4,page6-155.svg,False,1.0,high,single-utterance-unidirectional,P2-080,P2-027,"['page5-121.svg', 'page3-33.svg', 'page6-52.svg', 'page7-44.svg', 'page5-63.svg', 'page2-34.svg', 'page6-155.svg', 'page7-115.svg', 'page6-175.svg', 'page7-113.svg']",,,,,,,
P2G019,exp2_train_and_test_26.json,P2R00785,12,2,page3-59.svg,False,1.0,high,single-utterance-unidirectional,P2-069,P2-034,"['page1-34.svg', 'page1-77.svg', 'page6-123.svg', 'page1-149.svg', 'page3-59.svg', 'page5-128.svg', 'page2-86.svg', 'page2-165.svg', 'page2-133.svg', 'page2-34.svg']",6.0,the random one i struggle to describe! Like half a shield,11.0,35.0,"(49,)",page5-128.svg,False
P2G027,exp2_train_and_test_49.json,P2R01971,31,5,page7-217.svg,False,1.0,high,single-utterance-unidirectional,P2-063,P2-113,"['page7-217.svg', 'page3-59.svg', 'page8-234.svg', 'page5-85.svg', 'page7-157.svg', 'page1-175.svg', 'page7-203.svg', 'page5-155.svg', 'page8-169.svg', 'page6-107.svg']",5.0,A flat trapezoid with something on top on the left side,11.0,32.0,"(47,)",page7-217.svg,True
P2G045,exp2_train_and_test_34.json,P2R00790,22,3,page4-155.svg,False,0.3777777777777779,low,single-utterance-unidirectional,P2-054,P2-087,"['page6-219.svg', 'page9-32.svg', 'page1-172.svg', 'page7-202.svg', 'page4-155.svg', 'page5-66.svg', 'page7-127.svg', 'page8-38.svg', 'page2-16.svg', 'page7-117.svg']",9.0,catapillar,1.0,10.0,"(15,)",page4-155.svg,True
P2G055,exp2_train_and_test_37.json,P2R01337,19,3,page6-107.svg,False,0.7000000000000001,low,single-utterance-unidirectional,P2-011,P2-110,"['page8-22.svg', 'page7-20.svg', 'page1-185.svg', 'page6-121.svg', 'page4-96.svg', 'page1-95.svg', 'page7-113.svg', 'page6-107.svg', 'page8-18.svg', 'page7-191.svg']",13.0,rocket,1.0,14.0,"(22,)",page6-107.svg,True
P2G046,exp2_train_and_test_46.json,P2R01413,29,4,page8-22.svg,False,0.3444444444444444,low,single-utterance-unidirectional,P2-079,P2-008,"['page8-182.svg', 'page5-153.svg', 'page4-197.svg', 'page2-34.svg', 'page6-166.svg', 'page2-20.svg', 'page8-22.svg', 'page2-86.svg', 'page9-34.svg', 'page8-156.svg']",9.0,a bird flying,3.0,13.0,"(23,)",page8-22.svg,True
P2G057,exp2_train_and_test_10.json,P2R00325,17,2,page8-206.svg,False,1.0,high,single-utterance-unidirectional,P2-090,P2-084,"['page2-100.svg', 'page6-185.svg', 'page5-56.svg', 'page9-25.svg', 'page7-35.svg', 'page8-206.svg', 'page3-12.svg', 'page1-150.svg', 'page7-79.svg', 'page7-116.svg']",24.0,a triangle with long side on bottom holding a building shaped like a U,14.0,39.0,"(53,)",page9-25.svg,False
P2G041,exp2_train_and_test_52.json,P2R01929,36,5,page7-166.svg,False,1.0,high,single-utterance-unidirectional,P2-005,P2-072,"['page4-128.svg', 'page7-107.svg', 'page7-113.svg', 'page3-33.svg', 'page2-100.svg', 'page7-166.svg', 'page6-206.svg', 'page1-149.svg', 'page6-160.svg', 'page2-140.svg']",5.0,This is a large shape balancing on top of a small triangle,12.0,23.0,"(31,)",page7-166.svg,True
P2G048,exp2_train_and_test_19.json,P2R01982,35,5,page4-96.svg,False,1.0,high,single-utterance-unidirectional,P2-085,P2-106,"['page6-167.svg', 'page1-77.svg', 'page4-96.svg', 'page1-175.svg', 'page7-20.svg', 'page1-149.svg', 'page1-133.svg', 'page4-5.svg', 'page3-201.svg', 'page7-4.svg']",3.0,A cooking pot,3.0,6.0,"(21,)",page4-96.svg,True
P2G011,exp2_train_and_test_36.json,P2R02283,36,5,page8-215.svg,False,0.6666666666666667,low,single-utterance-unidirectional,P2-014,P2-073,"['page2-165.svg', 'page9-39.svg', 'page1-117.svg', 'page4-180.svg', 'page8-246.svg', 'page8-215.svg', 'page1-133.svg', 'page6-226.svg', 'page8-159.svg', 'page9-34.svg']",20.0,small j with something on top,6.0,36.0,"(43,)",page9-39.svg,False
P2G049,exp2_train_and_test_41.json,P2R00875,29,4,page4-98.svg,False,0.7222222222222223,low,single-utterance-unidirectional,P2-070,P2-013,"['page8-38.svg', 'page6-192.svg', 'page7-35.svg', 'page7-36.svg', 'page4-98.svg', 'page3-70.svg', 'page5-154.svg', 'page7-79.svg', 'page8-246.svg', 'page4-108.svg']",11.0,Sword.,1.0,13.0,"(22,)",page4-98.svg,True
P2G037,exp2_train_and_test_42.json,P2R00503,32,5,page3-59.svg,False,1.0,high,single-utterance-unidirectional,P2-075,P2-026,"['page3-59.svg', 'page7-203.svg', 'page7-217.svg', 'page5-155.svg', 'page5-85.svg', 'page8-169.svg', 'page7-157.svg', 'page1-175.svg', 'page6-107.svg', 'page8-234.svg']",12.0,rectangle with cuts at the buttom,6.0,23.0,"(48,)",page3-59.svg,True
P2G040,exp2_train_and_test_25.json,P2R01365,27,4,page8-246.svg,True,1.0,high,single-utterance-unidirectional,P2-010,P2-021,"['page6-21.svg', 'page2-114.svg', 'page5-128.svg', 'page6-175.svg', 'page7-4.svg', 'page8-246.svg', 'page4-244.svg', 'page5-154.svg', 'page4-98.svg', 'page8-38.svg']",12.0,jumping like kankaro,3.0,28.0,"(51,)",page5-154.svg,False
P2G058,exp2_train_and_test_2.json,P2R02175,24,4,page7-15.svg,False,0.5935185185185186,low,single-utterance-unidirectional,P2-082,P2-077,"['page7-15.svg', 'page7-41.svg', 'page1-132.svg', 'page7-117.svg', 'page7-81.svg', 'page8-58.svg', 'page3-66.svg', 'page6-121.svg', 'page4-190.svg', 'page5-102.svg']",4.0,mountains,1.0,6.0,"(7,)",page7-15.svg,True
P2G024,exp2_train_and_test_48.json,P2R00257,19,3,page7-53.svg,False,0.7333333333333332,low,single-utterance-unidirectional,P2-116,P2-001,"['page8-221.svg', 'page1-97.svg', 'page6-124.svg', 'page4-244.svg', 'page6-23.svg', 'page1-95.svg', 'page4-98.svg', 'page4-142.svg', 'page7-53.svg', 'page5-56.svg']",4.0,flat top ountains,3.0,8.0,"(13,)",page7-53.svg,True
P2G028,exp2_train_and_test_0.json,P2R00781,34,5,page7-35.svg,False,0.7333333333333334,low,single-utterance-unidirectional,P2-100,P2-015,"['page9-34.svg', 'page7-115.svg', 'page4-98.svg', 'page7-177.svg', 'page7-35.svg', 'page6-245.svg', 'page7-144.svg', 'page2-131.svg', 'page5-75.svg', 'page6-204.svg']",3.0,looks like a small boat with an up arrow coming out of it,13.0,11.0,"(30,)",page7-35.svg,True
P2G003,exp2_train_and_test_21.json,P2R01566,14,2,page4-98.svg,False,0.7222222222222223,low,single-utterance-unidirectional,P2-105,P2-041,"['page7-115.svg', 'page1-132.svg', 'page6-155.svg', 'page5-120.svg', 'page5-188.svg', 'page7-191.svg', 'page7-4.svg', 'page8-159.svg', 'page5-101.svg', 'page4-98.svg']",11.0,like a tower or sword on a bowl,8.0,23.0,"(34,)",page4-98.svg,True
P2G041,exp2_train_and_test_52.json,P2R00461,33,5,page6-206.svg,False,0.7333333333333333,low,single-utterance-unidirectional,P2-072,P2-005,"['page6-206.svg', 'page7-113.svg', 'page7-166.svg', 'page2-100.svg', 'page3-33.svg', 'page2-140.svg', 'page6-160.svg', 'page4-128.svg', 'page1-149.svg', 'page7-107.svg']",5.0,this is like a capital letter B with no holes in,11.0,16.0,"(33,)",page6-206.svg,True
P2G051,exp2_train_and_test_5.json,P2R01176,17,2,page7-20.svg,False,1.0,high,single-utterance-unidirectional,P2-016,P2-051,"['page7-40.svg', 'page3-52.svg', 'page5-40.svg', 'page5-107.svg', 'page3-33.svg', 'page3-21.svg', 'page7-20.svg', 'page6-228.svg', 'page7-166.svg', 'page7-155.svg']",6.0,building slanted to the right,5.0,13.0,"(16,)",page7-20.svg,True
P2G016,exp2_train_and_test_56.json,P2R02294,32,5,page6-160.svg,False,0.5592592592592593,low,single-utterance-unidirectional,P2-003,P2-043,"['page4-128.svg', 'page7-107.svg', 'page7-113.svg', 'page3-33.svg', 'page2-100.svg', 'page7-166.svg', 'page6-206.svg', 'page1-149.svg', 'page6-160.svg', 'page2-140.svg']",5.0,"man lying down, got a diamond shaped head",8.0,24.0,"(43,)",page6-160.svg,True
P2G030,exp2_train_and_test_35.json,P2R01593,28,4,page7-20.svg,False,1.0,high,single-utterance-unidirectional,P2-044,P2-002,"['page7-166.svg', 'page6-107.svg', 'page4-98.svg', 'page6-175.svg', 'page7-127.svg', 'page8-192.svg', 'page7-20.svg', 'page5-190.svg', 'page2-20.svg', 'page6-109.svg']",11.0,tower leaning to the right,5.0,14.0,"(23,)",page7-20.svg,True
P2G037,exp2_train_and_test_42.json,P2R00634,20,3,page7-53.svg,False,0.7333333333333332,low,single-utterance-unidirectional,P2-026,P2-075,"['page6-226.svg', 'page5-96.svg', 'page6-206.svg', 'page7-53.svg', 'page6-71.svg', 'page7-73.svg', 'page8-159.svg', 'page5-128.svg', 'page8-58.svg', 'page1-150.svg']",7.0,worm,1.0,10.0,"(14,)",page7-53.svg,True
P2G033,exp2_train_and_test_8.json,P2R01178,8,1,page4-190.svg,False,1.0,high,single-utterance-unidirectional,P2-095,P2-112,"['page7-4.svg', 'page5-45.svg', 'page3-61.svg', 'page5-96.svg', 'page8-234.svg', 'page4-190.svg', 'page6-219.svg', 'page5-26.svg', 'page8-166.svg', 'page7-15.svg']",11.0,3 triangles on the top in a row with a large rectangle under and a triangle on the side of the shape,22.0,29.0,"(35,)",page4-190.svg,True
P2G043,exp2_train_and_test_54.json,P2R01396,7,1,page7-177.svg,False,1.0,high,single-utterance-unidirectional,P2-115,P2-088,"['page4-142.svg', 'page5-80.svg', 'page2-131.svg', 'page5-155.svg', 'page6-245.svg', 'page8-18.svg', 'page7-217.svg', 'page6-107.svg', 'page7-177.svg', 'page6-109.svg']",22.0,A two-prong fork lying down.,5.0,27.0,,,
P2G035,exp2_train_and_test_12.json,P2R00357,1,0,page6-162.svg,False,1.0,high,single-utterance-unidirectional,P2-040,P2-029,"['page2-34.svg', 'page7-113.svg', 'page7-40.svg', 'page2-190.svg', 'page4-195.svg', 'page7-35.svg', 'page6-226.svg', 'page6-162.svg', 'page9-34.svg', 'page5-128.svg']",,,,,,,
P2G038,exp2_train_and_test_18.json,P2R02313,34,5,page6-167.svg,False,1.0,high,single-utterance-unidirectional,P2-020,P2-107,"['page4-96.svg', 'page1-149.svg', 'page3-201.svg', 'page6-167.svg', 'page1-77.svg', 'page1-133.svg', 'page7-20.svg', 'page4-5.svg', 'page1-175.svg', 'page7-4.svg']",6.0,looks like a diamond flash type symbol,7.0,24.0,"(46,)",page6-167.svg,True
P2G011,exp2_train_and_test_36.json,P2R02088,5,0,page8-183.svg,False,1.0,high,single-utterance-unidirectional,P2-014,P2-073,"['page7-116.svg', 'page3-66.svg', 'page5-75.svg', 'page3-61.svg', 'page3-163.svg', 'page3-201.svg', 'page5-26.svg', 'page8-183.svg', 'page9-32.svg', 'page2-100.svg']",6.0,upside down pet,3.0,14.0,"(45,)",page3-61.svg,False
P2G032,exp2_train_and_test_44.json,P2R01338,4,0,page2-34.svg,False,0.7611111111111111,low,single-utterance-unidirectional,P2-102,P2-096,"['page8-22.svg', 'page5-101.svg', 'page6-226.svg', 'page5-190.svg', 'page2-34.svg', 'page4-197.svg', 'page7-20.svg', 'page6-53.svg', 'page8-21.svg', 'page4-96.svg']",15.0,like a chaise long,4.0,22.0,"(38,)",page6-226.svg,False
P2G041,exp2_train_and_test_52.json,P2R00633,9,1,page8-159.svg,False,1.0,high,single-utterance-unidirectional,P2-072,P2-005,"['page8-215.svg', 'page2-16.svg', 'page7-10.svg', 'page1-150.svg', 'page9-32.svg', 'page8-156.svg', 'page6-107.svg', 'page8-159.svg', 'page1-172.svg', 'page8-246.svg']",13.0,this looks like a big letter J,7.0,21.0,"(33,)",page8-159.svg,True
P2G059,exp2_train_and_test_59.json,P2R00422,12,2,page8-159.svg,False,1.0,high,single-utterance-unidirectional,P2-004,P2-098,"['page8-159.svg', 'page3-61.svg', 'page7-144.svg', 'page5-102.svg', 'page7-116.svg', 'page6-167.svg', 'page7-157.svg', 'page5-96.svg', 'page7-126.svg', 'page8-56.svg']",,,,,,,
P2G020,exp2_train_and_test_31.json,P2R00894,22,3,page5-84.svg,True,0.5111111111111112,low,single-utterance-unidirectional,P2-023,P2-046,"['page3-201.svg', 'page1-48.svg', 'page5-75.svg', 'page6-162.svg', 'page4-96.svg', 'page5-80.svg', 'page9-23.svg', 'page6-192.svg', 'page6-52.svg', 'page5-84.svg']",30.0,Looks like a horse with four legs,7.0,44.0,,,
P2G006,exp2_train_and_test_51.json,P2R01859,25,4,page2-20.svg,False,1.0,high,single-utterance-unidirectional,P2-071,P2-050,"['page7-127.svg', 'page2-20.svg', 'page7-157.svg', 'page8-246.svg', 'page8-58.svg', 'page7-15.svg', 'page6-167.svg', 'page4-155.svg', 'page5-190.svg', 'page7-125.svg']",13.0,"two triangles opposite sides, arrow up, trapezius bottom",8.0,23.0,"(34,)",page2-20.svg,True
P2G008,exp2_train_and_test_22.json,P2R01701,12,2,page5-155.svg,False,0.5777777777777778,low,single-utterance-unidirectional,P2-038,P2-033,"['page4-195.svg', 'page1-30.svg', 'page7-115.svg', 'page6-155.svg', 'page7-226.svg', 'page4-11.svg', 'page5-155.svg', 'page8-217.svg', 'page3-201.svg', 'page7-145.svg']",3.0,leaned christmas tree,3.0,10.0,"(22,)",page5-155.svg,True
P2G050,exp2_train_and_test_47.json,P2R01131,19,3,page6-162.svg,False,1.0,high,single-utterance-unidirectional,P2-039,P2-053,"['page8-182.svg', 'page5-139.svg', 'page6-1.svg', 'page7-127.svg', 'page5-56.svg', 'page3-201.svg', 'page7-125.svg', 'page5-84.svg', 'page6-162.svg', 'page8-206.svg']",8.0,And the downward arrow again,5.0,13.0,"(22,)",page6-162.svg,True
P2G053,exp2_train_and_test_23.json,P2R00783,35,5,page6-31.svg,False,0.5333333333333334,low,single-utterance-unidirectional,P2-037,P2-045,"['page7-125.svg', 'page8-183.svg', 'page7-157.svg', 'page3-66.svg', 'page5-84.svg', 'page6-31.svg', 'page6-166.svg', 'page5-153.svg', 'page3-70.svg', 'page5-174.svg']",4.0,like an owl leaning to the right with crown on head,11.0,13.0,"(26,)",page6-31.svg,True
P2G016,exp2_train_and_test_56.json,P2R00600,31,5,page2-100.svg,False,0.7685185185185184,low,single-utterance-unidirectional,P2-043,P2-003,"['page6-206.svg', 'page7-113.svg', 'page7-166.svg', 'page2-100.svg', 'page3-33.svg', 'page2-140.svg', 'page6-160.svg', 'page4-128.svg', 'page1-149.svg', 'page7-107.svg']",5.0,road sign with a wonky pole,6.0,12.0,"(26,)",page2-100.svg,True
P2G043,exp2_train_and_test_54.json,P2R00961,27,4,page5-80.svg,True,0.5555555555555556,low,single-utterance-unidirectional,P2-115,P2-088,"['page4-142.svg', 'page5-80.svg', 'page2-131.svg', 'page5-155.svg', 'page6-245.svg', 'page8-18.svg', 'page7-217.svg', 'page6-107.svg', 'page7-177.svg', 'page6-109.svg']",,,,,,,
P2G002,exp2_train_and_test_15.json,P2R01070,24,4,page6-53.svg,False,0.7742592592592592,low,single-utterance-unidirectional,P2-114,P2-062,"['page7-53.svg', 'page6-53.svg', 'page3-70.svg', 'page2-20.svg', 'page1-172.svg', 'page7-125.svg', 'page5-96.svg', 'page8-159.svg', 'page2-114.svg', 'page4-180.svg']",5.0,man on throne,3.0,7.0,"(9,)",page6-53.svg,True
P2G047,exp2_train_and_test_11.json,P2R00691,5,0,page8-156.svg,False,1.0,high,single-utterance-unidirectional,P2-089,P2-065,"['page8-156.svg', 'page8-192.svg', 'page6-162.svg', 'page7-53.svg', 'page7-145.svg', 'page7-177.svg', 'page7-226.svg', 'page-F.svg', 'page7-41.svg', 'page7-36.svg']",4.0,It looks like the letter K,6.0,10.0,"(14,)",page8-156.svg,True
P2G038,exp2_train_and_test_18.json,P2R00959,26,4,page6-219.svg,False,1.0,high,single-utterance-unidirectional,P2-020,P2-107,"['page1-172.svg', 'page4-142.svg', 'page6-123.svg', 'page4-98.svg', 'page8-234.svg', 'page9-23.svg', 'page6-219.svg', 'page7-126.svg', 'page9-32.svg', 'page1-34.svg']",11.0,meat cleaver with bent handle,5.0,16.0,"(23,)",page6-219.svg,True
P2G052,exp2_train_and_test_30.json,P2R00560,4,0,page3-201.svg,False,0.5548148148148148,low,single-utterance-unidirectional,P2-061,P2-030,"['page1-172.svg', 'page6-166.svg', 'page6-245.svg', 'page4-155.svg', 'page5-101.svg', 'page3-201.svg', 'page8-156.svg', 'page6-21.svg', 'page2-34.svg', 'page2-136.svg']",14.0,It looks like a head with bunny ears and 2 triangles on top of each other as the body,19.0,40.0,"(45,)",page3-201.svg,True
P2G040,exp2_train_and_test_25.json,P2R00582,25,4,page6-21.svg,False,1.0,high,single-utterance-unidirectional,P2-021,P2-010,"['page5-154.svg', 'page6-21.svg', 'page8-246.svg', 'page6-175.svg', 'page4-98.svg', 'page5-128.svg', 'page8-38.svg', 'page4-244.svg', 'page7-4.svg', 'page2-114.svg']",12.0,big diamond pointing right,4.0,25.0,"(42,)",page5-128.svg,False
P2G058,exp2_train_and_test_2.json,P2R01208,7,1,page5-102.svg,False,0.7444444444444442,low,single-utterance-unidirectional,P2-077,P2-082,"['page6-121.svg', 'page7-41.svg', 'page1-132.svg', 'page7-117.svg', 'page5-102.svg', 'page3-66.svg', 'page7-81.svg', 'page8-58.svg', 'page7-15.svg', 'page4-190.svg']",4.0,seahorse,1.0,5.0,"(13,)",page5-102.svg,True
P2G018,exp2_train_and_test_57.json,P2R00868,12,2,page4-195.svg,False,1.0,high,single-utterance-unidirectional,P2-067,P2-083,"['page4-195.svg', 'page3-139.svg', 'page7-40.svg', 'page5-102.svg', 'page5-26.svg', 'page7-217.svg', 'page7-20.svg', 'page9-40.svg', 'page5-232.svg', 'page8-22.svg']",7.0,"long and thin, triangular pints at both ends, left hand points up, right hand points down",16.0,33.0,,,
P2G019,exp2_train_and_test_26.json,P2R00475,6,1,page2-34.svg,False,0.7611111111111111,low,single-utterance-unidirectional,P2-034,P2-069,"['page3-59.svg', 'page1-77.svg', 'page2-165.svg', 'page1-34.svg', 'page2-86.svg', 'page2-133.svg', 'page6-123.svg', 'page5-128.svg', 'page2-34.svg', 'page1-149.svg']",2.0,Horse facing left,3.0,5.0,"(9,)",page2-34.svg,True
P2G020,exp2_train_and_test_31.json,P2R00759,2,0,page5-80.svg,False,0.5555555555555556,low,single-utterance-unidirectional,P2-046,P2-023,"['page5-84.svg', 'page3-201.svg', 'page1-48.svg', 'page9-23.svg', 'page5-75.svg', 'page6-162.svg', 'page4-96.svg', 'page6-52.svg', 'page6-192.svg', 'page5-80.svg']",9.0,Bottom right. Looks like a fox lying down!,8.0,28.0,"(42,)",page5-80.svg,True
P2G035,exp2_train_and_test_12.json,P2R00528,35,5,page4-96.svg,False,1.0,high,single-utterance-unidirectional,P2-029,P2-040,"['page6-167.svg', 'page1-77.svg', 'page4-96.svg', 'page1-175.svg', 'page7-20.svg', 'page1-149.svg', 'page1-133.svg', 'page4-5.svg', 'page3-201.svg', 'page7-4.svg']",,,,,,,
P2G053,exp2_train_and_test_23.json,P2R00933,25,4,page1-133.svg,False,0.5444444444444445,low,single-utterance-unidirectional,P2-045,P2-037,"['page1-128.svg', 'page7-10.svg', 'page5-56.svg', 'page6-226.svg', 'page6-160.svg', 'page1-133.svg', 'page6-204.svg', 'page5-188.svg', 'page7-116.svg', 'page8-248.svg']",6.0,square with top corners removed on left and right,9.0,14.0,"(23,)",page1-133.svg,True
P2G051,exp2_train_and_test_5.json,P2R01452,16,2,page7-166.svg,False,1.0,high,single-utterance-unidirectional,P2-016,P2-051,"['page7-40.svg', 'page3-52.svg', 'page5-40.svg', 'page5-107.svg', 'page3-33.svg', 'page3-21.svg', 'page7-20.svg', 'page6-228.svg', 'page7-166.svg', 'page7-155.svg']",4.0,a symbol on top of a triangle,7.0,14.0,"(17,)",page7-166.svg,True
P2G027,exp2_train_and_test_49.json,P2R01844,25,4,page5-80.svg,False,0.5555555555555556,low,single-utterance-unidirectional,P2-113,P2-063,"['page7-186.svg', 'page2-140.svg', 'page8-192.svg', 'page2-114.svg', 'page5-153.svg', 'page5-80.svg', 'page7-44.svg', 'page8-18.svg', 'page7-115.svg', 'page2-85.svg']",4.0,wrench with a line through it,6.0,13.0,"(23,)",page5-80.svg,True
P2G050,exp2_train_and_test_47.json,P2R01796,18,3,page3-201.svg,False,0.5548148148148148,low,single-utterance-unidirectional,P2-039,P2-053,"['page8-182.svg', 'page5-139.svg', 'page6-1.svg', 'page7-127.svg', 'page5-56.svg', 'page3-201.svg', 'page7-125.svg', 'page5-84.svg', 'page6-162.svg', 'page8-206.svg']",4.0,Our old friend the bunny. Hoping they'll change these images up before the end,14.0,18.0,"(24,)",page3-201.svg,True
P2G022,exp2_train_and_test_53.json,P2R01627,21,3,page7-127.svg,False,0.6222222222222222,low,single-utterance-unidirectional,P2-103,P2-009,"['page5-165.svg', 'page8-159.svg', 'page5-45.svg', 'page4-232.svg', 'page9-40.svg', 'page7-127.svg', 'page7-157.svg', 'page8-234.svg', 'page3-70.svg', 'page8-58.svg']",13.0,bird,1.0,14.0,"(22,)",page7-127.svg,True
P2G024,exp2_train_and_test_48.json,P2R01029,38,5,page6-107.svg,False,0.7000000000000001,low,single-utterance-unidirectional,P2-001,P2-116,"['page3-59.svg', 'page7-203.svg', 'page7-217.svg', 'page5-155.svg', 'page5-85.svg', 'page8-169.svg', 'page7-157.svg', 'page1-175.svg', 'page6-107.svg', 'page8-234.svg']",5.0,rocket ship,2.0,8.0,"(11,)",page6-107.svg,True
P2G048,exp2_train_and_test_19.json,P2R02212,14,2,page7-115.svg,False,0.6,low,single-utterance-unidirectional,P2-106,P2-085,"['page7-115.svg', 'page2-86.svg', 'page5-71.svg', 'page4-197.svg', 'page7-44.svg', 'page8-18.svg', 'page1-30.svg', 'page1-128.svg', 'page6-135.svg', 'page8-38.svg']",10.0,A bench,2.0,13.0,"(24,)",page7-115.svg,True
P2G028,exp2_train_and_test_0.json,P2R00443,26,4,page9-39.svg,False,0.7407407407407408,low,single-utterance-unidirectional,P2-100,P2-015,"['page8-247.svg', 'page6-206.svg', 'page1-117.svg', 'page2-140.svg', 'page1-30.svg', 'page9-39.svg', 'page1-185.svg', 'page3-33.svg', 'page6-228.svg', 'page7-81.svg']",7.0,saxophone,1.0,9.0,"(13,)",page9-39.svg,True
P2G051,exp2_train_and_test_5.json,P2R02302,38,5,page7-177.svg,False,1.0,high,single-utterance-unidirectional,P2-016,P2-051,"['page9-34.svg', 'page7-115.svg', 'page4-98.svg', 'page7-177.svg', 'page7-35.svg', 'page6-245.svg', 'page7-144.svg', 'page2-131.svg', 'page5-75.svg', 'page6-204.svg']",21.0,a claw shaped symbol on its side w a square on right,12.0,36.0,"(50,)",page7-177.svg,True
P2G006,exp2_train_and_test_51.json,P2R00971,37,5,page7-107.svg,False,0.9935185185185184,high,single-utterance-unidirectional,P2-050,P2-071,"['page6-206.svg', 'page7-113.svg', 'page7-166.svg', 'page2-100.svg', 'page3-33.svg', 'page2-140.svg', 'page6-160.svg', 'page4-128.svg', 'page1-149.svg', 'page7-107.svg']",10.0,"white diamond inside another shape, three triangles to the left side",11.0,22.0,"(33,)",page7-107.svg,True
P2G023,exp2_train_and_test_40.json,P2R02228,16,2,page9-23.svg,False,1.0,high,single-utterance-unidirectional,P2-056,P2-081,"['page7-29.svg', 'page2-100.svg', 'page7-144.svg', 'page3-201.svg', 'page9-23.svg', 'page3-200.svg', 'page2-165.svg', 'page4-232.svg', 'page5-153.svg', 'page7-44.svg']",5.0,"Triangle base, with a shape of a screw on top",10.0,20.0,"(28,)",page9-23.svg,True
P2G055,exp2_train_and_test_37.json,P2R02070,26,4,page7-20.svg,False,1.0,high,single-utterance-unidirectional,P2-110,P2-011,"['page1-185.svg', 'page1-95.svg', 'page7-113.svg', 'page6-121.svg', 'page7-20.svg', 'page7-191.svg', 'page6-107.svg', 'page8-22.svg', 'page8-18.svg', 'page4-96.svg']",14.0,Building leaning to the right,5.0,21.0,"(32,)",page7-20.svg,True
P2G025,exp2_train_and_test_9.json,P2R01665,26,4,page1-97.svg,False,1.0,high,single-utterance-unidirectional,P2-094,P2-007,"['page4-5.svg', 'page2-100.svg', 'page5-36.svg', 'page5-120.svg', 'page5-190.svg', 'page1-97.svg', 'page8-21.svg', 'page7-15.svg', 'page8-192.svg', 'page6-226.svg']",3.0,crown,1.0,4.0,"(10,)",page1-97.svg,True
P2G020,exp2_train_and_test_31.json,P2R00438,33,5,page4-180.svg,False,0.6944444444444445,low,single-utterance-unidirectional,P2-023,P2-046,"['page8-159.svg', 'page1-133.svg', 'page9-39.svg', 'page2-165.svg', 'page8-215.svg', 'page1-117.svg', 'page8-246.svg', 'page4-180.svg', 'page6-226.svg', 'page9-34.svg']",2.0,Looks like a butterfly,4.0,6.0,"(29,)",page4-180.svg,True
P2G008,exp2_train_and_test_22.json,P2R00571,9,1,page8-217.svg,True,0.9925925925925926,high,single-utterance-unidirectional,P2-033,P2-038,"['page7-145.svg', 'page4-11.svg', 'page8-217.svg', 'page7-226.svg', 'page7-115.svg', 'page1-30.svg', 'page4-195.svg', 'page5-155.svg', 'page3-201.svg', 'page6-155.svg']",17.0,a more zoomed in bunny rabbit looking left,8.0,30.0,"(39,)",page8-217.svg,True
P2G022,exp2_train_and_test_53.json,P2R00167,31,5,page2-100.svg,False,0.7685185185185184,low,single-utterance-unidirectional,P2-103,P2-009,"['page6-206.svg', 'page7-113.svg', 'page7-166.svg', 'page2-100.svg', 'page3-33.svg', 'page2-140.svg', 'page6-160.svg', 'page4-128.svg', 'page1-149.svg', 'page7-107.svg']",16.0,Piranna Plant,2.0,19.0,"(33,)",page2-100.svg,True
P2G013,exp2_train_and_test_55.json,P2R02160,24,4,page4-98.svg,False,0.7222222222222223,low,single-utterance-unidirectional,P2-097,P2-109,"['page1-77.svg', 'page3-61.svg', 'page3-59.svg', 'page4-241.svg', 'page5-139.svg', 'page6-107.svg', 'page4-244.svg', 'page7-155.svg', 'page5-128.svg', 'page4-98.svg']",6.0,long plant in a dish,5.0,13.0,"(24,)",page4-98.svg,True
P2G003,exp2_train_and_test_21.json,P2R01414,1,0,page1-132.svg,False,0.6666666666666667,low,single-utterance-unidirectional,P2-105,P2-041,"['page7-115.svg', 'page1-132.svg', 'page6-155.svg', 'page5-120.svg', 'page5-188.svg', 'page7-191.svg', 'page7-4.svg', 'page8-159.svg', 'page5-101.svg', 'page4-98.svg']",6.0,shape with a long middle rectangle and two triangles at the top facing opposite ways,15.0,26.0,"(39,)",page1-132.svg,True
P2G036,exp2_train_and_test_45.json,P2R01671,17,2,page7-216.svg,False,1.0,high,single-utterance-unidirectional,P2-091,P2-052,"['page8-22.svg', 'page7-144.svg', 'page9-34.svg', 'page2-36.svg', 'page7-216.svg', 'page7-115.svg', 'page7-22.svg', 'page7-107.svg', 'page1-185.svg', 'page6-31.svg']",,,,,,,
P2G027,exp2_train_and_test_49.json,P2R01759,34,5,page8-169.svg,False,1.0,high,single-utterance-unidirectional,P2-113,P2-063,"['page3-59.svg', 'page7-203.svg', 'page7-217.svg', 'page5-155.svg', 'page5-85.svg', 'page8-169.svg', 'page7-157.svg', 'page1-175.svg', 'page6-107.svg', 'page8-234.svg']",3.0,C,1.0,4.0,"(13,)",page8-169.svg,True
P2G018,exp2_train_and_test_57.json,P2R01152,36,5,page7-166.svg,False,1.0,high,single-utterance-unidirectional,P2-067,P2-083,"['page4-128.svg', 'page7-107.svg', 'page7-113.svg', 'page3-33.svg', 'page2-100.svg', 'page7-166.svg', 'page6-206.svg', 'page1-149.svg', 'page6-160.svg', 'page2-140.svg']",4.0,large bowl on top of small triangle pointing up,9.0,18.0,"(34,)",page7-166.svg,True
P2G032,exp2_train_and_test_44.json,P2R00956,25,4,page5-101.svg,False,0.6666666666666667,low,single-utterance-unidirectional,P2-102,P2-096,"['page8-22.svg', 'page5-101.svg', 'page6-226.svg', 'page5-190.svg', 'page2-34.svg', 'page4-197.svg', 'page7-20.svg', 'page6-53.svg', 'page8-21.svg', 'page4-96.svg']",8.0,square 2 triangles,3.0,13.0,"(16,)",page5-101.svg,True
P2G022,exp2_train_and_test_53.json,P2R00212,7,1,page8-159.svg,True,1.0,high,single-utterance-unidirectional,P2-103,P2-009,"['page5-165.svg', 'page8-159.svg', 'page5-45.svg', 'page4-232.svg', 'page9-40.svg', 'page7-127.svg', 'page7-157.svg', 'page8-234.svg', 'page3-70.svg', 'page8-58.svg']",9.0,"Letter ""J""",2.0,15.0,"(23,)",page8-159.svg,True
P2G037,exp2_train_and_test_42.json,P2R01496,5,0,page1-150.svg,False,1.0,high,single-utterance-unidirectional,P2-075,P2-026,"['page8-58.svg', 'page5-96.svg', 'page8-159.svg', 'page7-53.svg', 'page1-150.svg', 'page6-226.svg', 'page7-73.svg', 'page6-206.svg', 'page5-128.svg', 'page6-71.svg']",8.0,a funnel shaped on another shape,6.0,23.0,"(40,)",page1-150.svg,True
P2G047,exp2_train_and_test_11.json,P2R01599,29,4,page7-226.svg,True,1.0,high,single-utterance-unidirectional,P2-065,P2-089,"['page6-162.svg', 'page7-226.svg', 'page7-177.svg', 'page8-156.svg', 'page7-53.svg', 'page7-41.svg', 'page7-36.svg', 'page-F.svg', 'page7-145.svg', 'page8-192.svg']",11.0,Object in top row which is in the middle,9.0,27.0,"(40,)",page8-192.svg,False
P2G038,exp2_train_and_test_18.json,P2R01981,5,0,page1-172.svg,False,0.6444444444444445,low,single-utterance-unidirectional,P2-020,P2-107,"['page1-172.svg', 'page4-142.svg', 'page6-123.svg', 'page4-98.svg', 'page8-234.svg', 'page9-23.svg', 'page6-219.svg', 'page7-126.svg', 'page9-32.svg', 'page1-34.svg']",7.0,it looks like the letter h and only the top left side is bent,14.0,23.0,"(39,)",page1-172.svg,True
P2G029,exp2_train_and_test_14.json,P2R01921,26,4,page7-144.svg,False,1.0,high,single-utterance-unidirectional,P2-099,P2-019,"['page5-36.svg', 'page8-176.svg', 'page7-144.svg', 'page2-86.svg', 'page5-75.svg', 'page7-41.svg', 'page9-34.svg', 'page3-21.svg', 'page7-226.svg', 'page2-20.svg']",7.0,crystal ball,2.0,13.0,"(22,)",page7-144.svg,True
P2G015,exp2_train_and_test_16.json,P2R01893,14,2,page6-204.svg,False,1.0,high,single-utterance-unidirectional,P2-058,P2-047,"['page5-56.svg', 'page5-213.svg', 'page1-34.svg', 'page7-79.svg', 'page2-114.svg', 'page6-1.svg', 'page4-180.svg', 'page5-85.svg', 'page2-133.svg', 'page6-204.svg']",7.0,a tall building with a chimney on the left,9.0,13.0,"(24,)",page6-204.svg,True
P2G038,exp2_train_and_test_18.json,P2R00928,17,2,page8-234.svg,False,0.0,low,single-utterance-unidirectional,P2-020,P2-107,"['page1-172.svg', 'page4-142.svg', 'page6-123.svg', 'page4-98.svg', 'page8-234.svg', 'page9-23.svg', 'page6-219.svg', 'page7-126.svg', 'page9-32.svg', 'page1-34.svg']",12.0,the h looking shape but has 3 ends pulling left,10.0,32.0,"(48,)",page8-234.svg,True
P2G048,exp2_train_and_test_19.json,P2R01970,4,0,page2-86.svg,False,0.7777777777777777,low,single-utterance-unidirectional,P2-106,P2-085,"['page7-115.svg', 'page2-86.svg', 'page5-71.svg', 'page4-197.svg', 'page7-44.svg', 'page8-18.svg', 'page1-30.svg', 'page1-128.svg', 'page6-135.svg', 'page8-38.svg']",12.0,a pig's head elongated a bit,6.0,22.0,"(41,)",page7-44.svg,False
P2G048,exp2_train_and_test_19.json,P2R01060,18,3,page7-115.svg,False,0.6,low,single-utterance-unidirectional,P2-085,P2-106,"['page8-18.svg', 'page7-115.svg', 'page6-135.svg', 'page1-128.svg', 'page2-86.svg', 'page8-38.svg', 'page4-197.svg', 'page7-44.svg', 'page1-30.svg', 'page5-71.svg']",4.0,It looks like a bench,5.0,11.0,"(15,)",page7-115.svg,True
P2G001,exp2_train_and_test_28.json,P2R00343,0,0,page2-34.svg,False,0.7611111111111111,low,single-utterance-unidirectional,P2-080,P2-027,"['page5-121.svg', 'page3-33.svg', 'page6-52.svg', 'page7-44.svg', 'page5-63.svg', 'page2-34.svg', 'page6-155.svg', 'page7-115.svg', 'page6-175.svg', 'page7-113.svg']",,,,,,,
P2G017,exp2_train_and_test_13.json,P2R01883,24,4,page1-128.svg,False,1.0,high,single-utterance-unidirectional,P2-059,P2-104,"['page6-21.svg', 'page1-128.svg', 'page3-207.svg', 'page7-125.svg', 'page4-155.svg', 'page9-40.svg', 'page8-22.svg', 'page6-204.svg', 'page8-192.svg', 'page6-31.svg']",4.0,A capital C,3.0,9.0,"(17,)",page1-128.svg,True
P2G015,exp2_train_and_test_16.json,P2R02250,38,5,page1-77.svg,False,0.6833333333333333,low,single-utterance-unidirectional,P2-058,P2-047,"['page4-96.svg', 'page1-149.svg', 'page3-201.svg', 'page6-167.svg', 'page1-77.svg', 'page1-133.svg', 'page7-20.svg', 'page4-5.svg', 'page1-175.svg', 'page7-4.svg']",10.0,a dagger poiting downwards with the handle at the top,10.0,22.0,"(34,)",page1-77.svg,True
P2G052,exp2_train_and_test_30.json,P2R00179,35,5,page6-226.svg,False,1.0,high,single-utterance-unidirectional,P2-030,P2-061,"['page8-159.svg', 'page1-133.svg', 'page9-39.svg', 'page2-165.svg', 'page8-215.svg', 'page1-117.svg', 'page8-246.svg', 'page4-180.svg', 'page6-226.svg', 'page9-34.svg']",4.0,"Two diamonds joined together, left one has rectangle sticking upwards",10.0,19.0,"(25,)",page6-226.svg,True
P2G055,exp2_train_and_test_37.json,P2R01294,29,4,page8-22.svg,False,0.3444444444444444,low,single-utterance-unidirectional,P2-110,P2-011,"['page1-185.svg', 'page1-95.svg', 'page7-113.svg', 'page6-121.svg', 'page7-20.svg', 'page7-191.svg', 'page6-107.svg', 'page8-22.svg', 'page8-18.svg', 'page4-96.svg']",6.0,flying bird,2.0,9.0,"(13,)",page8-22.svg,True
P2G005,exp2_train_and_test_43.json,P2R01062,24,4,page8-21.svg,False,0.5000000000000001,low,single-utterance-unidirectional,P2-006,P2-111,"['page6-122.svg', 'page9-40.svg', 'page7-226.svg', 'page7-125.svg', 'page8-246.svg', 'page6-160.svg', 'page7-145.svg', 'page5-101.svg', 'page8-183.svg', 'page8-21.svg']",6.0,chicken,1.0,6.0,"(12,)",page8-21.svg,True
P2G028,exp2_train_and_test_0.json,P2R01994,10,1,page1-30.svg,False,1.0,high,single-utterance-unidirectional,P2-015,P2-100,"['page1-117.svg', 'page6-206.svg', 'page1-30.svg', 'page7-81.svg', 'page9-39.svg', 'page8-247.svg', 'page2-140.svg', 'page6-228.svg', 'page1-185.svg', 'page3-33.svg']",16.0,"It looks like a christmas tree, but there is a triangle-shaped gap at the bottom of it",17.0,33.0,"(46,)",page1-30.svg,True
P2G022,exp2_train_and_test_53.json,P2R00594,18,3,page8-234.svg,False,0.0,low,single-utterance-unidirectional,P2-103,P2-009,"['page5-165.svg', 'page8-159.svg', 'page5-45.svg', 'page4-232.svg', 'page9-40.svg', 'page7-127.svg', 'page7-157.svg', 'page8-234.svg', 'page3-70.svg', 'page8-58.svg']",4.0,dog,1.0,4.0,"(12,)",page8-234.svg,True
P2G034,exp2_train_and_test_7.json,P2R01353,21,3,page2-136.svg,False,1.0,high,single-utterance-unidirectional,P2-035,P2-031,"['page5-102.svg', 'page2-140.svg', 'page7-117.svg', 'page6-122.svg', 'page5-155.svg', 'page5-165.svg', 'page2-136.svg', 'page2-86.svg', 'page1-34.svg', 'page3-70.svg']",12.0,Vacuum or trowel looking from above,6.0,27.0,,,
P2G058,exp2_train_and_test_2.json,P2R01904,27,4,page6-121.svg,False,1.0,high,single-utterance-unidirectional,P2-082,P2-077,"['page7-15.svg', 'page7-41.svg', 'page1-132.svg', 'page7-117.svg', 'page7-81.svg', 'page8-58.svg', 'page3-66.svg', 'page6-121.svg', 'page4-190.svg', 'page5-102.svg']",3.0,original one,2.0,4.0,"(8,)",page6-121.svg,True
P2G040,exp2_train_and_test_25.json,P2R01631,33,5,page6-166.svg,False,1.0,high,single-utterance-unidirectional,P2-010,P2-021,"['page7-125.svg', 'page8-183.svg', 'page7-157.svg', 'page3-66.svg', 'page5-84.svg', 'page6-31.svg', 'page6-166.svg', 'page5-153.svg', 'page3-70.svg', 'page5-174.svg']",17.0,blocking at rigjht,3.0,26.0,"(54,)",page5-174.svg,False
P2G012,exp2_train_and_test_29.json,P2R00534,8,1,page2-34.svg,False,0.7611111111111111,low,single-utterance-unidirectional,P2-066,P2-025,"['page5-128.svg', 'page7-115.svg', 'page4-241.svg', 'page7-117.svg', 'page6-186.svg', 'page9-25.svg', 'page1-132.svg', 'page5-75.svg', 'page6-228.svg', 'page2-34.svg']",3.0,An 'F' rotated 90 degrees,5.0,11.0,"(14,)",page2-34.svg,True
P2G007,exp2_train_and_test_20.json,P2R00160,8,1,page2-64.svg,False,0.7185185185185186,low,single-utterance-unidirectional,P2-074,P2-108,"['page7-15.svg', 'page7-29.svg', 'page3-201.svg', 'page2-64.svg', 'page4-155.svg', 'page7-226.svg', 'page5-154.svg', 'page4-98.svg', 'page5-45.svg', 'page7-225.svg']",10.0,Person in a boat,4.0,18.0,"(24,)",page2-64.svg,True
P2G036,exp2_train_and_test_45.json,P2R01928,19,3,page7-216.svg,False,1.0,high,single-utterance-unidirectional,P2-052,P2-091,"['page7-144.svg', 'page7-22.svg', 'page7-115.svg', 'page9-34.svg', 'page6-31.svg', 'page8-22.svg', 'page2-36.svg', 'page7-216.svg', 'page1-185.svg', 'page7-107.svg']",,,,,,,
P2G027,exp2_train_and_test_49.json,P2R01253,21,3,page5-80.svg,False,0.5555555555555556,low,single-utterance-unidirectional,P2-063,P2-113,"['page8-192.svg', 'page5-80.svg', 'page7-115.svg', 'page2-140.svg', 'page8-18.svg', 'page7-44.svg', 'page7-186.svg', 'page5-153.svg', 'page2-85.svg', 'page2-114.svg']",7.0,Wrench with a line,4.0,10.0,"(24,)",page5-80.svg,True
P2G033,exp2_train_and_test_8.json,P2R01174,17,2,page7-4.svg,False,0.6555555555555556,low,single-utterance-unidirectional,P2-112,P2-095,"['page5-45.svg', 'page5-26.svg', 'page5-96.svg', 'page3-61.svg', 'page4-190.svg', 'page8-166.svg', 'page8-234.svg', 'page6-219.svg', 'page7-4.svg', 'page7-15.svg']",12.0,the bat one,3.0,17.0,"(23,)",page7-4.svg,True
P2G047,exp2_train_and_test_11.json,P2R00946,20,3,page7-41.svg,False,0.7555555555555555,low,single-utterance-unidirectional,P2-065,P2-089,"['page6-162.svg', 'page7-226.svg', 'page7-177.svg', 'page8-156.svg', 'page7-53.svg', 'page7-41.svg', 'page7-36.svg', 'page-F.svg', 'page7-145.svg', 'page8-192.svg']",24.0,house boat,2.0,25.0,"(33,)",page7-41.svg,True
P2G051,exp2_train_and_test_5.json,P2R01191,36,5,page5-75.svg,False,0.6944444444444444,low,single-utterance-unidirectional,P2-016,P2-051,"['page9-34.svg', 'page7-115.svg', 'page4-98.svg', 'page7-177.svg', 'page7-35.svg', 'page6-245.svg', 'page7-144.svg', 'page2-131.svg', 'page5-75.svg', 'page6-204.svg']",4.0,looks like a flamingo facing left,6.0,17.0,"(20,)",page5-75.svg,True
P2G059,exp2_train_and_test_59.json,P2R00648,33,5,page6-206.svg,False,0.7333333333333333,low,single-utterance-unidirectional,P2-098,P2-004,"['page6-206.svg', 'page7-113.svg', 'page7-166.svg', 'page2-100.svg', 'page3-33.svg', 'page2-140.svg', 'page6-160.svg', 'page4-128.svg', 'page1-149.svg', 'page7-107.svg']",,,,,,,
P2G050,exp2_train_and_test_47.json,P2R02132,36,5,page5-85.svg,False,0.5166666666666668,low,single-utterance-unidirectional,P2-053,P2-039,"['page3-59.svg', 'page7-203.svg', 'page7-217.svg', 'page5-155.svg', 'page5-85.svg', 'page8-169.svg', 'page7-157.svg', 'page1-175.svg', 'page6-107.svg', 'page8-234.svg']",4.0,"kinda looks like a fox, tiny triangle coming out of the bottom",12.0,18.0,"(29,)",page5-85.svg,True
P2G020,exp2_train_and_test_31.json,P2R01421,6,1,page5-75.svg,False,0.6944444444444444,low,single-utterance-unidirectional,P2-023,P2-046,"['page3-201.svg', 'page1-48.svg', 'page5-75.svg', 'page6-162.svg', 'page4-96.svg', 'page5-80.svg', 'page9-23.svg', 'page6-192.svg', 'page6-52.svg', 'page5-84.svg']",3.0,Looks like a swan standing up with a triangle for its head,12.0,34.0,,,
P2G041,exp2_train_and_test_52.json,P2R00803,18,3,page1-172.svg,False,0.6444444444444445,low,single-utterance-unidirectional,P2-072,P2-005,"['page8-215.svg', 'page2-16.svg', 'page7-10.svg', 'page1-150.svg', 'page9-32.svg', 'page8-156.svg', 'page6-107.svg', 'page8-159.svg', 'page1-172.svg', 'page8-246.svg']",4.0,This looks like a dinasour with a long neck,9.0,16.0,"(23,)",page1-172.svg,True
P2G014,exp2_train_and_test_27.json,P2R01579,23,3,page3-139.svg,False,0.9935185185185184,high,single-utterance-unidirectional,P2-060,P2-118,"['page6-160.svg', 'page7-166.svg', 'page3-139.svg', 'page1-34.svg', 'page3-201.svg', 'page8-166.svg', 'page2-131.svg', 'page3-33.svg', 'page9-39.svg', 'page5-128.svg']",11.0,a bowl on top of two pointy triangles,8.0,25.0,"(37,)",page3-139.svg,True
P2G036,exp2_train_and_test_45.json,P2R00308,31,5,page7-217.svg,False,1.0,high,single-utterance-unidirectional,P2-052,P2-091,"['page7-217.svg', 'page3-59.svg', 'page8-234.svg', 'page5-85.svg', 'page7-157.svg', 'page1-175.svg', 'page7-203.svg', 'page5-155.svg', 'page8-169.svg', 'page6-107.svg']",,,,,,,
P2G021,exp2_train_and_test_58.json,P2R02308,10,1,page4-241.svg,False,0.995,high,single-utterance-unidirectional,P2-036,P2-064,"['page8-38.svg', 'page4-195.svg', 'page3-205.svg', 'page7-41.svg', 'page4-241.svg', 'page5-84.svg', 'page7-226.svg', 'page6-31.svg', 'page5-233.svg', 'page9-40.svg']",8.0,giant x,2.0,10.0,"(15,)",page4-241.svg,True
P2G031,exp2_train_and_test_1.json,P2R00269,33,5,page9-34.svg,False,1.0,high,single-utterance-unidirectional,P2-017,P2-032,"['page7-177.svg', 'page5-75.svg', 'page6-204.svg', 'page7-35.svg', 'page7-144.svg', 'page4-98.svg', 'page2-131.svg', 'page6-245.svg', 'page9-34.svg', 'page7-115.svg']",5.0,looks like a faucet,4.0,9.0,"(13,)",page6-245.svg,False
P2G022,exp2_train_and_test_53.json,P2R02236,32,5,page6-160.svg,False,0.5592592592592593,low,single-utterance-unidirectional,P2-009,P2-103,"['page4-128.svg', 'page7-107.svg', 'page7-113.svg', 'page3-33.svg', 'page2-100.svg', 'page7-166.svg', 'page6-206.svg', 'page1-149.svg', 'page6-160.svg', 'page2-140.svg']",10.0,,,,,,
P2G021,exp2_train_and_test_58.json,P2R01897,13,2,page5-233.svg,False,1.0,high,single-utterance-unidirectional,P2-064,P2-036,"['page4-195.svg', 'page6-31.svg', 'page4-241.svg', 'page7-41.svg', 'page8-38.svg', 'page5-233.svg', 'page3-205.svg', 'page7-226.svg', 'page9-40.svg', 'page5-84.svg']",6.0,Rectangle with triangles cut out,5.0,12.0,"(27,)",page5-233.svg,True
P2G010,exp2_train_and_test_17.json,P2R01953,36,5,page7-4.svg,False,0.6555555555555556,low,single-utterance-unidirectional,P2-092,P2-068,"['page4-96.svg', 'page1-149.svg', 'page3-201.svg', 'page6-167.svg', 'page1-77.svg', 'page1-133.svg', 'page7-20.svg', 'page4-5.svg', 'page1-175.svg', 'page7-4.svg']",6.0,looks like a square with a huge tail,8.0,17.0,"(31,)",page4-96.svg,False
P2G009,exp2_train_and_test_3.json,P2R00544,18,3,page6-166.svg,False,1.0,high,single-utterance-unidirectional,P2-024,P2-117,"['page2-86.svg', 'page7-126.svg', 'page5-101.svg', 'page8-169.svg', 'page3-139.svg', 'page6-166.svg', 'page6-167.svg', 'page4-180.svg', 'page5-165.svg', 'page1-117.svg']",13.0,ELF BOOT WITH POINTY END,5.0,21.0,"(42,)",page6-166.svg,True
P2G021,exp2_train_and_test_58.json,P2R01816,7,1,page5-84.svg,False,0.5111111111111112,low,single-utterance-unidirectional,P2-036,P2-064,"['page8-38.svg', 'page4-195.svg', 'page3-205.svg', 'page7-41.svg', 'page4-241.svg', 'page5-84.svg', 'page7-226.svg', 'page6-31.svg', 'page5-233.svg', 'page9-40.svg']",6.0,animal or horse walking,4.0,13.0,"(24,)",page5-84.svg,True
P2G024,exp2_train_and_test_48.json,P2R00874,33,5,page7-203.svg,False,0.9925925925925926,high,single-utterance-unidirectional,P2-116,P2-001,"['page7-217.svg', 'page3-59.svg', 'page8-234.svg', 'page5-85.svg', 'page7-157.svg', 'page1-175.svg', 'page7-203.svg', 'page5-155.svg', 'page8-169.svg', 'page6-107.svg']",4.0,candle stick in holder with flat bottom,7.0,14.0,"(25,)",page6-107.svg,False
P2G009,exp2_train_and_test_3.json,P2R00451,21,3,page6-167.svg,True,1.0,high,single-utterance-unidirectional,P2-024,P2-117,"['page2-86.svg', 'page7-126.svg', 'page5-101.svg', 'page8-169.svg', 'page3-139.svg', 'page6-166.svg', 'page6-167.svg', 'page4-180.svg', 'page5-165.svg', 'page1-117.svg']",16.0,FAT LIGHTNING BOLT WITH A BOX COMING OUT OF IT,10.0,36.0,"(44,)",page5-101.svg,False
P2G054,exp2_train_and_test_38.json,P2R00721,17,2,page6-109.svg,True,1.0,high,single-utterance-unidirectional,P2-055,P2-012,"['page6-71.svg', 'page6-135.svg', 'page4-197.svg', 'page2-131.svg', 'page7-41.svg', 'page6-186.svg', 'page6-109.svg', 'page4-98.svg', 'page7-15.svg', 'page6-208.svg']",4.0,"we haven't had this one yet, its a triangle pointing left with a W pointing right",16.0,17.0,"(36,)",page6-109.svg,True
P2G050,exp2_train_and_test_47.json,P2R01119,13,2,page6-162.svg,False,1.0,high,single-utterance-unidirectional,P2-053,P2-039,"['page7-127.svg', 'page5-84.svg', 'page3-201.svg', 'page5-56.svg', 'page6-1.svg', 'page6-162.svg', 'page8-182.svg', 'page7-125.svg', 'page5-139.svg', 'page8-206.svg']",6.0,down arrow,2.0,8.0,"(12,)",page6-162.svg,True
P2G043,exp2_train_and_test_54.json,P2R00284,30,5,page1-149.svg,False,1.0,high,single-utterance-unidirectional,P2-088,P2-115,"['page4-128.svg', 'page7-107.svg', 'page7-113.svg', 'page3-33.svg', 'page2-100.svg', 'page7-166.svg', 'page6-206.svg', 'page1-149.svg', 'page6-160.svg', 'page2-140.svg']",,,,,,,
P2G006,exp2_train_and_test_51.json,P2R01235,26,4,page7-157.svg,True,0.6037037037037036,low,single-utterance-unidirectional,P2-050,P2-071,"['page7-157.svg', 'page7-127.svg', 'page5-190.svg', 'page8-246.svg', 'page6-167.svg', 'page8-58.svg', 'page4-155.svg', 'page7-125.svg', 'page2-20.svg', 'page7-15.svg']",3.0,diamond on top of triangle,5.0,12.0,"(24,)",page7-157.svg,True
P2G053,exp2_train_and_test_23.json,P2R01335,10,1,page7-10.svg,False,0.7611111111111111,low,single-utterance-unidirectional,P2-037,P2-045,"['page1-133.svg', 'page7-116.svg', 'page6-160.svg', 'page1-128.svg', 'page8-248.svg', 'page7-10.svg', 'page5-56.svg', 'page6-226.svg', 'page6-204.svg', 'page5-188.svg']",5.0,like a trophy,3.0,7.0,"(13,)",page7-10.svg,True
P2G053,exp2_train_and_test_23.json,P2R00890,21,3,page6-226.svg,False,1.0,high,single-utterance-unidirectional,P2-037,P2-045,"['page1-133.svg', 'page7-116.svg', 'page6-160.svg', 'page1-128.svg', 'page8-248.svg', 'page7-10.svg', 'page5-56.svg', 'page6-226.svg', 'page6-204.svg', 'page5-188.svg']",6.0,two squres on side with chinmney on left,8.0,26.0,"(35,)",page6-226.svg,True
P2G020,exp2_train_and_test_31.json,P2R01784,10,1,page6-162.svg,True,1.0,high,single-utterance-unidirectional,P2-023,P2-046,"['page3-201.svg', 'page1-48.svg', 'page5-75.svg', 'page6-162.svg', 'page4-96.svg', 'page5-80.svg', 'page9-23.svg', 'page6-192.svg', 'page6-52.svg', 'page5-84.svg']",,,,,,,
P2G033,exp2_train_and_test_8.json,P2R01811,13,2,page6-219.svg,False,1.0,high,single-utterance-unidirectional,P2-112,P2-095,"['page5-45.svg', 'page5-26.svg', 'page5-96.svg', 'page3-61.svg', 'page4-190.svg', 'page8-166.svg', 'page8-234.svg', 'page6-219.svg', 'page7-4.svg', 'page7-15.svg']",13.0,the rectangle facing down,4.0,19.0,"(25,)",page6-219.svg,True
P2G028,exp2_train_and_test_0.json,P2R01296,4,0,page2-140.svg,False,1.0,high,single-utterance-unidirectional,P2-100,P2-015,"['page8-247.svg', 'page6-206.svg', 'page1-117.svg', 'page2-140.svg', 'page1-30.svg', 'page9-39.svg', 'page1-185.svg', 'page3-33.svg', 'page6-228.svg', 'page7-81.svg']",11.0,Long rectangle with points coming up on either end and a part coming out of the middle,17.0,31.0,"(49,)",page2-140.svg,True
P2G005,exp2_train_and_test_43.json,P2R01204,34,5,page8-169.svg,False,1.0,high,single-utterance-unidirectional,P2-006,P2-111,"['page3-59.svg', 'page7-203.svg', 'page7-217.svg', 'page5-155.svg', 'page5-85.svg', 'page8-169.svg', 'page7-157.svg', 'page1-175.svg', 'page6-107.svg', 'page8-234.svg']",4.0,crescent moon,2.0,8.0,"(13,)",page8-169.svg,True
P2G045,exp2_train_and_test_34.json,P2R00943,8,1,page4-155.svg,False,0.3777777777777779,low,single-utterance-unidirectional,P2-054,P2-087,"['page6-219.svg', 'page9-32.svg', 'page1-172.svg', 'page7-202.svg', 'page4-155.svg', 'page5-66.svg', 'page7-127.svg', 'page8-38.svg', 'page2-16.svg', 'page7-117.svg']",7.0,the caterpillar one,3.0,14.0,"(25,)",page4-155.svg,True
P2G013,exp2_train_and_test_55.json,P2R01196,12,2,page4-98.svg,False,0.7222222222222223,low,single-utterance-unidirectional,P2-097,P2-109,"['page1-77.svg', 'page3-61.svg', 'page3-59.svg', 'page4-241.svg', 'page5-139.svg', 'page6-107.svg', 'page4-244.svg', 'page7-155.svg', 'page5-128.svg', 'page4-98.svg']",5.0,long horizontal plant in a dish,6.0,19.0,"(29,)",page4-98.svg,True
P2G048,exp2_train_and_test_19.json,P2R00490,25,4,page7-115.svg,False,0.6,low,single-utterance-unidirectional,P2-106,P2-085,"['page7-115.svg', 'page2-86.svg', 'page5-71.svg', 'page4-197.svg', 'page7-44.svg', 'page8-18.svg', 'page1-30.svg', 'page1-128.svg', 'page6-135.svg', 'page8-38.svg']",13.0,bench,1.0,15.0,"(23,)",page7-115.svg,True
P2G010,exp2_train_and_test_17.json,P2R02352,32,5,page1-149.svg,False,1.0,high,single-utterance-unidirectional,P2-092,P2-068,"['page4-96.svg', 'page1-149.svg', 'page3-201.svg', 'page6-167.svg', 'page1-77.svg', 'page1-133.svg', 'page7-20.svg', 'page4-5.svg', 'page1-175.svg', 'page7-4.svg']",6.0,looks like a pillar or column,6.0,15.0,"(25,)",page1-149.svg,True
P2G053,exp2_train_and_test_23.json,P2R01479,27,4,page6-204.svg,False,1.0,high,single-utterance-unidirectional,P2-045,P2-037,"['page1-128.svg', 'page7-10.svg', 'page5-56.svg', 'page6-226.svg', 'page6-160.svg', 'page1-133.svg', 'page6-204.svg', 'page5-188.svg', 'page7-116.svg', 'page8-248.svg']",4.0,rectangle with chimney on left,5.0,10.0,"(16,)",page6-204.svg,True
P2G046,exp2_train_and_test_46.json,P2R01424,16,2,page2-20.svg,False,1.0,high,single-utterance-unidirectional,P2-079,P2-008,"['page8-182.svg', 'page5-153.svg', 'page4-197.svg', 'page2-34.svg', 'page6-166.svg', 'page2-20.svg', 'page8-22.svg', 'page2-86.svg', 'page9-34.svg', 'page8-156.svg']",7.0,W on a stand,4.0,11.0,"(27,)",page2-20.svg,True
P2G050,exp2_train_and_test_47.json,P2R01223,37,5,page1-175.svg,False,1.0,high,single-utterance-unidirectional,P2-039,P2-053,"['page7-217.svg', 'page3-59.svg', 'page8-234.svg', 'page5-85.svg', 'page7-157.svg', 'page1-175.svg', 'page7-203.svg', 'page5-155.svg', 'page8-169.svg', 'page6-107.svg']",6.0,"Trapezoid, I think? Rectangle with slanty sides",7.0,19.0,"(26,)",page1-175.svg,True
P2G042,exp2_train_and_test_50.json,P2R00288,15,2,page3-21.svg,False,0.736111111111111,low,single-utterance-unidirectional,P2-049,P2-042,"['page3-21.svg', 'page2-136.svg', 'page5-56.svg', 'page8-169.svg', 'page6-204.svg', 'page1-95.svg', 'page6-31.svg', 'page8-58.svg', 'page2-165.svg', 'page1-175.svg']",,,,,,,
P2G033,exp2_train_and_test_8.json,P2R01386,22,3,page5-26.svg,False,0.7518518518518518,low,single-utterance-unidirectional,P2-095,P2-112,"['page7-4.svg', 'page5-45.svg', 'page3-61.svg', 'page5-96.svg', 'page8-234.svg', 'page4-190.svg', 'page6-219.svg', 'page5-26.svg', 'page8-166.svg', 'page7-15.svg']",13.0,the heart with the top cut off and the triangle,10.0,21.0,"(33,)",page5-26.svg,True
P2G038,exp2_train_and_test_18.json,P2R01122,19,3,page7-126.svg,False,0.6666666666666667,low,single-utterance-unidirectional,P2-107,P2-020,"['page1-172.svg', 'page6-219.svg', 'page9-32.svg', 'page7-126.svg', 'page9-23.svg', 'page4-142.svg', 'page6-123.svg', 'page1-34.svg', 'page4-98.svg', 'page8-234.svg']",12.0,bird facing left,3.0,16.0,"(24,)",page7-126.svg,True
P2G025,exp2_train_and_test_9.json,P2R00017,30,5,page7-144.svg,False,1.0,high,single-utterance-unidirectional,P2-094,P2-007,"['page9-34.svg', 'page7-115.svg', 'page4-98.svg', 'page7-177.svg', 'page7-35.svg', 'page6-245.svg', 'page7-144.svg', 'page2-131.svg', 'page5-75.svg', 'page6-204.svg']",10.0,"looks like stop sign, but its pointy on the right side",11.0,23.0,"(34,)",page7-144.svg,True
P2G032,exp2_train_and_test_44.json,P2R01694,1,0,page5-101.svg,False,0.6666666666666667,low,single-utterance-unidirectional,P2-102,P2-096,"['page8-22.svg', 'page5-101.svg', 'page6-226.svg', 'page5-190.svg', 'page2-34.svg', 'page4-197.svg', 'page7-20.svg', 'page6-53.svg', 'page8-21.svg', 'page4-96.svg']",5.0,square in middle with 2 triangles jutting out,8.0,22.0,"(31,)",page5-101.svg,True
P2G027,exp2_train_and_test_49.json,P2R01833,3,0,page7-44.svg,False,1.0,high,single-utterance-unidirectional,P2-113,P2-063,"['page7-186.svg', 'page2-140.svg', 'page8-192.svg', 'page2-114.svg', 'page5-153.svg', 'page5-80.svg', 'page7-44.svg', 'page8-18.svg', 'page7-115.svg', 'page2-85.svg']",18.0,,,,,,
P2G056,exp2_train_and_test_33.json,P2R01985,11,1,page7-203.svg,False,0.9925925925925926,high,single-utterance-unidirectional,P2-028,P2-086,"['page6-185.svg', 'page6-228.svg', 'page8-234.svg', 'page1-132.svg', 'page7-203.svg', 'page6-52.svg', 'page5-85.svg', 'page7-113.svg', 'page5-63.svg', 'page6-21.svg']",9.0,vertical stack with arrow pointing down on top,8.0,24.0,"(51,)",page7-203.svg,True
P2G017,exp2_train_and_test_13.json,P2R00187,8,1,page4-155.svg,False,0.3777777777777779,low,single-utterance-unidirectional,P2-104,P2-059,"['page6-204.svg', 'page6-21.svg', 'page9-40.svg', 'page8-22.svg', 'page6-31.svg', 'page3-207.svg', 'page4-155.svg', 'page7-125.svg', 'page1-128.svg', 'page8-192.svg']",9.0,a snake,2.0,12.0,"(23,)",page4-155.svg,True
P2G058,exp2_train_and_test_2.json,P2R00780,29,4,page1-132.svg,False,0.6666666666666667,low,single-utterance-unidirectional,P2-082,P2-077,"['page7-15.svg', 'page7-41.svg', 'page1-132.svg', 'page7-117.svg', 'page7-81.svg', 'page8-58.svg', 'page3-66.svg', 'page6-121.svg', 'page4-190.svg', 'page5-102.svg']",2.0,spanner,1.0,3.0,"(6,)",page1-132.svg,True
P2G024,exp2_train_and_test_48.json,P2R02235,3,0,page1-97.svg,False,1.0,high,single-utterance-unidirectional,P2-001,P2-116,"['page4-142.svg', 'page5-56.svg', 'page1-97.svg', 'page4-98.svg', 'page6-23.svg', 'page4-244.svg', 'page8-221.svg', 'page1-95.svg', 'page7-53.svg', 'page6-124.svg']",7.0,crown,1.0,12.0,"(15,)",page1-97.svg,True
P2G036,exp2_train_and_test_45.json,P2R00388,4,0,page8-22.svg,False,0.3444444444444444,low,single-utterance-unidirectional,P2-091,P2-052,"['page8-22.svg', 'page7-144.svg', 'page9-34.svg', 'page2-36.svg', 'page7-216.svg', 'page7-115.svg', 'page7-22.svg', 'page7-107.svg', 'page1-185.svg', 'page6-31.svg']",35.0,flying bed,2.0,39.0,"(58,)",,
P2G042,exp2_train_and_test_50.json,P2R00702,36,5,page7-166.svg,False,1.0,high,single-utterance-unidirectional,P2-049,P2-042,"['page4-128.svg', 'page7-107.svg', 'page7-113.svg', 'page3-33.svg', 'page2-100.svg', 'page7-166.svg', 'page6-206.svg', 'page1-149.svg', 'page6-160.svg', 'page2-140.svg']",,,,,,,
P2G019,exp2_train_and_test_26.json,P2R01662,23,3,page6-123.svg,False,0.4166666666666667,low,single-utterance-unidirectional,P2-034,P2-069,"['page3-59.svg', 'page1-77.svg', 'page2-165.svg', 'page1-34.svg', 'page2-86.svg', 'page2-133.svg', 'page6-123.svg', 'page5-128.svg', 'page2-34.svg', 'page1-149.svg']",2.0,Fish pointing left,3.0,4.0,"(8,)",page6-123.svg,True
P2G023,exp2_train_and_test_40.json,P2R00844,22,3,page2-100.svg,False,0.7685185185185184,low,single-utterance-unidirectional,P2-081,P2-056,"['page2-100.svg', 'page3-201.svg', 'page9-23.svg', 'page7-144.svg', 'page7-29.svg', 'page3-200.svg', 'page4-232.svg', 'page2-165.svg', 'page7-44.svg', 'page5-153.svg']",11.0,"triangle base, pointed square top",5.0,23.0,"(35,)",page2-100.svg,True
P2G015,exp2_train_and_test_16.json,P2R02116,6,1,page5-56.svg,False,0.6222222222222223,low,single-utterance-unidirectional,P2-047,P2-058,"['page5-85.svg', 'page5-213.svg', 'page6-1.svg', 'page5-56.svg', 'page1-34.svg', 'page4-180.svg', 'page2-114.svg', 'page2-133.svg', 'page7-79.svg', 'page6-204.svg']",3.0,mountains,1.0,6.0,"(17,)",page5-56.svg,True
P2G029,exp2_train_and_test_14.json,P2R01933,5,0,page7-144.svg,False,1.0,high,single-utterance-unidirectional,P2-099,P2-019,"['page5-36.svg', 'page8-176.svg', 'page7-144.svg', 'page2-86.svg', 'page5-75.svg', 'page7-41.svg', 'page9-34.svg', 'page3-21.svg', 'page7-226.svg', 'page2-20.svg']",14.0,crystal ball on a small platform,6.0,20.0,"(27,)",page7-144.svg,True
P2G057,exp2_train_and_test_10.json,P2R01614,34,5,page6-167.svg,False,1.0,high,single-utterance-unidirectional,P2-090,P2-084,"['page4-96.svg', 'page1-149.svg', 'page3-201.svg', 'page6-167.svg', 'page1-77.svg', 'page1-133.svg', 'page7-20.svg', 'page4-5.svg', 'page1-175.svg', 'page7-4.svg']",18.0,the one with a small spike coming from its right side,11.0,36.0,"(41,)",page6-167.svg,True
P2G003,exp2_train_and_test_21.json,P2R00262,31,5,page5-84.svg,False,0.5111111111111112,low,single-utterance-unidirectional,P2-041,P2-105,"['page7-125.svg', 'page8-183.svg', 'page7-157.svg', 'page3-66.svg', 'page5-84.svg', 'page6-31.svg', 'page6-166.svg', 'page5-153.svg', 'page3-70.svg', 'page5-174.svg']",4.0,shape like a horse facing to the right,8.0,12.0,"(37,)",page5-174.svg,False
P2G038,exp2_train_and_test_18.json,P2R01286,32,5,page1-149.svg,False,1.0,high,single-utterance-unidirectional,P2-020,P2-107,"['page4-96.svg', 'page1-149.svg', 'page3-201.svg', 'page6-167.svg', 'page1-77.svg', 'page1-133.svg', 'page7-20.svg', 'page4-5.svg', 'page1-175.svg', 'page7-4.svg']",8.0,It looks like an I shape but 2 of them in a tower with sharp edges,16.0,36.0,"(59,)",page1-77.svg,False
P2G045,exp2_train_and_test_34.json,P2R00093,4,0,page2-16.svg,False,0.6722222222222223,low,single-utterance-unidirectional,P2-087,P2-054,"['page7-127.svg', 'page5-66.svg', 'page4-155.svg', 'page7-117.svg', 'page2-16.svg', 'page6-219.svg', 'page1-172.svg', 'page7-202.svg', 'page9-32.svg', 'page8-38.svg']",9.0,the one next to the one with 2 triangles with a cross through,13.0,30.0,"(36,)",page2-16.svg,True
P2G039,exp2_train_and_test_4.json,P2R01705,30,5,page7-144.svg,False,1.0,high,single-utterance-unidirectional,P2-093,P2-022,"['page9-34.svg', 'page7-115.svg', 'page4-98.svg', 'page7-177.svg', 'page7-35.svg', 'page6-245.svg', 'page7-144.svg', 'page2-131.svg', 'page5-75.svg', 'page6-204.svg']",10.0,big block pointing right flat on top,7.0,30.0,"(36,)",page7-144.svg,True
P2G008,exp2_train_and_test_22.json,P2R00115,4,0,page1-30.svg,False,1.0,high,single-utterance-unidirectional,P2-038,P2-033,"['page4-195.svg', 'page1-30.svg', 'page7-115.svg', 'page6-155.svg', 'page7-226.svg', 'page4-11.svg', 'page5-155.svg', 'page8-217.svg', 'page3-201.svg', 'page7-145.svg']",14.0,symmetrical christmas tree,3.0,22.0,"(40,)",page1-30.svg,True
P2G041,exp2_train_and_test_52.json,P2R02319,6,1,page8-215.svg,False,0.6666666666666667,low,single-utterance-unidirectional,P2-072,P2-005,"['page8-215.svg', 'page2-16.svg', 'page7-10.svg', 'page1-150.svg', 'page9-32.svg', 'page8-156.svg', 'page6-107.svg', 'page8-159.svg', 'page1-172.svg', 'page8-246.svg']",6.0,this looks like a j but the top part looks like it is hanging off,15.0,17.0,"(26,)",page8-215.svg,True
P2G002,exp2_train_and_test_15.json,P2R01454,27,4,page1-172.svg,False,0.6444444444444445,low,single-utterance-unidirectional,P2-114,P2-062,"['page7-53.svg', 'page6-53.svg', 'page3-70.svg', 'page2-20.svg', 'page1-172.svg', 'page7-125.svg', 'page5-96.svg', 'page8-159.svg', 'page2-114.svg', 'page4-180.svg']",4.0,giraffe,1.0,6.0,"(8,)",page1-172.svg,True
P2G043,exp2_train_and_test_54.json,P2R01076,24,4,page5-155.svg,False,0.5777777777777778,low,single-utterance-unidirectional,P2-088,P2-115,"['page6-245.svg', 'page6-107.svg', 'page4-142.svg', 'page7-177.svg', 'page8-18.svg', 'page5-80.svg', 'page7-217.svg', 'page5-155.svg', 'page2-131.svg', 'page6-109.svg']",,,,,,,
P2G037,exp2_train_and_test_42.json,P2R01819,39,5,page7-157.svg,False,0.6037037037037036,low,single-utterance-unidirectional,P2-026,P2-075,"['page7-217.svg', 'page3-59.svg', 'page8-234.svg', 'page5-85.svg', 'page7-157.svg', 'page1-175.svg', 'page7-203.svg', 'page5-155.svg', 'page8-169.svg', 'page6-107.svg']",6.0,goblet wine glass hour glass,5.0,17.0,"(34,)",page7-157.svg,True
P2G041,exp2_train_and_test_52.json,P2R00111,0,0,page1-172.svg,False,0.6444444444444445,low,single-utterance-unidirectional,P2-005,P2-072,"['page9-32.svg', 'page7-10.svg', 'page8-159.svg', 'page8-215.svg', 'page6-107.svg', 'page1-150.svg', 'page8-156.svg', 'page8-246.svg', 'page1-172.svg', 'page2-16.svg']",12.0,Looks kinda like a dinosaur,5.0,16.0,"(33,)",page1-172.svg,True
P2G018,exp2_train_and_test_57.json,P2R02091,15,2,page5-26.svg,False,0.7518518518518518,low,single-utterance-unidirectional,P2-067,P2-083,"['page4-195.svg', 'page3-139.svg', 'page7-40.svg', 'page5-102.svg', 'page5-26.svg', 'page7-217.svg', 'page7-20.svg', 'page9-40.svg', 'page5-232.svg', 'page8-22.svg']",12.0,"mirror image, large triangle pointing down",6.0,22.0,"(50,)",page5-26.svg,True
P2G009,exp2_train_and_test_3.json,P2R00540,32,5,page4-98.svg,False,0.7222222222222223,low,single-utterance-unidirectional,P2-117,P2-024,"['page9-34.svg', 'page7-115.svg', 'page4-98.svg', 'page7-177.svg', 'page7-35.svg', 'page6-245.svg', 'page7-144.svg', 'page2-131.svg', 'page5-75.svg', 'page6-204.svg']",4.0,a candle in a holder,5.0,9.0,"(17,)",page4-98.svg,True
P2G058,exp2_train_and_test_2.json,P2R00347,30,5,page7-144.svg,False,1.0,high,single-utterance-unidirectional,P2-082,P2-077,"['page9-34.svg', 'page7-115.svg', 'page4-98.svg', 'page7-177.svg', 'page7-35.svg', 'page6-245.svg', 'page7-144.svg', 'page2-131.svg', 'page5-75.svg', 'page6-204.svg']",3.0,hexagon with point,3.0,6.0,"(15,)",page7-144.svg,True
P2G018,exp2_train_and_test_57.json,P2R02195,35,5,page7-113.svg,False,0.7636363636363637,low,single-utterance-unidirectional,P2-083,P2-067,"['page6-206.svg', 'page7-113.svg', 'page7-166.svg', 'page2-100.svg', 'page3-33.svg', 'page2-140.svg', 'page6-160.svg', 'page4-128.svg', 'page1-149.svg', 'page7-107.svg']",8.0,Seahorse head with two separate flat sides at the bottom that look like feet,14.0,35.0,"(49,)",page7-113.svg,True
P2G011,exp2_train_and_test_36.json,P2R01699,13,2,page3-61.svg,True,1.0,high,single-utterance-unidirectional,P2-073,P2-014,"['page3-61.svg', 'page7-116.svg', 'page5-75.svg', 'page9-32.svg', 'page3-201.svg', 'page2-100.svg', 'page8-183.svg', 'page5-26.svg', 'page3-66.svg', 'page3-163.svg']",18.0,wekrds,1.0,21.0,"(37,)",page3-66.svg,False
P2G055,exp2_train_and_test_37.json,P2R01654,25,4,page7-191.svg,False,1.0,high,single-utterance-unidirectional,P2-110,P2-011,"['page1-185.svg', 'page1-95.svg', 'page7-113.svg', 'page6-121.svg', 'page7-20.svg', 'page7-191.svg', 'page6-107.svg', 'page8-22.svg', 'page8-18.svg', 'page4-96.svg']",4.0,Kite,1.0,5.0,"(14,)",page7-191.svg,True
P2G013,exp2_train_and_test_55.json,P2R01647,8,1,page7-155.svg,False,0.6944444444444445,low,single-utterance-unidirectional,P2-109,P2-097,"['page4-244.svg', 'page7-155.svg', 'page1-77.svg', 'page3-59.svg', 'page5-128.svg', 'page5-139.svg', 'page3-61.svg', 'page4-241.svg', 'page4-98.svg', 'page6-107.svg']",13.0,lightning bolt,2.0,22.0,"(35,)",page7-155.svg,True
P2G028,exp2_train_and_test_0.json,P2R01127,33,5,page9-34.svg,False,1.0,high,single-utterance-unidirectional,P2-015,P2-100,"['page7-177.svg', 'page5-75.svg', 'page6-204.svg', 'page7-35.svg', 'page7-144.svg', 'page4-98.svg', 'page2-131.svg', 'page6-245.svg', 'page9-34.svg', 'page7-115.svg']",15.0,it looks like someone with a pointy head holding something to the right of them,15.0,33.0,"(55,)",page9-34.svg,True
P2G035,exp2_train_and_test_12.json,P2R01430,12,2,page2-190.svg,False,0.5666666666666667,low,single-utterance-unidirectional,P2-040,P2-029,"['page2-34.svg', 'page7-113.svg', 'page7-40.svg', 'page2-190.svg', 'page4-195.svg', 'page7-35.svg', 'page6-226.svg', 'page6-162.svg', 'page9-34.svg', 'page5-128.svg']",,,,,,,
P2G032,exp2_train_and_test_44.json,P2R01038,17,2,page2-34.svg,False,0.7611111111111111,low,single-utterance-unidirectional,P2-102,P2-096,"['page8-22.svg', 'page5-101.svg', 'page6-226.svg', 'page5-190.svg', 'page2-34.svg', 'page4-197.svg', 'page7-20.svg', 'page6-53.svg', 'page8-21.svg', 'page4-96.svg']",7.0,like a long chair with bit to rest head,9.0,27.0,"(36,)",page6-53.svg,False
P2G025,exp2_train_and_test_9.json,P2R01022,19,3,page7-15.svg,False,0.5935185185185186,low,single-utterance-unidirectional,P2-007,P2-094,"['page4-5.svg', 'page5-36.svg', 'page2-100.svg', 'page5-120.svg', 'page1-97.svg', 'page5-190.svg', 'page6-226.svg', 'page8-21.svg', 'page8-192.svg', 'page7-15.svg']",14.0,"smaller, flatter crown",3.0,21.0,"(34,)",page7-15.svg,True
P2G002,exp2_train_and_test_15.json,P2R02275,15,2,page7-125.svg,False,0.9935185185185184,high,single-utterance-unidirectional,P2-114,P2-062,"['page7-53.svg', 'page6-53.svg', 'page3-70.svg', 'page2-20.svg', 'page1-172.svg', 'page7-125.svg', 'page5-96.svg', 'page8-159.svg', 'page2-114.svg', 'page4-180.svg']",6.0,a pillar,2.0,10.0,"(13,)",page7-125.svg,True
P2G029,exp2_train_and_test_14.json,P2R00377,31,5,page3-201.svg,False,0.5548148148148148,low,single-utterance-unidirectional,P2-019,P2-099,"['page6-167.svg', 'page1-77.svg', 'page4-96.svg', 'page1-175.svg', 'page7-20.svg', 'page1-149.svg', 'page1-133.svg', 'page4-5.svg', 'page3-201.svg', 'page7-4.svg']",4.0,"Person sitting with big ""ear"" triangles",6.0,14.0,"(23,)",page3-201.svg,True
P2G023,exp2_train_and_test_40.json,P2R01758,4,0,page4-232.svg,True,1.0,high,single-utterance-unidirectional,P2-081,P2-056,"['page2-100.svg', 'page3-201.svg', 'page9-23.svg', 'page7-144.svg', 'page7-29.svg', 'page3-200.svg', 'page4-232.svg', 'page2-165.svg', 'page7-44.svg', 'page5-153.svg']",10.0,it's top looks like a Christmas tree,7.0,26.0,"(39,)",page4-232.svg,True
P2G023,exp2_train_and_test_40.json,P2R01072,11,1,page3-201.svg,False,0.5548148148148148,low,single-utterance-unidirectional,P2-081,P2-056,"['page2-100.svg', 'page3-201.svg', 'page9-23.svg', 'page7-144.svg', 'page7-29.svg', 'page3-200.svg', 'page4-232.svg', 'page2-165.svg', 'page7-44.svg', 'page5-153.svg']",12.0,has rabbit ears,3.0,23.0,"(34,)",page3-201.svg,True
P2G053,exp2_train_and_test_23.json,P2R01051,2,0,page6-226.svg,False,1.0,high,single-utterance-unidirectional,P2-045,P2-037,"['page1-128.svg', 'page7-10.svg', 'page5-56.svg', 'page6-226.svg', 'page6-160.svg', 'page1-133.svg', 'page6-204.svg', 'page5-188.svg', 'page7-116.svg', 'page8-248.svg']",7.0,two squares with a stick pointing upwards,7.0,20.0,"(29,)",page6-226.svg,True
P2G017,exp2_train_and_test_13.json,P2R00425,4,0,page6-204.svg,False,1.0,high,single-utterance-unidirectional,P2-059,P2-104,"['page6-21.svg', 'page1-128.svg', 'page3-207.svg', 'page7-125.svg', 'page4-155.svg', 'page9-40.svg', 'page8-22.svg', 'page6-204.svg', 'page8-192.svg', 'page6-31.svg']",10.0,"Shape on the bottom row, furthest left",7.0,20.0,"(27,)",page7-125.svg,False
P2G045,exp2_train_and_test_34.json,P2R00923,7,1,page7-117.svg,False,1.0,high,single-utterance-unidirectional,P2-054,P2-087,"['page6-219.svg', 'page9-32.svg', 'page1-172.svg', 'page7-202.svg', 'page4-155.svg', 'page5-66.svg', 'page7-127.svg', 'page8-38.svg', 'page2-16.svg', 'page7-117.svg']",9.0,cross and two triangles,4.0,13.0,"(25,)",page7-117.svg,True
P2G020,exp2_train_and_test_31.json,P2R00907,38,5,page1-117.svg,False,1.0,high,single-utterance-unidirectional,P2-046,P2-023,"['page2-165.svg', 'page9-39.svg', 'page1-117.svg', 'page4-180.svg', 'page8-246.svg', 'page8-215.svg', 'page1-133.svg', 'page6-226.svg', 'page8-159.svg', 'page9-34.svg']",4.0,"it's a tower, almost shaped like a thick I",9.0,26.0,"(37,)",page1-117.svg,True
P2G039,exp2_train_and_test_4.json,P2R00021,10,1,page6-1.svg,True,0.9935185185185184,high,single-utterance-unidirectional,P2-022,P2-093,"['page5-233.svg', 'page2-34.svg', 'page9-39.svg', 'page6-21.svg', 'page3-201.svg', 'page6-135.svg', 'page6-124.svg', 'page2-64.svg', 'page5-165.svg', 'page6-1.svg']",15.0,like a flag flying to right with bent pole,9.0,38.0,"(51,)",page6-1.svg,True
P2G051,exp2_train_and_test_5.json,P2R00035,27,4,page3-21.svg,False,0.736111111111111,low,single-utterance-unidirectional,P2-016,P2-051,"['page7-40.svg', 'page3-52.svg', 'page5-40.svg', 'page5-107.svg', 'page3-33.svg', 'page3-21.svg', 'page7-20.svg', 'page6-228.svg', 'page7-166.svg', 'page7-155.svg']",4.0,squiggly line with more bends,5.0,11.0,"(14,)",page3-21.svg,True
P2G033,exp2_train_and_test_8.json,P2R02303,7,1,page5-26.svg,False,0.7518518518518518,low,single-utterance-unidirectional,P2-095,P2-112,"['page7-4.svg', 'page5-45.svg', 'page3-61.svg', 'page5-96.svg', 'page8-234.svg', 'page4-190.svg', 'page6-219.svg', 'page5-26.svg', 'page8-166.svg', 'page7-15.svg']",12.0,A heart shape with the top cut off and a triangle on the top,14.0,22.0,"(34,)",page5-26.svg,True
P2G049,exp2_train_and_test_41.json,P2R01851,16,2,page7-35.svg,False,0.7333333333333334,low,single-utterance-unidirectional,P2-070,P2-013,"['page8-38.svg', 'page6-192.svg', 'page7-35.svg', 'page7-36.svg', 'page4-98.svg', 'page3-70.svg', 'page5-154.svg', 'page7-79.svg', 'page8-246.svg', 'page4-108.svg']",3.0,The boat one with an arrow as a mast.,9.0,12.0,"(37,)",page7-35.svg,True
P2G016,exp2_train_and_test_56.json,P2R01815,30,5,page1-149.svg,False,1.0,high,single-utterance-unidirectional,P2-003,P2-043,"['page4-128.svg', 'page7-107.svg', 'page7-113.svg', 'page3-33.svg', 'page2-100.svg', 'page7-166.svg', 'page6-206.svg', 'page1-149.svg', 'page6-160.svg', 'page2-140.svg']",11.0,"pillar with sharp bits either side from the middle, flat at the top",13.0,29.0,"(41,)",page1-149.svg,True
P2G010,exp2_train_and_test_17.json,P2R01215,16,2,page7-41.svg,False,0.7555555555555555,low,single-utterance-unidirectional,P2-092,P2-068,"['page7-155.svg', 'page7-144.svg', 'page8-221.svg', 'page8-22.svg', 'page6-208.svg', 'page1-107.svg', 'page6-1.svg', 'page5-121.svg', 'page7-41.svg', 'page7-15.svg']",11.0,house on boat,3.0,13.0,"(23,)",page7-41.svg,True
P2G025,exp2_train_and_test_9.json,P2R01822,4,0,page7-15.svg,False,0.5935185185185186,low,single-utterance-unidirectional,P2-094,P2-007,"['page4-5.svg', 'page2-100.svg', 'page5-36.svg', 'page5-120.svg', 'page5-190.svg', 'page1-97.svg', 'page8-21.svg', 'page7-15.svg', 'page8-192.svg', 'page6-226.svg']",14.0,"its a crown, but much smaller, it has 4 points at the top. its nearly flat",16.0,35.0,"(48,)",page7-15.svg,True
P2G036,exp2_train_and_test_45.json,P2R01684,27,4,page7-216.svg,False,1.0,high,single-utterance-unidirectional,P2-091,P2-052,"['page8-22.svg', 'page7-144.svg', 'page9-34.svg', 'page2-36.svg', 'page7-216.svg', 'page7-115.svg', 'page7-22.svg', 'page7-107.svg', 'page1-185.svg', 'page6-31.svg']",,,,,,,
P2G008,exp2_train_and_test_22.json,P2R01856,31,5,page5-84.svg,False,0.5111111111111112,low,single-utterance-unidirectional,P2-033,P2-038,"['page7-125.svg', 'page8-183.svg', 'page7-157.svg', 'page3-66.svg', 'page5-84.svg', 'page6-31.svg', 'page6-166.svg', 'page5-153.svg', 'page3-70.svg', 'page5-174.svg']",20.0,a hose with spikey feet facing right,7.0,34.0,"(48,)",page5-84.svg,True
P2G003,exp2_train_and_test_21.json,P2R01167,20,3,page1-132.svg,False,0.6666666666666667,low,single-utterance-unidirectional,P2-041,P2-105,"['page1-132.svg', 'page5-101.svg', 'page6-155.svg', 'page4-98.svg', 'page5-120.svg', 'page5-188.svg', 'page7-115.svg', 'page7-191.svg', 'page7-4.svg', 'page8-159.svg']",5.0,a tall column with two opposite facing triangles at the top,11.0,16.0,"(23,)",page1-132.svg,True
P2G040,exp2_train_and_test_25.json,P2R00429,32,5,page5-153.svg,False,0.6425925925925926,low,single-utterance-unidirectional,P2-021,P2-010,"['page6-166.svg', 'page7-157.svg', 'page6-31.svg', 'page5-174.svg', 'page3-70.svg', 'page8-183.svg', 'page5-153.svg', 'page7-125.svg', 'page5-84.svg', 'page3-66.svg']",9.0,curved plate,2.0,13.0,"(28,)",page5-153.svg,True
P2G052,exp2_train_and_test_30.json,P2R00371,20,3,page6-166.svg,True,1.0,high,single-utterance-unidirectional,P2-030,P2-061,"['page5-101.svg', 'page6-166.svg', 'page8-156.svg', 'page1-172.svg', 'page6-21.svg', 'page3-201.svg', 'page2-34.svg', 'page2-136.svg', 'page4-155.svg', 'page6-245.svg']",25.0,"Almost a letter J, bends to right at top",9.0,32.0,,,
P2G018,exp2_train_and_test_57.json,P2R01580,23,3,page8-22.svg,True,0.3444444444444444,low,single-utterance-unidirectional,P2-083,P2-067,"['page7-20.svg', 'page3-139.svg', 'page8-22.svg', 'page5-102.svg', 'page4-195.svg', 'page7-217.svg', 'page5-26.svg', 'page7-40.svg', 'page9-40.svg', 'page5-232.svg']",11.0,Looks a little like a bird flying with the head on he left and the wings at the top and bottom and the back of the bird on the right,30.0,36.0,"(45,)",page8-22.svg,True
P2G052,exp2_train_and_test_30.json,P2R00750,39,5,page8-159.svg,False,1.0,high,single-utterance-unidirectional,P2-030,P2-061,"['page8-159.svg', 'page1-133.svg', 'page9-39.svg', 'page2-165.svg', 'page8-215.svg', 'page1-117.svg', 'page8-246.svg', 'page4-180.svg', 'page6-226.svg', 'page9-34.svg']",3.0,Letter J,2.0,6.0,"(15,)",page8-159.svg,True
P2G020,exp2_train_and_test_31.json,P2R00440,3,0,page6-192.svg,False,0.6444444444444445,low,single-utterance-unidirectional,P2-046,P2-023,"['page5-84.svg', 'page3-201.svg', 'page1-48.svg', 'page9-23.svg', 'page5-75.svg', 'page6-162.svg', 'page4-96.svg', 'page6-52.svg', 'page6-192.svg', 'page5-80.svg']",12.0,Bottom middle,2.0,40.0,"(47,)",page6-52.svg,False
P2G043,exp2_train_and_test_54.json,P2R01461,16,2,page2-131.svg,False,0.5333333333333334,low,single-utterance-unidirectional,P2-088,P2-115,"['page6-245.svg', 'page6-107.svg', 'page4-142.svg', 'page7-177.svg', 'page8-18.svg', 'page5-80.svg', 'page7-217.svg', 'page5-155.svg', 'page2-131.svg', 'page6-109.svg']",,,,,,,
P2G007,exp2_train_and_test_20.json,P2R01708,19,3,page2-64.svg,False,0.7185185185185186,low,single-utterance-unidirectional,P2-074,P2-108,"['page7-15.svg', 'page7-29.svg', 'page3-201.svg', 'page2-64.svg', 'page4-155.svg', 'page7-226.svg', 'page5-154.svg', 'page4-98.svg', 'page5-45.svg', 'page7-225.svg']",13.0,person in a boat,4.0,17.0,"(23,)",page2-64.svg,True
P2G019,exp2_train_and_test_26.json,P2R01307,22,3,page1-77.svg,False,0.6833333333333333,low,single-utterance-unidirectional,P2-034,P2-069,"['page3-59.svg', 'page1-77.svg', 'page2-165.svg', 'page1-34.svg', 'page2-86.svg', 'page2-133.svg', 'page6-123.svg', 'page5-128.svg', 'page2-34.svg', 'page1-149.svg']",2.0,Knife in a sheath,4.0,5.0,"(7,)",page1-77.svg,True
P2G024,exp2_train_and_test_48.json,P2R02014,8,1,page6-23.svg,False,0.7776190476190477,low,single-utterance-unidirectional,P2-116,P2-001,"['page8-221.svg', 'page1-97.svg', 'page6-124.svg', 'page4-244.svg', 'page6-23.svg', 'page1-95.svg', 'page4-98.svg', 'page4-142.svg', 'page7-53.svg', 'page5-56.svg']",5.0,person walking with a square head,6.0,11.0,"(17,)",page6-23.svg,True
P2G046,exp2_train_and_test_46.json,P2R01837,28,4,page9-34.svg,False,1.0,high,single-utterance-unidirectional,P2-079,P2-008,"['page8-182.svg', 'page5-153.svg', 'page4-197.svg', 'page2-34.svg', 'page6-166.svg', 'page2-20.svg', 'page8-22.svg', 'page2-86.svg', 'page9-34.svg', 'page8-156.svg']",7.0,a chickens head,3.0,10.0,"(14,)",page9-34.svg,True
P2G020,exp2_train_and_test_31.json,P2R01248,35,5,page6-226.svg,False,1.0,high,single-utterance-unidirectional,P2-023,P2-046,"['page8-159.svg', 'page1-133.svg', 'page9-39.svg', 'page2-165.svg', 'page8-215.svg', 'page1-117.svg', 'page8-246.svg', 'page4-180.svg', 'page6-226.svg', 'page9-34.svg']",6.0,Two tilted squares overlapping with a rectangle coming out of the top of the left square,16.0,38.0,"(52,)",page6-226.svg,True
P2G025,exp2_train_and_test_9.json,P2R00580,23,3,page2-100.svg,True,0.7685185185185184,low,single-utterance-unidirectional,P2-007,P2-094,"['page4-5.svg', 'page5-36.svg', 'page2-100.svg', 'page5-120.svg', 'page1-97.svg', 'page5-190.svg', 'page6-226.svg', 'page8-21.svg', 'page8-192.svg', 'page7-15.svg']",4.0,"image on top row, on right",6.0,18.0,"(26,)",page5-36.svg,False
P2G052,exp2_train_and_test_30.json,P2R01282,18,3,page8-156.svg,False,1.0,high,single-utterance-unidirectional,P2-030,P2-061,"['page5-101.svg', 'page6-166.svg', 'page8-156.svg', 'page1-172.svg', 'page6-21.svg', 'page3-201.svg', 'page2-34.svg', 'page2-136.svg', 'page4-155.svg', 'page6-245.svg']",3.0,letter K,2.0,5.0,"(17,)",page8-156.svg,True
P2G053,exp2_train_and_test_23.json,P2R00893,34,5,page5-174.svg,False,0.6722222222222223,low,single-utterance-unidirectional,P2-045,P2-037,"['page6-166.svg', 'page7-157.svg', 'page6-31.svg', 'page5-174.svg', 'page3-70.svg', 'page8-183.svg', 'page5-153.svg', 'page7-125.svg', 'page5-84.svg', 'page3-66.svg']",6.0,looks like a person swimming,5.0,10.0,"(26,)",page5-174.svg,True
P2G035,exp2_train_and_test_12.json,P2R00545,39,5,page4-5.svg,False,0.6916666666666667,low,single-utterance-unidirectional,P2-029,P2-040,"['page6-167.svg', 'page1-77.svg', 'page4-96.svg', 'page1-175.svg', 'page7-20.svg', 'page1-149.svg', 'page1-133.svg', 'page4-5.svg', 'page3-201.svg', 'page7-4.svg']",,,,,,,
P2G042,exp2_train_and_test_50.json,P2R01205,32,5,page6-160.svg,False,0.5592592592592593,low,single-utterance-unidirectional,P2-049,P2-042,"['page4-128.svg', 'page7-107.svg', 'page7-113.svg', 'page3-33.svg', 'page2-100.svg', 'page7-166.svg', 'page6-206.svg', 'page1-149.svg', 'page6-160.svg', 'page2-140.svg']",,,,,,,
P2G040,exp2_train_and_test_25.json,P2R00859,4,0,page2-114.svg,False,1.0,high,single-utterance-unidirectional,P2-021,P2-010,"['page5-154.svg', 'page6-21.svg', 'page8-246.svg', 'page6-175.svg', 'page4-98.svg', 'page5-128.svg', 'page8-38.svg', 'page4-244.svg', 'page7-4.svg', 'page2-114.svg']",13.0,"big item, looks like big plate",6.0,32.0,"(51,)",page6-21.svg,False
P2G012,exp2_train_and_test_29.json,P2R02301,7,1,page9-25.svg,False,1.0,high,single-utterance-unidirectional,P2-066,P2-025,"['page5-128.svg', 'page7-115.svg', 'page4-241.svg', 'page7-117.svg', 'page6-186.svg', 'page9-25.svg', 'page1-132.svg', 'page5-75.svg', 'page6-228.svg', 'page2-34.svg']",5.0,An upside down 'h',4.0,17.0,"(20,)",page9-25.svg,True
P2G037,exp2_train_and_test_42.json,P2R01996,27,4,page8-159.svg,False,1.0,high,single-utterance-unidirectional,P2-075,P2-026,"['page8-58.svg', 'page5-96.svg', 'page8-159.svg', 'page7-53.svg', 'page1-150.svg', 'page6-226.svg', 'page7-73.svg', 'page6-206.svg', 'page5-128.svg', 'page6-71.svg']",12.0,J,1.0,13.0,"(23,)",page8-159.svg,True
P2G018,exp2_train_and_test_57.json,P2R02268,21,3,page4-195.svg,False,1.0,high,single-utterance-unidirectional,P2-083,P2-067,"['page7-20.svg', 'page3-139.svg', 'page8-22.svg', 'page5-102.svg', 'page4-195.svg', 'page7-217.svg', 'page5-26.svg', 'page7-40.svg', 'page9-40.svg', 'page5-232.svg']",11.0,Uneven shape with a crab claw shape on the right size and a flatter shape on the left,18.0,41.0,,,
P2G003,exp2_train_and_test_21.json,P2R01217,25,4,page6-155.svg,False,1.0,high,single-utterance-unidirectional,P2-105,P2-041,"['page7-115.svg', 'page1-132.svg', 'page6-155.svg', 'page5-120.svg', 'page5-188.svg', 'page7-191.svg', 'page7-4.svg', 'page8-159.svg', 'page5-101.svg', 'page4-98.svg']",7.0,the giraffe walking to the left,6.0,12.0,"(23,)",page6-155.svg,True
P2G043,exp2_train_and_test_54.json,P2R02071,37,5,page7-107.svg,False,0.9935185185185184,high,single-utterance-unidirectional,P2-115,P2-088,"['page6-206.svg', 'page7-113.svg', 'page7-166.svg', 'page2-100.svg', 'page3-33.svg', 'page2-140.svg', 'page6-160.svg', 'page4-128.svg', 'page1-149.svg', 'page7-107.svg']",,,,,,,
P2G045,exp2_train_and_test_34.json,P2R02249,9,1,page1-172.svg,False,0.6444444444444445,low,single-utterance-unidirectional,P2-054,P2-087,"['page6-219.svg', 'page9-32.svg', 'page1-172.svg', 'page7-202.svg', 'page4-155.svg', 'page5-66.svg', 'page7-127.svg', 'page8-38.svg', 'page2-16.svg', 'page7-117.svg']",9.0,the lama on the top row facing the left hand side,11.0,18.0,"(29,)",page1-172.svg,True
P2G013,exp2_train_and_test_55.json,P2R00642,18,3,page1-77.svg,False,0.6833333333333333,low,single-utterance-unidirectional,P2-109,P2-097,"['page4-244.svg', 'page7-155.svg', 'page1-77.svg', 'page3-59.svg', 'page5-128.svg', 'page5-139.svg', 'page3-61.svg', 'page4-241.svg', 'page4-98.svg', 'page6-107.svg']",5.0,sword with arrow pointing up,5.0,15.0,"(25,)",page1-77.svg,True
P2G005,exp2_train_and_test_43.json,P2R01149,26,4,page7-125.svg,False,0.9935185185185184,high,single-utterance-unidirectional,P2-006,P2-111,"['page6-122.svg', 'page9-40.svg', 'page7-226.svg', 'page7-125.svg', 'page8-246.svg', 'page6-160.svg', 'page7-145.svg', 'page5-101.svg', 'page8-183.svg', 'page8-21.svg']",12.0,cliff,1.0,13.0,"(22,)",page7-125.svg,True
P2G004,exp2_train_and_test_32.json,P2R00763,10,1,page5-45.svg,False,1.0,high,single-utterance-unidirectional,P2-078,P2-018,"['page4-232.svg', 'page5-45.svg', 'page7-115.svg', 'page5-155.svg', 'page2-131.svg', 'page7-155.svg', 'page7-157.svg', 'page8-217.svg', 'page5-233.svg', 'page1-34.svg']",7.0,House side and roof,4.0,17.0,"(27,)",page5-45.svg,True
P2G054,exp2_train_and_test_38.json,P2R01260,32,5,page9-39.svg,False,0.7407407407407408,low,single-utterance-unidirectional,P2-012,P2-055,"['page2-165.svg', 'page9-39.svg', 'page1-117.svg', 'page4-180.svg', 'page8-246.svg', 'page8-215.svg', 'page1-133.svg', 'page6-226.svg', 'page8-159.svg', 'page9-34.svg']",4.0,sherlock holmes's pipe,3.0,17.0,"(31,)",page9-39.svg,True
P2G035,exp2_train_and_test_12.json,P2R00909,21,3,page7-40.svg,False,0.7611111111111111,low,single-utterance-unidirectional,P2-029,P2-040,"['page7-35.svg', 'page4-195.svg', 'page5-128.svg', 'page9-34.svg', 'page2-190.svg', 'page6-226.svg', 'page7-40.svg', 'page7-113.svg', 'page2-34.svg', 'page6-162.svg']",,,,,,,
P2G003,exp2_train_and_test_21.json,P2R01924,5,0,page5-188.svg,False,1.0,high,single-utterance-unidirectional,P2-105,P2-041,"['page7-115.svg', 'page1-132.svg', 'page6-155.svg', 'page5-120.svg', 'page5-188.svg', 'page7-191.svg', 'page7-4.svg', 'page8-159.svg', 'page5-101.svg', 'page4-98.svg']",5.0,shape that looks like someone swimming has a triangle on the left,12.0,21.0,"(33,)",page5-188.svg,True
P2G044,exp2_train_and_test_39.json,P2R01303,17,2,page5-63.svg,False,0.9935185185185184,high,single-utterance-unidirectional,P2-101,P2-076,"['page5-71.svg', 'page4-190.svg', 'page7-157.svg', 'page5-63.svg', 'page5-101.svg', 'page4-197.svg', 'page5-128.svg', 'page6-167.svg', 'page7-15.svg', 'page8-18.svg']",4.0,mountain with patch of land,5.0,9.0,"(15,)",page5-63.svg,True
P2G056,exp2_train_and_test_33.json,P2R02005,35,5,page6-226.svg,False,1.0,high,single-utterance-unidirectional,P2-028,P2-086,"['page8-159.svg', 'page1-133.svg', 'page9-39.svg', 'page2-165.svg', 'page8-215.svg', 'page1-117.svg', 'page8-246.svg', 'page4-180.svg', 'page6-226.svg', 'page9-34.svg']",8.0,2 diamonds with chimney on left,6.0,21.0,"(35,)",page6-226.svg,True
P2G020,exp2_train_and_test_31.json,P2R02219,36,5,page8-215.svg,False,0.6666666666666667,low,single-utterance-unidirectional,P2-046,P2-023,"['page2-165.svg', 'page9-39.svg', 'page1-117.svg', 'page4-180.svg', 'page8-246.svg', 'page8-215.svg', 'page1-133.svg', 'page6-226.svg', 'page8-159.svg', 'page9-34.svg']",5.0,it's an S shape,4.0,9.0,"(25,)",page8-215.svg,True
P2G025,exp2_train_and_test_9.json,P2R00361,37,5,page6-245.svg,False,1.0,high,single-utterance-unidirectional,P2-007,P2-094,"['page7-177.svg', 'page5-75.svg', 'page6-204.svg', 'page7-35.svg', 'page7-144.svg', 'page4-98.svg', 'page2-131.svg', 'page6-245.svg', 'page9-34.svg', 'page7-115.svg']",4.0,"could be a chunkier bird, small head facing right",9.0,16.0,"(29,)",page6-245.svg,True
P2G057,exp2_train_and_test_10.json,P2R00151,11,1,page6-185.svg,False,0.6129629629629629,low,single-utterance-unidirectional,P2-084,P2-090,"['page7-79.svg', 'page3-12.svg', 'page7-116.svg', 'page2-100.svg', 'page1-150.svg', 'page9-25.svg', 'page7-35.svg', 'page5-56.svg', 'page8-206.svg', 'page6-185.svg']",13.0,the man crouching over,4.0,18.0,"(24,)",page6-185.svg,True
P2G019,exp2_train_and_test_26.json,P2R00565,39,5,page8-183.svg,False,1.0,high,single-utterance-unidirectional,P2-034,P2-069,"['page7-125.svg', 'page8-183.svg', 'page7-157.svg', 'page3-66.svg', 'page5-84.svg', 'page6-31.svg', 'page6-166.svg', 'page5-153.svg', 'page3-70.svg', 'page5-174.svg']",2.0,P shape,2.0,4.0,"(11,)",page8-183.svg,True
P2G038,exp2_train_and_test_18.json,P2R01907,25,4,page8-234.svg,False,0.0,low,single-utterance-unidirectional,P2-020,P2-107,"['page1-172.svg', 'page4-142.svg', 'page6-123.svg', 'page4-98.svg', 'page8-234.svg', 'page9-23.svg', 'page6-219.svg', 'page7-126.svg', 'page9-32.svg', 'page1-34.svg']",5.0,the h shape but all 3 ends pulling left,9.0,12.0,"(22,)",page8-234.svg,True
P2G026,exp2_train_and_test_24.json,P2R02055,15,2,page-F.svg,False,0.6685185185185186,low,single-utterance-unidirectional,P2-057,P2-048,"['page7-44.svg', 'page7-55.svg', 'page6-206.svg', 'page1-48.svg', 'page8-38.svg', 'page5-45.svg', 'page9-40.svg', 'page1-133.svg', 'page-F.svg', 'page4-195.svg']",,,,,,,
P2G047,exp2_train_and_test_11.json,P2R00055,3,0,page7-41.svg,False,0.7555555555555555,low,single-utterance-unidirectional,P2-089,P2-065,"['page8-156.svg', 'page8-192.svg', 'page6-162.svg', 'page7-53.svg', 'page7-145.svg', 'page7-177.svg', 'page7-226.svg', 'page-F.svg', 'page7-41.svg', 'page7-36.svg']",5.0,It looks like a house boat,6.0,10.0,"(28,)",page7-41.svg,True
P2G032,exp2_train_and_test_44.json,P2R01183,3,0,page6-53.svg,True,0.7742592592592592,low,single-utterance-unidirectional,P2-096,P2-102,"['page8-21.svg', 'page4-197.svg', 'page6-53.svg', 'page4-96.svg', 'page2-34.svg', 'page5-101.svg', 'page7-20.svg', 'page5-190.svg', 'page8-22.svg', 'page6-226.svg']",18.0,peson sitting on  throne,5.0,24.0,"(29,)",page6-53.svg,True
P2G006,exp2_train_and_test_51.json,P2R02339,11,1,page7-125.svg,True,0.9935185185185184,high,single-utterance-unidirectional,P2-050,P2-071,"['page7-157.svg', 'page7-127.svg', 'page5-190.svg', 'page8-246.svg', 'page6-167.svg', 'page8-58.svg', 'page4-155.svg', 'page7-125.svg', 'page2-20.svg', 'page7-15.svg']",13.0,Looks like a tall cliff,5.0,30.0,"(34,)",page7-125.svg,True
P2G054,exp2_train_and_test_38.json,P2R01404,27,4,page7-41.svg,False,0.7555555555555555,low,single-utterance-unidirectional,P2-012,P2-055,"['page6-71.svg', 'page7-41.svg', 'page4-197.svg', 'page4-98.svg', 'page6-109.svg', 'page6-208.svg', 'page6-135.svg', 'page7-15.svg', 'page2-131.svg', 'page6-186.svg']",5.0,short arrow on boat,4.0,8.0,"(13,)",page7-41.svg,True
P2G017,exp2_train_and_test_13.json,P2R00927,12,2,page8-192.svg,True,0.6444444444444446,low,single-utterance-unidirectional,P2-104,P2-059,"['page6-204.svg', 'page6-21.svg', 'page9-40.svg', 'page8-22.svg', 'page6-31.svg', 'page3-207.svg', 'page4-155.svg', 'page7-125.svg', 'page1-128.svg', 'page8-192.svg']",9.0,a dog facing left,4.0,16.0,"(23,)",page8-192.svg,True
P2G018,exp2_train_and_test_57.json,P2R01521,24,4,page7-40.svg,True,0.7611111111111111,low,single-utterance-unidirectional,P2-083,P2-067,"['page7-20.svg', 'page3-139.svg', 'page8-22.svg', 'page5-102.svg', 'page4-195.svg', 'page7-217.svg', 'page5-26.svg', 'page7-40.svg', 'page9-40.svg', 'page5-232.svg']",12.0,Square shape on the bottom attached to a tail looking shape above it that curls to the right,18.0,30.0,"(34,)",page7-40.svg,True
P2G017,exp2_train_and_test_13.json,P2R02032,15,2,page7-125.svg,False,0.9935185185185184,high,single-utterance-unidirectional,P2-059,P2-104,"['page6-21.svg', 'page1-128.svg', 'page3-207.svg', 'page7-125.svg', 'page4-155.svg', 'page9-40.svg', 'page8-22.svg', 'page6-204.svg', 'page8-192.svg', 'page6-31.svg']",12.0,A large rock which points left,6.0,25.0,"(34,)",page7-125.svg,True
P2G010,exp2_train_and_test_17.json,P2R01552,13,2,page1-107.svg,False,0.5796296296296297,low,single-utterance-unidirectional,P2-092,P2-068,"['page7-155.svg', 'page7-144.svg', 'page8-221.svg', 'page8-22.svg', 'page6-208.svg', 'page1-107.svg', 'page6-1.svg', 'page5-121.svg', 'page7-41.svg', 'page7-15.svg']",10.0,pacman mouth pointing to sky,5.0,18.0,"(22,)",page1-107.svg,True
P2G026,exp2_train_and_test_24.json,P2R01277,34,5,page5-174.svg,False,0.6722222222222223,low,single-utterance-unidirectional,P2-057,P2-048,"['page6-166.svg', 'page7-157.svg', 'page6-31.svg', 'page5-174.svg', 'page3-70.svg', 'page8-183.svg', 'page5-153.svg', 'page7-125.svg', 'page5-84.svg', 'page3-66.svg']",,,,,,,
P2G028,exp2_train_and_test_0.json,P2R01040,15,2,page9-39.svg,False,0.7407407407407408,low,single-utterance-unidirectional,P2-100,P2-015,"['page8-247.svg', 'page6-206.svg', 'page1-117.svg', 'page2-140.svg', 'page1-30.svg', 'page9-39.svg', 'page1-185.svg', 'page3-33.svg', 'page6-228.svg', 'page7-81.svg']",7.0,saxophone one,2.0,8.0,"(13,)",page9-39.svg,True
P2G007,exp2_train_and_test_20.json,P2R00567,39,5,page8-183.svg,False,1.0,high,single-utterance-unidirectional,P2-074,P2-108,"['page7-125.svg', 'page8-183.svg', 'page7-157.svg', 'page3-66.svg', 'page5-84.svg', 'page6-31.svg', 'page6-166.svg', 'page5-153.svg', 'page3-70.svg', 'page5-174.svg']",4.0,looks like a P with a triangle on bottom,9.0,18.0,"(33,)",page8-183.svg,True
P2G009,exp2_train_and_test_3.json,P2R00317,38,5,page7-177.svg,False,1.0,high,single-utterance-unidirectional,P2-117,P2-024,"['page9-34.svg', 'page7-115.svg', 'page4-98.svg', 'page7-177.svg', 'page7-35.svg', 'page6-245.svg', 'page7-144.svg', 'page2-131.svg', 'page5-75.svg', 'page6-204.svg']",5.0,a backwards C shape pointing left with a square stuck to the right hand side,15.0,23.0,"(32,)",page7-177.svg,True
P2G046,exp2_train_and_test_46.json,P2R01743,27,4,page2-86.svg,False,0.7777777777777777,low,single-utterance-unidirectional,P2-079,P2-008,"['page8-182.svg', 'page5-153.svg', 'page4-197.svg', 'page2-34.svg', 'page6-166.svg', 'page2-20.svg', 'page8-22.svg', 'page2-86.svg', 'page9-34.svg', 'page8-156.svg']",11.0,two buns on a head,5.0,16.0,"(23,)",page2-86.svg,True
P2G031,exp2_train_and_test_1.json,P2R01048,37,5,page6-245.svg,False,1.0,high,single-utterance-unidirectional,P2-017,P2-032,"['page7-177.svg', 'page5-75.svg', 'page6-204.svg', 'page7-35.svg', 'page7-144.svg', 'page4-98.svg', 'page2-131.svg', 'page6-245.svg', 'page9-34.svg', 'page7-115.svg']",9.0,Looks like an all black P with a horn and a square for a tail,15.0,29.0,"(33,)",page6-245.svg,True
P2G012,exp2_train_and_test_29.json,P2R00185,35,5,page6-31.svg,False,0.5333333333333334,low,single-utterance-unidirectional,P2-066,P2-025,"['page7-125.svg', 'page8-183.svg', 'page7-157.svg', 'page3-66.svg', 'page5-84.svg', 'page6-31.svg', 'page6-166.svg', 'page5-153.svg', 'page3-70.svg', 'page5-174.svg']",2.0,Looks like an owl,4.0,18.0,"(27,)",page6-31.svg,True
P2G036,exp2_train_and_test_45.json,P2R00068,11,1,page8-22.svg,False,0.3444444444444444,low,single-utterance-unidirectional,P2-052,P2-091,"['page7-144.svg', 'page7-22.svg', 'page7-115.svg', 'page9-34.svg', 'page6-31.svg', 'page8-22.svg', 'page2-36.svg', 'page7-216.svg', 'page1-185.svg', 'page7-107.svg']",,,,,,,
P2G008,exp2_train_and_test_22.json,P2R00094,19,3,page3-201.svg,False,0.5548148148148148,low,single-utterance-unidirectional,P2-033,P2-038,"['page7-145.svg', 'page4-11.svg', 'page8-217.svg', 'page7-226.svg', 'page7-115.svg', 'page1-30.svg', 'page4-195.svg', 'page5-155.svg', 'page3-201.svg', 'page6-155.svg']",11.0,front facing rabbit,3.0,13.0,"(23,)",page3-201.svg,True
P2G030,exp2_train_and_test_35.json,P2R02015,21,3,page7-166.svg,False,1.0,high,single-utterance-unidirectional,P2-002,P2-044,"['page6-109.svg', 'page7-127.svg', 'page6-107.svg', 'page7-166.svg', 'page7-20.svg', 'page4-98.svg', 'page8-192.svg', 'page2-20.svg', 'page6-175.svg', 'page5-190.svg']",8.0,an anvil balanced on a triangle,6.0,14.0,"(25,)",page7-166.svg,True
P2G009,exp2_train_and_test_3.json,P2R01672,37,5,page6-245.svg,False,1.0,high,single-utterance-unidirectional,P2-024,P2-117,"['page7-177.svg', 'page5-75.svg', 'page6-204.svg', 'page7-35.svg', 'page7-144.svg', 'page4-98.svg', 'page2-131.svg', 'page6-245.svg', 'page9-34.svg', 'page7-115.svg']",14.0,PEACOCK WITH A HUNCH SQ BACK,6.0,40.0,,,
P2G059,exp2_train_and_test_59.json,P2R00289,5,0,page8-159.svg,False,1.0,high,single-utterance-unidirectional,P2-004,P2-098,"['page8-159.svg', 'page3-61.svg', 'page7-144.svg', 'page5-102.svg', 'page7-116.svg', 'page6-167.svg', 'page7-157.svg', 'page5-96.svg', 'page7-126.svg', 'page8-56.svg']",5.0,The letter J,3.0,7.0,,,
P2G037,exp2_train_and_test_42.json,P2R01722,28,4,page7-53.svg,False,0.7333333333333332,low,single-utterance-unidirectional,P2-075,P2-026,"['page8-58.svg', 'page5-96.svg', 'page8-159.svg', 'page7-53.svg', 'page1-150.svg', 'page6-226.svg', 'page7-73.svg', 'page6-206.svg', 'page5-128.svg', 'page6-71.svg']",7.0,worm,1.0,8.0,"(13,)",page7-53.svg,True
P2G033,exp2_train_and_test_8.json,P2R02039,34,5,page7-35.svg,False,0.7333333333333334,low,single-utterance-unidirectional,P2-112,P2-095,"['page9-34.svg', 'page7-115.svg', 'page4-98.svg', 'page7-177.svg', 'page7-35.svg', 'page6-245.svg', 'page7-144.svg', 'page2-131.svg', 'page5-75.svg', 'page6-204.svg']",4.0,looks like an arrow pointing up with diamond shape on the left at the bottom that is large and a smaller diamond shope to the right,26.0,40.0,"(57,)",page7-35.svg,True
P2G008,exp2_train_and_test_22.json,P2R00664,8,1,page4-11.svg,False,0.738888888888889,low,single-utterance-unidirectional,P2-033,P2-038,"['page7-145.svg', 'page4-11.svg', 'page8-217.svg', 'page7-226.svg', 'page7-115.svg', 'page1-30.svg', 'page4-195.svg', 'page5-155.svg', 'page3-201.svg', 'page6-155.svg']",13.0,monk kneeling looking left,4.0,18.0,"(24,)",page4-11.svg,True
P2G044,exp2_train_and_test_39.json,P2R00973,29,4,page5-101.svg,False,0.6666666666666667,low,single-utterance-unidirectional,P2-101,P2-076,"['page5-71.svg', 'page4-190.svg', 'page7-157.svg', 'page5-63.svg', 'page5-101.svg', 'page4-197.svg', 'page5-128.svg', 'page6-167.svg', 'page7-15.svg', 'page8-18.svg']",7.0,spaceship,1.0,9.0,"(14,)",page5-101.svg,True
P2G019,exp2_train_and_test_26.json,P2R02347,19,3,page3-59.svg,False,1.0,high,single-utterance-unidirectional,P2-034,P2-069,"['page3-59.svg', 'page1-77.svg', 'page2-165.svg', 'page1-34.svg', 'page2-86.svg', 'page2-133.svg', 'page6-123.svg', 'page5-128.svg', 'page2-34.svg', 'page1-149.svg']",3.0,The wrong beaker one lol,5.0,11.0,"(15,)",page2-133.svg,False
P2G041,exp2_train_and_test_52.json,P2R01163,17,2,page1-172.svg,False,0.6444444444444445,low,single-utterance-unidirectional,P2-005,P2-072,"['page9-32.svg', 'page7-10.svg', 'page8-159.svg', 'page8-215.svg', 'page6-107.svg', 'page1-150.svg', 'page8-156.svg', 'page8-246.svg', 'page1-172.svg', 'page2-16.svg']",12.0,This looks like a long necked dinosaur.,7.0,19.0,"(27,)",page1-172.svg,True
P2G025,exp2_train_and_test_9.json,P2R01711,9,1,page1-97.svg,False,1.0,high,single-utterance-unidirectional,P2-007,P2-094,"['page4-5.svg', 'page5-36.svg', 'page2-100.svg', 'page5-120.svg', 'page1-97.svg', 'page5-190.svg', 'page6-226.svg', 'page8-21.svg', 'page8-192.svg', 'page7-15.svg']",5.0,crown,1.0,6.0,"(12,)",page1-97.svg,True
P2G055,exp2_train_and_test_37.json,P2R00742,6,1,page6-121.svg,True,1.0,high,single-utterance-unidirectional,P2-011,P2-110,"['page8-22.svg', 'page7-20.svg', 'page1-185.svg', 'page6-121.svg', 'page4-96.svg', 'page1-95.svg', 'page7-113.svg', 'page6-107.svg', 'page8-18.svg', 'page7-191.svg']",3.0,looks like a frying pan and the handle is bent down,11.0,12.0,"(22,)",page6-121.svg,True
P2G017,exp2_train_and_test_13.json,P2R01450,9,1,page6-31.svg,True,0.5333333333333334,low,single-utterance-unidirectional,P2-104,P2-059,"['page6-204.svg', 'page6-21.svg', 'page9-40.svg', 'page8-22.svg', 'page6-31.svg', 'page3-207.svg', 'page4-155.svg', 'page7-125.svg', 'page1-128.svg', 'page8-192.svg']",13.0,an owl,2.0,20.0,"(33,)",page6-31.svg,True
P2G041,exp2_train_and_test_52.json,P2R01106,8,1,page1-172.svg,False,0.6444444444444445,low,single-utterance-unidirectional,P2-072,P2-005,"['page8-215.svg', 'page2-16.svg', 'page7-10.svg', 'page1-150.svg', 'page9-32.svg', 'page8-156.svg', 'page6-107.svg', 'page8-159.svg', 'page1-172.svg', 'page8-246.svg']",11.0,this looks like a letter h and also looks like a llama,12.0,19.0,"(27,)",page1-172.svg,True
P2G031,exp2_train_and_test_1.json,P2R02281,14,2,page3-70.svg,False,1.0,high,single-utterance-unidirectional,P2-032,P2-017,"['page3-70.svg', 'page8-156.svg', 'page7-40.svg', 'page2-165.svg', 'page8-21.svg', 'page6-171.svg', 'page1-95.svg', 'page3-61.svg', 'page7-29.svg', 'page5-101.svg']",3.0,"square melting into a rectangle, very simple shape",8.0,11.0,"(15,)",page3-70.svg,True
P2G014,exp2_train_and_test_27.json,P2R00838,35,5,page6-31.svg,False,0.5333333333333334,low,single-utterance-unidirectional,P2-060,P2-118,"['page7-125.svg', 'page8-183.svg', 'page7-157.svg', 'page3-66.svg', 'page5-84.svg', 'page6-31.svg', 'page6-166.svg', 'page5-153.svg', 'page3-70.svg', 'page5-174.svg']",9.0,a king's head,3.0,12.0,"(26,)",page7-125.svg,False
P2G059,exp2_train_and_test_59.json,P2R00107,22,3,page5-96.svg,True,0.5444444444444445,low,single-utterance-unidirectional,P2-098,P2-004,"['page7-116.svg', 'page8-56.svg', 'page5-96.svg', 'page6-167.svg', 'page7-157.svg', 'page8-159.svg', 'page5-102.svg', 'page3-61.svg', 'page7-126.svg', 'page7-144.svg']",,,,,,,
P2G036,exp2_train_and_test_45.json,P2R00013,34,5,page8-169.svg,False,1.0,high,single-utterance-unidirectional,P2-091,P2-052,"['page3-59.svg', 'page7-203.svg', 'page7-217.svg', 'page5-155.svg', 'page5-85.svg', 'page8-169.svg', 'page7-157.svg', 'page1-175.svg', 'page6-107.svg', 'page8-234.svg']",,,,,,,
P2G049,exp2_train_and_test_41.json,P2R01716,10,1,page4-98.svg,False,0.7222222222222223,low,single-utterance-unidirectional,P2-013,P2-070,"['page5-154.svg', 'page7-36.svg', 'page4-98.svg', 'page6-192.svg', 'page3-70.svg', 'page8-246.svg', 'page7-79.svg', 'page8-38.svg', 'page7-35.svg', 'page4-108.svg']",14.0,the one that looks like a sword,7.0,25.0,"(34,)",page4-98.svg,True
P2G050,exp2_train_and_test_47.json,P2R00542,3,0,page5-56.svg,False,0.6222222222222223,low,single-utterance-unidirectional,P2-053,P2-039,"['page7-127.svg', 'page5-84.svg', 'page3-201.svg', 'page5-56.svg', 'page6-1.svg', 'page6-162.svg', 'page8-182.svg', 'page7-125.svg', 'page5-139.svg', 'page8-206.svg']",9.0,mountains,1.0,10.0,"(22,)",page5-56.svg,True
P2G051,exp2_train_and_test_5.json,P2R02006,7,1,page3-21.svg,False,0.736111111111111,low,single-utterance-unidirectional,P2-051,P2-016,"['page7-155.svg', 'page3-21.svg', 'page3-33.svg', 'page5-107.svg', 'page7-166.svg', 'page3-52.svg', 'page7-20.svg', 'page7-40.svg', 'page6-228.svg', 'page5-40.svg']",13.0,Squiggly line with more bends,5.0,33.0,"(40,)",page3-21.svg,True
P2G048,exp2_train_and_test_19.json,P2R01255,26,4,page8-38.svg,False,0.5777777777777778,low,single-utterance-unidirectional,P2-106,P2-085,"['page7-115.svg', 'page2-86.svg', 'page5-71.svg', 'page4-197.svg', 'page7-44.svg', 'page8-18.svg', 'page1-30.svg', 'page1-128.svg', 'page6-135.svg', 'page8-38.svg']",8.0,cat,1.0,9.0,"(13,)",page8-38.svg,True
P2G007,exp2_train_and_test_20.json,P2R01993,1,0,page5-154.svg,False,1.0,high,single-utterance-unidirectional,P2-108,P2-074,"['page7-29.svg', 'page7-225.svg', 'page2-64.svg', 'page4-155.svg', 'page5-45.svg', 'page5-154.svg', 'page4-98.svg', 'page7-226.svg', 'page3-201.svg', 'page7-15.svg']",6.0,arrow up with octogon bottom,5.0,15.0,"(27,)",page5-154.svg,True
P2G041,exp2_train_and_test_52.json,P2R02254,1,0,page8-156.svg,False,1.0,high,single-utterance-unidirectional,P2-005,P2-072,"['page9-32.svg', 'page7-10.svg', 'page8-159.svg', 'page8-215.svg', 'page6-107.svg', 'page1-150.svg', 'page8-156.svg', 'page8-246.svg', 'page1-172.svg', 'page2-16.svg']",12.0,this one looks like the letter K,7.0,20.0,"(26,)",page8-156.svg,True
P2G028,exp2_train_and_test_0.json,P2R01661,17,2,page1-185.svg,True,0.6611111111111112,low,single-utterance-unidirectional,P2-015,P2-100,"['page1-117.svg', 'page6-206.svg', 'page1-30.svg', 'page7-81.svg', 'page9-39.svg', 'page8-247.svg', 'page2-140.svg', 'page6-228.svg', 'page1-185.svg', 'page3-33.svg']",9.0,"it kind of looks like a diamond, but the point at the bottom has two points at the bottom left and bottom right instead",24.0,30.0,"(36,)",page1-185.svg,True
P2G038,exp2_train_and_test_18.json,P2R00536,31,5,page3-201.svg,False,0.5548148148148148,low,single-utterance-unidirectional,P2-107,P2-020,"['page6-167.svg', 'page1-77.svg', 'page4-96.svg', 'page1-175.svg', 'page7-20.svg', 'page1-149.svg', 'page1-133.svg', 'page4-5.svg', 'page3-201.svg', 'page7-4.svg']",7.0,A rabbit looking being with two triangles making up the body,11.0,31.0,"(39,)",page3-201.svg,True
P2G037,exp2_train_and_test_42.json,P2R00555,6,1,page7-53.svg,False,0.7333333333333332,low,single-utterance-unidirectional,P2-026,P2-075,"['page6-226.svg', 'page5-96.svg', 'page6-206.svg', 'page7-53.svg', 'page6-71.svg', 'page7-73.svg', 'page8-159.svg', 'page5-128.svg', 'page8-58.svg', 'page1-150.svg']",6.0,Inch worm,2.0,11.0,"(16,)",page7-53.svg,True
P2G019,exp2_train_and_test_26.json,P2R01628,38,5,page3-66.svg,False,1.0,high,single-utterance-unidirectional,P2-069,P2-034,"['page6-166.svg', 'page7-157.svg', 'page6-31.svg', 'page5-174.svg', 'page3-70.svg', 'page8-183.svg', 'page5-153.svg', 'page7-125.svg', 'page5-84.svg', 'page3-66.svg']",9.0,like a rectangle with chunk out of bottom right hand corner,11.0,28.0,"(30,)",page3-66.svg,True
P2G038,exp2_train_and_test_18.json,P2R00411,29,4,page7-126.svg,False,0.6666666666666667,low,single-utterance-unidirectional,P2-020,P2-107,"['page1-172.svg', 'page4-142.svg', 'page6-123.svg', 'page4-98.svg', 'page8-234.svg', 'page9-23.svg', 'page6-219.svg', 'page7-126.svg', 'page9-32.svg', 'page1-34.svg']",10.0,bird facing left,3.0,13.0,"(23,)",page7-126.svg,True
P2G031,exp2_train_and_test_1.json,P2R01765,23,3,page7-29.svg,False,1.0,high,single-utterance-unidirectional,P2-017,P2-032,"['page3-70.svg', 'page8-21.svg', 'page5-101.svg', 'page2-165.svg', 'page1-95.svg', 'page8-156.svg', 'page7-40.svg', 'page6-171.svg', 'page3-61.svg', 'page7-29.svg']",4.0,a bunch of edges with two downward pointing triangles at the bottom,12.0,18.0,"(30,)",page7-29.svg,True
P2G016,exp2_train_and_test_56.json,P2R00521,23,3,page4-96.svg,False,1.0,high,single-utterance-unidirectional,P2-043,P2-003,"['page6-192.svg', 'page4-96.svg', 'page5-155.svg', 'page5-121.svg', 'page7-35.svg', 'page5-40.svg', 'page7-29.svg', 'page7-125.svg', 'page1-107.svg', 'page8-206.svg']",5.0,tap to the right,4.0,9.0,"(14,)",page4-96.svg,True
P2G031,exp2_train_and_test_1.json,P2R00200,16,2,page2-165.svg,False,0.7499999999999999,low,single-utterance-unidirectional,P2-032,P2-017,"['page3-70.svg', 'page8-156.svg', 'page7-40.svg', 'page2-165.svg', 'page8-21.svg', 'page6-171.svg', 'page1-95.svg', 'page3-61.svg', 'page7-29.svg', 'page5-101.svg']",5.0,shallow boat with a small triangle sail,7.0,12.0,"(16,)",page2-165.svg,True
P2G011,exp2_train_and_test_36.json,P2R00488,21,3,page2-100.svg,False,0.7685185185185184,low,single-utterance-unidirectional,P2-073,P2-014,"['page3-61.svg', 'page7-116.svg', 'page5-75.svg', 'page9-32.svg', 'page3-201.svg', 'page2-100.svg', 'page8-183.svg', 'page5-26.svg', 'page3-66.svg', 'page3-163.svg']",4.0,flower,1.0,5.0,"(22,)",page2-100.svg,True
P2G036,exp2_train_and_test_45.json,P2R02012,10,1,page1-185.svg,False,0.6611111111111112,low,single-utterance-unidirectional,P2-052,P2-091,"['page7-144.svg', 'page7-22.svg', 'page7-115.svg', 'page9-34.svg', 'page6-31.svg', 'page8-22.svg', 'page2-36.svg', 'page7-216.svg', 'page1-185.svg', 'page7-107.svg']",,,,,,,
P2G041,exp2_train_and_test_52.json,P2R01596,10,1,page8-246.svg,False,1.0,high,single-utterance-unidirectional,P2-072,P2-005,"['page8-215.svg', 'page2-16.svg', 'page7-10.svg', 'page1-150.svg', 'page9-32.svg', 'page8-156.svg', 'page6-107.svg', 'page8-159.svg', 'page1-172.svg', 'page8-246.svg']",5.0,This is like a weirdly shaped X,7.0,13.0,"(27,)",page8-246.svg,True
P2G058,exp2_train_and_test_2.json,P2R00208,9,1,page3-66.svg,False,1.0,high,single-utterance-unidirectional,P2-077,P2-082,"['page6-121.svg', 'page7-41.svg', 'page1-132.svg', 'page7-117.svg', 'page5-102.svg', 'page3-66.svg', 'page7-81.svg', 'page8-58.svg', 'page7-15.svg', 'page4-190.svg']",3.0,the other gas nozzle,4.0,5.0,"(7,)",page3-66.svg,True
P2G051,exp2_train_and_test_5.json,P2R00751,29,4,page7-166.svg,False,1.0,high,single-utterance-unidirectional,P2-016,P2-051,"['page7-40.svg', 'page3-52.svg', 'page5-40.svg', 'page5-107.svg', 'page3-33.svg', 'page3-21.svg', 'page7-20.svg', 'page6-228.svg', 'page7-166.svg', 'page7-155.svg']",6.0,symbol on top of triangle,5.0,15.0,"(18,)",page7-166.svg,True
P2G052,exp2_train_and_test_30.json,P2R01677,25,4,page1-172.svg,False,0.6444444444444445,low,single-utterance-unidirectional,P2-061,P2-030,"['page1-172.svg', 'page6-166.svg', 'page6-245.svg', 'page4-155.svg', 'page5-101.svg', 'page3-201.svg', 'page8-156.svg', 'page6-21.svg', 'page2-34.svg', 'page2-136.svg']",4.0,lowercase h,2.0,7.0,"(13,)",page1-172.svg,True
P2G043,exp2_train_and_test_54.json,P2R01319,22,3,page4-142.svg,False,1.0,high,single-utterance-unidirectional,P2-115,P2-088,"['page4-142.svg', 'page5-80.svg', 'page2-131.svg', 'page5-155.svg', 'page6-245.svg', 'page8-18.svg', 'page7-217.svg', 'page6-107.svg', 'page7-177.svg', 'page6-109.svg']",,,,,,,
P2G019,exp2_train_and_test_26.json,P2R01975,9,1,page6-123.svg,False,0.4166666666666667,low,single-utterance-unidirectional,P2-034,P2-069,"['page3-59.svg', 'page1-77.svg', 'page2-165.svg', 'page1-34.svg', 'page2-86.svg', 'page2-133.svg', 'page6-123.svg', 'page5-128.svg', 'page2-34.svg', 'page1-149.svg']",2.0,Fish pointing left,3.0,5.0,"(7,)",page6-123.svg,True
P2G055,exp2_train_and_test_37.json,P2R00359,7,1,page7-20.svg,False,1.0,high,single-utterance-unidirectional,P2-011,P2-110,"['page8-22.svg', 'page7-20.svg', 'page1-185.svg', 'page6-121.svg', 'page4-96.svg', 'page1-95.svg', 'page7-113.svg', 'page6-107.svg', 'page8-18.svg', 'page7-191.svg']",12.0,building leaning to the right,5.0,16.0,"(22,)",page7-20.svg,True
P2G026,exp2_train_and_test_24.json,P2R02222,32,5,page5-153.svg,False,0.6425925925925926,low,single-utterance-unidirectional,P2-057,P2-048,"['page6-166.svg', 'page7-157.svg', 'page6-31.svg', 'page5-174.svg', 'page3-70.svg', 'page8-183.svg', 'page5-153.svg', 'page7-125.svg', 'page5-84.svg', 'page3-66.svg']",,,,,,,
P2G034,exp2_train_and_test_7.json,P2R00912,29,4,page5-165.svg,False,0.7777777777777777,low,single-utterance-unidirectional,P2-031,P2-035,"['page2-86.svg', 'page5-165.svg', 'page3-70.svg', 'page6-122.svg', 'page5-102.svg', 'page7-117.svg', 'page2-140.svg', 'page1-34.svg', 'page2-136.svg', 'page5-155.svg']",3.0,crystal in a cave,4.0,10.0,"(13,)",page5-165.svg,True
P2G056,exp2_train_and_test_33.json,P2R00129,33,5,page4-180.svg,False,0.6944444444444445,low,single-utterance-unidirectional,P2-028,P2-086,"['page8-159.svg', 'page1-133.svg', 'page9-39.svg', 'page2-165.svg', 'page8-215.svg', 'page1-117.svg', 'page8-246.svg', 'page4-180.svg', 'page6-226.svg', 'page9-34.svg']",6.0,bat with wings spread,4.0,14.0,"(30,)",page4-180.svg,True
P2G033,exp2_train_and_test_8.json,P2R00018,6,1,page3-61.svg,True,1.0,high,single-utterance-unidirectional,P2-095,P2-112,"['page7-4.svg', 'page5-45.svg', 'page3-61.svg', 'page5-96.svg', 'page8-234.svg', 'page4-190.svg', 'page6-219.svg', 'page5-26.svg', 'page8-166.svg', 'page7-15.svg']",11.0,"a triangle on the left with a rectangle under it, then a larger rectancle up above to the right with another below",22.0,31.0,"(45,)",page3-61.svg,True
P2G048,exp2_train_and_test_19.json,P2R00172,7,1,page7-115.svg,False,0.6,low,single-utterance-unidirectional,P2-085,P2-106,"['page8-18.svg', 'page7-115.svg', 'page6-135.svg', 'page1-128.svg', 'page2-86.svg', 'page8-38.svg', 'page4-197.svg', 'page7-44.svg', 'page1-30.svg', 'page5-71.svg']",6.0,It looks like a bench,5.0,21.0,"(35,)",page7-115.svg,True
P2G033,exp2_train_and_test_8.json,P2R00641,32,5,page4-98.svg,False,0.7222222222222223,low,single-utterance-unidirectional,P2-112,P2-095,"['page9-34.svg', 'page7-115.svg', 'page4-98.svg', 'page7-177.svg', 'page7-35.svg', 'page6-245.svg', 'page7-144.svg', 'page2-131.svg', 'page5-75.svg', 'page6-204.svg']",4.0,"long rectangle with a triangle top, looks like a candle stick",11.0,18.0,"(30,)",page4-98.svg,True
P2G030,exp2_train_and_test_35.json,P2R00970,17,2,page7-127.svg,True,0.6222222222222222,low,single-utterance-unidirectional,P2-002,P2-044,"['page6-109.svg', 'page7-127.svg', 'page6-107.svg', 'page7-166.svg', 'page7-20.svg', 'page4-98.svg', 'page8-192.svg', 'page2-20.svg', 'page6-175.svg', 'page5-190.svg']",4.0,a bird,2.0,6.0,"(10,)",page7-127.svg,True
P2G035,exp2_train_and_test_12.json,P2R02348,9,1,page6-226.svg,True,1.0,high,single-utterance-unidirectional,P2-029,P2-040,"['page7-35.svg', 'page4-195.svg', 'page5-128.svg', 'page9-34.svg', 'page2-190.svg', 'page6-226.svg', 'page7-40.svg', 'page7-113.svg', 'page2-34.svg', 'page6-162.svg']",,,,,,,
P2G020,exp2_train_and_test_31.json,P2R01371,20,3,page1-48.svg,False,1.0,high,single-utterance-unidirectional,P2-023,P2-046,"['page3-201.svg', 'page1-48.svg', 'page5-75.svg', 'page6-162.svg', 'page4-96.svg', 'page5-80.svg', 'page9-23.svg', 'page6-192.svg', 'page6-52.svg', 'page5-84.svg']",8.0,Triangle with cutout triangle inside like ^,7.0,16.0,,,
P2G006,exp2_train_and_test_51.json,P2R01343,0,0,page2-20.svg,False,1.0,high,single-utterance-unidirectional,P2-071,P2-050,"['page7-127.svg', 'page2-20.svg', 'page7-157.svg', 'page8-246.svg', 'page8-58.svg', 'page7-15.svg', 'page6-167.svg', 'page4-155.svg', 'page5-190.svg', 'page7-125.svg']",17.0,"Okay, there's two triangles on each side of an arrow pointing up",12.0,39.0,"(49,)",page5-190.svg,False
P2G015,exp2_train_and_test_16.json,P2R02322,26,4,page4-180.svg,False,0.6944444444444445,low,single-utterance-unidirectional,P2-058,P2-047,"['page5-56.svg', 'page5-213.svg', 'page1-34.svg', 'page7-79.svg', 'page2-114.svg', 'page6-1.svg', 'page4-180.svg', 'page5-85.svg', 'page2-133.svg', 'page6-204.svg']",7.0,V with pointy bottom,4.0,12.0,"(24,)",page4-180.svg,True
P2G050,exp2_train_and_test_47.json,P2R00407,34,5,page8-169.svg,False,1.0,high,single-utterance-unidirectional,P2-053,P2-039,"['page3-59.svg', 'page7-203.svg', 'page7-217.svg', 'page5-155.svg', 'page5-85.svg', 'page8-169.svg', 'page7-157.svg', 'page1-175.svg', 'page6-107.svg', 'page8-234.svg']",4.0,half moon !,3.0,6.0,"(19,)",page8-169.svg,True
P2G006,exp2_train_and_test_51.json,P2R00464,31,5,page2-100.svg,False,0.7685185185185184,low,single-utterance-unidirectional,P2-050,P2-071,"['page6-206.svg', 'page7-113.svg', 'page7-166.svg', 'page2-100.svg', 'page3-33.svg', 'page2-140.svg', 'page6-160.svg', 'page4-128.svg', 'page1-149.svg', 'page7-107.svg']",6.0,Square on top of slanty rectangle on top of triangle,10.0,24.0,"(33,)",page2-100.svg,True
P2G024,exp2_train_and_test_48.json,P2R00718,14,2,page5-56.svg,False,0.6222222222222223,low,single-utterance-unidirectional,P2-001,P2-116,"['page4-142.svg', 'page5-56.svg', 'page1-97.svg', 'page4-98.svg', 'page6-23.svg', 'page4-244.svg', 'page8-221.svg', 'page1-95.svg', 'page7-53.svg', 'page6-124.svg']",4.0,silhouette of mountain,3.0,12.0,"(15,)",page5-56.svg,True
P2G010,exp2_train_and_test_17.json,P2R00280,10,1,page1-107.svg,False,0.5796296296296297,low,single-utterance-unidirectional,P2-068,P2-092,"['page1-107.svg', 'page7-144.svg', 'page7-41.svg', 'page6-1.svg', 'page7-15.svg', 'page8-221.svg', 'page5-121.svg', 'page6-208.svg', 'page8-22.svg', 'page7-155.svg']",17.0,A pacman mouth pointing to the sky,7.0,21.0,"(37,)",page1-107.svg,True
P2G033,exp2_train_and_test_8.json,P2R00301,26,4,page6-219.svg,False,1.0,high,single-utterance-unidirectional,P2-112,P2-095,"['page5-45.svg', 'page5-26.svg', 'page5-96.svg', 'page3-61.svg', 'page4-190.svg', 'page8-166.svg', 'page8-234.svg', 'page6-219.svg', 'page7-4.svg', 'page7-15.svg']",15.0,the rectangle facing down with the square,7.0,34.0,"(43,)",page6-219.svg,True
P2G044,exp2_train_and_test_39.json,P2R00622,38,5,page1-117.svg,False,1.0,high,single-utterance-unidirectional,P2-101,P2-076,"['page2-165.svg', 'page9-39.svg', 'page1-117.svg', 'page4-180.svg', 'page8-246.svg', 'page8-215.svg', 'page1-133.svg', 'page6-226.svg', 'page8-159.svg', 'page9-34.svg']",11.0,kinda like a pipe from mario or a very wide funnel,11.0,26.0,"(37,)",page8-215.svg,False
P2G040,exp2_train_and_test_25.json,P2R00680,26,4,page2-114.svg,False,1.0,high,single-utterance-unidirectional,P2-021,P2-010,"['page5-154.svg', 'page6-21.svg', 'page8-246.svg', 'page6-175.svg', 'page4-98.svg', 'page5-128.svg', 'page8-38.svg', 'page4-244.svg', 'page7-4.svg', 'page2-114.svg']",7.0,plate,1.0,8.0,"(15,)",page2-114.svg,True
P2G010,exp2_train_and_test_17.json,P2R02131,31,5,page3-201.svg,False,0.5548148148148148,low,single-utterance-unidirectional,P2-068,P2-092,"['page6-167.svg', 'page1-77.svg', 'page4-96.svg', 'page1-175.svg', 'page7-20.svg', 'page1-149.svg', 'page1-133.svg', 'page4-5.svg', 'page3-201.svg', 'page7-4.svg']",3.0,looks like a man with bunny ears facing us,9.0,12.0,"(27,)",page3-201.svg,True
P2G023,exp2_train_and_test_40.json,P2R00901,34,5,page8-169.svg,False,1.0,high,single-utterance-unidirectional,P2-056,P2-081,"['page3-59.svg', 'page7-203.svg', 'page7-217.svg', 'page5-155.svg', 'page5-85.svg', 'page8-169.svg', 'page7-157.svg', 'page1-175.svg', 'page6-107.svg', 'page8-234.svg']",4.0,Shaped like the crescent moon,5.0,14.0,"(22,)",page8-169.svg,True
P2G023,exp2_train_and_test_40.json,P2R00964,3,0,page7-144.svg,False,1.0,high,single-utterance-unidirectional,P2-056,P2-081,"['page7-29.svg', 'page2-100.svg', 'page7-144.svg', 'page3-201.svg', 'page9-23.svg', 'page3-200.svg', 'page2-165.svg', 'page4-232.svg', 'page5-153.svg', 'page7-44.svg']",5.0,its a large shape with a pointed front,8.0,17.0,"(27,)",page7-144.svg,True
P2G054,exp2_train_and_test_38.json,P2R01268,19,3,page2-131.svg,False,0.5333333333333334,low,single-utterance-unidirectional,P2-055,P2-012,"['page6-71.svg', 'page6-135.svg', 'page4-197.svg', 'page2-131.svg', 'page7-41.svg', 'page6-186.svg', 'page6-109.svg', 'page4-98.svg', 'page7-15.svg', 'page6-208.svg']",10.0,hammer,1.0,11.0,"(23,)",page2-131.svg,True
P2G033,exp2_train_and_test_8.json,P2R00614,30,5,page7-144.svg,False,1.0,high,single-utterance-unidirectional,P2-112,P2-095,"['page9-34.svg', 'page7-115.svg', 'page4-98.svg', 'page7-177.svg', 'page7-35.svg', 'page6-245.svg', 'page7-144.svg', 'page2-131.svg', 'page5-75.svg', 'page6-204.svg']",7.0,it looks like a stop sign but with a triangle on the side facing right,15.0,20.0,"(24,)",page7-144.svg,True
P2G050,exp2_train_and_test_47.json,P2R01751,15,2,page8-182.svg,True,0.5333333333333334,low,single-utterance-unidirectional,P2-039,P2-053,"['page8-182.svg', 'page5-139.svg', 'page6-1.svg', 'page7-127.svg', 'page5-56.svg', 'page3-201.svg', 'page7-125.svg', 'page5-84.svg', 'page6-162.svg', 'page8-206.svg']",3.0,Snake poised to strike,4.0,9.0,"(14,)",page8-182.svg,True
P2G051,exp2_train_and_test_5.json,P2R00895,32,5,page4-98.svg,False,0.7222222222222223,low,single-utterance-unidirectional,P2-016,P2-051,"['page9-34.svg', 'page7-115.svg', 'page4-98.svg', 'page7-177.svg', 'page7-35.svg', 'page6-245.svg', 'page7-144.svg', 'page2-131.svg', 'page5-75.svg', 'page6-204.svg']",9.0,looks like a candle,4.0,17.0,"(20,)",page4-98.svg,True
P2G053,exp2_train_and_test_23.json,P2R02253,38,5,page3-66.svg,False,1.0,high,single-utterance-unidirectional,P2-045,P2-037,"['page6-166.svg', 'page7-157.svg', 'page6-31.svg', 'page5-174.svg', 'page3-70.svg', 'page8-183.svg', 'page5-153.svg', 'page7-125.svg', 'page5-84.svg', 'page3-66.svg']",4.0,rectangle with bit on right missing,6.0,8.0,"(19,)",page7-125.svg,False
P2G015,exp2_train_and_test_16.json,P2R00204,13,2,page5-213.svg,False,0.7148148148148149,low,single-utterance-unidirectional,P2-058,P2-047,"['page5-56.svg', 'page5-213.svg', 'page1-34.svg', 'page7-79.svg', 'page2-114.svg', 'page6-1.svg', 'page4-180.svg', 'page5-85.svg', 'page2-133.svg', 'page6-204.svg']",7.0,a man walking to the right,6.0,10.0,"(25,)",page5-213.svg,True
P2G016,exp2_train_and_test_56.json,P2R00793,5,0,page5-155.svg,False,0.5777777777777778,low,single-utterance-unidirectional,P2-003,P2-043,"['page7-29.svg', 'page5-121.svg', 'page1-107.svg', 'page7-125.svg', 'page5-155.svg', 'page4-96.svg', 'page7-35.svg', 'page6-192.svg', 'page8-206.svg', 'page5-40.svg']",15.0,Looks like a Christmas tree,5.0,25.0,"(43,)",page5-155.svg,True
P2G053,exp2_train_and_test_23.json,P2R02296,3,0,page1-133.svg,False,0.5444444444444445,low,single-utterance-unidirectional,P2-045,P2-037,"['page1-128.svg', 'page7-10.svg', 'page5-56.svg', 'page6-226.svg', 'page6-160.svg', 'page1-133.svg', 'page6-204.svg', 'page5-188.svg', 'page7-116.svg', 'page8-248.svg']",6.0,a house-type shape,3.0,11.0,"(23,)",page1-133.svg,True
P2G047,exp2_train_and_test_11.json,P2R00561,10,1,page-F.svg,False,0.6685185185185186,low,single-utterance-unidirectional,P2-065,P2-089,"['page6-162.svg', 'page7-226.svg', 'page7-177.svg', 'page8-156.svg', 'page7-53.svg', 'page7-41.svg', 'page7-36.svg', 'page-F.svg', 'page7-145.svg', 'page8-192.svg']",10.0,the person leaning back on wall,6.0,16.0,"(24,)",page-F.svg,True
P2G038,exp2_train_and_test_18.json,P2R01660,23,3,page8-234.svg,False,0.0,low,single-utterance-unidirectional,P2-107,P2-020,"['page1-172.svg', 'page6-219.svg', 'page9-32.svg', 'page7-126.svg', 'page9-23.svg', 'page4-142.svg', 'page6-123.svg', 'page1-34.svg', 'page4-98.svg', 'page8-234.svg']",6.0,the h shape with 3 ends pulling left,8.0,17.0,"(24,)",page8-234.svg,True
P2G017,exp2_train_and_test_13.json,P2R01004,6,1,page1-128.svg,False,1.0,high,single-utterance-unidirectional,P2-104,P2-059,"['page6-204.svg', 'page6-21.svg', 'page9-40.svg', 'page8-22.svg', 'page6-31.svg', 'page3-207.svg', 'page4-155.svg', 'page7-125.svg', 'page1-128.svg', 'page8-192.svg']",13.0,a capital C,3.0,18.0,"(23,)",page1-128.svg,True
P2G057,exp2_train_and_test_10.json,P2R02210,16,2,page1-150.svg,False,1.0,high,single-utterance-unidirectional,P2-090,P2-084,"['page2-100.svg', 'page6-185.svg', 'page5-56.svg', 'page9-25.svg', 'page7-35.svg', 'page8-206.svg', 'page3-12.svg', 'page1-150.svg', 'page7-79.svg', 'page7-116.svg']",10.0,the candlestick shaped one,4.0,24.0,"(32,)",page1-150.svg,True
P2G009,exp2_train_and_test_3.json,P2R00741,12,2,page3-139.svg,False,0.9935185185185184,high,single-utterance-unidirectional,P2-117,P2-024,"['page5-165.svg', 'page5-101.svg', 'page2-86.svg', 'page6-166.svg', 'page7-126.svg', 'page8-169.svg', 'page4-180.svg', 'page6-167.svg', 'page3-139.svg', 'page1-117.svg']",7.0,A fat man with wide trousers around his belly,9.0,17.0,"(30,)",page3-139.svg,True
P2G044,exp2_train_and_test_39.json,P2R01616,24,4,page5-128.svg,False,0.9925925925925926,high,single-utterance-unidirectional,P2-101,P2-076,"['page5-71.svg', 'page4-190.svg', 'page7-157.svg', 'page5-63.svg', 'page5-101.svg', 'page4-197.svg', 'page5-128.svg', 'page6-167.svg', 'page7-15.svg', 'page8-18.svg']",5.0,hooked finger,2.0,8.0,"(13,)",page5-128.svg,True
P2G028,exp2_train_and_test_0.json,P2R00735,23,3,page3-33.svg,False,0.6111111111111112,low,single-utterance-unidirectional,P2-015,P2-100,"['page1-117.svg', 'page6-206.svg', 'page1-30.svg', 'page7-81.svg', 'page9-39.svg', 'page8-247.svg', 'page2-140.svg', 'page6-228.svg', 'page1-185.svg', 'page3-33.svg']",10.0,rocky mountains with a square missing a triangle on top of it,12.0,22.0,"(33,)",page3-33.svg,True
P2G012,exp2_train_and_test_29.json,P2R01776,14,2,page7-115.svg,False,0.6,low,single-utterance-unidirectional,P2-025,P2-066,"['page7-115.svg', 'page2-34.svg', 'page5-75.svg', 'page5-128.svg', 'page6-186.svg', 'page1-132.svg', 'page9-25.svg', 'page7-117.svg', 'page6-228.svg', 'page4-241.svg']",3.0,Bridge with pointy ends and square feet. Great description btw,10.0,13.0,"(22,)",page7-115.svg,True
P2G037,exp2_train_and_test_42.json,P2R00816,7,1,page1-150.svg,False,1.0,high,single-utterance-unidirectional,P2-026,P2-075,"['page6-226.svg', 'page5-96.svg', 'page6-206.svg', 'page7-53.svg', 'page6-71.svg', 'page7-73.svg', 'page8-159.svg', 'page5-128.svg', 'page8-58.svg', 'page1-150.svg']",10.0,funnel shape on another shape,5.0,18.0,"(24,)",page1-150.svg,True
P2G014,exp2_train_and_test_27.json,P2R00791,14,2,page3-201.svg,False,0.5548148148148148,low,single-utterance-unidirectional,P2-118,P2-060,"['page9-39.svg', 'page3-33.svg', 'page5-128.svg', 'page3-139.svg', 'page7-166.svg', 'page3-201.svg', 'page6-160.svg', 'page1-34.svg', 'page2-131.svg', 'page8-166.svg']",11.0,a rabbit in a dress,5.0,16.0,"(23,)",page3-201.svg,True
P2G002,exp2_train_and_test_15.json,P2R01673,38,5,page1-77.svg,False,0.6833333333333333,low,single-utterance-unidirectional,P2-114,P2-062,"['page4-96.svg', 'page1-149.svg', 'page3-201.svg', 'page6-167.svg', 'page1-77.svg', 'page1-133.svg', 'page7-20.svg', 'page4-5.svg', 'page1-175.svg', 'page7-4.svg']",4.0,sword,1.0,5.0,"(11,)",page1-77.svg,True
P2G008,exp2_train_and_test_22.json,P2R00685,2,0,page5-155.svg,False,0.5777777777777778,low,single-utterance-unidirectional,P2-038,P2-033,"['page4-195.svg', 'page1-30.svg', 'page7-115.svg', 'page6-155.svg', 'page7-226.svg', 'page4-11.svg', 'page5-155.svg', 'page8-217.svg', 'page3-201.svg', 'page7-145.svg']",7.0,christmas tree but top is drooped to the left,9.0,37.0,"(49,)",page5-155.svg,True
P2G026,exp2_train_and_test_24.json,P2R00647,38,5,page3-66.svg,False,1.0,high,single-utterance-unidirectional,P2-057,P2-048,"['page6-166.svg', 'page7-157.svg', 'page6-31.svg', 'page5-174.svg', 'page3-70.svg', 'page8-183.svg', 'page5-153.svg', 'page7-125.svg', 'page5-84.svg', 'page3-66.svg']",,,,,,,
P2G009,exp2_train_and_test_3.json,P2R01280,39,5,page7-115.svg,False,0.6,low,single-utterance-unidirectional,P2-024,P2-117,"['page7-177.svg', 'page5-75.svg', 'page6-204.svg', 'page7-35.svg', 'page7-144.svg', 'page4-98.svg', 'page2-131.svg', 'page6-245.svg', 'page9-34.svg', 'page7-115.svg']",7.0,STRETCHED WIDE LETTER M WITH POINTS ON THE POSTS,9.0,35.0,,,
P2G045,exp2_train_and_test_34.json,P2R01007,34,5,page1-133.svg,False,0.5444444444444445,low,single-utterance-unidirectional,P2-087,P2-054,"['page2-165.svg', 'page9-39.svg', 'page1-117.svg', 'page4-180.svg', 'page8-246.svg', 'page8-215.svg', 'page1-133.svg', 'page6-226.svg', 'page8-159.svg', 'page9-34.svg']",7.0,6 sides tombstone,3.0,17.0,"(28,)",page1-133.svg,True
P2G034,exp2_train_and_test_7.json,P2R02335,20,3,page5-102.svg,False,0.7444444444444442,low,single-utterance-unidirectional,P2-035,P2-031,"['page5-102.svg', 'page2-140.svg', 'page7-117.svg', 'page6-122.svg', 'page5-155.svg', 'page5-165.svg', 'page2-136.svg', 'page2-86.svg', 'page1-34.svg', 'page3-70.svg']",6.0,Seahorse/3 pointing left,3.0,18.0,"(24,)",page5-102.svg,True
P2G037,exp2_train_and_test_42.json,P2R00124,21,3,page6-71.svg,False,1.0,high,single-utterance-unidirectional,P2-026,P2-075,"['page6-226.svg', 'page5-96.svg', 'page6-206.svg', 'page7-53.svg', 'page6-71.svg', 'page7-73.svg', 'page8-159.svg', 'page5-128.svg', 'page8-58.svg', 'page1-150.svg']",10.0,bat signal,2.0,14.0,"(24,)",page6-71.svg,True
P2G059,exp2_train_and_test_59.json,P2R00515,23,3,page7-157.svg,False,0.6037037037037036,low,single-utterance-unidirectional,P2-098,P2-004,"['page7-116.svg', 'page8-56.svg', 'page5-96.svg', 'page6-167.svg', 'page7-157.svg', 'page8-159.svg', 'page5-102.svg', 'page3-61.svg', 'page7-126.svg', 'page7-144.svg']",,,,,,,
P2G025,exp2_train_and_test_9.json,P2R02264,15,2,page5-36.svg,True,1.0,high,single-utterance-unidirectional,P2-007,P2-094,"['page4-5.svg', 'page5-36.svg', 'page2-100.svg', 'page5-120.svg', 'page1-97.svg', 'page5-190.svg', 'page6-226.svg', 'page8-21.svg', 'page8-192.svg', 'page7-15.svg']",5.0,"cross, on top on diamond, top middlee",7.0,17.0,"(30,)",page2-100.svg,False
P2G004,exp2_train_and_test_32.json,P2R02124,24,4,page7-157.svg,False,0.6037037037037036,low,single-utterance-unidirectional,P2-018,P2-078,"['page4-232.svg', 'page2-131.svg', 'page7-155.svg', 'page5-233.svg', 'page1-34.svg', 'page5-45.svg', 'page8-217.svg', 'page7-157.svg', 'page7-115.svg', 'page5-155.svg']",4.0,small triangle with  large 5 sided on top,9.0,26.0,"(40,)",page7-157.svg,True
P2G048,exp2_train_and_test_19.json,P2R02289,21,3,page2-86.svg,False,0.7777777777777777,low,single-utterance-unidirectional,P2-085,P2-106,"['page8-18.svg', 'page7-115.svg', 'page6-135.svg', 'page1-128.svg', 'page2-86.svg', 'page8-38.svg', 'page4-197.svg', 'page7-44.svg', 'page1-30.svg', 'page5-71.svg']",8.0,It looks like a elongated pig head,7.0,16.0,"(23,)",page2-86.svg,True
P2G028,exp2_train_and_test_0.json,P2R01501,2,0,page6-206.svg,True,0.7333333333333333,low,single-utterance-unidirectional,P2-015,P2-100,"['page1-117.svg', 'page6-206.svg', 'page1-30.svg', 'page7-81.svg', 'page9-39.svg', 'page8-247.svg', 'page2-140.svg', 'page6-228.svg', 'page1-185.svg', 'page3-33.svg']",10.0,It is a rectangle with a triangle shaped chunk taken out of the right side and a small triangle at the bottom left,23.0,34.0,,,
P2G005,exp2_train_and_test_43.json,P2R02334,39,5,page7-157.svg,False,0.6037037037037036,low,single-utterance-unidirectional,P2-111,P2-006,"['page7-217.svg', 'page3-59.svg', 'page8-234.svg', 'page5-85.svg', 'page7-157.svg', 'page1-175.svg', 'page7-203.svg', 'page5-155.svg', 'page8-169.svg', 'page6-107.svg']",3.0,A big diamond sitting on a triangle,7.0,23.0,"(35,)",page7-157.svg,True
P2G037,exp2_train_and_test_42.json,P2R02226,1,0,page7-53.svg,False,0.7333333333333332,low,single-utterance-unidirectional,P2-075,P2-026,"['page8-58.svg', 'page5-96.svg', 'page8-159.svg', 'page7-53.svg', 'page1-150.svg', 'page6-226.svg', 'page7-73.svg', 'page6-206.svg', 'page5-128.svg', 'page6-71.svg']",17.0,looks like letter m,4.0,32.0,"(44,)",page7-53.svg,True
P2G008,exp2_train_and_test_22.json,P2R00250,17,2,page4-11.svg,False,0.738888888888889,low,single-utterance-unidirectional,P2-038,P2-033,"['page4-195.svg', 'page1-30.svg', 'page7-115.svg', 'page6-155.svg', 'page7-226.svg', 'page4-11.svg', 'page5-155.svg', 'page8-217.svg', 'page3-201.svg', 'page7-145.svg']",4.0,monk sitting,2.0,7.0,"(21,)",page4-11.svg,True
P2G053,exp2_train_and_test_23.json,P2R01852,18,3,page6-204.svg,False,1.0,high,single-utterance-unidirectional,P2-037,P2-045,"['page1-133.svg', 'page7-116.svg', 'page6-160.svg', 'page1-128.svg', 'page8-248.svg', 'page7-10.svg', 'page5-56.svg', 'page6-226.svg', 'page6-204.svg', 'page5-188.svg']",4.0,rectangle with a chimmney top left,6.0,14.0,"(19,)",page6-204.svg,True
P2G039,exp2_train_and_test_4.json,P2R00538,28,4,page2-64.svg,True,0.7185185185185186,low,single-utterance-unidirectional,P2-022,P2-093,"['page5-233.svg', 'page2-34.svg', 'page9-39.svg', 'page6-21.svg', 'page3-201.svg', 'page6-135.svg', 'page6-124.svg', 'page2-64.svg', 'page5-165.svg', 'page6-1.svg']",6.0,childs paper boat,3.0,14.0,"(31,)",page2-64.svg,True
P2G030,exp2_train_and_test_35.json,P2R00581,12,2,page7-20.svg,False,1.0,high,single-utterance-unidirectional,P2-044,P2-002,"['page7-166.svg', 'page6-107.svg', 'page4-98.svg', 'page6-175.svg', 'page7-127.svg', 'page8-192.svg', 'page7-20.svg', 'page5-190.svg', 'page2-20.svg', 'page6-109.svg']",4.0,a tower leaning to the right,6.0,10.0,"(13,)",page7-20.svg,True
P2G044,exp2_train_and_test_39.json,P2R01619,27,4,page5-63.svg,False,0.9935185185185184,high,single-utterance-unidirectional,P2-101,P2-076,"['page5-71.svg', 'page4-190.svg', 'page7-157.svg', 'page5-63.svg', 'page5-101.svg', 'page4-197.svg', 'page5-128.svg', 'page6-167.svg', 'page7-15.svg', 'page8-18.svg']",3.0,mountain with land,3.0,5.0,"(39,)",page5-63.svg,True
P2G024,exp2_train_and_test_48.json,P2R01281,37,5,page1-175.svg,False,1.0,high,single-utterance-unidirectional,P2-116,P2-001,"['page7-217.svg', 'page3-59.svg', 'page8-234.svg', 'page5-85.svg', 'page7-157.svg', 'page1-175.svg', 'page7-203.svg', 'page5-155.svg', 'page8-169.svg', 'page6-107.svg']",4.0,squashed square,2.0,16.0,"(21,)",page1-175.svg,True
P2G010,exp2_train_and_test_17.json,P2R01682,21,3,page1-107.svg,False,0.5796296296296297,low,single-utterance-unidirectional,P2-068,P2-092,"['page1-107.svg', 'page7-144.svg', 'page7-41.svg', 'page6-1.svg', 'page7-15.svg', 'page8-221.svg', 'page5-121.svg', 'page6-208.svg', 'page8-22.svg', 'page7-155.svg']",7.0,pacman mouth,2.0,9.0,"(14,)",page1-107.svg,True
P2G041,exp2_train_and_test_52.json,P2R00660,38,5,page4-128.svg,False,1.0,high,single-utterance-unidirectional,P2-005,P2-072,"['page4-128.svg', 'page7-107.svg', 'page7-113.svg', 'page3-33.svg', 'page2-100.svg', 'page7-166.svg', 'page6-206.svg', 'page1-149.svg', 'page6-160.svg', 'page2-140.svg']",5.0,This looks like a block like figure with it's arm stretched up and outwards,14.0,30.0,"(50,)",page4-128.svg,True
P2G053,exp2_train_and_test_23.json,P2R00400,14,2,page6-204.svg,False,1.0,high,single-utterance-unidirectional,P2-045,P2-037,"['page1-128.svg', 'page7-10.svg', 'page5-56.svg', 'page6-226.svg', 'page6-160.svg', 'page1-133.svg', 'page6-204.svg', 'page5-188.svg', 'page7-116.svg', 'page8-248.svg']",8.0,rectangle with chimney on left,5.0,12.0,"(25,)",page6-204.svg,True
P2G012,exp2_train_and_test_29.json,P2R00914,31,5,page5-84.svg,False,0.5111111111111112,low,single-utterance-unidirectional,P2-066,P2-025,"['page7-125.svg', 'page8-183.svg', 'page7-157.svg', 'page3-66.svg', 'page5-84.svg', 'page6-31.svg', 'page6-166.svg', 'page5-153.svg', 'page3-70.svg', 'page5-174.svg']",4.0,"Looks like an dog with pointy legs, two triangles that look like teeth pointing down",15.0,28.0,"(45,)",page5-84.svg,True
P2G001,exp2_train_and_test_28.json,P2R01087,28,4,page2-34.svg,False,0.7611111111111111,low,single-utterance-unidirectional,P2-080,P2-027,"['page5-121.svg', 'page3-33.svg', 'page6-52.svg', 'page7-44.svg', 'page5-63.svg', 'page2-34.svg', 'page6-155.svg', 'page7-115.svg', 'page6-175.svg', 'page7-113.svg']",,,,,,,
P2G059,exp2_train_and_test_59.json,P2R00084,9,1,page7-116.svg,False,1.0,high,single-utterance-unidirectional,P2-098,P2-004,"['page7-116.svg', 'page8-56.svg', 'page5-96.svg', 'page6-167.svg', 'page7-157.svg', 'page8-159.svg', 'page5-102.svg', 'page3-61.svg', 'page7-126.svg', 'page7-144.svg']",,,,,,,
P2G022,exp2_train_and_test_53.json,P2R00753,34,5,page3-33.svg,False,0.6111111111111112,low,single-utterance-unidirectional,P2-009,P2-103,"['page4-128.svg', 'page7-107.svg', 'page7-113.svg', 'page3-33.svg', 'page2-100.svg', 'page7-166.svg', 'page6-206.svg', 'page1-149.svg', 'page6-160.svg', 'page2-140.svg']",5.0,mountains,1.0,10.0,"(23,)",page3-33.svg,True
P2G017,exp2_train_and_test_13.json,P2R00808,38,5,page1-77.svg,False,0.6833333333333333,low,single-utterance-unidirectional,P2-059,P2-104,"['page4-96.svg', 'page1-149.svg', 'page3-201.svg', 'page6-167.svg', 'page1-77.svg', 'page1-133.svg', 'page7-20.svg', 'page4-5.svg', 'page1-175.svg', 'page7-4.svg']",3.0,A dagger or sword,4.0,8.0,"(16,)",page1-77.svg,True
P2G002,exp2_train_and_test_15.json,P2R00031,17,2,page2-114.svg,False,1.0,high,single-utterance-unidirectional,P2-114,P2-062,"['page7-53.svg', 'page6-53.svg', 'page3-70.svg', 'page2-20.svg', 'page1-172.svg', 'page7-125.svg', 'page5-96.svg', 'page8-159.svg', 'page2-114.svg', 'page4-180.svg']",6.0,a cat with a triangle body and no neck,9.0,20.0,"(26,)",page5-96.svg,False
P2G018,exp2_train_and_test_57.json,P2R02045,28,4,page7-20.svg,False,1.0,high,single-utterance-unidirectional,P2-067,P2-083,"['page4-195.svg', 'page3-139.svg', 'page7-40.svg', 'page5-102.svg', 'page5-26.svg', 'page7-217.svg', 'page7-20.svg', 'page9-40.svg', 'page5-232.svg', 'page8-22.svg']",8.0,thick single diagonal shape,4.0,19.0,"(28,)",page7-20.svg,True
P2G015,exp2_train_and_test_16.json,P2R00106,37,5,page7-20.svg,False,1.0,high,single-utterance-unidirectional,P2-047,P2-058,"['page6-167.svg', 'page1-77.svg', 'page4-96.svg', 'page1-175.svg', 'page7-20.svg', 'page1-149.svg', 'page1-133.svg', 'page4-5.svg', 'page3-201.svg', 'page7-4.svg']",8.0,a hill that slants down to the left,8.0,18.0,"(25,)",page7-20.svg,True
P2G008,exp2_train_and_test_22.json,P2R00394,14,2,page3-201.svg,False,0.5548148148148148,low,single-utterance-unidirectional,P2-038,P2-033,"['page4-195.svg', 'page1-30.svg', 'page7-115.svg', 'page6-155.svg', 'page7-226.svg', 'page4-11.svg', 'page5-155.svg', 'page8-217.svg', 'page3-201.svg', 'page7-145.svg']",13.0,the front facing rabbit,4.0,17.0,"(28,)",page3-201.svg,True
P2G016,exp2_train_and_test_56.json,P2R01678,35,5,page7-113.svg,False,0.7636363636363637,low,single-utterance-unidirectional,P2-043,P2-003,"['page6-206.svg', 'page7-113.svg', 'page7-166.svg', 'page2-100.svg', 'page3-33.svg', 'page2-140.svg', 'page6-160.svg', 'page4-128.svg', 'page1-149.svg', 'page7-107.svg']",4.0,horse,1.0,6.0,"(15,)",page7-113.svg,True
P2G040,exp2_train_and_test_25.json,P2R01220,35,5,page6-31.svg,False,0.5333333333333334,low,single-utterance-unidirectional,P2-010,P2-021,"['page7-125.svg', 'page8-183.svg', 'page7-157.svg', 'page3-66.svg', 'page5-84.svg', 'page6-31.svg', 'page6-166.svg', 'page5-153.svg', 'page3-70.svg', 'page5-174.svg']",8.0,owl looking left,3.0,20.0,"(34,)",page6-31.svg,True
P2G025,exp2_train_and_test_9.json,P2R01380,34,5,page7-35.svg,False,0.7333333333333334,low,single-utterance-unidirectional,P2-094,P2-007,"['page9-34.svg', 'page7-115.svg', 'page4-98.svg', 'page7-177.svg', 'page7-35.svg', 'page6-245.svg', 'page7-144.svg', 'page2-131.svg', 'page5-75.svg', 'page6-204.svg']",5.0,looks like black arrow going up coming out of a folder,11.0,16.0,"(23,)",page7-35.svg,True
P2G056,exp2_train_and_test_33.json,P2R00020,17,2,page5-85.svg,True,0.5166666666666668,low,single-utterance-unidirectional,P2-028,P2-086,"['page6-185.svg', 'page6-228.svg', 'page8-234.svg', 'page1-132.svg', 'page7-203.svg', 'page6-52.svg', 'page5-85.svg', 'page7-113.svg', 'page5-63.svg', 'page6-21.svg']",4.0,fox lying down with face on right side,8.0,18.0,"(30,)",page5-85.svg,True
P2G045,exp2_train_and_test_34.json,P2R01689,15,2,page4-155.svg,False,0.3777777777777779,low,single-utterance-unidirectional,P2-087,P2-054,"['page7-127.svg', 'page5-66.svg', 'page4-155.svg', 'page7-117.svg', 'page2-16.svg', 'page6-219.svg', 'page1-172.svg', 'page7-202.svg', 'page9-32.svg', 'page8-38.svg']",8.0,catapillar,1.0,11.0,"(23,)",page4-155.svg,True
P2G044,exp2_train_and_test_39.json,P2R02009,0,0,page5-101.svg,False,0.6666666666666667,low,single-utterance-unidirectional,P2-101,P2-076,"['page5-71.svg', 'page4-190.svg', 'page7-157.svg', 'page5-63.svg', 'page5-101.svg', 'page4-197.svg', 'page5-128.svg', 'page6-167.svg', 'page7-15.svg', 'page8-18.svg']",10.0,looks kinda like a space ship,6.0,15.0,"(33,)",page5-71.svg,False
P2G047,exp2_train_and_test_11.json,P2R01212,39,5,page4-5.svg,False,0.6916666666666667,low,single-utterance-unidirectional,P2-065,P2-089,"['page6-167.svg', 'page1-77.svg', 'page4-96.svg', 'page1-175.svg', 'page7-20.svg', 'page1-149.svg', 'page1-133.svg', 'page4-5.svg', 'page3-201.svg', 'page7-4.svg']",5.0,Looks like a person taking a step and has one foot up in the air,15.0,15.0,"(18,)",page4-5.svg,True
P2G006,exp2_train_and_test_51.json,P2R00679,20,3,page8-246.svg,False,1.0,high,single-utterance-unidirectional,P2-050,P2-071,"['page7-157.svg', 'page7-127.svg', 'page5-190.svg', 'page8-246.svg', 'page6-167.svg', 'page8-58.svg', 'page4-155.svg', 'page7-125.svg', 'page2-20.svg', 'page7-15.svg']",7.0,Swatstika looking,2.0,13.0,"(22,)",page8-246.svg,True
P2G005,exp2_train_and_test_43.json,P2R01292,22,3,page9-40.svg,False,1.0,high,single-utterance-unidirectional,P2-111,P2-006,"['page8-246.svg', 'page7-125.svg', 'page6-122.svg', 'page7-226.svg', 'page7-145.svg', 'page8-21.svg', 'page5-101.svg', 'page6-160.svg', 'page9-40.svg', 'page8-183.svg']",13.0,pillar,1.0,14.0,"(38,)",page9-40.svg,True
P2G035,exp2_train_and_test_12.json,P2R01384,10,1,page7-40.svg,False,0.7611111111111111,low,single-utterance-unidirectional,P2-029,P2-040,"['page7-35.svg', 'page4-195.svg', 'page5-128.svg', 'page9-34.svg', 'page2-190.svg', 'page6-226.svg', 'page7-40.svg', 'page7-113.svg', 'page2-34.svg', 'page6-162.svg']",,,,,,,
P2G040,exp2_train_and_test_25.json,P2R02340,3,0,page6-175.svg,False,0.6509259259259259,low,single-utterance-unidirectional,P2-021,P2-010,"['page5-154.svg', 'page6-21.svg', 'page8-246.svg', 'page6-175.svg', 'page4-98.svg', 'page5-128.svg', 'page8-38.svg', 'page4-244.svg', 'page7-4.svg', 'page2-114.svg']",10.0,"big item, pointing up to the right",7.0,29.0,"(40,)",page8-246.svg,False
P2G046,exp2_train_and_test_46.json,P2R01150,38,5,page6-107.svg,False,0.7000000000000001,low,single-utterance-unidirectional,P2-079,P2-008,"['page3-59.svg', 'page7-203.svg', 'page7-217.svg', 'page5-155.svg', 'page5-85.svg', 'page8-169.svg', 'page7-157.svg', 'page1-175.svg', 'page6-107.svg', 'page8-234.svg']",13.0,sword,1.0,27.0,"(32,)",page6-107.svg,True
P2G016,exp2_train_and_test_56.json,P2R00675,36,5,page7-166.svg,False,1.0,high,single-utterance-unidirectional,P2-003,P2-043,"['page4-128.svg', 'page7-107.svg', 'page7-113.svg', 'page3-33.svg', 'page2-100.svg', 'page7-166.svg', 'page6-206.svg', 'page1-149.svg', 'page6-160.svg', 'page2-140.svg']",5.0,pillar balancing on a triangle,5.0,13.0,"(22,)",page7-166.svg,True
P2G031,exp2_train_and_test_1.json,P2R00210,5,0,page6-171.svg,False,0.4148148148148148,low,single-utterance-unidirectional,P2-032,P2-017,"['page3-70.svg', 'page8-156.svg', 'page7-40.svg', 'page2-165.svg', 'page8-21.svg', 'page6-171.svg', 'page1-95.svg', 'page3-61.svg', 'page7-29.svg', 'page5-101.svg']",14.0,an old man strolling to the right,7.0,20.0,"(23,)",page6-171.svg,True
P2G016,exp2_train_and_test_56.json,P2R01126,19,3,page7-35.svg,False,0.7333333333333334,low,single-utterance-unidirectional,P2-043,P2-003,"['page6-192.svg', 'page4-96.svg', 'page5-155.svg', 'page5-121.svg', 'page7-35.svg', 'page5-40.svg', 'page7-29.svg', 'page7-125.svg', 'page1-107.svg', 'page8-206.svg']",14.0,ship arrow as mast,4.0,20.0,"(22,)",page7-35.svg,True
P2G048,exp2_train_and_test_19.json,P2R01489,39,5,page4-5.svg,False,0.6916666666666667,low,single-utterance-unidirectional,P2-085,P2-106,"['page6-167.svg', 'page1-77.svg', 'page4-96.svg', 'page1-175.svg', 'page7-20.svg', 'page1-149.svg', 'page1-133.svg', 'page4-5.svg', 'page3-201.svg', 'page7-4.svg']",3.0,A diamond man dancing,4.0,13.0,"(18,)",page4-5.svg,True
P2G059,exp2_train_and_test_59.json,P2R00847,27,4,page8-159.svg,False,1.0,high,single-utterance-unidirectional,P2-004,P2-098,"['page8-159.svg', 'page3-61.svg', 'page7-144.svg', 'page5-102.svg', 'page7-116.svg', 'page6-167.svg', 'page7-157.svg', 'page5-96.svg', 'page7-126.svg', 'page8-56.svg']",,,,,,,
P2G019,exp2_train_and_test_26.json,P2R01348,17,2,page2-34.svg,False,0.7611111111111111,low,single-utterance-unidirectional,P2-069,P2-034,"['page1-34.svg', 'page1-77.svg', 'page6-123.svg', 'page1-149.svg', 'page3-59.svg', 'page5-128.svg', 'page2-86.svg', 'page2-165.svg', 'page2-133.svg', 'page2-34.svg']",4.0,horse facing left,3.0,9.0,"(11,)",page2-34.svg,True
P2G051,exp2_train_and_test_5.json,P2R02258,12,2,page3-33.svg,False,0.6111111111111112,low,single-utterance-unidirectional,P2-016,P2-051,"['page7-40.svg', 'page3-52.svg', 'page5-40.svg', 'page5-107.svg', 'page3-33.svg', 'page3-21.svg', 'page7-20.svg', 'page6-228.svg', 'page7-166.svg', 'page7-155.svg']",4.0,a symbol on top of mountains,6.0,13.0,"(15,)",page3-33.svg,True
P2G002,exp2_train_and_test_15.json,P2R00606,1,0,page7-125.svg,False,0.9935185185185184,high,single-utterance-unidirectional,P2-114,P2-062,"['page7-53.svg', 'page6-53.svg', 'page3-70.svg', 'page2-20.svg', 'page1-172.svg', 'page7-125.svg', 'page5-96.svg', 'page8-159.svg', 'page2-114.svg', 'page4-180.svg']",6.0,It is a profile of a white face looking to the right,12.0,16.0,"(40,)",page6-53.svg,False
P2G046,exp2_train_and_test_46.json,P2R01288,21,3,page4-197.svg,False,1.0,high,single-utterance-unidirectional,P2-008,P2-079,"['page6-166.svg', 'page5-153.svg', 'page4-197.svg', 'page8-182.svg', 'page2-86.svg', 'page8-156.svg', 'page8-22.svg', 'page9-34.svg', 'page2-20.svg', 'page2-34.svg']",9.0,An arrow pointing down a wall.,6.0,17.0,"(24,)",page4-197.svg,True
P2G057,exp2_train_and_test_10.json,P2R01676,28,4,page1-150.svg,False,1.0,high,single-utterance-unidirectional,P2-090,P2-084,"['page2-100.svg', 'page6-185.svg', 'page5-56.svg', 'page9-25.svg', 'page7-35.svg', 'page8-206.svg', 'page3-12.svg', 'page1-150.svg', 'page7-79.svg', 'page7-116.svg']",5.0,candlestick,1.0,7.0,"(12,)",page1-150.svg,True
P2G048,exp2_train_and_test_19.json,P2R02309,29,4,page1-128.svg,False,1.0,high,single-utterance-unidirectional,P2-106,P2-085,"['page7-115.svg', 'page2-86.svg', 'page5-71.svg', 'page4-197.svg', 'page7-44.svg', 'page8-18.svg', 'page1-30.svg', 'page1-128.svg', 'page6-135.svg', 'page8-38.svg']",12.0,phone,1.0,15.0,"(22,)",page1-128.svg,True
P2G014,exp2_train_and_test_27.json,P2R00577,34,5,page5-174.svg,False,0.6722222222222223,low,single-utterance-unidirectional,P2-118,P2-060,"['page6-166.svg', 'page7-157.svg', 'page6-31.svg', 'page5-174.svg', 'page3-70.svg', 'page8-183.svg', 'page5-153.svg', 'page7-125.svg', 'page5-84.svg', 'page3-66.svg']",5.0,a dolphin with a ball,5.0,10.0,"(20,)",page5-174.svg,True
P2G046,exp2_train_and_test_46.json,P2R02029,24,4,page8-156.svg,True,1.0,high,single-utterance-unidirectional,P2-008,P2-079,"['page6-166.svg', 'page5-153.svg', 'page4-197.svg', 'page8-182.svg', 'page2-86.svg', 'page8-156.svg', 'page8-22.svg', 'page9-34.svg', 'page2-20.svg', 'page2-34.svg']",8.0,A ball bouncing off a wall with a trail line.,10.0,21.0,"(47,)",page8-156.svg,True
P2G015,exp2_train_and_test_16.json,P2R01739,11,1,page2-133.svg,False,1.0,high,single-utterance-unidirectional,P2-047,P2-058,"['page5-85.svg', 'page5-213.svg', 'page6-1.svg', 'page5-56.svg', 'page1-34.svg', 'page4-180.svg', 'page2-114.svg', 'page2-133.svg', 'page7-79.svg', 'page6-204.svg']",7.0,an upside down hatchet,4.0,21.0,"(36,)",page2-133.svg,True
P2G039,exp2_train_and_test_4.json,P2R01412,33,5,page9-34.svg,False,1.0,high,single-utterance-unidirectional,P2-022,P2-093,"['page7-177.svg', 'page5-75.svg', 'page6-204.svg', 'page7-35.svg', 'page7-144.svg', 'page4-98.svg', 'page2-131.svg', 'page6-245.svg', 'page9-34.svg', 'page7-115.svg']",9.0,monk in cloak holding dish pointing right,7.0,28.0,"(41,)",page9-34.svg,True
P2G059,exp2_train_and_test_59.json,P2R01066,39,5,page2-140.svg,False,1.0,high,single-utterance-unidirectional,P2-098,P2-004,"['page6-206.svg', 'page7-113.svg', 'page7-166.svg', 'page2-100.svg', 'page3-33.svg', 'page2-140.svg', 'page6-160.svg', 'page4-128.svg', 'page1-149.svg', 'page7-107.svg']",,,,,,,
P2G050,exp2_train_and_test_47.json,P2R02240,39,5,page7-157.svg,False,0.6037037037037036,low,single-utterance-unidirectional,P2-039,P2-053,"['page7-217.svg', 'page3-59.svg', 'page8-234.svg', 'page5-85.svg', 'page7-157.svg', 'page1-175.svg', 'page7-203.svg', 'page5-155.svg', 'page8-169.svg', 'page6-107.svg']",3.0,Diamond balancing on a triangle without the arrow this time,10.0,12.0,"(18,)",page7-157.svg,True
P2G054,exp2_train_and_test_38.json,P2R00047,3,0,page6-135.svg,False,1.0,high,single-utterance-unidirectional,P2-012,P2-055,"['page6-71.svg', 'page7-41.svg', 'page4-197.svg', 'page4-98.svg', 'page6-109.svg', 'page6-208.svg', 'page6-135.svg', 'page7-15.svg', 'page2-131.svg', 'page6-186.svg']",15.0,"Kind of a ""W"" shape",5.0,31.0,"(43,)",page6-135.svg,True
P2G054,exp2_train_and_test_38.json,P2R01559,22,3,page6-135.svg,False,1.0,high,single-utterance-unidirectional,P2-055,P2-012,"['page6-71.svg', 'page6-135.svg', 'page4-197.svg', 'page2-131.svg', 'page7-41.svg', 'page6-186.svg', 'page6-109.svg', 'page4-98.svg', 'page7-15.svg', 'page6-208.svg']",12.0,W,1.0,12.0,"(22,)",page6-135.svg,True
P2G045,exp2_train_and_test_34.json,P2R01998,33,5,page4-180.svg,False,0.6944444444444445,low,single-utterance-unidirectional,P2-054,P2-087,"['page8-159.svg', 'page1-133.svg', 'page9-39.svg', 'page2-165.svg', 'page8-215.svg', 'page1-117.svg', 'page8-246.svg', 'page4-180.svg', 'page6-226.svg', 'page9-34.svg']",4.0,the one that looks like a butterfly or dickybow,9.0,18.0,"(32,)",page4-180.svg,True
P2G007,exp2_train_and_test_20.json,P2R01712,28,4,page7-29.svg,False,1.0,high,single-utterance-unidirectional,P2-108,P2-074,"['page7-29.svg', 'page7-225.svg', 'page2-64.svg', 'page4-155.svg', 'page5-45.svg', 'page5-154.svg', 'page4-98.svg', 'page7-226.svg', 'page3-201.svg', 'page7-15.svg']",4.0,explosion,1.0,6.0,"(13,)",page7-29.svg,True
P2G009,exp2_train_and_test_3.json,P2R01840,4,0,page8-169.svg,False,1.0,high,single-utterance-unidirectional,P2-117,P2-024,"['page5-165.svg', 'page5-101.svg', 'page2-86.svg', 'page6-166.svg', 'page7-126.svg', 'page8-169.svg', 'page4-180.svg', 'page6-167.svg', 'page3-139.svg', 'page1-117.svg']",14.0,crescent shaped moon,3.0,18.0,"(24,)",page8-169.svg,True
P2G007,exp2_train_and_test_20.json,P2R01202,29,4,page2-64.svg,False,0.7185185185185186,low,single-utterance-unidirectional,P2-108,P2-074,"['page7-29.svg', 'page7-225.svg', 'page2-64.svg', 'page4-155.svg', 'page5-45.svg', 'page5-154.svg', 'page4-98.svg', 'page7-226.svg', 'page3-201.svg', 'page7-15.svg']",10.0,person in boat,3.0,12.0,"(22,)",page2-64.svg,True
P2G044,exp2_train_and_test_39.json,P2R00817,34,5,page1-133.svg,False,0.5444444444444445,low,single-utterance-unidirectional,P2-101,P2-076,"['page2-165.svg', 'page9-39.svg', 'page1-117.svg', 'page4-180.svg', 'page8-246.svg', 'page8-215.svg', 'page1-133.svg', 'page6-226.svg', 'page8-159.svg', 'page9-34.svg']",5.0,house,1.0,7.0,"(13,)",page1-133.svg,True
P2G034,exp2_train_and_test_7.json,P2R01257,16,2,page2-86.svg,True,0.7777777777777777,low,single-utterance-unidirectional,P2-035,P2-031,"['page5-102.svg', 'page2-140.svg', 'page7-117.svg', 'page6-122.svg', 'page5-155.svg', 'page5-165.svg', 'page2-136.svg', 'page2-86.svg', 'page1-34.svg', 'page3-70.svg']",10.0,Like helmet with 2 horns,5.0,28.0,"(38,)",page2-86.svg,True
P2G023,exp2_train_and_test_40.json,P2R00420,27,4,page2-100.svg,False,0.7685185185185184,low,single-utterance-unidirectional,P2-056,P2-081,"['page7-29.svg', 'page2-100.svg', 'page7-144.svg', 'page3-201.svg', 'page9-23.svg', 'page3-200.svg', 'page2-165.svg', 'page4-232.svg', 'page5-153.svg', 'page7-44.svg']",13.0,"Triangle base, tipped square",4.0,21.0,"(34,)",page2-100.svg,True
P2G014,exp2_train_and_test_27.json,P2R00333,25,4,page5-128.svg,True,0.9925925925925926,high,single-utterance-unidirectional,P2-060,P2-118,"['page6-160.svg', 'page7-166.svg', 'page3-139.svg', 'page1-34.svg', 'page3-201.svg', 'page8-166.svg', 'page2-131.svg', 'page3-33.svg', 'page9-39.svg', 'page5-128.svg']",4.0,a pointy finger,3.0,6.0,"(19,)",page5-128.svg,True
P2G022,exp2_train_and_test_53.json,P2R01789,10,1,page9-40.svg,False,1.0,high,single-utterance-unidirectional,P2-103,P2-009,"['page5-165.svg', 'page8-159.svg', 'page5-45.svg', 'page4-232.svg', 'page9-40.svg', 'page7-127.svg', 'page7-157.svg', 'page8-234.svg', 'page3-70.svg', 'page8-58.svg']",11.0,Fountain,1.0,13.0,"(22,)",page9-40.svg,True
P2G010,exp2_train_and_test_17.json,P2R01002,12,2,page7-15.svg,False,0.5935185185185186,low,single-utterance-unidirectional,P2-092,P2-068,"['page7-155.svg', 'page7-144.svg', 'page8-221.svg', 'page8-22.svg', 'page6-208.svg', 'page1-107.svg', 'page6-1.svg', 'page5-121.svg', 'page7-41.svg', 'page7-15.svg']",4.0,valley of mountains,3.0,7.0,"(14,)",page7-15.svg,True
P2G056,exp2_train_and_test_33.json,P2R01104,12,2,page5-63.svg,False,0.9935185185185184,high,single-utterance-unidirectional,P2-086,P2-028,"['page8-234.svg', 'page1-132.svg', 'page5-85.svg', 'page6-21.svg', 'page6-185.svg', 'page6-52.svg', 'page5-63.svg', 'page7-113.svg', 'page6-228.svg', 'page7-203.svg']",10.0,Pyramid with something in foreground,5.0,27.0,"(35,)",page5-63.svg,True
P2G057,exp2_train_and_test_10.json,P2R00645,13,2,page7-116.svg,False,1.0,high,single-utterance-unidirectional,P2-090,P2-084,"['page2-100.svg', 'page6-185.svg', 'page5-56.svg', 'page9-25.svg', 'page7-35.svg', 'page8-206.svg', 'page3-12.svg', 'page1-150.svg', 'page7-79.svg', 'page7-116.svg']",4.0,the two triangles sandwiching a diamond,6.0,19.0,"(28,)",page7-116.svg,True
P2G035,exp2_train_and_test_12.json,P2R00410,33,5,page1-133.svg,False,0.5444444444444445,low,single-utterance-unidirectional,P2-029,P2-040,"['page6-167.svg', 'page1-77.svg', 'page4-96.svg', 'page1-175.svg', 'page7-20.svg', 'page1-149.svg', 'page1-133.svg', 'page4-5.svg', 'page3-201.svg', 'page7-4.svg']",,,,,,,
P2G004,exp2_train_and_test_32.json,P2R00549,33,5,page4-180.svg,False,0.6944444444444445,low,single-utterance-unidirectional,P2-078,P2-018,"['page8-159.svg', 'page1-133.svg', 'page9-39.svg', 'page2-165.svg', 'page8-215.svg', 'page1-117.svg', 'page8-246.svg', 'page4-180.svg', 'page6-226.svg', 'page9-34.svg']",6.0,Butterfly,1.0,12.0,"(24,)",page4-180.svg,True
P2G038,exp2_train_and_test_18.json,P2R01760,18,3,page1-172.svg,False,0.6444444444444445,low,single-utterance-unidirectional,P2-107,P2-020,"['page1-172.svg', 'page6-219.svg', 'page9-32.svg', 'page7-126.svg', 'page9-23.svg', 'page4-142.svg', 'page6-123.svg', 'page1-34.svg', 'page4-98.svg', 'page8-234.svg']",3.0,the h with top left bent,6.0,14.0,"(24,)",page1-172.svg,True
P2G050,exp2_train_and_test_47.json,P2R01720,29,4,page7-125.svg,True,0.9935185185185184,high,single-utterance-unidirectional,P2-039,P2-053,"['page8-182.svg', 'page5-139.svg', 'page6-1.svg', 'page7-127.svg', 'page5-56.svg', 'page3-201.svg', 'page7-125.svg', 'page5-84.svg', 'page6-162.svg', 'page8-206.svg']",3.0,"The only one that hasn't come up yet. Also looks a bit like elvis, but he has a head and a neck. Very thick neck,",25.0,24.0,"(36,)",page7-125.svg,True
P2G058,exp2_train_and_test_2.json,P2R02315,5,0,page7-15.svg,False,0.5935185185185186,low,single-utterance-unidirectional,P2-082,P2-077,"['page7-15.svg', 'page7-41.svg', 'page1-132.svg', 'page7-117.svg', 'page7-81.svg', 'page8-58.svg', 'page3-66.svg', 'page6-121.svg', 'page4-190.svg', 'page5-102.svg']",4.0,mountains,1.0,6.0,"(13,)",page7-15.svg,True
P2G052,exp2_train_and_test_30.json,P2R01754,0,0,page2-136.svg,True,1.0,high,single-utterance-unidirectional,P2-030,P2-061,"['page5-101.svg', 'page6-166.svg', 'page8-156.svg', 'page1-172.svg', 'page6-21.svg', 'page3-201.svg', 'page2-34.svg', 'page2-136.svg', 'page4-155.svg', 'page6-245.svg']",18.0,Shovel with pointed blade,4.0,42.0,,,
P2G051,exp2_train_and_test_5.json,P2R00095,10,1,page7-166.svg,False,1.0,high,single-utterance-unidirectional,P2-051,P2-016,"['page7-155.svg', 'page3-21.svg', 'page3-33.svg', 'page5-107.svg', 'page7-166.svg', 'page3-52.svg', 'page7-20.svg', 'page7-40.svg', 'page6-228.svg', 'page5-40.svg']",4.0,Triangle with a symbol on it.,6.0,23.0,"(27,)",page7-20.svg,False
P2G051,exp2_train_and_test_5.json,P2R00375,24,4,page5-107.svg,True,0.994074074074074,high,single-utterance-unidirectional,P2-051,P2-016,"['page7-155.svg', 'page3-21.svg', 'page3-33.svg', 'page5-107.svg', 'page7-166.svg', 'page3-52.svg', 'page7-20.svg', 'page7-40.svg', 'page6-228.svg', 'page5-40.svg']",7.0,Broken letter K the bottom part is on the right.,10.0,39.0,"(46,)",page5-107.svg,True
P2G026,exp2_train_and_test_24.json,P2R01630,0,0,page1-48.svg,False,1.0,high,single-utterance-unidirectional,P2-057,P2-048,"['page7-44.svg', 'page7-55.svg', 'page6-206.svg', 'page1-48.svg', 'page8-38.svg', 'page5-45.svg', 'page9-40.svg', 'page1-133.svg', 'page-F.svg', 'page4-195.svg']",,,,,,,
P2G056,exp2_train_and_test_33.json,P2R01144,30,5,page8-246.svg,False,1.0,high,single-utterance-unidirectional,P2-086,P2-028,"['page2-165.svg', 'page9-39.svg', 'page1-117.svg', 'page4-180.svg', 'page8-246.svg', 'page8-215.svg', 'page1-133.svg', 'page6-226.svg', 'page8-159.svg', 'page9-34.svg']",18.0,A monkey jumping to the left,6.0,29.0,"(35,)",page8-246.svg,True
P2G003,exp2_train_and_test_21.json,P2R00984,16,2,page6-155.svg,False,1.0,high,single-utterance-unidirectional,P2-105,P2-041,"['page7-115.svg', 'page1-132.svg', 'page6-155.svg', 'page5-120.svg', 'page5-188.svg', 'page7-191.svg', 'page7-4.svg', 'page8-159.svg', 'page5-101.svg', 'page4-98.svg']",6.0,the 'giraffe' shape walking to left,6.0,20.0,"(24,)",page6-155.svg,True
P2G030,exp2_train_and_test_35.json,P2R01341,5,0,page4-98.svg,False,0.7222222222222223,low,single-utterance-unidirectional,P2-044,P2-002,"['page7-166.svg', 'page6-107.svg', 'page4-98.svg', 'page6-175.svg', 'page7-127.svg', 'page8-192.svg', 'page7-20.svg', 'page5-190.svg', 'page2-20.svg', 'page6-109.svg']",6.0,a long sword with a small hilt,7.0,11.0,"(26,)",page6-107.svg,False
P2G022,exp2_train_and_test_53.json,P2R01074,26,4,page9-40.svg,False,1.0,high,single-utterance-unidirectional,P2-009,P2-103,"['page8-159.svg', 'page8-58.svg', 'page5-165.svg', 'page7-127.svg', 'page7-157.svg', 'page9-40.svg', 'page3-70.svg', 'page4-232.svg', 'page8-234.svg', 'page5-45.svg']",15.0,fountain,1.0,17.0,"(23,)",page9-40.svg,True
P2G033,exp2_train_and_test_8.json,P2R00430,15,2,page4-190.svg,False,1.0,high,single-utterance-unidirectional,P2-112,P2-095,"['page5-45.svg', 'page5-26.svg', 'page5-96.svg', 'page3-61.svg', 'page4-190.svg', 'page8-166.svg', 'page8-234.svg', 'page6-219.svg', 'page7-4.svg', 'page7-15.svg']",4.0,the rectangle with 3 slanted triangles on top and one on the side,13.0,18.0,"(24,)",page4-190.svg,True
P2G002,exp2_train_and_test_15.json,P2R00224,33,5,page1-133.svg,False,0.5444444444444445,low,single-utterance-unidirectional,P2-062,P2-114,"['page6-167.svg', 'page1-77.svg', 'page4-96.svg', 'page1-175.svg', 'page7-20.svg', 'page1-149.svg', 'page1-133.svg', 'page4-5.svg', 'page3-201.svg', 'page7-4.svg']",4.0,"it looks like a house, or a barn",8.0,10.0,"(13,)",page1-133.svg,True
P2G025,exp2_train_and_test_9.json,P2R02323,1,0,page6-226.svg,True,1.0,high,single-utterance-unidirectional,P2-007,P2-094,"['page4-5.svg', 'page5-36.svg', 'page2-100.svg', 'page5-120.svg', 'page1-97.svg', 'page5-190.svg', 'page6-226.svg', 'page8-21.svg', 'page8-192.svg', 'page7-15.svg']",24.0,,,,,,
P2G002,exp2_train_and_test_15.json,P2R01874,32,5,page1-149.svg,False,1.0,high,single-utterance-unidirectional,P2-114,P2-062,"['page4-96.svg', 'page1-149.svg', 'page3-201.svg', 'page6-167.svg', 'page1-77.svg', 'page1-133.svg', 'page7-20.svg', 'page4-5.svg', 'page1-175.svg', 'page7-4.svg']",5.0,black candlestick,2.0,10.0,"(15,)",page1-149.svg,True
P2G058,exp2_train_and_test_2.json,P2R01239,19,3,page3-66.svg,False,1.0,high,single-utterance-unidirectional,P2-077,P2-082,"['page6-121.svg', 'page7-41.svg', 'page1-132.svg', 'page7-117.svg', 'page5-102.svg', 'page3-66.svg', 'page7-81.svg', 'page8-58.svg', 'page7-15.svg', 'page4-190.svg']",5.0,second gas nozzle,3.0,8.0,"(11,)",page3-66.svg,True
P2G052,exp2_train_and_test_30.json,P2R02147,34,5,page1-133.svg,False,0.5444444444444445,low,single-utterance-unidirectional,P2-061,P2-030,"['page2-165.svg', 'page9-39.svg', 'page1-117.svg', 'page4-180.svg', 'page8-246.svg', 'page8-215.svg', 'page1-133.svg', 'page6-226.svg', 'page8-159.svg', 'page9-34.svg']",8.0,looks price tag shaped with 6 sides,7.0,25.0,"(37,)",page1-133.svg,True
P2G038,exp2_train_and_test_18.json,P2R02357,3,0,page6-123.svg,True,0.4166666666666667,low,single-utterance-unidirectional,P2-107,P2-020,"['page1-172.svg', 'page6-219.svg', 'page9-32.svg', 'page7-126.svg', 'page9-23.svg', 'page4-142.svg', 'page6-123.svg', 'page1-34.svg', 'page4-98.svg', 'page8-234.svg']",12.0,"It looks the most like a fish, facing left with a distinct tail on the right side",17.0,33.0,"(46,)",page6-123.svg,True
P2G021,exp2_train_and_test_58.json,P2R01965,19,3,page6-31.svg,True,0.5333333333333334,low,single-utterance-unidirectional,P2-036,P2-064,"['page8-38.svg', 'page4-195.svg', 'page3-205.svg', 'page7-41.svg', 'page4-241.svg', 'page5-84.svg', 'page7-226.svg', 'page6-31.svg', 'page5-233.svg', 'page9-40.svg']",12.0,it looks like an owl we never chose this one before,11.0,26.0,"(40,)",page6-31.svg,True
P2G051,exp2_train_and_test_5.json,P2R01594,19,3,page5-40.svg,True,0.7527777777777778,low,single-utterance-unidirectional,P2-051,P2-016,"['page7-155.svg', 'page3-21.svg', 'page3-33.svg', 'page5-107.svg', 'page7-166.svg', 'page3-52.svg', 'page7-20.svg', 'page7-40.svg', 'page6-228.svg', 'page5-40.svg']",13.0,A cake with three tiers and claw shaped bottom.,9.0,33.0,"(42,)",page5-40.svg,True
P2G002,exp2_train_and_test_15.json,P2R01624,20,3,page2-114.svg,False,1.0,high,single-utterance-unidirectional,P2-062,P2-114,"['page4-180.svg', 'page1-172.svg', 'page2-20.svg', 'page5-96.svg', 'page2-114.svg', 'page8-159.svg', 'page6-53.svg', 'page3-70.svg', 'page7-53.svg', 'page7-125.svg']",13.0,5 larger triangles balanced on top of a triangle and a trapezoid,12.0,31.0,"(50,)",page8-159.svg,False
P2G025,exp2_train_and_test_9.json,P2R01010,12,2,page8-192.svg,False,0.6444444444444446,low,single-utterance-unidirectional,P2-094,P2-007,"['page4-5.svg', 'page2-100.svg', 'page5-36.svg', 'page5-120.svg', 'page5-190.svg', 'page1-97.svg', 'page8-21.svg', 'page7-15.svg', 'page8-192.svg', 'page6-226.svg']",5.0,"pony, head left, tail right",5.0,11.0,"(13,)",page8-192.svg,True
P2G025,exp2_train_and_test_9.json,P2R00456,20,3,page1-97.svg,False,1.0,high,single-utterance-unidirectional,P2-007,P2-094,"['page4-5.svg', 'page5-36.svg', 'page2-100.svg', 'page5-120.svg', 'page1-97.svg', 'page5-190.svg', 'page6-226.svg', 'page8-21.svg', 'page8-192.svg', 'page7-15.svg']",6.0,crown,1.0,7.0,"(13,)",page1-97.svg,True
P2G039,exp2_train_and_test_4.json,P2R02163,14,2,page3-201.svg,False,0.5548148148148148,low,single-utterance-unidirectional,P2-093,P2-022,"['page6-1.svg', 'page6-124.svg', 'page2-64.svg', 'page9-39.svg', 'page5-233.svg', 'page6-21.svg', 'page3-201.svg', 'page2-34.svg', 'page6-135.svg', 'page5-165.svg']",17.0,person in a dress with rabit ears,7.0,27.0,"(33,)",page3-201.svg,True
P2G057,exp2_train_and_test_10.json,P2R01057,2,0,page1-150.svg,False,1.0,high,single-utterance-unidirectional,P2-090,P2-084,"['page2-100.svg', 'page6-185.svg', 'page5-56.svg', 'page9-25.svg', 'page7-35.svg', 'page8-206.svg', 'page3-12.svg', 'page1-150.svg', 'page7-79.svg', 'page7-116.svg']",28.0,looks like a candlestick,4.0,36.0,"(45,)",page1-150.svg,True
P2G011,exp2_train_and_test_36.json,P2R02042,27,4,page5-75.svg,False,0.6944444444444444,low,single-utterance-unidirectional,P2-014,P2-073,"['page7-116.svg', 'page3-66.svg', 'page5-75.svg', 'page3-61.svg', 'page3-163.svg', 'page3-201.svg', 'page5-26.svg', 'page8-183.svg', 'page9-32.svg', 'page2-100.svg']",7.0,swan,1.0,9.0,"(12,)",page5-75.svg,True
P2G055,exp2_train_and_test_37.json,P2R00786,10,1,page8-18.svg,False,0.3777777777777778,low,single-utterance-unidirectional,P2-011,P2-110,"['page8-22.svg', 'page7-20.svg', 'page1-185.svg', 'page6-121.svg', 'page4-96.svg', 'page1-95.svg', 'page7-113.svg', 'page6-107.svg', 'page8-18.svg', 'page7-191.svg']",6.0,swan,1.0,7.0,"(13,)",page8-18.svg,True
P2G039,exp2_train_and_test_4.json,P2R00908,3,0,page3-201.svg,False,0.5548148148148148,low,single-utterance-unidirectional,P2-093,P2-022,"['page6-1.svg', 'page6-124.svg', 'page2-64.svg', 'page9-39.svg', 'page5-233.svg', 'page6-21.svg', 'page3-201.svg', 'page2-34.svg', 'page6-135.svg', 'page5-165.svg']",12.0,it looks like a person standing with rabit ears,9.0,29.0,"(34,)",page3-201.svg,True
P2G003,exp2_train_and_test_21.json,P2R02270,34,5,page5-174.svg,False,0.6722222222222223,low,single-utterance-unidirectional,P2-105,P2-041,"['page6-166.svg', 'page7-157.svg', 'page6-31.svg', 'page5-174.svg', 'page3-70.svg', 'page8-183.svg', 'page5-153.svg', 'page7-125.svg', 'page5-84.svg', 'page3-66.svg']",5.0,looks like a human walking up  something got square head,11.0,24.0,"(30,)",page5-174.svg,True
P2G032,exp2_train_and_test_44.json,P2R00693,14,2,page8-21.svg,True,0.5000000000000001,low,single-utterance-unidirectional,P2-096,P2-102,"['page8-21.svg', 'page4-197.svg', 'page6-53.svg', 'page4-96.svg', 'page2-34.svg', 'page5-101.svg', 'page7-20.svg', 'page5-190.svg', 'page8-22.svg', 'page6-226.svg']",4.0,chicken,1.0,6.0,"(14,)",page8-21.svg,True
P2G044,exp2_train_and_test_39.json,P2R00784,12,2,page5-71.svg,False,0.3833333333333333,low,single-utterance-unidirectional,P2-101,P2-076,"['page5-71.svg', 'page4-190.svg', 'page7-157.svg', 'page5-63.svg', 'page5-101.svg', 'page4-197.svg', 'page5-128.svg', 'page6-167.svg', 'page7-15.svg', 'page8-18.svg']",4.0,looks like a flying bird with wings spread,8.0,14.0,"(31,)",page5-71.svg,True
P2G031,exp2_train_and_test_1.json,P2R00505,36,5,page5-75.svg,False,0.6944444444444444,low,single-utterance-unidirectional,P2-032,P2-017,"['page9-34.svg', 'page7-115.svg', 'page4-98.svg', 'page7-177.svg', 'page7-35.svg', 'page6-245.svg', 'page7-144.svg', 'page2-131.svg', 'page5-75.svg', 'page6-204.svg']",4.0,"a bird, like a stork or a crane",8.0,10.0,"(14,)",page5-75.svg,True
P2G043,exp2_train_and_test_54.json,P2R02151,25,4,page6-109.svg,False,1.0,high,single-utterance-unidirectional,P2-088,P2-115,"['page6-245.svg', 'page6-107.svg', 'page4-142.svg', 'page7-177.svg', 'page8-18.svg', 'page5-80.svg', 'page7-217.svg', 'page5-155.svg', 'page2-131.svg', 'page6-109.svg']",,,,,,,
P2G027,exp2_train_and_test_49.json,P2R00226,4,0,page7-186.svg,False,1.0,high,single-utterance-unidirectional,P2-113,P2-063,"['page7-186.svg', 'page2-140.svg', 'page8-192.svg', 'page2-114.svg', 'page5-153.svg', 'page5-80.svg', 'page7-44.svg', 'page8-18.svg', 'page7-115.svg', 'page2-85.svg']",11.0,P,1.0,11.0,"(26,)",page7-186.svg,True
P2G054,exp2_train_and_test_38.json,P2R01162,25,4,page7-15.svg,False,0.5935185185185186,low,single-utterance-unidirectional,P2-012,P2-055,"['page6-71.svg', 'page7-41.svg', 'page4-197.svg', 'page4-98.svg', 'page6-109.svg', 'page6-208.svg', 'page6-135.svg', 'page7-15.svg', 'page2-131.svg', 'page6-186.svg']",10.0,mountain range with plateau,4.0,15.0,"(22,)",page7-15.svg,True
P2G037,exp2_train_and_test_42.json,P2R00453,34,5,page8-169.svg,False,1.0,high,single-utterance-unidirectional,P2-075,P2-026,"['page3-59.svg', 'page7-203.svg', 'page7-217.svg', 'page5-155.svg', 'page5-85.svg', 'page8-169.svg', 'page7-157.svg', 'page1-175.svg', 'page6-107.svg', 'page8-234.svg']",4.0,letter C,2.0,6.0,"(22,)",page8-169.svg,True
P2G030,exp2_train_and_test_35.json,P2R00673,24,4,page4-98.svg,False,0.7222222222222223,low,single-utterance-unidirectional,P2-044,P2-002,"['page7-166.svg', 'page6-107.svg', 'page4-98.svg', 'page6-175.svg', 'page7-127.svg', 'page8-192.svg', 'page7-20.svg', 'page5-190.svg', 'page2-20.svg', 'page6-109.svg']",3.0,long sword no hilt,4.0,7.0,"(15,)",page4-98.svg,True
P2G026,exp2_train_and_test_24.json,P2R01541,23,3,page7-55.svg,True,0.7333333333333333,low,single-utterance-unidirectional,P2-048,P2-057,"['page1-48.svg', 'page1-133.svg', 'page9-40.svg', 'page8-38.svg', 'page7-44.svg', 'page-F.svg', 'page5-45.svg', 'page4-195.svg', 'page6-206.svg', 'page7-55.svg']",,,,,,,
P2G042,exp2_train_and_test_50.json,P2R01518,31,5,page2-100.svg,False,0.7685185185185184,low,single-utterance-unidirectional,P2-042,P2-049,"['page6-206.svg', 'page7-113.svg', 'page7-166.svg', 'page2-100.svg', 'page3-33.svg', 'page2-140.svg', 'page6-160.svg', 'page4-128.svg', 'page1-149.svg', 'page7-107.svg']",5.0,a trophy,2.0,7.0,,,
P2G040,exp2_train_and_test_25.json,P2R00316,13,2,page5-128.svg,True,0.9925925925925926,high,single-utterance-unidirectional,P2-010,P2-021,"['page6-21.svg', 'page2-114.svg', 'page5-128.svg', 'page6-175.svg', 'page7-4.svg', 'page8-246.svg', 'page4-244.svg', 'page5-154.svg', 'page4-98.svg', 'page8-38.svg']",18.0,slightly to the right,4.0,43.0,"(54,)",page8-38.svg,False
P2G057,exp2_train_and_test_10.json,P2R00141,1,0,page6-185.svg,False,0.6129629629629629,low,single-utterance-unidirectional,P2-090,P2-084,"['page2-100.svg', 'page6-185.svg', 'page5-56.svg', 'page9-25.svg', 'page7-35.svg', 'page8-206.svg', 'page3-12.svg', 'page1-150.svg', 'page7-79.svg', 'page7-116.svg']",20.0,a person sat down facing right,6.0,32.0,"(44,)",page6-185.svg,True
P2G035,exp2_train_and_test_12.json,P2R02179,20,3,page7-113.svg,False,0.7636363636363637,low,single-utterance-unidirectional,P2-029,P2-040,"['page7-35.svg', 'page4-195.svg', 'page5-128.svg', 'page9-34.svg', 'page2-190.svg', 'page6-226.svg', 'page7-40.svg', 'page7-113.svg', 'page2-34.svg', 'page6-162.svg']",,,,,,,
P2G018,exp2_train_and_test_57.json,P2R00619,19,3,page5-102.svg,False,0.7444444444444442,low,single-utterance-unidirectional,P2-083,P2-067,"['page7-20.svg', 'page3-139.svg', 'page8-22.svg', 'page5-102.svg', 'page4-195.svg', 'page7-217.svg', 'page5-26.svg', 'page7-40.svg', 'page9-40.svg', 'page5-232.svg']",8.0,the one which looks like it has a seahorse head,10.0,23.0,"(34,)",page5-102.svg,True
P2G026,exp2_train_and_test_24.json,P2R02166,2,0,page-F.svg,False,0.6685185185185186,low,single-utterance-unidirectional,P2-057,P2-048,"['page7-44.svg', 'page7-55.svg', 'page6-206.svg', 'page1-48.svg', 'page8-38.svg', 'page5-45.svg', 'page9-40.svg', 'page1-133.svg', 'page-F.svg', 'page4-195.svg']",,,,,,,
P2G030,exp2_train_and_test_35.json,P2R00016,33,5,page4-180.svg,False,0.6944444444444445,low,single-utterance-unidirectional,P2-002,P2-044,"['page8-159.svg', 'page1-133.svg', 'page9-39.svg', 'page2-165.svg', 'page8-215.svg', 'page1-117.svg', 'page8-246.svg', 'page4-180.svg', 'page6-226.svg', 'page9-34.svg']",5.0,a butterfly,2.0,7.0,"(10,)",page4-180.svg,True
P2G054,exp2_train_and_test_38.json,P2R01329,37,5,page2-165.svg,False,0.7499999999999999,low,single-utterance-unidirectional,P2-055,P2-012,"['page8-159.svg', 'page1-133.svg', 'page9-39.svg', 'page2-165.svg', 'page8-215.svg', 'page1-117.svg', 'page8-246.svg', 'page4-180.svg', 'page6-226.svg', 'page9-34.svg']",3.0,"looks like a paper hate, or a boat with a small triangle on top",14.0,12.0,"(20,)",page2-165.svg,True
P2G004,exp2_train_and_test_32.json,P2R00966,5,0,page2-131.svg,False,0.5333333333333334,low,single-utterance-unidirectional,P2-018,P2-078,"['page4-232.svg', 'page2-131.svg', 'page7-155.svg', 'page5-233.svg', 'page1-34.svg', 'page5-45.svg', 'page8-217.svg', 'page7-157.svg', 'page7-115.svg', 'page5-155.svg']",12.0,letter T with knob on,5.0,23.0,"(36,)",page2-131.svg,True
P2G039,exp2_train_and_test_4.json,P2R01637,20,3,page5-233.svg,False,1.0,high,single-utterance-unidirectional,P2-022,P2-093,"['page5-233.svg', 'page2-34.svg', 'page9-39.svg', 'page6-21.svg', 'page3-201.svg', 'page6-135.svg', 'page6-124.svg', 'page2-64.svg', 'page5-165.svg', 'page6-1.svg']",6.0,pair of pants,3.0,14.0,"(27,)",page5-233.svg,True
P2G055,exp2_train_and_test_37.json,P2R01090,28,4,page8-18.svg,False,0.3777777777777778,low,single-utterance-unidirectional,P2-110,P2-011,"['page1-185.svg', 'page1-95.svg', 'page7-113.svg', 'page6-121.svg', 'page7-20.svg', 'page7-191.svg', 'page6-107.svg', 'page8-22.svg', 'page8-18.svg', 'page4-96.svg']",12.0,swan,1.0,13.0,"(22,)",page8-18.svg,True
P2G005,exp2_train_and_test_43.json,P2R02266,38,5,page6-107.svg,False,0.7000000000000001,low,single-utterance-unidirectional,P2-006,P2-111,"['page3-59.svg', 'page7-203.svg', 'page7-217.svg', 'page5-155.svg', 'page5-85.svg', 'page8-169.svg', 'page7-157.svg', 'page1-175.svg', 'page6-107.svg', 'page8-234.svg']",6.0,rocket ship,2.0,15.0,"(27,)",page6-107.svg,True
P2G026,exp2_train_and_test_24.json,P2R00915,3,0,page1-133.svg,False,0.5444444444444445,low,single-utterance-unidirectional,P2-057,P2-048,"['page7-44.svg', 'page7-55.svg', 'page6-206.svg', 'page1-48.svg', 'page8-38.svg', 'page5-45.svg', 'page9-40.svg', 'page1-133.svg', 'page-F.svg', 'page4-195.svg']",,,,,,,
P2G002,exp2_train_and_test_15.json,P2R00012,7,1,page6-53.svg,False,0.7742592592592592,low,single-utterance-unidirectional,P2-062,P2-114,"['page4-180.svg', 'page1-172.svg', 'page2-20.svg', 'page5-96.svg', 'page2-114.svg', 'page8-159.svg', 'page6-53.svg', 'page3-70.svg', 'page7-53.svg', 'page7-125.svg']",5.0,it is a man on a throne looking to the left,11.0,14.0,"(16,)",page6-53.svg,True
P2G007,exp2_train_and_test_20.json,P2R00697,24,4,page3-201.svg,False,0.5548148148148148,low,single-utterance-unidirectional,P2-108,P2-074,"['page7-29.svg', 'page7-225.svg', 'page2-64.svg', 'page4-155.svg', 'page5-45.svg', 'page5-154.svg', 'page4-98.svg', 'page7-226.svg', 'page3-201.svg', 'page7-15.svg']",5.0,rabbit on xmas tree,4.0,8.0,"(17,)",page3-201.svg,True
P2G055,exp2_train_and_test_37.json,P2R00653,13,2,page7-191.svg,False,1.0,high,single-utterance-unidirectional,P2-110,P2-011,"['page1-185.svg', 'page1-95.svg', 'page7-113.svg', 'page6-121.svg', 'page7-20.svg', 'page7-191.svg', 'page6-107.svg', 'page8-22.svg', 'page8-18.svg', 'page4-96.svg']",5.0,Kite,1.0,7.0,"(13,)",page7-191.svg,True
P2G044,exp2_train_and_test_39.json,P2R01339,32,5,page9-39.svg,False,0.7407407407407408,low,single-utterance-unidirectional,P2-101,P2-076,"['page2-165.svg', 'page9-39.svg', 'page1-117.svg', 'page4-180.svg', 'page8-246.svg', 'page8-215.svg', 'page1-133.svg', 'page6-226.svg', 'page8-159.svg', 'page9-34.svg']",7.0,like a pipe that you smoke,6.0,16.0,"(38,)",page9-39.svg,True
P2G048,exp2_train_and_test_19.json,P2R01453,17,2,page8-38.svg,False,0.5777777777777778,low,single-utterance-unidirectional,P2-106,P2-085,"['page7-115.svg', 'page2-86.svg', 'page5-71.svg', 'page4-197.svg', 'page7-44.svg', 'page8-18.svg', 'page1-30.svg', 'page1-128.svg', 'page6-135.svg', 'page8-38.svg']",14.0,a proud cat,3.0,18.0,"(23,)",page8-38.svg,True
P2G005,exp2_train_and_test_43.json,P2R00460,4,0,page6-122.svg,False,0.5666666666666667,low,single-utterance-unidirectional,P2-006,P2-111,"['page6-122.svg', 'page9-40.svg', 'page7-226.svg', 'page7-125.svg', 'page8-246.svg', 'page6-160.svg', 'page7-145.svg', 'page5-101.svg', 'page8-183.svg', 'page8-21.svg']",18.0,house with a chimney,4.0,22.0,"(33,)",page6-122.svg,True
P2G029,exp2_train_and_test_14.json,P2R01025,25,4,page5-36.svg,False,1.0,high,single-utterance-unidirectional,P2-099,P2-019,"['page5-36.svg', 'page8-176.svg', 'page7-144.svg', 'page2-86.svg', 'page5-75.svg', 'page7-41.svg', 'page9-34.svg', 'page3-21.svg', 'page7-226.svg', 'page2-20.svg']",2.0,cross on diamond,3.0,6.0,"(16,)",page5-36.svg,True
P2G013,exp2_train_and_test_55.json,P2R00717,0,0,page7-155.svg,False,0.6944444444444445,low,single-utterance-unidirectional,P2-097,P2-109,"['page1-77.svg', 'page3-61.svg', 'page3-59.svg', 'page4-241.svg', 'page5-139.svg', 'page6-107.svg', 'page4-244.svg', 'page7-155.svg', 'page5-128.svg', 'page4-98.svg']",19.0,Two arrows on top of each other pointing to the right,11.0,36.0,"(59,)",,
P2G038,exp2_train_and_test_18.json,P2R00761,15,2,page1-172.svg,False,0.6444444444444445,low,single-utterance-unidirectional,P2-020,P2-107,"['page1-172.svg', 'page4-142.svg', 'page6-123.svg', 'page4-98.svg', 'page8-234.svg', 'page9-23.svg', 'page6-219.svg', 'page7-126.svg', 'page9-32.svg', 'page1-34.svg']",17.0,the letter h with only the top left bent,9.0,22.0,"(34,)",page1-172.svg,True
P2G034,exp2_train_and_test_7.json,P2R01652,11,1,page5-165.svg,False,0.7777777777777777,low,single-utterance-unidirectional,P2-035,P2-031,"['page5-102.svg', 'page2-140.svg', 'page7-117.svg', 'page6-122.svg', 'page5-155.svg', 'page5-165.svg', 'page2-136.svg', 'page2-86.svg', 'page1-34.svg', 'page3-70.svg']",13.0,Looks like a crystal in a cave pointing upwards,9.0,24.0,"(34,)",page5-165.svg,True
P2G034,exp2_train_and_test_7.json,P2R01311,28,4,page5-155.svg,True,0.5777777777777778,low,single-utterance-unidirectional,P2-035,P2-031,"['page5-102.svg', 'page2-140.svg', 'page7-117.svg', 'page6-122.svg', 'page5-155.svg', 'page5-165.svg', 'page2-136.svg', 'page2-86.svg', 'page1-34.svg', 'page3-70.svg']",4.0,Christmas tree with 3 branches on left 1 on right,10.0,21.0,"(32,)",page5-155.svg,True
P2G042,exp2_train_and_test_50.json,P2R00654,38,5,page4-128.svg,False,1.0,high,single-utterance-unidirectional,P2-049,P2-042,"['page4-128.svg', 'page7-107.svg', 'page7-113.svg', 'page3-33.svg', 'page2-100.svg', 'page7-166.svg', 'page6-206.svg', 'page1-149.svg', 'page6-160.svg', 'page2-140.svg']",,,,,,,
P2G015,exp2_train_and_test_16.json,P2R02310,35,5,page4-96.svg,False,1.0,high,single-utterance-unidirectional,P2-047,P2-058,"['page6-167.svg', 'page1-77.svg', 'page4-96.svg', 'page1-175.svg', 'page7-20.svg', 'page1-149.svg', 'page1-133.svg', 'page4-5.svg', 'page3-201.svg', 'page7-4.svg']",6.0,a pipe with the bowl on the left,8.0,21.0,"(43,)",page4-96.svg,True
P2G015,exp2_train_and_test_16.json,P2R00258,9,1,page4-180.svg,False,0.6944444444444445,low,single-utterance-unidirectional,P2-047,P2-058,"['page5-85.svg', 'page5-213.svg', 'page6-1.svg', 'page5-56.svg', 'page1-34.svg', 'page4-180.svg', 'page2-114.svg', 'page2-133.svg', 'page7-79.svg', 'page6-204.svg']",17.0,a V with pointy bottom,5.0,25.0,"(33,)",page4-180.svg,True
P2G058,exp2_train_and_test_2.json,P2R02077,33,5,page9-34.svg,False,1.0,high,single-utterance-unidirectional,P2-077,P2-082,"['page7-177.svg', 'page5-75.svg', 'page6-204.svg', 'page7-35.svg', 'page7-144.svg', 'page4-98.svg', 'page2-131.svg', 'page6-245.svg', 'page9-34.svg', 'page7-115.svg']",5.0,it looks like a person holding out a book to their right but there's no head and the bottom is a slant,22.0,23.0,"(42,)",page5-75.svg,False
P2G025,exp2_train_and_test_9.json,P2R01247,6,1,page8-21.svg,False,0.5000000000000001,low,single-utterance-unidirectional,P2-007,P2-094,"['page4-5.svg', 'page5-36.svg', 'page2-100.svg', 'page5-120.svg', 'page1-97.svg', 'page5-190.svg', 'page6-226.svg', 'page8-21.svg', 'page8-192.svg', 'page7-15.svg']",4.0,"chicken head right, tail left, two legs",7.0,12.0,"(25,)",page8-21.svg,True
P2G039,exp2_train_and_test_4.json,P2R01903,0,0,page5-233.svg,False,1.0,high,single-utterance-unidirectional,P2-093,P2-022,"['page6-1.svg', 'page6-124.svg', 'page2-64.svg', 'page9-39.svg', 'page5-233.svg', 'page6-21.svg', 'page3-201.svg', 'page2-34.svg', 'page6-135.svg', 'page5-165.svg']",11.0,,,,,,
P2G032,exp2_train_and_test_44.json,P2R00990,20,3,page4-96.svg,True,1.0,high,single-utterance-unidirectional,P2-096,P2-102,"['page8-21.svg', 'page4-197.svg', 'page6-53.svg', 'page4-96.svg', 'page2-34.svg', 'page5-101.svg', 'page7-20.svg', 'page5-190.svg', 'page8-22.svg', 'page6-226.svg']",5.0,oil can,2.0,8.0,"(15,)",page4-96.svg,True
P2G057,exp2_train_and_test_10.json,P2R00720,37,5,page7-20.svg,False,1.0,high,single-utterance-unidirectional,P2-084,P2-090,"['page6-167.svg', 'page1-77.svg', 'page4-96.svg', 'page1-175.svg', 'page7-20.svg', 'page1-149.svg', 'page1-133.svg', 'page4-5.svg', 'page3-201.svg', 'page7-4.svg']",13.0,like a escalator pointing towards top right corner,8.0,34.0,"(50,)",page7-20.svg,True
P2G013,exp2_train_and_test_55.json,P2R01232,27,4,page7-155.svg,False,0.6944444444444445,low,single-utterance-unidirectional,P2-097,P2-109,"['page1-77.svg', 'page3-61.svg', 'page3-59.svg', 'page4-241.svg', 'page5-139.svg', 'page6-107.svg', 'page4-244.svg', 'page7-155.svg', 'page5-128.svg', 'page4-98.svg']",10.0,lightning bolt,2.0,25.0,"(34,)",page7-155.svg,True
P2G022,exp2_train_and_test_53.json,P2R01357,13,2,page9-40.svg,False,1.0,high,single-utterance-unidirectional,P2-009,P2-103,"['page8-159.svg', 'page8-58.svg', 'page5-165.svg', 'page7-127.svg', 'page7-157.svg', 'page9-40.svg', 'page3-70.svg', 'page4-232.svg', 'page8-234.svg', 'page5-45.svg']",11.0,fountain,1.0,14.0,"(23,)",page9-40.svg,True
P2G021,exp2_train_and_test_58.json,P2R01055,34,5,page3-33.svg,False,0.6111111111111112,low,single-utterance-unidirectional,P2-064,P2-036,"['page4-128.svg', 'page7-107.svg', 'page7-113.svg', 'page3-33.svg', 'page2-100.svg', 'page7-166.svg', 'page6-206.svg', 'page1-149.svg', 'page6-160.svg', 'page2-140.svg']",6.0,A flag on top of a mountain,7.0,12.0,"(26,)",page3-33.svg,True
P2G044,exp2_train_and_test_39.json,P2R01441,4,0,page5-71.svg,False,0.3833333333333333,low,single-utterance-unidirectional,P2-101,P2-076,"['page5-71.svg', 'page4-190.svg', 'page7-157.svg', 'page5-63.svg', 'page5-101.svg', 'page4-197.svg', 'page5-128.svg', 'page6-167.svg', 'page7-15.svg', 'page8-18.svg']",13.0,looks like a flying bird,5.0,23.0,"(38,)",page5-71.svg,True
P2G054,exp2_train_and_test_38.json,P2R01420,8,1,page7-41.svg,False,0.7555555555555555,low,single-utterance-unidirectional,P2-055,P2-012,"['page6-71.svg', 'page6-135.svg', 'page4-197.svg', 'page2-131.svg', 'page7-41.svg', 'page6-186.svg', 'page6-109.svg', 'page4-98.svg', 'page7-15.svg', 'page6-208.svg']",11.0,a small arrow on top of a boat,8.0,15.0,"(23,)",page7-41.svg,True
P2G059,exp2_train_and_test_59.json,P2R02276,3,0,page7-144.svg,False,1.0,high,single-utterance-unidirectional,P2-004,P2-098,"['page8-159.svg', 'page3-61.svg', 'page7-144.svg', 'page5-102.svg', 'page7-116.svg', 'page6-167.svg', 'page7-157.svg', 'page5-96.svg', 'page7-126.svg', 'page8-56.svg']",10.0,Almost a square but not quite,6.0,16.0,,,
P2G040,exp2_train_and_test_25.json,P2R01922,19,3,page6-21.svg,False,1.0,high,single-utterance-unidirectional,P2-010,P2-021,"['page6-21.svg', 'page2-114.svg', 'page5-128.svg', 'page6-175.svg', 'page7-4.svg', 'page8-246.svg', 'page4-244.svg', 'page5-154.svg', 'page4-98.svg', 'page8-38.svg']",12.0,triangle showing right,3.0,26.0,"(38,)",page7-4.svg,False
P2G006,exp2_train_and_test_51.json,P2R01435,19,3,page2-20.svg,False,1.0,high,single-utterance-unidirectional,P2-050,P2-071,"['page7-157.svg', 'page7-127.svg', 'page5-190.svg', 'page8-246.svg', 'page6-167.svg', 'page8-58.svg', 'page4-155.svg', 'page7-125.svg', 'page2-20.svg', 'page7-15.svg']",13.0,"Trapezium on bottom, two triangles and an arrow",8.0,23.0,"(34,)",page2-20.svg,True
P2G048,exp2_train_and_test_19.json,P2R00479,24,4,page2-86.svg,False,0.7777777777777777,low,single-utterance-unidirectional,P2-106,P2-085,"['page7-115.svg', 'page2-86.svg', 'page5-71.svg', 'page4-197.svg', 'page7-44.svg', 'page8-18.svg', 'page1-30.svg', 'page1-128.svg', 'page6-135.svg', 'page8-38.svg']",5.0,elongated pig head,3.0,11.0,"(17,)",page2-86.svg,True
P2G003,exp2_train_and_test_21.json,P2R01168,10,1,page6-155.svg,False,1.0,high,single-utterance-unidirectional,P2-041,P2-105,"['page1-132.svg', 'page5-101.svg', 'page6-155.svg', 'page4-98.svg', 'page5-120.svg', 'page5-188.svg', 'page7-115.svg', 'page7-191.svg', 'page7-4.svg', 'page8-159.svg']",9.0,a shape like a giraffe facing left,7.0,19.0,"(23,)",page6-155.svg,True
P2G048,exp2_train_and_test_19.json,P2R01693,30,5,page1-175.svg,False,1.0,high,single-utterance-unidirectional,P2-106,P2-085,"['page4-96.svg', 'page1-149.svg', 'page3-201.svg', 'page6-167.svg', 'page1-77.svg', 'page1-133.svg', 'page7-20.svg', 'page4-5.svg', 'page1-175.svg', 'page7-4.svg']",13.0,a diamond,2.0,21.0,"(36,)",page1-175.svg,True
P2G016,exp2_train_and_test_56.json,P2R01276,25,4,page5-40.svg,False,0.7527777777777778,low,single-utterance-unidirectional,P2-003,P2-043,"['page7-29.svg', 'page5-121.svg', 'page1-107.svg', 'page7-125.svg', 'page5-155.svg', 'page4-96.svg', 'page7-35.svg', 'page6-192.svg', 'page8-206.svg', 'page5-40.svg']",6.0,"ship with square, rectangle base, pointy sides",7.0,14.0,"(24,)",page5-40.svg,True
P2G033,exp2_train_and_test_8.json,P2R00014,38,5,page7-177.svg,False,1.0,high,single-utterance-unidirectional,P2-112,P2-095,"['page9-34.svg', 'page7-115.svg', 'page4-98.svg', 'page7-177.svg', 'page7-35.svg', 'page6-245.svg', 'page7-144.svg', 'page2-131.svg', 'page5-75.svg', 'page6-204.svg']",4.0,the letter c backwards with pointy ends and a square on the right side,14.0,23.0,"(30,)",page7-177.svg,True
P2G047,exp2_train_and_test_11.json,P2R00804,22,3,page7-36.svg,False,1.0,high,single-utterance-unidirectional,P2-065,P2-089,"['page6-162.svg', 'page7-226.svg', 'page7-177.svg', 'page8-156.svg', 'page7-53.svg', 'page7-41.svg', 'page7-36.svg', 'page-F.svg', 'page7-145.svg', 'page8-192.svg']",18.0,the weird L shape,4.0,20.0,"(23,)",page7-36.svg,True
P2G014,exp2_train_and_test_27.json,P2R00042,1,0,page7-166.svg,False,1.0,high,single-utterance-unidirectional,P2-118,P2-060,"['page9-39.svg', 'page3-33.svg', 'page5-128.svg', 'page3-139.svg', 'page7-166.svg', 'page3-201.svg', 'page6-160.svg', 'page1-34.svg', 'page2-131.svg', 'page8-166.svg']",20.0,A bowl on a triangle,5.0,25.0,"(34,)",page7-166.svg,True
P2G008,exp2_train_and_test_22.json,P2R00296,13,2,page1-30.svg,False,1.0,high,single-utterance-unidirectional,P2-038,P2-033,"['page4-195.svg', 'page1-30.svg', 'page7-115.svg', 'page6-155.svg', 'page7-226.svg', 'page4-11.svg', 'page5-155.svg', 'page8-217.svg', 'page3-201.svg', 'page7-145.svg']",5.0,symmetrical tree,2.0,10.0,"(13,)",page1-30.svg,True
P2G037,exp2_train_and_test_42.json,P2R00689,9,1,page8-159.svg,False,1.0,high,single-utterance-unidirectional,P2-026,P2-075,"['page6-226.svg', 'page5-96.svg', 'page6-206.svg', 'page7-53.svg', 'page6-71.svg', 'page7-73.svg', 'page8-159.svg', 'page5-128.svg', 'page8-58.svg', 'page1-150.svg']",8.0,letter j,2.0,11.0,"(23,)",page8-159.svg,True
P2G003,exp2_train_and_test_21.json,P2R01830,18,3,page7-191.svg,False,1.0,high,single-utterance-unidirectional,P2-041,P2-105,"['page1-132.svg', 'page5-101.svg', 'page6-155.svg', 'page4-98.svg', 'page5-120.svg', 'page5-188.svg', 'page7-115.svg', 'page7-191.svg', 'page7-4.svg', 'page8-159.svg']",4.0,the large black shape covering the top left with a small triangle poking out on the lower right,18.0,21.0,"(33,)",page7-191.svg,True
P2G020,exp2_train_and_test_31.json,P2R00193,28,4,page5-80.svg,False,0.5555555555555556,low,single-utterance-unidirectional,P2-046,P2-023,"['page5-84.svg', 'page3-201.svg', 'page1-48.svg', 'page9-23.svg', 'page5-75.svg', 'page6-162.svg', 'page4-96.svg', 'page6-52.svg', 'page6-192.svg', 'page5-80.svg']",12.0,black fox,2.0,13.0,"(23,)",page5-80.svg,True
P2G048,exp2_train_and_test_19.json,P2R00543,23,3,page4-197.svg,False,1.0,high,single-utterance-unidirectional,P2-085,P2-106,"['page8-18.svg', 'page7-115.svg', 'page6-135.svg', 'page1-128.svg', 'page2-86.svg', 'page8-38.svg', 'page4-197.svg', 'page7-44.svg', 'page1-30.svg', 'page5-71.svg']",5.0,It looks like a diamond,5.0,9.0,"(14,)",page4-197.svg,True
P2G026,exp2_train_and_test_24.json,P2R00323,31,5,page5-84.svg,False,0.5111111111111112,low,single-utterance-unidirectional,P2-048,P2-057,"['page7-125.svg', 'page8-183.svg', 'page7-157.svg', 'page3-66.svg', 'page5-84.svg', 'page6-31.svg', 'page6-166.svg', 'page5-153.svg', 'page3-70.svg', 'page5-174.svg']",,,,,,,
P2G007,exp2_train_and_test_20.json,P2R02035,14,2,page3-201.svg,False,0.5548148148148148,low,single-utterance-unidirectional,P2-108,P2-074,"['page7-29.svg', 'page7-225.svg', 'page2-64.svg', 'page4-155.svg', 'page5-45.svg', 'page5-154.svg', 'page4-98.svg', 'page7-226.svg', 'page3-201.svg', 'page7-15.svg']",15.0,rabbit on xmas tree,4.0,21.0,"(33,)",page3-201.svg,True
P2G003,exp2_train_and_test_21.json,P2R02227,19,3,page5-120.svg,True,1.0,high,single-utterance-unidirectional,P2-041,P2-105,"['page1-132.svg', 'page5-101.svg', 'page6-155.svg', 'page4-98.svg', 'page5-120.svg', 'page5-188.svg', 'page7-115.svg', 'page7-191.svg', 'page7-4.svg', 'page8-159.svg']",11.0,a shape like a woodpecker facing to the left. A skewed diamond as the body.,15.0,34.0,"(51,)",page5-101.svg,False
P2G058,exp2_train_and_test_2.json,P2R00085,2,0,page4-190.svg,True,1.0,high,single-utterance-unidirectional,P2-077,P2-082,"['page6-121.svg', 'page7-41.svg', 'page1-132.svg', 'page7-117.svg', 'page5-102.svg', 'page3-66.svg', 'page7-81.svg', 'page8-58.svg', 'page7-15.svg', 'page4-190.svg']",5.0,It looks like a hedgehog with three spikes on its back,11.0,13.0,"(21,)",page4-190.svg,True
P2G058,exp2_train_and_test_2.json,P2R01244,22,3,page7-15.svg,False,0.5935185185185186,low,single-utterance-unidirectional,P2-077,P2-082,"['page6-121.svg', 'page7-41.svg', 'page1-132.svg', 'page7-117.svg', 'page5-102.svg', 'page3-66.svg', 'page7-81.svg', 'page8-58.svg', 'page7-15.svg', 'page4-190.svg']",3.0,mountains,1.0,4.0,"(8,)",page7-15.svg,True
P2G047,exp2_train_and_test_11.json,P2R02304,17,2,page7-41.svg,False,0.7555555555555555,low,single-utterance-unidirectional,P2-089,P2-065,"['page8-156.svg', 'page8-192.svg', 'page6-162.svg', 'page7-53.svg', 'page7-145.svg', 'page7-177.svg', 'page7-226.svg', 'page-F.svg', 'page7-41.svg', 'page7-36.svg']",4.0,House boat,2.0,7.0,"(12,)",page7-41.svg,True
P2G049,exp2_train_and_test_41.json,P2R00027,13,2,page7-36.svg,False,1.0,high,single-utterance-unidirectional,P2-070,P2-013,"['page8-38.svg', 'page6-192.svg', 'page7-35.svg', 'page7-36.svg', 'page4-98.svg', 'page3-70.svg', 'page5-154.svg', 'page7-79.svg', 'page8-246.svg', 'page4-108.svg']",8.0,The one with two squares and an upper bit on the left.,12.0,29.0,"(42,)",page7-36.svg,True
P2G016,exp2_train_and_test_56.json,P2R02099,8,1,page7-29.svg,True,1.0,high,single-utterance-unidirectional,P2-043,P2-003,"['page6-192.svg', 'page4-96.svg', 'page5-155.svg', 'page5-121.svg', 'page7-35.svg', 'page5-40.svg', 'page7-29.svg', 'page7-125.svg', 'page1-107.svg', 'page8-206.svg']",21.0,a cross between a lightening bolt and fox. very spiky image,11.0,38.0,"(47,)",page7-29.svg,True
P2G030,exp2_train_and_test_35.json,P2R00687,35,5,page6-226.svg,False,1.0,high,single-utterance-unidirectional,P2-002,P2-044,"['page8-159.svg', 'page1-133.svg', 'page9-39.svg', 'page2-165.svg', 'page8-215.svg', 'page1-117.svg', 'page8-246.svg', 'page4-180.svg', 'page6-226.svg', 'page9-34.svg']",14.0,"two diamonds jointed together, one with a rectangle on top",10.0,29.0,"(36,)",page6-226.svg,True
P2G032,exp2_train_and_test_44.json,P2R01659,19,3,page6-226.svg,False,1.0,high,single-utterance-unidirectional,P2-096,P2-102,"['page8-21.svg', 'page4-197.svg', 'page6-53.svg', 'page4-96.svg', 'page2-34.svg', 'page5-101.svg', 'page7-20.svg', 'page5-190.svg', 'page8-22.svg', 'page6-226.svg']",16.0,2 squares tube behind,4.0,21.0,"(24,)",page6-226.svg,True
P2G052,exp2_train_and_test_30.json,P2R01568,16,2,page8-156.svg,False,1.0,high,single-utterance-unidirectional,P2-061,P2-030,"['page1-172.svg', 'page6-166.svg', 'page6-245.svg', 'page4-155.svg', 'page5-101.svg', 'page3-201.svg', 'page8-156.svg', 'page6-21.svg', 'page2-34.svg', 'page2-136.svg']",5.0,letter K,2.0,10.0,"(16,)",page8-156.svg,True
P2G005,exp2_train_and_test_43.json,P2R02122,23,3,page6-160.svg,False,0.5592592592592593,low,single-utterance-unidirectional,P2-111,P2-006,"['page8-246.svg', 'page7-125.svg', 'page6-122.svg', 'page7-226.svg', 'page7-145.svg', 'page8-21.svg', 'page5-101.svg', 'page6-160.svg', 'page9-40.svg', 'page8-183.svg']",12.0,fish bubble,2.0,15.0,"(24,)",page6-160.svg,True
P2G004,exp2_train_and_test_32.json,P2R01081,35,5,page6-226.svg,False,1.0,high,single-utterance-unidirectional,P2-078,P2-018,"['page8-159.svg', 'page1-133.svg', 'page9-39.svg', 'page2-165.svg', 'page8-215.svg', 'page1-117.svg', 'page8-246.svg', 'page4-180.svg', 'page6-226.svg', 'page9-34.svg']",9.0,Two interlocking squares with a chimney,6.0,22.0,"(34,)",page6-226.svg,True
P2G051,exp2_train_and_test_5.json,P2R00589,34,5,page7-35.svg,False,0.7333333333333334,low,single-utterance-unidirectional,P2-016,P2-051,"['page9-34.svg', 'page7-115.svg', 'page4-98.svg', 'page7-177.svg', 'page7-35.svg', 'page6-245.svg', 'page7-144.svg', 'page2-131.svg', 'page5-75.svg', 'page6-204.svg']",5.0,kind of looks like a boat,6.0,15.0,"(19,)",page7-35.svg,True
P2G057,exp2_train_and_test_10.json,P2R01142,36,5,page7-4.svg,False,0.6555555555555556,low,single-utterance-unidirectional,P2-090,P2-084,"['page4-96.svg', 'page1-149.svg', 'page3-201.svg', 'page6-167.svg', 'page1-77.svg', 'page1-133.svg', 'page7-20.svg', 'page4-5.svg', 'page1-175.svg', 'page7-4.svg']",24.0,looks like a rhino,4.0,39.0,"(55,)",page7-4.svg,True
P2G010,exp2_train_and_test_17.json,P2R01516,15,2,page8-221.svg,False,1.0,high,single-utterance-unidirectional,P2-092,P2-068,"['page7-155.svg', 'page7-144.svg', 'page8-221.svg', 'page8-22.svg', 'page6-208.svg', 'page1-107.svg', 'page6-1.svg', 'page5-121.svg', 'page7-41.svg', 'page7-15.svg']",5.0,2 downward spikes with square on right,7.0,13.0,"(26,)",page8-221.svg,True
P2G032,exp2_train_and_test_44.json,P2R01957,6,1,page2-34.svg,False,0.7611111111111111,low,single-utterance-unidirectional,P2-096,P2-102,"['page8-21.svg', 'page4-197.svg', 'page6-53.svg', 'page4-96.svg', 'page2-34.svg', 'page5-101.svg', 'page7-20.svg', 'page5-190.svg', 'page8-22.svg', 'page6-226.svg']",12.0,like a tap not the oil can looking one,9.0,23.0,"(43,)",page4-96.svg,False
P2G018,exp2_train_and_test_57.json,P2R01431,20,3,page7-217.svg,False,1.0,high,single-utterance-unidirectional,P2-083,P2-067,"['page7-20.svg', 'page3-139.svg', 'page8-22.svg', 'page5-102.svg', 'page4-195.svg', 'page7-217.svg', 'page5-26.svg', 'page7-40.svg', 'page9-40.svg', 'page5-232.svg']",11.0,"long flat bottom, the top section has a single part on the top left which sticks out",17.0,36.0,"(49,)",page7-217.svg,True
P2G051,exp2_train_and_test_5.json,P2R02255,30,5,page7-144.svg,False,1.0,high,single-utterance-unidirectional,P2-016,P2-051,"['page9-34.svg', 'page7-115.svg', 'page4-98.svg', 'page7-177.svg', 'page7-35.svg', 'page6-245.svg', 'page7-144.svg', 'page2-131.svg', 'page5-75.svg', 'page6-204.svg']",19.0,weird circle shape on top of a trapezium,8.0,34.0,"(45,)",page7-144.svg,True
P2G008,exp2_train_and_test_22.json,P2R00772,7,1,page4-195.svg,False,1.0,high,single-utterance-unidirectional,P2-033,P2-038,"['page7-145.svg', 'page4-11.svg', 'page8-217.svg', 'page7-226.svg', 'page7-115.svg', 'page1-30.svg', 'page4-195.svg', 'page5-155.svg', 'page3-201.svg', 'page6-155.svg']",10.0,can opener,2.0,13.0,"(22,)",page4-195.svg,True
P2G007,exp2_train_and_test_20.json,P2R01115,18,3,page7-226.svg,True,1.0,high,single-utterance-unidirectional,P2-074,P2-108,"['page7-15.svg', 'page7-29.svg', 'page3-201.svg', 'page2-64.svg', 'page4-155.svg', 'page7-226.svg', 'page5-154.svg', 'page4-98.svg', 'page5-45.svg', 'page7-225.svg']",23.0,hang glider,2.0,31.0,"(49,)",page7-226.svg,True
P2G052,exp2_train_and_test_30.json,P2R02234,17,2,page1-172.svg,False,0.6444444444444445,low,single-utterance-unidirectional,P2-061,P2-030,"['page1-172.svg', 'page6-166.svg', 'page6-245.svg', 'page4-155.svg', 'page5-101.svg', 'page3-201.svg', 'page8-156.svg', 'page6-21.svg', 'page2-34.svg', 'page2-136.svg']",11.0,lowercase h,2.0,21.0,"(34,)",page1-172.svg,True
P2G055,exp2_train_and_test_37.json,P2R00615,24,4,page4-96.svg,True,1.0,high,single-utterance-unidirectional,P2-011,P2-110,"['page8-22.svg', 'page7-20.svg', 'page1-185.svg', 'page6-121.svg', 'page4-96.svg', 'page1-95.svg', 'page7-113.svg', 'page6-107.svg', 'page8-18.svg', 'page7-191.svg']",7.0,upside down hat with an arm coming out the right side,11.0,18.0,"(24,)",page4-96.svg,True
P2G011,exp2_train_and_test_36.json,P2R01033,1,0,page7-116.svg,True,1.0,high,single-utterance-unidirectional,P2-073,P2-014,"['page3-61.svg', 'page7-116.svg', 'page5-75.svg', 'page9-32.svg', 'page3-201.svg', 'page2-100.svg', 'page8-183.svg', 'page5-26.svg', 'page3-66.svg', 'page3-163.svg']",14.0,a diamond with a triangle either side,7.0,28.0,"(40,)",page7-116.svg,True
P2G022,exp2_train_and_test_53.json,P2R02331,4,0,page7-157.svg,False,0.6037037037037036,low,single-utterance-unidirectional,P2-009,P2-103,"['page8-159.svg', 'page8-58.svg', 'page5-165.svg', 'page7-127.svg', 'page7-157.svg', 'page9-40.svg', 'page3-70.svg', 'page4-232.svg', 'page8-234.svg', 'page5-45.svg']",16.0,diamon,1.0,17.0,"(24,)",page7-157.svg,True
P2G037,exp2_train_and_test_42.json,P2R02193,26,4,page1-150.svg,False,1.0,high,single-utterance-unidirectional,P2-075,P2-026,"['page8-58.svg', 'page5-96.svg', 'page8-159.svg', 'page7-53.svg', 'page1-150.svg', 'page6-226.svg', 'page7-73.svg', 'page6-206.svg', 'page5-128.svg', 'page6-71.svg']",9.0,funnel,1.0,11.0,"(24,)",page1-150.svg,True
P2G011,exp2_train_and_test_36.json,P2R01071,6,1,page5-75.svg,False,0.6944444444444444,low,single-utterance-unidirectional,P2-073,P2-014,"['page3-61.svg', 'page7-116.svg', 'page5-75.svg', 'page9-32.svg', 'page3-201.svg', 'page2-100.svg', 'page8-183.svg', 'page5-26.svg', 'page3-66.svg', 'page3-163.svg']",7.0,bird,1.0,10.0,"(25,)",page5-75.svg,True
P2G034,exp2_train_and_test_7.json,P2R00446,15,2,page2-136.svg,False,1.0,high,single-utterance-unidirectional,P2-031,P2-035,"['page2-86.svg', 'page5-165.svg', 'page3-70.svg', 'page6-122.svg', 'page5-102.svg', 'page7-117.svg', 'page2-140.svg', 'page1-34.svg', 'page2-136.svg', 'page5-155.svg']",5.0,handheld vacuum pointing NE,4.0,21.0,"(35,)",page2-136.svg,True
P2G025,exp2_train_and_test_9.json,P2R00667,31,5,page6-204.svg,False,1.0,high,single-utterance-unidirectional,P2-007,P2-094,"['page7-177.svg', 'page5-75.svg', 'page6-204.svg', 'page7-35.svg', 'page7-144.svg', 'page4-98.svg', 'page2-131.svg', 'page6-245.svg', 'page9-34.svg', 'page7-115.svg']",4.0,"image top row, right hand side",6.0,15.0,"(24,)",page4-98.svg,False
P2G047,exp2_train_and_test_11.json,P2R02353,0,0,page-F.svg,False,0.6685185185185186,low,single-utterance-unidirectional,P2-089,P2-065,"['page8-156.svg', 'page8-192.svg', 'page6-162.svg', 'page7-53.svg', 'page7-145.svg', 'page7-177.svg', 'page7-226.svg', 'page-F.svg', 'page7-41.svg', 'page7-36.svg']",15.0,A person sitting with their back to the wall looking a little down and to the left.,17.0,33.0,"(55,)",page-F.svg,True
P2G031,exp2_train_and_test_1.json,P2R01809,7,1,page6-171.svg,False,0.4148148148148148,low,single-utterance-unidirectional,P2-017,P2-032,"['page3-70.svg', 'page8-21.svg', 'page5-101.svg', 'page2-165.svg', 'page1-95.svg', 'page8-156.svg', 'page7-40.svg', 'page6-171.svg', 'page3-61.svg', 'page7-29.svg']",10.0,man strolling to right,4.0,12.0,"(14,)",page6-171.svg,True
P2G027,exp2_train_and_test_49.json,P2R00814,24,4,page8-192.svg,True,0.6444444444444446,low,single-utterance-unidirectional,P2-063,P2-113,"['page8-192.svg', 'page5-80.svg', 'page7-115.svg', 'page2-140.svg', 'page8-18.svg', 'page7-44.svg', 'page7-186.svg', 'page5-153.svg', 'page2-85.svg', 'page2-114.svg']",9.0,Horse,1.0,12.0,"(23,)",page8-192.svg,True
P2G045,exp2_train_and_test_34.json,P2R00130,0,0,page4-155.svg,False,0.3777777777777779,low,single-utterance-unidirectional,P2-087,P2-054,"['page7-127.svg', 'page5-66.svg', 'page4-155.svg', 'page7-117.svg', 'page2-16.svg', 'page6-219.svg', 'page1-172.svg', 'page7-202.svg', 'page9-32.svg', 'page8-38.svg']",20.0,a horizontal worm shape,4.0,30.0,"(43,)",page4-155.svg,True
P2G036,exp2_train_and_test_45.json,P2R01503,9,1,page7-216.svg,False,1.0,high,single-utterance-unidirectional,P2-052,P2-091,"['page7-144.svg', 'page7-22.svg', 'page7-115.svg', 'page9-34.svg', 'page6-31.svg', 'page8-22.svg', 'page2-36.svg', 'page7-216.svg', 'page1-185.svg', 'page7-107.svg']",,,,,,,
P2G025,exp2_train_and_test_9.json,P2R00855,24,4,page5-120.svg,False,1.0,high,single-utterance-unidirectional,P2-094,P2-007,"['page4-5.svg', 'page2-100.svg', 'page5-36.svg', 'page5-120.svg', 'page5-190.svg', 'page1-97.svg', 'page8-21.svg', 'page7-15.svg', 'page8-192.svg', 'page6-226.svg']",7.0,diaganol sword,2.0,21.0,"(25,)",page5-120.svg,True
P2G044,exp2_train_and_test_39.json,P2R00395,15,2,page5-128.svg,False,0.9925925925925926,high,single-utterance-unidirectional,P2-101,P2-076,"['page5-71.svg', 'page4-190.svg', 'page7-157.svg', 'page5-63.svg', 'page5-101.svg', 'page4-197.svg', 'page5-128.svg', 'page6-167.svg', 'page7-15.svg', 'page8-18.svg']",13.0,hooked finger,2.0,17.0,"(23,)",page5-128.svg,True
P2G050,exp2_train_and_test_47.json,P2R00418,10,1,page3-201.svg,False,0.5548148148148148,low,single-utterance-unidirectional,P2-039,P2-053,"['page8-182.svg', 'page5-139.svg', 'page6-1.svg', 'page7-127.svg', 'page5-56.svg', 'page3-201.svg', 'page7-125.svg', 'page5-84.svg', 'page6-162.svg', 'page8-206.svg']",11.0,Bunny made of triangles and one diamond,7.0,21.0,"(35,)",page3-201.svg,True
P2G009,exp2_train_and_test_3.json,P2R00098,5,0,page7-126.svg,False,0.6666666666666667,low,single-utterance-unidirectional,P2-117,P2-024,"['page5-165.svg', 'page5-101.svg', 'page2-86.svg', 'page6-166.svg', 'page7-126.svg', 'page8-169.svg', 'page4-180.svg', 'page6-167.svg', 'page3-139.svg', 'page1-117.svg']",9.0,bird shape,2.0,12.0,"(26,)",page7-126.svg,True
P2G010,exp2_train_and_test_17.json,P2R00886,23,3,page7-155.svg,True,0.6944444444444445,low,single-utterance-unidirectional,P2-068,P2-092,"['page1-107.svg', 'page7-144.svg', 'page7-41.svg', 'page6-1.svg', 'page7-15.svg', 'page8-221.svg', 'page5-121.svg', 'page6-208.svg', 'page8-22.svg', 'page7-155.svg']",6.0,looks like a lightning bolt,5.0,10.0,"(17,)",page7-155.svg,True
P2G042,exp2_train_and_test_50.json,P2R00173,17,2,page8-169.svg,False,1.0,high,single-utterance-unidirectional,P2-049,P2-042,"['page3-21.svg', 'page2-136.svg', 'page5-56.svg', 'page8-169.svg', 'page6-204.svg', 'page1-95.svg', 'page6-31.svg', 'page8-58.svg', 'page2-165.svg', 'page1-175.svg']",,,,,,,
P2G029,exp2_train_and_test_14.json,P2R00879,9,1,page3-21.svg,False,0.736111111111111,low,single-utterance-unidirectional,P2-019,P2-099,"['page9-34.svg', 'page5-36.svg', 'page7-41.svg', 'page5-75.svg', 'page3-21.svg', 'page2-20.svg', 'page7-226.svg', 'page8-176.svg', 'page2-86.svg', 'page7-144.svg']",9.0,"snake, but not a ""Z""",5.0,18.0,"(23,)",page3-21.svg,True
P2G002,exp2_train_and_test_15.json,P2R00862,12,2,page1-172.svg,False,0.6444444444444445,low,single-utterance-unidirectional,P2-114,P2-062,"['page7-53.svg', 'page6-53.svg', 'page3-70.svg', 'page2-20.svg', 'page1-172.svg', 'page7-125.svg', 'page5-96.svg', 'page8-159.svg', 'page2-114.svg', 'page4-180.svg']",7.0,a giraffe,2.0,9.0,"(13,)",page1-172.svg,True
P2G054,exp2_train_and_test_38.json,P2R00796,11,1,page2-131.svg,False,0.5333333333333334,low,single-utterance-unidirectional,P2-055,P2-012,"['page6-71.svg', 'page6-135.svg', 'page4-197.svg', 'page2-131.svg', 'page7-41.svg', 'page6-186.svg', 'page6-109.svg', 'page4-98.svg', 'page7-15.svg', 'page6-208.svg']",11.0,looks like a hammer,4.0,13.0,"(22,)",page2-131.svg,True
P2G019,exp2_train_and_test_26.json,P2R02043,1,0,page1-77.svg,False,0.6833333333333333,low,single-utterance-unidirectional,P2-069,P2-034,"['page1-34.svg', 'page1-77.svg', 'page6-123.svg', 'page1-149.svg', 'page3-59.svg', 'page5-128.svg', 'page2-86.svg', 'page2-165.svg', 'page2-133.svg', 'page2-34.svg']",10.0,Looks like a sword in it's sheath,7.0,23.0,"(26,)",page1-77.svg,True
P2G037,exp2_train_and_test_42.json,P2R02330,16,2,page8-159.svg,False,1.0,high,single-utterance-unidirectional,P2-075,P2-026,"['page8-58.svg', 'page5-96.svg', 'page8-159.svg', 'page7-53.svg', 'page1-150.svg', 'page6-226.svg', 'page7-73.svg', 'page6-206.svg', 'page5-128.svg', 'page6-71.svg']",5.0,letter J,2.0,9.0,"(20,)",page8-159.svg,True
P2G027,exp2_train_and_test_49.json,P2R00051,20,3,page7-44.svg,False,1.0,high,single-utterance-unidirectional,P2-063,P2-113,"['page8-192.svg', 'page5-80.svg', 'page7-115.svg', 'page2-140.svg', 'page8-18.svg', 'page7-44.svg', 'page7-186.svg', 'page5-153.svg', 'page2-85.svg', 'page2-114.svg']",5.0,Square with triangle legs,4.0,11.0,"(25,)",page7-44.svg,True
P2G014,exp2_train_and_test_27.json,P2R02081,4,0,page3-139.svg,False,0.9935185185185184,high,single-utterance-unidirectional,P2-118,P2-060,"['page9-39.svg', 'page3-33.svg', 'page5-128.svg', 'page3-139.svg', 'page7-166.svg', 'page3-201.svg', 'page6-160.svg', 'page1-34.svg', 'page2-131.svg', 'page8-166.svg']",36.0,,,,,,
P2G006,exp2_train_and_test_51.json,P2R00487,29,4,page7-127.svg,False,0.6222222222222222,low,single-utterance-unidirectional,P2-071,P2-050,"['page7-127.svg', 'page2-20.svg', 'page7-157.svg', 'page8-246.svg', 'page8-58.svg', 'page7-15.svg', 'page6-167.svg', 'page4-155.svg', 'page5-190.svg', 'page7-125.svg']",5.0,bird flying left,3.0,10.0,"(12,)",page7-127.svg,True
P2G033,exp2_train_and_test_8.json,P2R01439,33,5,page9-34.svg,False,1.0,high,single-utterance-unidirectional,P2-095,P2-112,"['page7-177.svg', 'page5-75.svg', 'page6-204.svg', 'page7-35.svg', 'page7-144.svg', 'page4-98.svg', 'page2-131.svg', 'page6-245.svg', 'page9-34.svg', 'page7-115.svg']",8.0,a large diamond shape on the side with a triangle on the top - flat side up and a smaller rectangle stickingoff the side,24.0,38.0,"(60,)",page9-34.svg,True
P2G002,exp2_train_and_test_15.json,P2R01916,0,0,page1-172.svg,False,0.6444444444444445,low,single-utterance-unidirectional,P2-114,P2-062,"['page7-53.svg', 'page6-53.svg', 'page3-70.svg', 'page2-20.svg', 'page1-172.svg', 'page7-125.svg', 'page5-96.svg', 'page8-159.svg', 'page2-114.svg', 'page4-180.svg']",10.0,It is a giraffe looking to the left,8.0,19.0,"(25,)",page1-172.svg,True
P2G026,exp2_train_and_test_24.json,P2R00197,33,5,page6-166.svg,False,1.0,high,single-utterance-unidirectional,P2-048,P2-057,"['page7-125.svg', 'page8-183.svg', 'page7-157.svg', 'page3-66.svg', 'page5-84.svg', 'page6-31.svg', 'page6-166.svg', 'page5-153.svg', 'page3-70.svg', 'page5-174.svg']",,,,,,,
P2G025,exp2_train_and_test_9.json,P2R01544,14,2,page7-15.svg,False,0.5935185185185186,low,single-utterance-unidirectional,P2-094,P2-007,"['page4-5.svg', 'page2-100.svg', 'page5-36.svg', 'page5-120.svg', 'page5-190.svg', 'page1-97.svg', 'page8-21.svg', 'page7-15.svg', 'page8-192.svg', 'page6-226.svg']",6.0,"smaller crown, flatter",3.0,13.0,"(23,)",page7-15.svg,True
P2G015,exp2_train_and_test_16.json,P2R01539,19,3,page5-213.svg,False,0.7148148148148149,low,single-utterance-unidirectional,P2-047,P2-058,"['page5-85.svg', 'page5-213.svg', 'page6-1.svg', 'page5-56.svg', 'page1-34.svg', 'page4-180.svg', 'page2-114.svg', 'page2-133.svg', 'page7-79.svg', 'page6-204.svg']",10.0,a man walking to the right,6.0,13.0,"(22,)",page5-213.svg,True
P2G014,exp2_train_and_test_27.json,P2R00493,9,1,page9-39.svg,True,0.7407407407407408,low,single-utterance-unidirectional,P2-060,P2-118,"['page6-160.svg', 'page7-166.svg', 'page3-139.svg', 'page1-34.svg', 'page3-201.svg', 'page8-166.svg', 'page2-131.svg', 'page3-33.svg', 'page9-39.svg', 'page5-128.svg']",6.0,a tobacco pipe,3.0,14.0,"(22,)",page9-39.svg,True
P2G014,exp2_train_and_test_27.json,P2R00272,2,0,page3-33.svg,False,0.6111111111111112,low,single-utterance-unidirectional,P2-118,P2-060,"['page9-39.svg', 'page3-33.svg', 'page5-128.svg', 'page3-139.svg', 'page7-166.svg', 'page3-201.svg', 'page6-160.svg', 'page1-34.svg', 'page2-131.svg', 'page8-166.svg']",15.0,a banner ontop of a mountain range made up of three mountains,12.0,26.0,"(36,)",page3-33.svg,True
P2G013,exp2_train_and_test_55.json,P2R00929,39,5,page2-140.svg,False,1.0,high,single-utterance-unidirectional,P2-109,P2-097,"['page6-206.svg', 'page7-113.svg', 'page7-166.svg', 'page2-100.svg', 'page3-33.svg', 'page2-140.svg', 'page6-160.svg', 'page4-128.svg', 'page1-149.svg', 'page7-107.svg']",3.0,looks like Batman smoking a pipe,6.0,10.0,"(31,)",page2-140.svg,True
P2G048,exp2_train_and_test_19.json,P2R01959,3,0,page8-38.svg,False,0.5777777777777778,low,single-utterance-unidirectional,P2-106,P2-085,"['page7-115.svg', 'page2-86.svg', 'page5-71.svg', 'page4-197.svg', 'page7-44.svg', 'page8-18.svg', 'page1-30.svg', 'page1-128.svg', 'page6-135.svg', 'page8-38.svg']",18.0,like a cat standing proud,5.0,25.0,"(38,)",page8-38.svg,True
P2G010,exp2_train_and_test_17.json,P2R01688,20,3,page7-41.svg,False,0.7555555555555555,low,single-utterance-unidirectional,P2-068,P2-092,"['page1-107.svg', 'page7-144.svg', 'page7-41.svg', 'page6-1.svg', 'page7-15.svg', 'page8-221.svg', 'page5-121.svg', 'page6-208.svg', 'page8-22.svg', 'page7-155.svg']",7.0,house on a boat,4.0,9.0,"(13,)",page7-41.svg,True
P2G003,exp2_train_and_test_21.json,P2R00792,28,4,page7-191.svg,False,1.0,high,single-utterance-unidirectional,P2-105,P2-041,"['page7-115.svg', 'page1-132.svg', 'page6-155.svg', 'page5-120.svg', 'page5-188.svg', 'page7-191.svg', 'page7-4.svg', 'page8-159.svg', 'page5-101.svg', 'page4-98.svg']",11.0,Big triangle with little triangle pointing right,7.0,20.0,"(35,)",page7-191.svg,True
P2G047,exp2_train_and_test_11.json,P2R01451,30,5,page1-175.svg,False,1.0,high,single-utterance-unidirectional,P2-089,P2-065,"['page4-96.svg', 'page1-149.svg', 'page3-201.svg', 'page6-167.svg', 'page1-77.svg', 'page1-133.svg', 'page7-20.svg', 'page4-5.svg', 'page1-175.svg', 'page7-4.svg']",14.0,A wonky square,3.0,20.0,"(34,)",page1-175.svg,True
P2G058,exp2_train_and_test_2.json,P2R02073,11,1,page7-117.svg,True,1.0,high,single-utterance-unidirectional,P2-077,P2-082,"['page6-121.svg', 'page7-41.svg', 'page1-132.svg', 'page7-117.svg', 'page5-102.svg', 'page3-66.svg', 'page7-81.svg', 'page8-58.svg', 'page7-15.svg', 'page4-190.svg']",3.0,it looks like a wine glass with a rectangle under the drinking part,13.0,24.0,"(28,)",page7-117.svg,True
P2G009,exp2_train_and_test_3.json,P2R00588,29,4,page8-169.svg,False,1.0,high,single-utterance-unidirectional,P2-117,P2-024,"['page5-165.svg', 'page5-101.svg', 'page2-86.svg', 'page6-166.svg', 'page7-126.svg', 'page8-169.svg', 'page4-180.svg', 'page6-167.svg', 'page3-139.svg', 'page1-117.svg']",9.0,crescent moon,2.0,13.0,"(22,)",page8-169.svg,True
P2G023,exp2_train_and_test_40.json,P2R01623,32,5,page3-59.svg,False,1.0,high,single-utterance-unidirectional,P2-056,P2-081,"['page3-59.svg', 'page7-203.svg', 'page7-217.svg', 'page5-155.svg', 'page5-85.svg', 'page8-169.svg', 'page7-157.svg', 'page1-175.svg', 'page6-107.svg', 'page8-234.svg']",8.0,"point facing left, and a long point facing down",9.0,29.0,"(46,)",page3-59.svg,True
P2G046,exp2_train_and_test_46.json,P2R02121,5,0,page2-34.svg,True,0.7611111111111111,low,single-utterance-unidirectional,P2-008,P2-079,"['page6-166.svg', 'page5-153.svg', 'page4-197.svg', 'page8-182.svg', 'page2-86.svg', 'page8-156.svg', 'page8-22.svg', 'page9-34.svg', 'page2-20.svg', 'page2-34.svg']",19.0,A tap,2.0,25.0,"(45,)",page9-34.svg,False
P2G058,exp2_train_and_test_2.json,P2R00076,20,3,page1-132.svg,False,0.6666666666666667,low,single-utterance-unidirectional,P2-077,P2-082,"['page6-121.svg', 'page7-41.svg', 'page1-132.svg', 'page7-117.svg', 'page5-102.svg', 'page3-66.svg', 'page7-81.svg', 'page8-58.svg', 'page7-15.svg', 'page4-190.svg']",3.0,spanner,1.0,4.0,"(7,)",page1-132.svg,True
P2G052,exp2_train_and_test_30.json,P2R01198,14,2,page3-201.svg,False,0.5548148148148148,low,single-utterance-unidirectional,P2-061,P2-030,"['page1-172.svg', 'page6-166.svg', 'page6-245.svg', 'page4-155.svg', 'page5-101.svg', 'page3-201.svg', 'page8-156.svg', 'page6-21.svg', 'page2-34.svg', 'page2-136.svg']",9.0,Looks like a bunny head on top of 2 stacked triangles,11.0,24.0,"(35,)",page3-201.svg,True
P2G042,exp2_train_and_test_50.json,P2R00931,24,4,page3-21.svg,False,0.736111111111111,low,single-utterance-unidirectional,P2-049,P2-042,"['page3-21.svg', 'page2-136.svg', 'page5-56.svg', 'page8-169.svg', 'page6-204.svg', 'page1-95.svg', 'page6-31.svg', 'page8-58.svg', 'page2-165.svg', 'page1-175.svg']",,,,,,,
P2G042,exp2_train_and_test_50.json,P2R02206,11,1,page6-31.svg,False,0.5333333333333334,low,single-utterance-unidirectional,P2-042,P2-049,"['page1-175.svg', 'page1-95.svg', 'page5-56.svg', 'page8-58.svg', 'page3-21.svg', 'page8-169.svg', 'page6-204.svg', 'page6-31.svg', 'page2-165.svg', 'page2-136.svg']",15.0,base triange crown,3.0,18.0,,,
P2G033,exp2_train_and_test_8.json,P2R02344,3,0,page6-219.svg,False,1.0,high,single-utterance-unidirectional,P2-112,P2-095,"['page5-45.svg', 'page5-26.svg', 'page5-96.svg', 'page3-61.svg', 'page4-190.svg', 'page8-166.svg', 'page8-234.svg', 'page6-219.svg', 'page7-4.svg', 'page7-15.svg']",6.0,"a rectangle with a square at the bottom, and then a diamond shape at the bottom on that",18.0,36.0,"(49,)",page6-219.svg,True
P2G035,exp2_train_and_test_12.json,P2R00572,25,4,page4-195.svg,True,1.0,high,single-utterance-unidirectional,P2-029,P2-040,"['page7-35.svg', 'page4-195.svg', 'page5-128.svg', 'page9-34.svg', 'page2-190.svg', 'page6-226.svg', 'page7-40.svg', 'page7-113.svg', 'page2-34.svg', 'page6-162.svg']",,,,,,,
P2G022,exp2_train_and_test_53.json,P2R01145,30,5,page1-149.svg,False,1.0,high,single-utterance-unidirectional,P2-009,P2-103,"['page4-128.svg', 'page7-107.svg', 'page7-113.svg', 'page3-33.svg', 'page2-100.svg', 'page7-166.svg', 'page6-206.svg', 'page1-149.svg', 'page6-160.svg', 'page2-140.svg']",4.0,fountan,1.0,5.0,"(16,)",page1-149.svg,True
P2G009,exp2_train_and_test_3.json,P2R02118,1,0,page5-165.svg,True,0.7777777777777777,low,single-utterance-unidirectional,P2-024,P2-117,"['page2-86.svg', 'page7-126.svg', 'page5-101.svg', 'page8-169.svg', 'page3-139.svg', 'page6-166.svg', 'page6-167.svg', 'page4-180.svg', 'page5-165.svg', 'page1-117.svg']",10.0,,,,,,
P2G054,exp2_train_and_test_38.json,P2R00442,4,0,page6-71.svg,True,1.0,high,single-utterance-unidirectional,P2-055,P2-012,"['page6-71.svg', 'page6-135.svg', 'page4-197.svg', 'page2-131.svg', 'page7-41.svg', 'page6-186.svg', 'page6-109.svg', 'page4-98.svg', 'page7-15.svg', 'page6-208.svg']",5.0,its the M shape next to the W,8.0,10.0,"(31,)",page6-71.svg,True
P2G034,exp2_train_and_test_7.json,P2R01102,36,5,page5-75.svg,False,0.6944444444444444,low,single-utterance-unidirectional,P2-031,P2-035,"['page9-34.svg', 'page7-115.svg', 'page4-98.svg', 'page7-177.svg', 'page7-35.svg', 'page6-245.svg', 'page7-144.svg', 'page2-131.svg', 'page5-75.svg', 'page6-204.svg']",,,,,,,
P2G048,exp2_train_and_test_19.json,P2R00747,16,2,page2-86.svg,False,0.7777777777777777,low,single-utterance-unidirectional,P2-106,P2-085,"['page7-115.svg', 'page2-86.svg', 'page5-71.svg', 'page4-197.svg', 'page7-44.svg', 'page8-18.svg', 'page1-30.svg', 'page1-128.svg', 'page6-135.svg', 'page8-38.svg']",6.0,an elongated pig head,4.0,11.0,"(23,)",page2-86.svg,True
P2G044,exp2_train_and_test_39.json,P2R01027,30,5,page8-246.svg,False,1.0,high,single-utterance-unidirectional,P2-101,P2-076,"['page2-165.svg', 'page9-39.svg', 'page1-117.svg', 'page4-180.svg', 'page8-246.svg', 'page8-215.svg', 'page1-133.svg', 'page6-226.svg', 'page8-159.svg', 'page9-34.svg']",9.0,jumping dog,2.0,18.0,"(28,)",page8-246.svg,True
P2G004,exp2_train_and_test_32.json,P2R00643,38,5,page1-117.svg,False,1.0,high,single-utterance-unidirectional,P2-018,P2-078,"['page2-165.svg', 'page9-39.svg', 'page1-117.svg', 'page4-180.svg', 'page8-246.svg', 'page8-215.svg', 'page1-133.svg', 'page6-226.svg', 'page8-159.svg', 'page9-34.svg']",4.0,large goblet shape,3.0,15.0,"(28,)",page1-117.svg,True
P2G040,exp2_train_and_test_25.json,P2R00099,1,0,page4-98.svg,True,0.7222222222222223,low,single-utterance-unidirectional,P2-010,P2-021,"['page6-21.svg', 'page2-114.svg', 'page5-128.svg', 'page6-175.svg', 'page7-4.svg', 'page8-246.svg', 'page4-244.svg', 'page5-154.svg', 'page4-98.svg', 'page8-38.svg']",10.0,hello,1.0,15.0,"(56,)",page4-98.svg,True
P2G040,exp2_train_and_test_25.json,P2R02169,11,1,page6-175.svg,False,0.6509259259259259,low,single-utterance-unidirectional,P2-010,P2-021,"['page6-21.svg', 'page2-114.svg', 'page5-128.svg', 'page6-175.svg', 'page7-4.svg', 'page8-246.svg', 'page4-244.svg', 'page5-154.svg', 'page4-98.svg', 'page8-38.svg']",16.0,left sitting,2.0,32.0,"(44,)",page6-175.svg,True
P2G046,exp2_train_and_test_46.json,P2R00423,14,2,page8-22.svg,False,0.3444444444444444,low,single-utterance-unidirectional,P2-079,P2-008,"['page8-182.svg', 'page5-153.svg', 'page4-197.svg', 'page2-34.svg', 'page6-166.svg', 'page2-20.svg', 'page8-22.svg', 'page2-86.svg', 'page9-34.svg', 'page8-156.svg']",12.0,a bird flying,3.0,16.0,"(24,)",page8-22.svg,True
P2G020,exp2_train_and_test_31.json,P2R00036,11,1,page1-48.svg,False,1.0,high,single-utterance-unidirectional,P2-023,P2-046,"['page3-201.svg', 'page1-48.svg', 'page5-75.svg', 'page6-162.svg', 'page4-96.svg', 'page5-80.svg', 'page9-23.svg', 'page6-192.svg', 'page6-52.svg', 'page5-84.svg']",7.0,Black triangle with white triangle in it (looks like an up ^ direction),13.0,30.0,,,
P2G042,exp2_train_and_test_50.json,P2R02202,34,5,page3-33.svg,False,0.6111111111111112,low,single-utterance-unidirectional,P2-049,P2-042,"['page4-128.svg', 'page7-107.svg', 'page7-113.svg', 'page3-33.svg', 'page2-100.svg', 'page7-166.svg', 'page6-206.svg', 'page1-149.svg', 'page6-160.svg', 'page2-140.svg']",,,,,,,
P2G011,exp2_train_and_test_36.json,P2R00828,26,4,page9-32.svg,False,1.0,high,single-utterance-unidirectional,P2-014,P2-073,"['page7-116.svg', 'page3-66.svg', 'page5-75.svg', 'page3-61.svg', 'page3-163.svg', 'page3-201.svg', 'page5-26.svg', 'page8-183.svg', 'page9-32.svg', 'page2-100.svg']",4.0,dog,1.0,5.0,"(28,)",page9-32.svg,True
P2G016,exp2_train_and_test_56.json,P2R00246,7,1,page4-96.svg,False,1.0,high,single-utterance-unidirectional,P2-043,P2-003,"['page6-192.svg', 'page4-96.svg', 'page5-155.svg', 'page5-121.svg', 'page7-35.svg', 'page5-40.svg', 'page7-29.svg', 'page7-125.svg', 'page1-107.svg', 'page8-206.svg']",9.0,looks like a side view tap,6.0,34.0,"(44,)",page4-96.svg,True
P2G040,exp2_train_and_test_25.json,P2R01245,30,5,page7-157.svg,False,0.6037037037037036,low,single-utterance-unidirectional,P2-021,P2-010,"['page6-166.svg', 'page7-157.svg', 'page6-31.svg', 'page5-174.svg', 'page3-70.svg', 'page8-183.svg', 'page5-153.svg', 'page7-125.svg', 'page5-84.svg', 'page3-66.svg']",14.0,big diamond,2.0,23.0,"(34,)",page7-157.svg,True
P2G010,exp2_train_and_test_17.json,P2R01363,17,2,page6-208.svg,False,1.0,high,single-utterance-unidirectional,P2-092,P2-068,"['page7-155.svg', 'page7-144.svg', 'page8-221.svg', 'page8-22.svg', 'page6-208.svg', 'page1-107.svg', 'page6-1.svg', 'page5-121.svg', 'page7-41.svg', 'page7-15.svg']",6.0,spikes pointing in 3 directions,5.0,11.0,"(23,)",page6-208.svg,True
P2G003,exp2_train_and_test_21.json,P2R00884,6,1,page4-98.svg,False,0.7222222222222223,low,single-utterance-unidirectional,P2-041,P2-105,"['page1-132.svg', 'page5-101.svg', 'page6-155.svg', 'page4-98.svg', 'page5-120.svg', 'page5-188.svg', 'page7-115.svg', 'page7-191.svg', 'page7-4.svg', 'page8-159.svg']",5.0,"a tower in a bowl, or a sword without a handle",11.0,18.0,"(26,)",page4-98.svg,True
P2G034,exp2_train_and_test_7.json,P2R00077,18,3,page1-34.svg,False,1.0,high,single-utterance-unidirectional,P2-035,P2-031,"['page5-102.svg', 'page2-140.svg', 'page7-117.svg', 'page6-122.svg', 'page5-155.svg', 'page5-165.svg', 'page2-136.svg', 'page2-86.svg', 'page1-34.svg', 'page3-70.svg']",4.0,Heart on base,3.0,12.0,"(20,)",page1-34.svg,True
P2G007,exp2_train_and_test_20.json,P2R01262,27,4,page4-155.svg,True,0.3777777777777779,low,single-utterance-unidirectional,P2-074,P2-108,"['page7-15.svg', 'page7-29.svg', 'page3-201.svg', 'page2-64.svg', 'page4-155.svg', 'page7-226.svg', 'page5-154.svg', 'page4-98.svg', 'page5-45.svg', 'page7-225.svg']",5.0,wavy line,2.0,15.0,"(25,)",page4-155.svg,True
P2G036,exp2_train_and_test_45.json,P2R00979,38,5,page6-107.svg,False,0.7000000000000001,low,single-utterance-unidirectional,P2-091,P2-052,"['page3-59.svg', 'page7-203.svg', 'page7-217.svg', 'page5-155.svg', 'page5-85.svg', 'page8-169.svg', 'page7-157.svg', 'page1-175.svg', 'page6-107.svg', 'page8-234.svg']",,,,,,,
P2G046,exp2_train_and_test_46.json,P2R01770,20,3,page2-20.svg,False,1.0,high,single-utterance-unidirectional,P2-008,P2-079,"['page6-166.svg', 'page5-153.svg', 'page4-197.svg', 'page8-182.svg', 'page2-86.svg', 'page8-156.svg', 'page8-22.svg', 'page9-34.svg', 'page2-20.svg', 'page2-34.svg']",9.0,W on a stand.,4.0,12.0,"(23,)",page2-20.svg,True
P2G043,exp2_train_and_test_54.json,P2R02127,38,5,page4-128.svg,False,1.0,high,single-utterance-unidirectional,P2-088,P2-115,"['page4-128.svg', 'page7-107.svg', 'page7-113.svg', 'page3-33.svg', 'page2-100.svg', 'page7-166.svg', 'page6-206.svg', 'page1-149.svg', 'page6-160.svg', 'page2-140.svg']",,,,,,,
P2G005,exp2_train_and_test_43.json,P2R00006,29,4,page6-160.svg,False,0.5592592592592593,low,single-utterance-unidirectional,P2-006,P2-111,"['page6-122.svg', 'page9-40.svg', 'page7-226.svg', 'page7-125.svg', 'page8-246.svg', 'page6-160.svg', 'page7-145.svg', 'page5-101.svg', 'page8-183.svg', 'page8-21.svg']",19.0,fish,1.0,22.0,"(32,)",page6-160.svg,True
P2G026,exp2_train_and_test_24.json,P2R01477,5,0,page6-206.svg,False,0.7333333333333333,low,single-utterance-unidirectional,P2-057,P2-048,"['page7-44.svg', 'page7-55.svg', 'page6-206.svg', 'page1-48.svg', 'page8-38.svg', 'page5-45.svg', 'page9-40.svg', 'page1-133.svg', 'page-F.svg', 'page4-195.svg']",,,,,,,
P2G039,exp2_train_and_test_4.json,P2R01991,12,2,page6-124.svg,True,1.0,high,single-utterance-unidirectional,P2-022,P2-093,"['page5-233.svg', 'page2-34.svg', 'page9-39.svg', 'page6-21.svg', 'page3-201.svg', 'page6-135.svg', 'page6-124.svg', 'page2-64.svg', 'page5-165.svg', 'page6-1.svg']",11.0,down pointing arrow with 2 back fins,7.0,26.0,"(35,)",page6-135.svg,False
P2G027,exp2_train_and_test_49.json,P2R00853,23,3,page2-140.svg,True,1.0,high,single-utterance-unidirectional,P2-063,P2-113,"['page8-192.svg', 'page5-80.svg', 'page7-115.svg', 'page2-140.svg', 'page8-18.svg', 'page7-44.svg', 'page7-186.svg', 'page5-153.svg', 'page2-85.svg', 'page2-114.svg']",13.0,Looks like a bent pipe sticking out of the ground,10.0,23.0,"(40,)",page2-140.svg,True
P2G005,exp2_train_and_test_43.json,P2R00900,2,0,page7-226.svg,True,1.0,high,single-utterance-unidirectional,P2-111,P2-006,"['page8-246.svg', 'page7-125.svg', 'page6-122.svg', 'page7-226.svg', 'page7-145.svg', 'page8-21.svg', 'page5-101.svg', 'page6-160.svg', 'page9-40.svg', 'page8-183.svg']",7.0,It looks like half a push chair for babies,9.0,31.0,"(59,)",,
P2G031,exp2_train_and_test_1.json,P2R00987,11,1,page8-156.svg,True,1.0,high,single-utterance-unidirectional,P2-017,P2-032,"['page3-70.svg', 'page8-21.svg', 'page5-101.svg', 'page2-165.svg', 'page1-95.svg', 'page8-156.svg', 'page7-40.svg', 'page6-171.svg', 'page3-61.svg', 'page7-29.svg']",6.0,rectangle with a triangle at the bottom with one larger leg nd one shorter leg,15.0,39.0,"(49,)",page8-156.svg,True
P2G018,exp2_train_and_test_57.json,P2R02136,18,3,page7-20.svg,False,1.0,high,single-utterance-unidirectional,P2-083,P2-067,"['page7-20.svg', 'page3-139.svg', 'page8-22.svg', 'page5-102.svg', 'page4-195.svg', 'page7-217.svg', 'page5-26.svg', 'page7-40.svg', 'page9-40.svg', 'page5-232.svg']",10.0,it's the same diagonal shape again,6.0,22.0,"(27,)",page7-20.svg,True
P2G052,exp2_train_and_test_30.json,P2R01284,19,3,page1-172.svg,False,0.6444444444444445,low,single-utterance-unidirectional,P2-030,P2-061,"['page5-101.svg', 'page6-166.svg', 'page8-156.svg', 'page1-172.svg', 'page6-21.svg', 'page3-201.svg', 'page2-34.svg', 'page2-136.svg', 'page4-155.svg', 'page6-245.svg']",10.0,letter h,2.0,11.0,"(23,)",page1-172.svg,True
P2G045,exp2_train_and_test_34.json,P2R00650,2,0,page5-66.svg,True,1.0,high,single-utterance-unidirectional,P2-054,P2-087,"['page6-219.svg', 'page9-32.svg', 'page1-172.svg', 'page7-202.svg', 'page4-155.svg', 'page5-66.svg', 'page7-127.svg', 'page8-38.svg', 'page2-16.svg', 'page7-117.svg']",12.0,the object on the left hand side of the bird,10.0,28.0,"(49,)",page7-127.svg,False
P2G049,exp2_train_and_test_41.json,P2R00811,25,4,page7-35.svg,False,0.7333333333333334,low,single-utterance-unidirectional,P2-070,P2-013,"['page8-38.svg', 'page6-192.svg', 'page7-35.svg', 'page7-36.svg', 'page4-98.svg', 'page3-70.svg', 'page5-154.svg', 'page7-79.svg', 'page8-246.svg', 'page4-108.svg']",6.0,The boat with arrow.,4.0,15.0,"(23,)",page7-35.svg,True
P2G052,exp2_train_and_test_30.json,P2R00531,27,4,page3-201.svg,False,0.5548148148148148,low,single-utterance-unidirectional,P2-061,P2-030,"['page1-172.svg', 'page6-166.svg', 'page6-245.svg', 'page4-155.svg', 'page5-101.svg', 'page3-201.svg', 'page8-156.svg', 'page6-21.svg', 'page2-34.svg', 'page2-136.svg']",11.0,bunny head on 2 stacked triangles,6.0,22.0,"(34,)",page3-201.svg,True
P2G004,exp2_train_and_test_32.json,P2R01963,8,1,page5-155.svg,True,0.5777777777777778,low,single-utterance-unidirectional,P2-078,P2-018,"['page4-232.svg', 'page5-45.svg', 'page7-115.svg', 'page5-155.svg', 'page2-131.svg', 'page7-155.svg', 'page7-157.svg', 'page8-217.svg', 'page5-233.svg', 'page1-34.svg']",17.0,Christmas tree (not the one with the crossed legs),9.0,37.0,"(44,)",page5-155.svg,True
P2G004,exp2_train_and_test_32.json,P2R00132,31,5,page9-34.svg,False,1.0,high,single-utterance-unidirectional,P2-078,P2-018,"['page8-159.svg', 'page1-133.svg', 'page9-39.svg', 'page2-165.svg', 'page8-215.svg', 'page1-117.svg', 'page8-246.svg', 'page4-180.svg', 'page6-226.svg', 'page9-34.svg']",18.0,rectangle with two arms,4.0,30.0,"(42,)",page8-215.svg,False
P2G017,exp2_train_and_test_13.json,P2R01695,1,0,page1-128.svg,False,1.0,high,single-utterance-unidirectional,P2-059,P2-104,"['page6-21.svg', 'page1-128.svg', 'page3-207.svg', 'page7-125.svg', 'page4-155.svg', 'page9-40.svg', 'page8-22.svg', 'page6-204.svg', 'page8-192.svg', 'page6-31.svg']",12.0,A C,2.0,16.0,"(38,)",page6-204.svg,False
P2G022,exp2_train_and_test_53.json,P2R01610,11,1,page8-234.svg,False,0.0,low,single-utterance-unidirectional,P2-103,P2-009,"['page5-165.svg', 'page8-159.svg', 'page5-45.svg', 'page4-232.svg', 'page9-40.svg', 'page7-127.svg', 'page7-157.svg', 'page8-234.svg', 'page3-70.svg', 'page8-58.svg']",9.0,Dog,1.0,9.0,"(14,)",page8-234.svg,True
P2G031,exp2_train_and_test_1.json,P2R02290,38,5,page7-177.svg,False,1.0,high,single-utterance-unidirectional,P2-032,P2-017,"['page9-34.svg', 'page7-115.svg', 'page4-98.svg', 'page7-177.svg', 'page7-35.svg', 'page6-245.svg', 'page7-144.svg', 'page2-131.svg', 'page5-75.svg', 'page6-204.svg']",3.0,a backwards C with a square sticking out the back,10.0,11.0,"(16,)",page7-177.svg,True
P2G030,exp2_train_and_test_35.json,P2R01377,16,2,page7-166.svg,False,1.0,high,single-utterance-unidirectional,P2-044,P2-002,"['page7-166.svg', 'page6-107.svg', 'page4-98.svg', 'page6-175.svg', 'page7-127.svg', 'page8-192.svg', 'page7-20.svg', 'page5-190.svg', 'page2-20.svg', 'page6-109.svg']",12.0,man with big hat,4.0,14.0,"(28,)",page6-175.svg,False
P2G041,exp2_train_and_test_52.json,P2R02238,26,4,page8-246.svg,False,1.0,high,single-utterance-unidirectional,P2-005,P2-072,"['page9-32.svg', 'page7-10.svg', 'page8-159.svg', 'page8-215.svg', 'page6-107.svg', 'page1-150.svg', 'page8-156.svg', 'page8-246.svg', 'page1-172.svg', 'page2-16.svg']",6.0,These are really repetitive!! Looks like a broken letter X (squished),11.0,25.0,"(35,)",page8-246.svg,True
P2G016,exp2_train_and_test_56.json,P2R00897,26,4,page5-155.svg,False,0.5777777777777778,low,single-utterance-unidirectional,P2-003,P2-043,"['page7-29.svg', 'page5-121.svg', 'page1-107.svg', 'page7-125.svg', 'page5-155.svg', 'page4-96.svg', 'page7-35.svg', 'page6-192.svg', 'page8-206.svg', 'page5-40.svg']",8.0,christmas tree,2.0,11.0,"(24,)",page5-155.svg,True
P2G056,exp2_train_and_test_33.json,P2R02068,10,1,page6-21.svg,False,1.0,high,single-utterance-unidirectional,P2-028,P2-086,"['page6-185.svg', 'page6-228.svg', 'page8-234.svg', 'page1-132.svg', 'page7-203.svg', 'page6-52.svg', 'page5-85.svg', 'page7-113.svg', 'page5-63.svg', 'page6-21.svg']",12.0,large black shape with sharper top right point and flat top,11.0,38.0,"(50,)",page6-21.svg,True
P2G047,exp2_train_and_test_11.json,P2R00229,2,0,page7-53.svg,True,0.7333333333333332,low,single-utterance-unidirectional,P2-065,P2-089,"['page6-162.svg', 'page7-226.svg', 'page7-177.svg', 'page8-156.svg', 'page7-53.svg', 'page7-41.svg', 'page7-36.svg', 'page-F.svg', 'page7-145.svg', 'page8-192.svg']",17.0,It looks like the letter M,6.0,25.0,"(42,)",page7-53.svg,True
P2G055,exp2_train_and_test_37.json,P2R00237,39,5,page8-159.svg,False,1.0,high,single-utterance-unidirectional,P2-011,P2-110,"['page8-159.svg', 'page1-133.svg', 'page9-39.svg', 'page2-165.svg', 'page8-215.svg', 'page1-117.svg', 'page8-246.svg', 'page4-180.svg', 'page6-226.svg', 'page9-34.svg']",3.0,large J,2.0,6.0,"(12,)",page8-159.svg,True
P2G022,exp2_train_and_test_53.json,P2R00260,29,4,page8-58.svg,True,0.7259259259259259,low,single-utterance-unidirectional,P2-103,P2-009,"['page5-165.svg', 'page8-159.svg', 'page5-45.svg', 'page4-232.svg', 'page9-40.svg', 'page7-127.svg', 'page7-157.svg', 'page8-234.svg', 'page3-70.svg', 'page8-58.svg']",3.0,Persona,1.0,4.0,"(22,)",page8-58.svg,True
P2G054,exp2_train_and_test_38.json,P2R01237,16,2,page6-135.svg,False,1.0,high,single-utterance-unidirectional,P2-012,P2-055,"['page6-71.svg', 'page7-41.svg', 'page4-197.svg', 'page4-98.svg', 'page6-109.svg', 'page6-208.svg', 'page6-135.svg', 'page7-15.svg', 'page2-131.svg', 'page6-186.svg']",11.0,W shape,2.0,13.0,"(24,)",page6-135.svg,True
P2G001,exp2_train_and_test_28.json,P2R02247,27,4,page7-44.svg,True,1.0,high,single-utterance-unidirectional,P2-027,P2-080,"['page6-155.svg', 'page7-113.svg', 'page2-34.svg', 'page7-115.svg', 'page7-44.svg', 'page3-33.svg', 'page6-52.svg', 'page5-121.svg', 'page6-175.svg', 'page5-63.svg']",,,,,,,
P2G001,exp2_train_and_test_28.json,P2R00688,21,3,page6-155.svg,False,1.0,high,single-utterance-unidirectional,P2-027,P2-080,"['page6-155.svg', 'page7-113.svg', 'page2-34.svg', 'page7-115.svg', 'page7-44.svg', 'page3-33.svg', 'page6-52.svg', 'page5-121.svg', 'page6-175.svg', 'page5-63.svg']",,,,,,,
P2G055,exp2_train_and_test_37.json,P2R00392,34,5,page1-133.svg,False,0.5444444444444445,low,single-utterance-unidirectional,P2-110,P2-011,"['page2-165.svg', 'page9-39.svg', 'page1-117.svg', 'page4-180.svg', 'page8-246.svg', 'page8-215.svg', 'page1-133.svg', 'page6-226.svg', 'page8-159.svg', 'page9-34.svg']",4.0,It looks like a barn or a house,8.0,11.0,"(22,)",page1-133.svg,True
P2G019,exp2_train_and_test_26.json,P2R00178,18,3,page2-34.svg,False,0.7611111111111111,low,single-utterance-unidirectional,P2-034,P2-069,"['page3-59.svg', 'page1-77.svg', 'page2-165.svg', 'page1-34.svg', 'page2-86.svg', 'page2-133.svg', 'page6-123.svg', 'page5-128.svg', 'page2-34.svg', 'page1-149.svg']",5.0,Horse facing left,3.0,7.0,"(11,)",page2-34.svg,True
P2G042,exp2_train_and_test_50.json,P2R00281,14,2,page6-31.svg,False,0.5333333333333334,low,single-utterance-unidirectional,P2-049,P2-042,"['page3-21.svg', 'page2-136.svg', 'page5-56.svg', 'page8-169.svg', 'page6-204.svg', 'page1-95.svg', 'page6-31.svg', 'page8-58.svg', 'page2-165.svg', 'page1-175.svg']",,,,,,,
